cand-s4-ebay-ab1714ffb41e6d0f4c	dh-20260730T170046Z-7d4c2a91	4	2026-07-30T17:05:44.524826+00:00	BASEBALL PROSPECTS / true_first_bowman	Franklin Arias	true_first_bowman_card	eBay	bmhutchi		v1|117329766426|0	https://www.ebay.com/itm/117329766426?_skw=Franklin+Arias+1st+Bowman+Chrome&hash=item1b5166281a%3Ag%3AZRsAAeSw-jdqaqS-	LIVE	2025 Bowman Chrome 1st Franklin Arias Refractor /499 RC #BCP-67 Red Sox	{"title":"2025 Bowman Chrome 1st Franklin Arias Refractor /499 RC #BCP-67 Red Sox","preliminaryScopeStatus":"DISCOVERY_SCOPE_PASS","queryFamilyIds":["baseball-prospect.franklin-arias.true-first-bowman"],"preliminaryRisks":[]}	{"status":"UNVERIFIED","verification":"native-browse-title-and-marketplace-images-only","frontVerified":false,"backVerified":false}	preliminary|ab1714ffb41e6d0f4c	ebay|bmhutchi|v1|117329766426|0	https://i.ebayimg.com/images/g/ZRsAAeSw-jdqaqS-/s-l225.jpg	https://i.ebayimg.com/images/g/ZRsAAeSw-jdqaqS-/s-l1600.jpg	FALSE	FALSE	FALSE	FALSE	{}											UNASSESSED	[]	39.99	5.99																	INSUFFICIENT																	MANUAL REVIEW / UNPRICED	FALSE	FALSE	["exact_parallel_or_variation_not_verified","front_and_back_identity_not_verified","full_delivered_acquisition_cost_not_proven","identical_completed_sales_not_loaded","instacomp_exact_market_not_completed","owned_copy_exclusion_not_proven"]	{"endpoints":["baseball_prospects"],"candidateId":"ebay:v1|117329766426|0","listingItemId":"v1|117329766426|0","queryFamilyIds":["baseball-prospect.franklin-arias.true-first-bowman"],"buyingOptions":["FIXED_PRICE","BEST_OFFER"],"condition":"Ungraded","itemCreationDate":"2026-07-30T01:12:37.000Z","itemEndDate":null,"imageUrls":["https://i.ebayimg.com/images/g/ZRsAAeSw-jdqaqS-/s-l225.jpg","https://i.ebayimg.com/images/g/ZRsAAeSw-jdqaqS-/s-l1600.jpg"],"preliminaryScopeStatus":"DISCOVERY_SCOPE_PASS","preliminaryRisks":[]}
cand-s4-ebay-f78f0227bad0d0c2de	dh-20260730T170046Z-7d4c2a91	4	2026-07-30T17:05:44.524826+00:00	BASEBALL PROSPECTS / true_first_bowman	Franklin Arias	true_first_bowman_card	eBay	bearsupplyco		v1|127924905298|0	https://www.ebay.com/itm/127924905298?_skw=Franklin+Arias+1st+Bowman+Chrome&hash=item1dc8eb2552%3Ag%3AanYAAeSw2OhqW-iY	LIVE	Franklin Arias (RC) 1st Bowman Chrome Prospects BCP-67 Rookie 2025	{"title":"Franklin Arias (RC) 1st Bowman Chrome Prospects BCP-67 Rookie 2025","preliminaryScopeStatus":"DISCOVERY_SCOPE_PASS","queryFamilyIds":["baseball-prospect.franklin-arias.true-first-bowman"],"preliminaryRisks":[]}	{"status":"UNVERIFIED","verification":"native-browse-title-and-marketplace-images-only","frontVerified":false,"backVerified":false}	preliminary|f78f0227bad0d0c2de	ebay|bearsupplyco|v1|127924905298|0	https://i.ebayimg.com/images/g/anYAAeSw2OhqW-iY/s-l225.jpg	https://i.ebayimg.com/images/g/anYAAeSw2OhqW-iY/s-l1600.jpg	FALSE	FALSE	FALSE	FALSE	{}											UNASSESSED	[]	4.24	0.89																	INSUFFICIENT																	MANUAL REVIEW / UNPRICED	FALSE	FALSE	["exact_parallel_or_variation_not_verified","front_and_back_identity_not_verified","full_delivered_acquisition_cost_not_proven","identical_completed_sales_not_loaded","instacomp_exact_market_not_completed","owned_copy_exclusion_not_proven"]	{"endpoints":["baseball_prospects"],"candidateId":"ebay:v1|127924905298|0","listingItemId":"v1|127924905298|0","queryFamilyIds":["baseball-prospect.franklin-arias.true-first-bowman"],"buyingOptions":["FIXED_PRICE","BEST_OFFER"],"condition":"Ungraded","itemCreationDate":"2026-06-16T06:27:56.000Z","itemEndDate":null,"imageUrls":["https://i.ebayimg.com/images/g/anYAAeSw2OhqW-iY/s-l225.jpg","https://i.ebayimg.com/images/g/anYAAeSw2OhqW-iY/s-l1600.jpg"],"preliminaryScopeStatus":"DISCOVERY_SCOPE_PASS","preliminaryRisks":[]}
cand-s4-ebay-35783c11334c7e454a	dh-20260730T170046Z-7d4c2a91	4	2026-07-30T17:05:44.524826+00:00	BASEBALL PROSPECTS / true_first_bowman	Franklin Arias	true_first_bowman_card	eBay	ks_cards4		v1|168568210903|0	https://www.ebay.com/itm/168568210903?_skw=Franklin+Arias+1st+Bowman+Chrome&hash=item273f72c5d7%3Ag%3ABZ0AAeSwE55qZ8GW&amdata=enc%3AAQALAAABAACCtXRWQnOEpyOqnQQ8KGb%2B8oCsPkNjONzvqDOvFIz9xOjqFVwHySnzJMH7O5BwFvTqDWjnkwkcgioHGNTibkdgNSUwfxCv%2F7IpfTtcpG7HRxYdcjx63ez%2BbGVDle4uspbswir4E%2BjY6mlVH3lIxCMoCNrGNzB1NNbf84mOjLcy1yezNcPLUDjSJ1VxoT%2BvW5xwvI232BCtibW5ni2i%2BvhGCaLpXxFku5V91aNsYUYweloLeYmT7ef9aw%2F965WgusKCQasnDYLkL4uvSj2kyvoUVDONElKC%2F5aI0jsTIRbKP6D4G6Ny78L%2Bcdk5SHyY6%2Fb%2BQ6VzG68tOOJdDm7wqzk%3D	LIVE	Franklin Arias 2025 Bowman Chrome 1st Reptilian Plus 2 Base Chrome Red Sox	{"title":"Franklin Arias 2025 Bowman Chrome 1st Reptilian Plus 2 Base Chrome Red Sox","preliminaryScopeStatus":"DISCOVERY_SCOPE_PASS","queryFamilyIds":["baseball-prospect.franklin-arias.true-first-bowman"],"preliminaryRisks":[]}	{"status":"UNVERIFIED","verification":"native-browse-title-and-marketplace-images-only","frontVerified":false,"backVerified":false}	preliminary|35783c11334c7e454a	ebay|ks_cards4|v1|168568210903|0	https://i.ebayimg.com/images/g/BZ0AAeSwE55qZ8GW/s-l225.jpg	https://i.ebayimg.com/images/g/BZ0AAeSwE55qZ8GW/s-l1600.jpg	FALSE	FALSE	FALSE	FALSE	{}											UNASSESSED	[]	29.99	4.99																	INSUFFICIENT																	MANUAL REVIEW / UNPRICED	FALSE	FALSE	["exact_parallel_or_variation_not_verified","front_and_back_identity_not_verified","full_delivered_acquisition_cost_not_proven","identical_completed_sales_not_loaded","instacomp_exact_market_not_completed","owned_copy_exclusion_not_proven"]	{"endpoints":["baseball_prospects"],"candidateId":"ebay:v1|168568210903|0","listingItemId":"v1|168568210903|0","queryFamilyIds":["baseball-prospect.franklin-arias.true-first-bowman"],"buyingOptions":["FIXED_PRICE","BEST_OFFER"],"condition":"New","itemCreationDate":"2026-07-27T20:40:04.000Z","itemEndDate":null,"imageUrls":["https://i.ebayimg.com/images/g/BZ0AAeSwE55qZ8GW/s-l225.jpg","https://i.ebayimg.com/images/g/BZ0AAeSwE55qZ8GW/s-l1600.jpg"],"preliminaryScopeStatus":"DISCOVERY_SCOPE_PASS","preliminaryRisks":[]}
cand-s4-ebay-d8f8b783f92ebc3602	dh-20260730T170046Z-7d4c2a91	4	2026-07-30T17:05:44.524826+00:00	BASEBALL PROSPECTS / true_first_bowman	Franklin Arias	true_first_bowman_card	eBay	28mmeans		v1|188713239064|0	https://www.ebay.com/itm/188713239064?_skw=Franklin+Arias+1st+Bowman+Chrome&hash=item2bf02f8218%3Ag%3AYaAAAeSwYttqajlw	LIVE	2025 Bowman Chrome Prospects Franklin Arias #BCP-67 Reptilian Refractor (RC)	{"title":"2025 Bowman Chrome Prospects Franklin Arias #BCP-67 Reptilian Refractor (RC)","preliminaryScopeStatus":"IMAGE_OR_IDENTITY_REVIEW_REQUIRED","queryFamilyIds":["baseball-prospect.franklin-arias.true-first-bowman"],"preliminaryRisks":["true_first_bowman_not_proven_from_title"]}	{"status":"UNVERIFIED","verification":"native-browse-title-and-marketplace-images-only","frontVerified":false,"backVerified":false}	preliminary|d8f8b783f92ebc3602	ebay|28mmeans|v1|188713239064|0	https://i.ebayimg.com/images/g/YaAAAeSwYttqajlw/s-l225.jpg	https://i.ebayimg.com/images/g/YaAAAeSwYttqajlw/s-l1600.jpg	FALSE	FALSE	FALSE	FALSE	{}											UNASSESSED	["true_first_bowman_not_proven_from_title"]	11.5																		INSUFFICIENT																	MANUAL REVIEW / UNPRICED	FALSE	FALSE	["exact_parallel_or_variation_not_verified","front_and_back_identity_not_verified","full_delivered_acquisition_cost_not_proven","identical_completed_sales_not_loaded","instacomp_exact_market_not_completed","owned_copy_exclusion_not_proven","true_first_bowman_not_proven_from_title"]	{"endpoints":["baseball_prospects"],"candidateId":"ebay:v1|188713239064|0","listingItemId":"v1|188713239064|0","queryFamilyIds":["baseball-prospect.franklin-arias.true-first-bowman"],"buyingOptions":["FIXED_PRICE"],"condition":"Ungraded","itemCreationDate":"2026-07-29T17:36:40.000Z","itemEndDate":null,"imageUrls":["https://i.ebayimg.com/images/g/YaAAAeSwYttqajlw/s-l225.jpg","https://i.ebayimg.com/images/g/YaAAAeSwYttqajlw/s-l1600.jpg"],"preliminaryScopeStatus":"IMAGE_OR_IDENTITY_REVIEW_REQUIRED","preliminaryRisks":["true_first_bowman_not_proven_from_title"]}
cand-s4-ebay-207c4de69d0d3c5833	dh-20260730T170046Z-7d4c2a91	4	2026-07-30T17:05:44.524826+00:00	BASEBALL PROSPECTS / true_first_bowman	Franklin Arias	true_first_bowman_card	eBay	mibur9505		v1|198531750876|0	https://www.ebay.com/itm/198531750876?_skw=Franklin+Arias+1st+Bowman+Chrome&hash=item2e396a1bdc%3Ag%3AN%7EEAAeSwBDpqaWvE	LIVE	2026 Bowman -  Franklin Arias #BCP-27 Fuchsia Reptilian Refractor /199 (RC)	{"title":"2026 Bowman -  Franklin Arias #BCP-27 Fuchsia Reptilian Refractor /199 (RC)","preliminaryScopeStatus":"IMAGE_OR_IDENTITY_REVIEW_REQUIRED","queryFamilyIds":["baseball-prospect.franklin-arias.true-first-bowman"],"preliminaryRisks":["true_first_bowman_not_proven_from_title"]}	{"status":"UNVERIFIED","verification":"native-browse-title-and-marketplace-images-only","frontVerified":false,"backVerified":false}	preliminary|207c4de69d0d3c5833	ebay|mibur9505|v1|198531750876|0	https://i.ebayimg.com/images/g/N~EAAeSwBDpqaWvE/s-l225.jpg	https://i.ebayimg.com/images/g/N~EAAeSwBDpqaWvE/s-l1600.jpg	FALSE	FALSE	FALSE	FALSE	{}											UNASSESSED	["true_first_bowman_not_proven_from_title"]	12																		INSUFFICIENT																	MANUAL REVIEW / UNPRICED	FALSE	FALSE	["exact_parallel_or_variation_not_verified","front_and_back_identity_not_verified","full_delivered_acquisition_cost_not_proven","identical_completed_sales_not_loaded","instacomp_exact_market_not_completed","owned_copy_exclusion_not_proven","true_first_bowman_not_proven_from_title"]	{"endpoints":["baseball_prospects"],"candidateId":"ebay:v1|198531750876|0","listingItemId":"v1|198531750876|0","queryFamilyIds":["baseball-prospect.franklin-arias.true-first-bowman"],"buyingOptions":["FIXED_PRICE","BEST_OFFER"],"condition":"Ungraded","itemCreationDate":"2026-07-29T02:57:20.000Z","itemEndDate":null,"imageUrls":["https://i.ebayimg.com/images/g/N~EAAeSwBDpqaWvE/s-l225.jpg","https://i.ebayimg.com/images/g/N~EAAeSwBDpqaWvE/s-l1600.jpg"],"preliminaryScopeStatus":"IMAGE_OR_IDENTITY_REVIEW_REQUIRED","preliminaryRisks":["true_first_bowman_not_proven_from_title"]}
cand-s4-ebay-bec5597af3b9e500b7	dh-20260730T170046Z-7d4c2a91	4	2026-07-30T17:05:44.524826+00:00	BASEBALL PROSPECTS / true_first_bowman	Franklin Arias	true_first_bowman_card	eBay	isles-66		v1|206438631991|0	https://www.ebay.com/itm/206438631991?_skw=Franklin+Arias+1st+Bowman+Chrome&hash=item3010b38a37%3Ag%3AUcYAAeSwizZqY67A	LIVE	2025 Bowman Chrome 1st Prospect Franklin Arias #BCP-67 Red Sox	{"title":"2025 Bowman Chrome 1st Prospect Franklin Arias #BCP-67 Red Sox","preliminaryScopeStatus":"DISCOVERY_SCOPE_PASS","queryFamilyIds":["baseball-prospect.franklin-arias.true-first-bowman"],"preliminaryRisks":[]}	{"status":"UNVERIFIED","verification":"native-browse-title-and-marketplace-images-only","frontVerified":false,"backVerified":false}	preliminary|bec5597af3b9e500b7	ebay|isles-66|v1|206438631991|0	https://i.ebayimg.com/images/g/UcYAAeSwizZqY67A/s-l225.jpg	https://i.ebayimg.com/images/g/UcYAAeSwizZqY67A/s-l1600.jpg	FALSE	FALSE	FALSE	FALSE	{}											UNASSESSED	[]	2.5																		INSUFFICIENT																	MANUAL REVIEW / UNPRICED	FALSE	FALSE	["exact_parallel_or_variation_not_verified","front_and_back_identity_not_verified","full_delivered_acquisition_cost_not_proven","identical_completed_sales_not_loaded","instacomp_exact_market_not_completed","owned_copy_exclusion_not_proven"]	{"endpoints":["baseball_prospects"],"candidateId":"ebay:v1|206438631991|0","listingItemId":"v1|206438631991|0","queryFamilyIds":["baseball-prospect.franklin-arias.true-first-bowman"],"buyingOptions":["FIXED_PRICE"],"condition":"Ungraded","itemCreationDate":"2026-07-24T18:29:37.000Z","itemEndDate":null,"imageUrls":["https://i.ebayimg.com/images/g/UcYAAeSwizZqY67A/s-l225.jpg","https://i.ebayimg.com/images/g/UcYAAeSwizZqY67A/s-l1600.jpg"],"preliminaryScopeStatus":"DISCOVERY_SCOPE_PASS","preliminaryRisks":[]}
cand-s4-ebay-4bdd8d724d2faee72a	dh-20260730T170046Z-7d4c2a91	4	2026-07-30T17:05:44.524826+00:00	BASEBALL PROSPECTS / true_first_bowman	Franklin Arias	true_first_bowman_card	eBay	babybulin4		v1|227374703113|0	https://www.ebay.com/itm/227374703113?_skw=Franklin+Arias+1st+Bowman+Chrome&hash=item34f096a209%3Ag%3A9%7EYAAeSwgU1qIy91	LIVE	2025 TOPPS Bowman 1st Chrome Prospects - FRANKLIN ARIAS (Topps Bunt DigitallCard	{"title":"2025 TOPPS Bowman 1st Chrome Prospects - FRANKLIN ARIAS (Topps Bunt DigitallCard","preliminaryScopeStatus":"DISCOVERY_SCOPE_PASS","queryFamilyIds":["baseball-prospect.franklin-arias.true-first-bowman"],"preliminaryRisks":[]}	{"status":"UNVERIFIED","verification":"native-browse-title-and-marketplace-images-only","frontVerified":false,"backVerified":false}	preliminary|4bdd8d724d2faee72a	ebay|babybulin4|v1|227374703113|0	https://i.ebayimg.com/images/g/9~YAAeSwgU1qIy91/s-l225.jpg	https://i.ebayimg.com/images/g/9~YAAeSwgU1qIy91/s-l1200.jpg	FALSE	FALSE	FALSE	FALSE	{}											UNASSESSED	[]	1.99	0																	INSUFFICIENT																	MANUAL REVIEW / UNPRICED	FALSE	FALSE	["exact_parallel_or_variation_not_verified","front_and_back_identity_not_verified","full_delivered_acquisition_cost_not_proven","identical_completed_sales_not_loaded","instacomp_exact_market_not_completed","owned_copy_exclusion_not_proven"]	{"endpoints":["baseball_prospects"],"candidateId":"ebay:v1|227374703113|0","listingItemId":"v1|227374703113|0","queryFamilyIds":["baseball-prospect.franklin-arias.true-first-bowman"],"buyingOptions":["FIXED_PRICE"],"condition":"Ungraded","itemCreationDate":"2026-06-05T20:21:33.000Z","itemEndDate":null,"imageUrls":["https://i.ebayimg.com/images/g/9~YAAeSwgU1qIy91/s-l225.jpg","https://i.ebayimg.com/images/g/9~YAAeSwgU1qIy91/s-l1200.jpg"],"preliminaryScopeStatus":"DISCOVERY_SCOPE_PASS","preliminaryRisks":[]}
cand-s4-ebay-d66ac8f460860ab4ef	dh-20260730T170046Z-7d4c2a91	4	2026-07-30T17:05:44.524826+00:00	BASEBALL PROSPECTS / true_first_bowman	Franklin Arias	true_first_bowman_card	eBay	sidhailmag71		v1|236973479108|0	https://www.ebay.com/itm/236973479108?_skw=Franklin+Arias+1st+Bowman+Chrome&hash=item372cb854c4%3Ag%3AhSYAAeSwcUpqa3FN	LIVE	2025 Bowman Chrome Franklin Arias Achromatic Autograph Refractor #AA-FA/250	{"title":"2025 Bowman Chrome Franklin Arias Achromatic Autograph Refractor #AA-FA/250","preliminaryScopeStatus":"IMAGE_OR_IDENTITY_REVIEW_REQUIRED","queryFamilyIds":["baseball-prospect.franklin-arias.true-first-bowman"],"preliminaryRisks":["true_first_bowman_not_proven_from_title"]}	{"status":"UNVERIFIED","verification":"native-browse-title-and-marketplace-images-only","frontVerified":false,"backVerified":false}	preliminary|d66ac8f460860ab4ef	ebay|sidhailmag71|v1|236973479108|0	https://i.ebayimg.com/images/g/hSYAAeSwcUpqa3FN/s-l225.jpg	https://i.ebayimg.com/images/g/hSYAAeSwcUpqa3FN/s-l1600.jpg	FALSE	FALSE	FALSE	FALSE	{}											UNASSESSED	["true_first_bowman_not_proven_from_title"]	85																		INSUFFICIENT																	MANUAL REVIEW / UNPRICED	FALSE	FALSE	["exact_parallel_or_variation_not_verified","front_and_back_identity_not_verified","full_delivered_acquisition_cost_not_proven","identical_completed_sales_not_loaded","instacomp_exact_market_not_completed","owned_copy_exclusion_not_proven","true_first_bowman_not_proven_from_title"]	{"endpoints":["baseball_prospects"],"candidateId":"ebay:v1|236973479108|0","listingItemId":"v1|236973479108|0","queryFamilyIds":["baseball-prospect.franklin-arias.true-first-bowman"],"buyingOptions":["FIXED_PRICE","BEST_OFFER"],"condition":"Ungraded","itemCreationDate":"2026-07-30T15:49:20.000Z","itemEndDate":null,"imageUrls":["https://i.ebayimg.com/images/g/hSYAAeSwcUpqa3FN/s-l225.jpg","https://i.ebayimg.com/images/g/hSYAAeSwcUpqa3FN/s-l1600.jpg"],"preliminaryScopeStatus":"IMAGE_OR_IDENTITY_REVIEW_REQUIRED","preliminaryRisks":["true_first_bowman_not_proven_from_title"]}
cand-s4-ebay-97d5cd253fd49b95a9	dh-20260730T170046Z-7d4c2a91	4	2026-07-30T17:05:44.524826+00:00	BASEBALL PROSPECTS / true_first_bowman	Franklin Arias	true_first_bowman_card	eBay	mrtrammell3		v1|257650363446|0	https://www.ebay.com/itm/257650363446?_skw=Franklin+Arias+1st+Bowman+Chrome&hash=item3bfd288c36%3Ag%3A4OUAAeSwcXdqasVM	LIVE	Franklin Arias 2025 Bowman Chrome Mega Box Pink Mojo Refractor /199 1st Rookie	{"title":"Franklin Arias 2025 Bowman Chrome Mega Box Pink Mojo Refractor /199 1st Rookie","preliminaryScopeStatus":"DISCOVERY_SCOPE_PASS","queryFamilyIds":["baseball-prospect.franklin-arias.true-first-bowman"],"preliminaryRisks":[]}	{"status":"UNVERIFIED","verification":"native-browse-title-and-marketplace-images-only","frontVerified":false,"backVerified":false}	preliminary|97d5cd253fd49b95a9	ebay|mrtrammell3|v1|257650363446|0	https://i.ebayimg.com/images/g/4OUAAeSwcXdqasVM/s-l225.jpg	https://i.ebayimg.com/images/g/4OUAAeSwcXdqasVM/s-l1600.jpg	FALSE	FALSE	FALSE	FALSE	{}											UNASSESSED	[]	44.99	5.99																	INSUFFICIENT																	MANUAL REVIEW / UNPRICED	FALSE	FALSE	["exact_parallel_or_variation_not_verified","front_and_back_identity_not_verified","full_delivered_acquisition_cost_not_proven","identical_completed_sales_not_loaded","instacomp_exact_market_not_completed","owned_copy_exclusion_not_proven"]	{"endpoints":["baseball_prospects"],"candidateId":"ebay:v1|257650363446|0","listingItemId":"v1|257650363446|0","queryFamilyIds":["baseball-prospect.franklin-arias.true-first-bowman"],"buyingOptions":["FIXED_PRICE"],"condition":"Ungraded","itemCreationDate":"2026-07-30T03:32:42.000Z","itemEndDate":null,"imageUrls":["https://i.ebayimg.com/images/g/4OUAAeSwcXdqasVM/s-l225.jpg","https://i.ebayimg.com/images/g/4OUAAeSwcXdqasVM/s-l1600.jpg"],"preliminaryScopeStatus":"DISCOVERY_SCOPE_PASS","preliminaryRisks":[]}
cand-s4-ebay-90cfadb0ec2fbc5537	dh-20260730T170046Z-7d4c2a91	4	2026-07-30T17:05:44.524826+00:00	BASEBALL PROSPECTS / true_first_bowman	Franklin Arias	true_first_bowman_card	eBay	cyberkimmer		v1|277357529046|0	https://www.ebay.com/itm/277357529046?_skw=Franklin+Arias+1st+Bowman+Chrome&hash=item4093cc07d6%3Ag%3AyY4AAeSw7FlotaSS&amdata=enc%3AAQALAAABAACCtXRWQnOEpyOqnQQ8KGZMCfFEDMT%2FHZUrMldcMg4CAgAxJhKAZVWODV22gWA9lQ%2FNVexupNK%2FIkwO%2FmdWs7o8cViHuX%2Fs3EjR7c9i1AajU%2FXY%2FKPq%2BFZ6i3ngoA2PeZHDJ8aW3LKt7P6xlJ%2FyXRZ%2FyCsrC1iEJjKXxbl671FgSvaLr07aLmfHOtp%2BHVv3SZj2gkwzDZKQN4J%2BnmFKEP4TpZsYpQfgB5J2UgbbcFUAM32I19seHtXpxh2lE7lv6DOvJUgMa92tDu79kb%2F96geaBjK4pZSkn7gb31w5trX0B%2BWzJuy%2F0Jm%2FOWGfkE23HbiTrdjGrJkdrhxCB5RPvHE%3D	LIVE	Franklin Arias Autographed 2025 Bowman Chrome 1st Prospect Mojo Refractor BCP67	{"title":"Franklin Arias Autographed 2025 Bowman Chrome 1st Prospect Mojo Refractor BCP67","preliminaryScopeStatus":"DISCOVERY_SCOPE_PASS","queryFamilyIds":["baseball-prospect.franklin-arias.true-first-bowman"],"preliminaryRisks":[]}	{"status":"UNVERIFIED","verification":"native-browse-title-and-marketplace-images-only","frontVerified":false,"backVerified":false}	preliminary|90cfadb0ec2fbc5537	ebay|cyberkimmer|v1|277357529046|0	https://i.ebayimg.com/images/g/yY4AAeSw7FlotaSS/s-l225.jpg	https://i.ebayimg.com/images/g/yY4AAeSw7FlotaSS/s-l1600.jpg	FALSE	FALSE	FALSE	FALSE	{}											UNASSESSED	[]	69.99																		INSUFFICIENT																	MANUAL REVIEW / UNPRICED	FALSE	FALSE	["exact_parallel_or_variation_not_verified","front_and_back_identity_not_verified","full_delivered_acquisition_cost_not_proven","identical_completed_sales_not_loaded","instacomp_exact_market_not_completed","owned_copy_exclusion_not_proven"]	{"endpoints":["baseball_prospects"],"candidateId":"ebay:v1|277357529046|0","listingItemId":"v1|277357529046|0","queryFamilyIds":["baseball-prospect.franklin-arias.true-first-bowman"],"buyingOptions":["FIXED_PRICE","BEST_OFFER"],"condition":null,"itemCreationDate":"2025-09-01T13:57:57.000Z","itemEndDate":null,"imageUrls":["https://i.ebayimg.com/images/g/yY4AAeSw7FlotaSS/s-l225.jpg","https://i.ebayimg.com/images/g/yY4AAeSw7FlotaSS/s-l1600.jpg"],"preliminaryScopeStatus":"DISCOVERY_SCOPE_PASS","preliminaryRisks":[]}
cand-s4-ebay-687801d2d87d7527b2	dh-20260730T170046Z-7d4c2a91	4	2026-07-30T17:05:44.524826+00:00	BASEBALL PROSPECTS / true_first_bowman	Franklin Arias	true_first_bowman_card	eBay	cyberkimmer		v1|277357529047|0	https://www.ebay.com/itm/277357529047?_skw=Franklin+Arias+1st+Bowman+Chrome&hash=item4093cc07d7%3Ag%3A1I0AAeSwEkpotaVI&amdata=enc%3AAQALAAABAACCtXRWQnOEpyOqnQQ8KGbOYLYtJqF9UcsVPBjHP3ELflhbZw4uzyHdaA3IKX0sgwXVulb4hgHaz8sqH2xf9Z3NXLkDeMqe6HuMplj3grRc3OeokwPxPWXbJVcotQYH14Sms6xe0clsNrTsilEd9vZmqAwCbRS7Cj1%2FhaX%2BqIjhL%2B7BD%2BvMTx8yUinqvl9BLN9BJlsbYyzFOreMA%2F9YIWPxl3Ddv%2BPTVVV71kHDouHNvi4z5HqGZ7iOZ2rlT52WsKSEQCrSpQkSoK96pnOkEir2uoao80Lztd3q%2B3iCFBRQR00fMKAobl0w0i8sb2lqVOcs6lULojy7MZpXRbjsZi4%3D	LIVE	Franklin Arias Autographed 2025 Bowman Chrome 1st Prospect Reptilian Refractor	{"title":"Franklin Arias Autographed 2025 Bowman Chrome 1st Prospect Reptilian Refractor","preliminaryScopeStatus":"DISCOVERY_SCOPE_PASS","queryFamilyIds":["baseball-prospect.franklin-arias.true-first-bowman"],"preliminaryRisks":[]}	{"status":"UNVERIFIED","verification":"native-browse-title-and-marketplace-images-only","frontVerified":false,"backVerified":false}	preliminary|687801d2d87d7527b2	ebay|cyberkimmer|v1|277357529047|0	https://i.ebayimg.com/images/g/1I0AAeSwEkpotaVI/s-l225.jpg	https://i.ebayimg.com/images/g/1I0AAeSwEkpotaVI/s-l1200.jpg	FALSE	FALSE	FALSE	FALSE	{}											UNASSESSED	[]	69.99																		INSUFFICIENT																	MANUAL REVIEW / UNPRICED	FALSE	FALSE	["exact_parallel_or_variation_not_verified","front_and_back_identity_not_verified","full_delivered_acquisition_cost_not_proven","identical_completed_sales_not_loaded","instacomp_exact_market_not_completed","owned_copy_exclusion_not_proven"]	{"endpoints":["baseball_prospects"],"candidateId":"ebay:v1|277357529047|0","listingItemId":"v1|277357529047|0","queryFamilyIds":["baseball-prospect.franklin-arias.true-first-bowman"],"buyingOptions":["FIXED_PRICE","BEST_OFFER"],"condition":null,"itemCreationDate":"2025-09-01T13:57:57.000Z","itemEndDate":null,"imageUrls":["https://i.ebayimg.com/images/g/1I0AAeSwEkpotaVI/s-l225.jpg","https://i.ebayimg.com/images/g/1I0AAeSwEkpotaVI/s-l1200.jpg"],"preliminaryScopeStatus":"DISCOVERY_SCOPE_PASS","preliminaryRisks":[]}
cand-s4-ebay-eca7d6f73914985254	dh-20260730T170046Z-7d4c2a91	4	2026-07-30T17:05:44.524826+00:00	BASEBALL PROSPECTS / true_first_bowman	Franklin Arias	true_first_bowman_card	eBay	bcaverhill4		v1|278214628973|0	https://www.ebay.com/itm/278214628973?_skw=Franklin+Arias+1st+Bowman+Chrome&hash=item40c6e2566d%3Ag%3AcqAAAeSwx7pqY7FV	LIVE	2025 FRANKLIN ARIAS Bowman Chrome 1st Mojo Refractor #BCP-67 - Boston Red Sox	{"title":"2025 FRANKLIN ARIAS Bowman Chrome 1st Mojo Refractor #BCP-67 - Boston Red Sox","preliminaryScopeStatus":"DISCOVERY_SCOPE_PASS","queryFamilyIds":["baseball-prospect.franklin-arias.true-first-bowman"],"preliminaryRisks":[]}	{"status":"UNVERIFIED","verification":"native-browse-title-and-marketplace-images-only","frontVerified":false,"backVerified":false}	preliminary|eca7d6f73914985254	ebay|bcaverhill4|v1|278214628973|0	https://i.ebayimg.com/images/g/cqAAAeSwx7pqY7FV/s-l225.jpg	https://i.ebayimg.com/images/g/cqAAAeSwx7pqY7FV/s-l1600.jpg	FALSE	FALSE	FALSE	FALSE	{}											UNASSESSED	[]	10																		INSUFFICIENT																	MANUAL REVIEW / UNPRICED	FALSE	FALSE	["exact_parallel_or_variation_not_verified","front_and_back_identity_not_verified","full_delivered_acquisition_cost_not_proven","identical_completed_sales_not_loaded","instacomp_exact_market_not_completed","owned_copy_exclusion_not_proven"]	{"endpoints":["baseball_prospects"],"candidateId":"ebay:v1|278214628973|0","listingItemId":"v1|278214628973|0","queryFamilyIds":["baseball-prospect.franklin-arias.true-first-bowman"],"buyingOptions":["FIXED_PRICE"],"condition":"Ungraded","itemCreationDate":"2026-07-24T18:39:44.000Z","itemEndDate":null,"imageUrls":["https://i.ebayimg.com/images/g/cqAAAeSwx7pqY7FV/s-l225.jpg","https://i.ebayimg.com/images/g/cqAAAeSwx7pqY7FV/s-l1600.jpg"],"preliminaryScopeStatus":"DISCOVERY_SCOPE_PASS","preliminaryRisks":[]}
cand-s4-ebay-900178f6ca75568533	dh-20260730T170046Z-7d4c2a91	4	2026-07-30T17:05:44.524826+00:00	BASEBALL PROSPECTS / true_first_bowman	Franklin Arias	true_first_bowman_card	eBay	cyberkimmer		v1|286796239174|0	https://www.ebay.com/itm/286796239174?_skw=Franklin+Arias+1st+Bowman+Chrome&hash=item42c6635146%3Ag%3A5BUAAeSwTyVotaQU&amdata=enc%3AAQALAAABAACCtXRWQnOEpyOqnQQ8KGasATBNaqbZ3AD5JnuEWDE37uolFd08XgcFh%2FjNHx9SQKYJFlsVZayc4cMHKDLnQswlTDcBSadxkqAbQUPAlNTXCKlz6IiG7jcHs9l3a5zFRryGXFpLfYRS57q2UFLNlKE8QlxiwrbKfu%2BSP1cxcvjXswujAQlgw6a%2BogaOdClEYVdakqp1f%2BQ6lV1Jn8C30M4bHJOjoAFfae2Aq%2FjTd%2FGLnpZgCHhddUosN1iBFnZ0Mf59pRYC1uIO2e4D4KkiMQT0V0ZfEq%2BzOp3wO5CsxLYM4aC42aNzm3W6oiE6AbYf%2B17vCgXa%2BxYjpOcxteMQ1n4%3D	LIVE	Franklin Arias Autographed 2025 Bowman Chrome 1st Prospect BCP67 Rookie Card RC	{"title":"Franklin Arias Autographed 2025 Bowman Chrome 1st Prospect BCP67 Rookie Card RC","preliminaryScopeStatus":"DISCOVERY_SCOPE_PASS","queryFamilyIds":["baseball-prospect.franklin-arias.true-first-bowman"],"preliminaryRisks":[]}	{"status":"UNVERIFIED","verification":"native-browse-title-and-marketplace-images-only","frontVerified":false,"backVerified":false}	preliminary|900178f6ca75568533	ebay|cyberkimmer|v1|286796239174|0	https://i.ebayimg.com/images/g/5BUAAeSwTyVotaQU/s-l225.jpg	https://i.ebayimg.com/images/g/5BUAAeSwTyVotaQU/s-l1600.jpg	FALSE	FALSE	FALSE	FALSE	{}											UNASSESSED	[]	69.99																		INSUFFICIENT																	MANUAL REVIEW / UNPRICED	FALSE	FALSE	["exact_parallel_or_variation_not_verified","front_and_back_identity_not_verified","full_delivered_acquisition_cost_not_proven","identical_completed_sales_not_loaded","instacomp_exact_market_not_completed","owned_copy_exclusion_not_proven"]	{"endpoints":["baseball_prospects"],"candidateId":"ebay:v1|286796239174|0","listingItemId":"v1|286796239174|0","queryFamilyIds":["baseball-prospect.franklin-arias.true-first-bowman"],"buyingOptions":["FIXED_PRICE","BEST_OFFER"],"condition":null,"itemCreationDate":"2025-09-01T13:57:57.000Z","itemEndDate":null,"imageUrls":["https://i.ebayimg.com/images/g/5BUAAeSwTyVotaQU/s-l225.jpg","https://i.ebayimg.com/images/g/5BUAAeSwTyVotaQU/s-l1600.jpg"],"preliminaryScopeStatus":"DISCOVERY_SCOPE_PASS","preliminaryRisks":[]}
cand-s4-ebay-f9a7f5e6d306c7a1fc	dh-20260730T170046Z-7d4c2a91	4	2026-07-30T17:05:44.524826+00:00	BASEBALL PROSPECTS / true_first_bowman	Franklin Arias	true_first_bowman_card	eBay	bvscards		v1|298532603155|0	https://www.ebay.com/itm/298532603155?_skw=Franklin+Arias+1st+Bowman+Chrome&hash=item4581ee0513%3Ag%3AiGoAAeSwN09qZL%7EM	LIVE	4/5 PSA 10 2025 Franklin Arias Bowman Chrome  1st Bowman Red Rookie Red Sox	{"title":"4/5 PSA 10 2025 Franklin Arias Bowman Chrome  1st Bowman Red Rookie Red Sox","preliminaryScopeStatus":"DISCOVERY_SCOPE_PASS","queryFamilyIds":["baseball-prospect.franklin-arias.true-first-bowman"],"preliminaryRisks":[]}	{"status":"UNVERIFIED","verification":"native-browse-title-and-marketplace-images-only","frontVerified":false,"backVerified":false}	preliminary|f9a7f5e6d306c7a1fc	ebay|bvscards|v1|298532603155|0	https://i.ebayimg.com/images/g/iGoAAeSwN09qZL~M/s-l225.jpg	https://i.ebayimg.com/images/g/iGoAAeSwN09qZL~M/s-l1600.jpg	FALSE	FALSE	FALSE	FALSE	{}											UNASSESSED	[]	3999	8.99																	INSUFFICIENT																	MANUAL REVIEW / UNPRICED	FALSE	FALSE	["exact_parallel_or_variation_not_verified","front_and_back_identity_not_verified","full_delivered_acquisition_cost_not_proven","identical_completed_sales_not_loaded","instacomp_exact_market_not_completed","owned_copy_exclusion_not_proven"]	{"endpoints":["baseball_prospects"],"candidateId":"ebay:v1|298532603155|0","listingItemId":"v1|298532603155|0","queryFamilyIds":["baseball-prospect.franklin-arias.true-first-bowman"],"buyingOptions":["FIXED_PRICE"],"condition":"Graded","itemCreationDate":"2026-07-25T14:00:46.000Z","itemEndDate":null,"imageUrls":["https://i.ebayimg.com/images/g/iGoAAeSwN09qZL~M/s-l225.jpg","https://i.ebayimg.com/images/g/iGoAAeSwN09qZL~M/s-l1600.jpg"],"preliminaryScopeStatus":"DISCOVERY_SCOPE_PASS","preliminaryRisks":[]}
cand-s4-ebay-aee43297d0a809119f	dh-20260730T170046Z-7d4c2a91	4	2026-07-30T17:05:44.524826+00:00	BASEBALL PROSPECTS / true_first_bowman	Franklin Arias	true_first_bowman_card	eBay	crushercards		v1|336712177971|0	https://www.ebay.com/itm/336712177971?_skw=Franklin+Arias+1st+Bowman+Chrome&hash=item4e659c1933%3Ag%3A014AAeSwh%7ExqZ%7E%7Ec	LIVE	2025 Bowman Chrome Franklin Arias Red Sox 1st Prospects Lava Refractor /399	{"title":"2025 Bowman Chrome Franklin Arias Red Sox 1st Prospects Lava Refractor /399","preliminaryScopeStatus":"DISCOVERY_SCOPE_PASS","queryFamilyIds":["baseball-prospect.franklin-arias.true-first-bowman"],"preliminaryRisks":[]}	{"status":"UNVERIFIED","verification":"native-browse-title-and-marketplace-images-only","frontVerified":false,"backVerified":false}	preliminary|aee43297d0a809119f	ebay|crushercards|v1|336712177971|0	https://i.ebayimg.com/images/g/014AAeSwh~xqZ~~c/s-l225.jpg	https://i.ebayimg.com/images/g/014AAeSwh~xqZ~~c/s-l1600.jpg	FALSE	FALSE	FALSE	FALSE	{}											UNASSESSED	[]	39.99																		INSUFFICIENT																	MANUAL REVIEW / UNPRICED	FALSE	FALSE	["exact_parallel_or_variation_not_verified","front_and_back_identity_not_verified","full_delivered_acquisition_cost_not_proven","identical_completed_sales_not_loaded","instacomp_exact_market_not_completed","owned_copy_exclusion_not_proven"]	{"endpoints":["baseball_prospects"],"candidateId":"ebay:v1|336712177971|0","listingItemId":"v1|336712177971|0","queryFamilyIds":["baseball-prospect.franklin-arias.true-first-bowman"],"buyingOptions":["FIXED_PRICE","BEST_OFFER"],"condition":"Ungraded","itemCreationDate":"2026-07-28T01:03:40.000Z","itemEndDate":null,"imageUrls":["https://i.ebayimg.com/images/g/014AAeSwh~xqZ~~c/s-l225.jpg","https://i.ebayimg.com/images/g/014AAeSwh~xqZ~~c/s-l1600.jpg"],"preliminaryScopeStatus":"DISCOVERY_SCOPE_PASS","preliminaryRisks":[]}
cand-s4-ebay-44bdafd508f9d4fb62	dh-20260730T170046Z-7d4c2a91	4	2026-07-30T17:05:44.524826+00:00	BASEBALL PROSPECTS / true_first_bowman	Franklin Arias	true_first_bowman_card	eBay	northeast.cards		v1|336716835815|0	https://www.ebay.com/itm/336716835815?_skw=Franklin+Arias+1st+Bowman+Chrome&hash=item4e65e32be7%3Ag%3AUi8AAeSwe4Rqa1jh	LIVE	2025 Bowman Sapphire Edition - Chrome Prospects Franklin Arias #BCP-67 (RC) QTY	{"title":"2025 Bowman Sapphire Edition - Chrome Prospects Franklin Arias #BCP-67 (RC) QTY","preliminaryScopeStatus":"IMAGE_OR_IDENTITY_REVIEW_REQUIRED","queryFamilyIds":["baseball-prospect.franklin-arias.true-first-bowman"],"preliminaryRisks":["true_first_bowman_not_proven_from_title"]}	{"status":"UNVERIFIED","verification":"native-browse-title-and-marketplace-images-only","frontVerified":false,"backVerified":false}	preliminary|44bdafd508f9d4fb62	ebay|northeast.cards|v1|336716835815|0	https://i.ebayimg.com/images/g/Ui8AAeSwe4Rqa1jh/s-l225.jpg	https://i.ebayimg.com/images/g/Ui8AAeSwe4Rqa1jh/s-l1600.jpg	FALSE	FALSE	FALSE	FALSE	{}											UNASSESSED	["true_first_bowman_not_proven_from_title"]	32.95																		INSUFFICIENT																	MANUAL REVIEW / UNPRICED	FALSE	FALSE	["exact_parallel_or_variation_not_verified","front_and_back_identity_not_verified","full_delivered_acquisition_cost_not_proven","identical_completed_sales_not_loaded","instacomp_exact_market_not_completed","owned_copy_exclusion_not_proven","true_first_bowman_not_proven_from_title"]	{"endpoints":["baseball_prospects"],"candidateId":"ebay:v1|336716835815|0","listingItemId":"v1|336716835815|0","queryFamilyIds":["baseball-prospect.franklin-arias.true-first-bowman"],"buyingOptions":["FIXED_PRICE","BEST_OFFER"],"condition":"Ungraded","itemCreationDate":"2026-07-30T14:00:36.000Z","itemEndDate":null,"imageUrls":["https://i.ebayimg.com/images/g/Ui8AAeSwe4Rqa1jh/s-l225.jpg","https://i.ebayimg.com/images/g/Ui8AAeSwe4Rqa1jh/s-l1600.jpg"],"preliminaryScopeStatus":"IMAGE_OR_IDENTITY_REVIEW_REQUIRED","preliminaryRisks":["true_first_bowman_not_proven_from_title"]}
cand-s4-ebay-b22ffeea42fd5a520d	dh-20260730T170046Z-7d4c2a91	4	2026-07-30T17:05:44.524826+00:00	BASEBALL PROSPECTS / true_first_bowman	Franklin Arias	true_first_bowman_card	eBay	shepardcards		v1|377295672751|0	https://www.ebay.com/itm/377295672751?_skw=Franklin+Arias+1st+Bowman+Chrome&hash=item57d89315af%3Ag%3A-kwAAeSw6tJqPYBe	LIVE	2025 Bowman Chrome Prospects #BCP-67 Franklin Arias 1st Boston Red Sox	{"title":"2025 Bowman Chrome Prospects #BCP-67 Franklin Arias 1st Boston Red Sox","preliminaryScopeStatus":"DISCOVERY_SCOPE_PASS","queryFamilyIds":["baseball-prospect.franklin-arias.true-first-bowman"],"preliminaryRisks":[]}	{"status":"UNVERIFIED","verification":"native-browse-title-and-marketplace-images-only","frontVerified":false,"backVerified":false}	preliminary|b22ffeea42fd5a520d	ebay|shepardcards|v1|377295672751|0	https://i.ebayimg.com/images/g/-kwAAeSw6tJqPYBe/s-l225.jpg	https://i.ebayimg.com/images/g/-kwAAeSw6tJqPYBe/s-l1600.jpg	FALSE	FALSE	FALSE	FALSE	{}											UNASSESSED	[]	4																		INSUFFICIENT																	MANUAL REVIEW / UNPRICED	FALSE	FALSE	["exact_parallel_or_variation_not_verified","front_and_back_identity_not_verified","full_delivered_acquisition_cost_not_proven","identical_completed_sales_not_loaded","instacomp_exact_market_not_completed","owned_copy_exclusion_not_proven"]	{"endpoints":["baseball_prospects"],"candidateId":"ebay:v1|377295672751|0","listingItemId":"v1|377295672751|0","queryFamilyIds":["baseball-prospect.franklin-arias.true-first-bowman"],"buyingOptions":["FIXED_PRICE","BEST_OFFER"],"condition":"Ungraded","itemCreationDate":"2026-06-25T19:24:20.000Z","itemEndDate":null,"imageUrls":["https://i.ebayimg.com/images/g/-kwAAeSw6tJqPYBe/s-l225.jpg","https://i.ebayimg.com/images/g/-kwAAeSw6tJqPYBe/s-l1600.jpg"],"preliminaryScopeStatus":"DISCOVERY_SCOPE_PASS","preliminaryRisks":[]}
cand-s4-ebay-ce4192f7c88fec39db	dh-20260730T170046Z-7d4c2a91	4	2026-07-30T17:05:44.524826+00:00	BASEBALL PROSPECTS / true_first_bowman	Franklin Arias	true_first_bowman_card	eBay	shoresideshop		v1|398203797856|0	https://www.ebay.com/itm/398203797856?_skw=Franklin+Arias+1st+Bowman+Chrome&hash=item5cb6cbc160%3Ag%3A7K4AAeSwzM5qYVPI	LIVE	2025 Franklin Arias Bowman Chrome 1st Yellow Refractor Auto /75 PSA 10 Red Sox	{"title":"2025 Franklin Arias Bowman Chrome 1st Yellow Refractor Auto /75 PSA 10 Red Sox","preliminaryScopeStatus":"DISCOVERY_SCOPE_PASS","queryFamilyIds":["baseball-prospect.franklin-arias.true-first-bowman"],"preliminaryRisks":[]}	{"status":"UNVERIFIED","verification":"native-browse-title-and-marketplace-images-only","frontVerified":false,"backVerified":false}	preliminary|ce4192f7c88fec39db	ebay|shoresideshop|v1|398203797856|0	https://i.ebayimg.com/images/g/7K4AAeSwzM5qYVPI/s-l225.jpg	https://i.ebayimg.com/images/g/7K4AAeSwzM5qYVPI/s-l1600.jpg	FALSE	FALSE	FALSE	FALSE	{}											UNASSESSED	[]	2399.99	0																	INSUFFICIENT																	MANUAL REVIEW / UNPRICED	FALSE	FALSE	["exact_parallel_or_variation_not_verified","front_and_back_identity_not_verified","full_delivered_acquisition_cost_not_proven","identical_completed_sales_not_loaded","instacomp_exact_market_not_completed","owned_copy_exclusion_not_proven"]	{"endpoints":["baseball_prospects"],"candidateId":"ebay:v1|398203797856|0","listingItemId":"v1|398203797856|0","queryFamilyIds":["baseball-prospect.franklin-arias.true-first-bowman"],"buyingOptions":["FIXED_PRICE","BEST_OFFER"],"condition":"Graded","itemCreationDate":"2026-07-22T14:22:19.000Z","itemEndDate":null,"imageUrls":["https://i.ebayimg.com/images/g/7K4AAeSwzM5qYVPI/s-l225.jpg","https://i.ebayimg.com/images/g/7K4AAeSwzM5qYVPI/s-l1600.jpg"],"preliminaryScopeStatus":"DISCOVERY_SCOPE_PASS","preliminaryRisks":[]}
cand-s4-ebay-926dbae2fc482fcc3d	dh-20260730T170046Z-7d4c2a91	4	2026-07-30T17:05:44.524826+00:00	BASEBALL PROSPECTS / true_first_bowman	Franklin Arias	true_first_bowman_card	eBay	masoncardpro		v1|398218213886|0	https://www.ebay.com/itm/398218213886?_skw=Franklin+Arias+1st+Bowman+Chrome&hash=item5cb7a7b9fe%3Ag%3AxKIAAeSw5eRqZqHU	LIVE	2025 Bowman - Chrome Prospects Franklin Arias #BCP-67 Mojo Refractor (RC)	{"title":"2025 Bowman - Chrome Prospects Franklin Arias #BCP-67 Mojo Refractor (RC)","preliminaryScopeStatus":"IMAGE_OR_IDENTITY_REVIEW_REQUIRED","queryFamilyIds":["baseball-prospect.franklin-arias.true-first-bowman"],"preliminaryRisks":["true_first_bowman_not_proven_from_title"]}	{"status":"UNVERIFIED","verification":"native-browse-title-and-marketplace-images-only","frontVerified":false,"backVerified":false}	preliminary|926dbae2fc482fcc3d	ebay|masoncardpro|v1|398218213886|0	https://i.ebayimg.com/images/g/xKIAAeSw5eRqZqHU/s-l225.jpg	https://i.ebayimg.com/images/g/xKIAAeSw5eRqZqHU/s-l1600.jpg	FALSE	FALSE	FALSE	FALSE	{}											UNASSESSED	["true_first_bowman_not_proven_from_title"]	6.99																		INSUFFICIENT																	MANUAL REVIEW / UNPRICED	FALSE	FALSE	["exact_parallel_or_variation_not_verified","front_and_back_identity_not_verified","full_delivered_acquisition_cost_not_proven","identical_completed_sales_not_loaded","instacomp_exact_market_not_completed","owned_copy_exclusion_not_proven","true_first_bowman_not_proven_from_title"]	{"endpoints":["baseball_prospects"],"candidateId":"ebay:v1|398218213886|0","listingItemId":"v1|398218213886|0","queryFamilyIds":["baseball-prospect.franklin-arias.true-first-bowman"],"buyingOptions":["FIXED_PRICE","BEST_OFFER"],"condition":"Ungraded","itemCreationDate":"2026-07-27T00:11:09.000Z","itemEndDate":null,"imageUrls":["https://i.ebayimg.com/images/g/xKIAAeSw5eRqZqHU/s-l225.jpg","https://i.ebayimg.com/images/g/xKIAAeSw5eRqZqHU/s-l1600.jpg"],"preliminaryScopeStatus":"IMAGE_OR_IDENTITY_REVIEW_REQUIRED","preliminaryRisks":["true_first_bowman_not_proven_from_title"]}
cand-s4-ebay-0ab9512cfc5829887b	dh-20260730T170046Z-7d4c2a91	4	2026-07-30T17:05:44.524826+00:00	BASEBALL PROSPECTS / true_first_bowman	Franklin Arias	true_first_bowman_card	eBay	4bases		v1|800086885655|0	https://www.ebay.com/itm/800086885655?_skw=Franklin+Arias+1st+Bowman+Chrome&hash=itemba48e50517%3Ag%3A64cAAeSwKepqIQLG&amdata=enc%3AAQALAAABAACCtXRWQnOEpyOqnQQ8KGZ%2FQqEWx2R0W2mjiqMPTs9DJoxem8i1EVE3FW749U5%2FnOBkJAEKNoxMIua7i8DjwK1%2BdQ7xaJf%2BVwMzOSh9VbFMrDnSOC%2BWKyqDgOONEK1yDXzvYpyuf7AuMhY47ptTsgBnWtxNL79engNyWwp%2FFRsu0bh0456tqfLLH73ftEbn8ohIv8SzoG4rtkEw%2BkW4qkpOrkagvs8y5fSsEPhJlV9dPBWSUlOKxGHRRc32%2BpTa%2FTynXCInIyeahVplzNzgVUYvym4ZLhqc%2FtCLh1kaFj%2BHn5O%2Fa6NzIQXPFVdBZiX7Tl3OwR5xOUml3jLfesT%2FRGk%3D	LIVE	2026 Bowman Chrome Franklin Arias Rookie Prospect Card #BCP-27 Gem Mint 10	{"title":"2026 Bowman Chrome Franklin Arias Rookie Prospect Card #BCP-27 Gem Mint 10","preliminaryScopeStatus":"IMAGE_OR_IDENTITY_REVIEW_REQUIRED","queryFamilyIds":["baseball-prospect.franklin-arias.true-first-bowman"],"preliminaryRisks":["true_first_bowman_not_proven_from_title"]}	{"status":"UNVERIFIED","verification":"native-browse-title-and-marketplace-images-only","frontVerified":false,"backVerified":false}	preliminary|0ab9512cfc5829887b	ebay|4bases|v1|800086885655|0	https://i.ebayimg.com/images/g/64cAAeSwKepqIQLG/s-l225.jpg	https://i.ebayimg.com/images/g/64cAAeSwKepqIQLG/s-l1600.jpg	FALSE	FALSE	FALSE	FALSE	{}											UNASSESSED	["true_first_bowman_not_proven_from_title"]	22.49																		INSUFFICIENT																	MANUAL REVIEW / UNPRICED	FALSE	FALSE	["exact_parallel_or_variation_not_verified","front_and_back_identity_not_verified","full_delivered_acquisition_cost_not_proven","identical_completed_sales_not_loaded","instacomp_exact_market_not_completed","owned_copy_exclusion_not_proven","true_first_bowman_not_proven_from_title"]	{"endpoints":["baseball_prospects"],"candidateId":"ebay:v1|800086885655|0","listingItemId":"v1|800086885655|0","queryFamilyIds":["baseball-prospect.franklin-arias.true-first-bowman"],"buyingOptions":["FIXED_PRICE","BEST_OFFER"],"condition":"Graded","itemCreationDate":"2026-05-28T23:15:56.000Z","itemEndDate":null,"imageUrls":["https://i.ebayimg.com/images/g/64cAAeSwKepqIQLG/s-l225.jpg","https://i.ebayimg.com/images/g/64cAAeSwKepqIQLG/s-l1600.jpg"],"preliminaryScopeStatus":"IMAGE_OR_IDENTITY_REVIEW_REQUIRED","preliminaryRisks":["true_first_bowman_not_proven_from_title"]}
cand-s4-ebay-32211053151e54c769	dh-20260730T170046Z-7d4c2a91	4	2026-07-30T17:05:44.524826+00:00	BASEBALL PROSPECTS / true_first_bowman	George Lombard Jr	true_first_bowman_card	eBay	cory9er		v1|127992491414|0	https://www.ebay.com/itm/127992491414?_skw=George+Lombard+Jr+1st+Bowman+Chrome&hash=item1dccf26d96%3Ag%3AVrwAAeSwARVqY69u&amdata=enc%3AAQALAAABAACCtXRWQnOEpyOqnQQ8KGb8IAtgjreMgiE6xX1JIcBquyBokl2sijL4Kt6bjeofhVrDgPTSHbYqEs7E68HaAlrSAIXaqynVFRAfmk6UMVnlaN0XKF9tc4u5zp3JB%2Fc8G6tdCd02RTvbtDhOJTOXrCLiQtoaA4%2BSntjTQ2h5U7pgzGo32vuMapUIo%2FNCfQgx8jlnZegAWS3%2FOUi8Xo9vdLtAmzTNAQ7NxM0JkFm6qc65iwCekl0VLgWjyb6IIdQGLkuVMfg4Hd7oA8TrJtpND4g0zQgeHE2fhxiyStgayH2I9UcOyPnywFEHIruNt0az8KE4z%2FSunGjaeYvYsWtjTI8%3D	LIVE	Bowman 2024 Chrome Prospects George Lombard Jr #79 Yankees PSA 10	{"title":"Bowman 2024 Chrome Prospects George Lombard Jr #79 Yankees PSA 10","preliminaryScopeStatus":"IMAGE_OR_IDENTITY_REVIEW_REQUIRED","queryFamilyIds":["baseball-prospect.george-lombard-jr.true-first-bowman"],"preliminaryRisks":["true_first_bowman_not_proven_from_title"]}	{"status":"UNVERIFIED","verification":"native-browse-title-and-marketplace-images-only","frontVerified":false,"backVerified":false}	preliminary|32211053151e54c769	ebay|cory9er|v1|127992491414|0	https://i.ebayimg.com/images/g/VrwAAeSwARVqY69u/s-l225.jpg	https://i.ebayimg.com/images/g/VrwAAeSwARVqY69u/s-l1600.jpg	FALSE	FALSE	FALSE	FALSE	{}											UNASSESSED	["true_first_bowman_not_proven_from_title"]	96.28	0																	INSUFFICIENT																	MANUAL REVIEW / UNPRICED	FALSE	FALSE	["exact_parallel_or_variation_not_verified","front_and_back_identity_not_verified","full_delivered_acquisition_cost_not_proven","identical_completed_sales_not_loaded","instacomp_exact_market_not_completed","owned_copy_exclusion_not_proven","true_first_bowman_not_proven_from_title"]	{"endpoints":["baseball_prospects"],"candidateId":"ebay:v1|127992491414|0","listingItemId":"v1|127992491414|0","queryFamilyIds":["baseball-prospect.george-lombard-jr.true-first-bowman"],"buyingOptions":["FIXED_PRICE","BEST_OFFER"],"condition":"Graded","itemCreationDate":"2026-07-24T18:31:46.000Z","itemEndDate":null,"imageUrls":["https://i.ebayimg.com/images/g/VrwAAeSwARVqY69u/s-l225.jpg","https://i.ebayimg.com/images/g/VrwAAeSwARVqY69u/s-l1600.jpg"],"preliminaryScopeStatus":"IMAGE_OR_IDENTITY_REVIEW_REQUIRED","preliminaryRisks":["true_first_bowman_not_proven_from_title"]}
cand-s4-ebay-51443b849efe605602	dh-20260730T170046Z-7d4c2a91	4	2026-07-30T17:05:44.524826+00:00	BASEBALL PROSPECTS / true_first_bowman	George Lombard Jr	true_first_bowman_card	eBay	cheddarmawpete		v1|127992705314|0	https://www.ebay.com/itm/127992705314?_skw=George+Lombard+Jr+1st+Bowman+Chrome&hash=item1dccf5b122%3Ag%3AqvAAAeSwsHRqY9%7EU	LIVE	2024 Bowman Chrome George Lombard Jr 1st Lunar Glow Green Refractor Yankees SP	{"title":"2024 Bowman Chrome George Lombard Jr 1st Lunar Glow Green Refractor Yankees SP","preliminaryScopeStatus":"DISCOVERY_SCOPE_PASS","queryFamilyIds":["baseball-prospect.george-lombard-jr.true-first-bowman"],"preliminaryRisks":[]}	{"status":"UNVERIFIED","verification":"native-browse-title-and-marketplace-images-only","frontVerified":false,"backVerified":false}	preliminary|51443b849efe605602	ebay|cheddarmawpete|v1|127992705314|0	https://i.ebayimg.com/images/g/qvAAAeSwsHRqY9~U/s-l225.jpg	https://i.ebayimg.com/images/g/qvAAAeSwsHRqY9~U/s-l1600.jpg	FALSE	FALSE	FALSE	FALSE	{}											UNASSESSED	[]	16.99	1.49																	INSUFFICIENT																	MANUAL REVIEW / UNPRICED	FALSE	FALSE	["exact_parallel_or_variation_not_verified","front_and_back_identity_not_verified","full_delivered_acquisition_cost_not_proven","identical_completed_sales_not_loaded","instacomp_exact_market_not_completed","owned_copy_exclusion_not_proven"]	{"endpoints":["baseball_prospects"],"candidateId":"ebay:v1|127992705314|0","listingItemId":"v1|127992705314|0","queryFamilyIds":["baseball-prospect.george-lombard-jr.true-first-bowman"],"buyingOptions":["FIXED_PRICE","BEST_OFFER"],"condition":"Ungraded","itemCreationDate":"2026-07-24T21:58:18.000Z","itemEndDate":null,"imageUrls":["https://i.ebayimg.com/images/g/qvAAAeSwsHRqY9~U/s-l225.jpg","https://i.ebayimg.com/images/g/qvAAAeSwsHRqY9~U/s-l1600.jpg"],"preliminaryScopeStatus":"DISCOVERY_SCOPE_PASS","preliminaryRisks":[]}
cand-s4-ebay-b060ab2f8429eb8f89	dh-20260730T170046Z-7d4c2a91	4	2026-07-30T17:05:44.524826+00:00	BASEBALL PROSPECTS / true_first_bowman	George Lombard Jr	true_first_bowman_card	eBay	elmcityboy		v1|137386045513|0	https://www.ebay.com/itm/137386045513?_skw=George+Lombard+Jr+1st+Bowman+Chrome&hash=item1ffcd8b049%3Ag%3A8ZMAAeSwynFqJHRO	LIVE	2024 Bowman Chrome 1st George Lombard Jr Silver Refractor /499 SP RC ROOKIE 9.5	{"title":"2024 Bowman Chrome 1st George Lombard Jr Silver Refractor /499 SP RC ROOKIE 9.5","preliminaryScopeStatus":"DISCOVERY_SCOPE_PASS","queryFamilyIds":["baseball-prospect.george-lombard-jr.true-first-bowman"],"preliminaryRisks":[]}	{"status":"UNVERIFIED","verification":"native-browse-title-and-marketplace-images-only","frontVerified":false,"backVerified":false}	preliminary|b060ab2f8429eb8f89	ebay|elmcityboy|v1|137386045513|0	https://i.ebayimg.com/images/g/8ZMAAeSwynFqJHRO/s-l225.jpg	https://i.ebayimg.com/images/g/8ZMAAeSwynFqJHRO/s-l1600.jpg	FALSE	FALSE	FALSE	FALSE	{}											UNASSESSED	[]	79.99	5.5																	INSUFFICIENT																	MANUAL REVIEW / UNPRICED	FALSE	FALSE	["exact_parallel_or_variation_not_verified","front_and_back_identity_not_verified","full_delivered_acquisition_cost_not_proven","identical_completed_sales_not_loaded","instacomp_exact_market_not_completed","owned_copy_exclusion_not_proven"]	{"endpoints":["baseball_prospects"],"candidateId":"ebay:v1|137386045513|0","listingItemId":"v1|137386045513|0","queryFamilyIds":["baseball-prospect.george-lombard-jr.true-first-bowman"],"buyingOptions":["FIXED_PRICE","BEST_OFFER"],"condition":"Graded","itemCreationDate":"2026-06-06T19:29:13.000Z","itemEndDate":null,"imageUrls":["https://i.ebayimg.com/images/g/8ZMAAeSwynFqJHRO/s-l225.jpg","https://i.ebayimg.com/images/g/8ZMAAeSwynFqJHRO/s-l1600.jpg"],"preliminaryScopeStatus":"DISCOVERY_SCOPE_PASS","preliminaryRisks":[]}
cand-s4-ebay-ad95ced65f43adbe3d	dh-20260730T170046Z-7d4c2a91	4	2026-07-30T17:05:44.524826+00:00	BASEBALL PROSPECTS / true_first_bowman	George Lombard Jr	true_first_bowman_card	eBay	rzsc2006		v1|137514148905|0	https://www.ebay.com/itm/137514148905?_skw=George+Lombard+Jr+1st+Bowman+Chrome&hash=item20047b6429%3Ag%3Ak3IAAeSwlktqVvHy	LIVE	2024 Bowman Chrome George Lombard Jr 1st Pink Mojo /199 Yankees #BCP-79	{"title":"2024 Bowman Chrome George Lombard Jr 1st Pink Mojo /199 Yankees #BCP-79","preliminaryScopeStatus":"DISCOVERY_SCOPE_PASS","queryFamilyIds":["baseball-prospect.george-lombard-jr.true-first-bowman"],"preliminaryRisks":[]}	{"status":"UNVERIFIED","verification":"native-browse-title-and-marketplace-images-only","frontVerified":false,"backVerified":false}	preliminary|ad95ced65f43adbe3d	ebay|rzsc2006|v1|137514148905|0	https://i.ebayimg.com/images/g/k3IAAeSwlktqVvHy/s-l225.jpg	https://i.ebayimg.com/images/g/k3IAAeSwlktqVvHy/s-l1600.jpg	FALSE	FALSE	FALSE	FALSE	{}											UNASSESSED	[]	79.99	4.95																	INSUFFICIENT																	MANUAL REVIEW / UNPRICED	FALSE	FALSE	["exact_parallel_or_variation_not_verified","front_and_back_identity_not_verified","full_delivered_acquisition_cost_not_proven","identical_completed_sales_not_loaded","instacomp_exact_market_not_completed","owned_copy_exclusion_not_proven"]	{"endpoints":["baseball_prospects"],"candidateId":"ebay:v1|137514148905|0","listingItemId":"v1|137514148905|0","queryFamilyIds":["baseball-prospect.george-lombard-jr.true-first-bowman"],"buyingOptions":["FIXED_PRICE","BEST_OFFER"],"condition":"Ungraded","itemCreationDate":"2026-07-15T02:36:15.000Z","itemEndDate":null,"imageUrls":["https://i.ebayimg.com/images/g/k3IAAeSwlktqVvHy/s-l225.jpg","https://i.ebayimg.com/images/g/k3IAAeSwlktqVvHy/s-l1600.jpg"],"preliminaryScopeStatus":"DISCOVERY_SCOPE_PASS","preliminaryRisks":[]}
cand-s4-ebay-4dae08be3cb2f94952	dh-20260730T170046Z-7d4c2a91	4	2026-07-30T17:05:44.524826+00:00	BASEBALL PROSPECTS / true_first_bowman	George Lombard Jr	true_first_bowman_card	eBay	ibuy.cards		v1|137554419964|0	https://www.ebay.com/itm/137554419964?_skw=George+Lombard+Jr+1st+Bowman+Chrome&hash=item2006e1e0fc%3Ag%3ALQwAAeSwEChqZacd	LIVE	George Lombard Jr. RARE 1ST BOWMAN MOJO REFRACTOR INVESTMENT ROOKIE CARD SP RC	{"title":"George Lombard Jr. RARE 1ST BOWMAN MOJO REFRACTOR INVESTMENT ROOKIE CARD SP RC","preliminaryScopeStatus":"DISCOVERY_SCOPE_PASS","queryFamilyIds":["baseball-prospect.george-lombard-jr.true-first-bowman"],"preliminaryRisks":[]}	{"status":"UNVERIFIED","verification":"native-browse-title-and-marketplace-images-only","frontVerified":false,"backVerified":false}	preliminary|4dae08be3cb2f94952	ebay|ibuy.cards|v1|137554419964|0	https://i.ebayimg.com/images/g/LQwAAeSwEChqZacd/s-l225.jpg	https://i.ebayimg.com/images/g/LQwAAeSwEChqZacd/s-l1200.jpg	FALSE	FALSE	FALSE	FALSE	{}											UNASSESSED	[]	33.74	6																	INSUFFICIENT																	MANUAL REVIEW / UNPRICED	FALSE	FALSE	["exact_parallel_or_variation_not_verified","front_and_back_identity_not_verified","full_delivered_acquisition_cost_not_proven","identical_completed_sales_not_loaded","instacomp_exact_market_not_completed","owned_copy_exclusion_not_proven"]	{"endpoints":["baseball_prospects"],"candidateId":"ebay:v1|137554419964|0","listingItemId":"v1|137554419964|0","queryFamilyIds":["baseball-prospect.george-lombard-jr.true-first-bowman"],"buyingOptions":["FIXED_PRICE","BEST_OFFER"],"condition":"Ungraded","itemCreationDate":"2026-07-26T23:56:42.000Z","itemEndDate":null,"imageUrls":["https://i.ebayimg.com/images/g/LQwAAeSwEChqZacd/s-l225.jpg","https://i.ebayimg.com/images/g/LQwAAeSwEChqZacd/s-l1200.jpg"],"preliminaryScopeStatus":"DISCOVERY_SCOPE_PASS","preliminaryRisks":[]}
cand-s4-ebay-85cb832ae276bc01fb	dh-20260730T170046Z-7d4c2a91	4	2026-07-30T17:05:44.524826+00:00	BASEBALL PROSPECTS / true_first_bowman	George Lombard Jr	true_first_bowman_card	eBay	danhol_2236		v1|147462184001|0	https://www.ebay.com/itm/147462184001?_skw=George+Lombard+Jr+1st+Bowman+Chrome&hash=item22556e5c41%3Ag%3AZecAAeSwnxdqZgAu&amdata=enc%3AAQALAAABAACCtXRWQnOEpyOqnQQ8KGacdmIZ6S7XHB4YrnGUqZr%2Ft3QhE7U%2BdHyUa1%2F3jvmKxheMkZvIUTRNnEgKuWHBoPoQPx10JmfBqsGffMkCeorRHmxWA1Ih%2FmGdJtHpUSNUS%2Fce9wK02QbxZcCKUBR3SNJia0Ak0QkCl%2BuZTnGYPHVjoAa9r438eCYW494JhekhErxAMhpKbREKbb9tVlVM7IFFOjS6jjwG6iohWYfJ5DIayjl%2Fqgc9DN2F4N5Y%2FAi5mf6NpkuurMC94tff%2FKAzSTQvm56QNec01qCU9X6gTISBLshZ6R13GC7kryTDd5nzNax1z11KhVqrUrb6FlZ4LWk%3D	LIVE	2024 Bowman - Chrome Prospect Autographs George Lombard Jr. #CPA-GLO (AU, RC)	{"title":"2024 Bowman - Chrome Prospect Autographs George Lombard Jr. #CPA-GLO (AU, RC)","preliminaryScopeStatus":"IMAGE_OR_IDENTITY_REVIEW_REQUIRED","queryFamilyIds":["baseball-prospect.george-lombard-jr.true-first-bowman"],"preliminaryRisks":["true_first_bowman_not_proven_from_title"]}	{"status":"UNVERIFIED","verification":"native-browse-title-and-marketplace-images-only","frontVerified":false,"backVerified":false}	preliminary|85cb832ae276bc01fb	ebay|danhol_2236|v1|147462184001|0	https://i.ebayimg.com/images/g/ZecAAeSwnxdqZgAu/s-l225.jpg	https://i.ebayimg.com/images/g/ZecAAeSwnxdqZgAu/s-l1600.jpg	FALSE	FALSE	FALSE	FALSE	{}											UNASSESSED	["true_first_bowman_not_proven_from_title"]	249.99	6.75																	INSUFFICIENT																	MANUAL REVIEW / UNPRICED	FALSE	FALSE	["exact_parallel_or_variation_not_verified","front_and_back_identity_not_verified","full_delivered_acquisition_cost_not_proven","identical_completed_sales_not_loaded","instacomp_exact_market_not_completed","owned_copy_exclusion_not_proven","true_first_bowman_not_proven_from_title"]	{"endpoints":["baseball_prospects"],"candidateId":"ebay:v1|147462184001|0","listingItemId":"v1|147462184001|0","queryFamilyIds":["baseball-prospect.george-lombard-jr.true-first-bowman"],"buyingOptions":["FIXED_PRICE"],"condition":"Graded","itemCreationDate":"2026-07-26T12:42:11.000Z","itemEndDate":null,"imageUrls":["https://i.ebayimg.com/images/g/ZecAAeSwnxdqZgAu/s-l225.jpg","https://i.ebayimg.com/images/g/ZecAAeSwnxdqZgAu/s-l1600.jpg"],"preliminaryScopeStatus":"IMAGE_OR_IDENTITY_REVIEW_REQUIRED","preliminaryRisks":["true_first_bowman_not_proven_from_title"]}
cand-s4-ebay-f901dbd55c88f3d643	dh-20260730T170046Z-7d4c2a91	4	2026-07-30T17:05:44.524826+00:00	BASEBALL PROSPECTS / true_first_bowman	George Lombard Jr	true_first_bowman_card	eBay	blendedvybz		v1|158117566064|0	https://www.ebay.com/itm/158117566064?_skw=George+Lombard+Jr+1st+Bowman+Chrome&hash=item24d08a9670%3Ag%3A2uUAAeSwUXxqZAlg	LIVE	2024 Bowman Chrome George Lombard Jr. 1st Bowman #BCP-79 NY Yankees Hot Prospect	{"title":"2024 Bowman Chrome George Lombard Jr. 1st Bowman #BCP-79 NY Yankees Hot Prospect","preliminaryScopeStatus":"DISCOVERY_SCOPE_PASS","queryFamilyIds":["baseball-prospect.george-lombard-jr.true-first-bowman"],"preliminaryRisks":[]}	{"status":"UNVERIFIED","verification":"native-browse-title-and-marketplace-images-only","frontVerified":false,"backVerified":false}	preliminary|f901dbd55c88f3d643	ebay|blendedvybz|v1|158117566064|0	https://i.ebayimg.com/images/g/2uUAAeSwUXxqZAlg/s-l225.jpg	https://i.ebayimg.com/images/g/2uUAAeSwUXxqZAlg/s-l1600.jpg	FALSE	FALSE	FALSE	FALSE	{}											UNASSESSED	[]	3.99																		INSUFFICIENT																	MANUAL REVIEW / UNPRICED	FALSE	FALSE	["exact_parallel_or_variation_not_verified","front_and_back_identity_not_verified","full_delivered_acquisition_cost_not_proven","identical_completed_sales_not_loaded","instacomp_exact_market_not_completed","owned_copy_exclusion_not_proven"]	{"endpoints":["baseball_prospects"],"candidateId":"ebay:v1|158117566064|0","listingItemId":"v1|158117566064|0","queryFamilyIds":["baseball-prospect.george-lombard-jr.true-first-bowman"],"buyingOptions":["FIXED_PRICE"],"condition":"Ungraded","itemCreationDate":"2026-07-25T00:55:37.000Z","itemEndDate":null,"imageUrls":["https://i.ebayimg.com/images/g/2uUAAeSwUXxqZAlg/s-l225.jpg","https://i.ebayimg.com/images/g/2uUAAeSwUXxqZAlg/s-l1600.jpg"],"preliminaryScopeStatus":"DISCOVERY_SCOPE_PASS","preliminaryRisks":[]}
cand-s4-ebay-fa421b3e0bc889337c	dh-20260730T170046Z-7d4c2a91	4	2026-07-30T17:05:44.524826+00:00	BASEBALL PROSPECTS / true_first_bowman	George Lombard Jr	true_first_bowman_card	eBay	sc_cards_n_collectibles		v1|168528244166|0	https://www.ebay.com/itm/168528244166?_skw=George+Lombard+Jr+1st+Bowman+Chrome&hash=item273d10edc6%3Ag%3AsJcAAeSwQw5qUUry	LIVE	George Lombard Jr. 2024 Bowman Chrome 1st Blue Refractor /150 #BCP-79 Yankees	{"title":"George Lombard Jr. 2024 Bowman Chrome 1st Blue Refractor /150 #BCP-79 Yankees","preliminaryScopeStatus":"DISCOVERY_SCOPE_PASS","queryFamilyIds":["baseball-prospect.george-lombard-jr.true-first-bowman"],"preliminaryRisks":[]}	{"status":"UNVERIFIED","verification":"native-browse-title-and-marketplace-images-only","frontVerified":false,"backVerified":false}	preliminary|fa421b3e0bc889337c	ebay|sc_cards_n_collectibles|v1|168528244166|0	https://i.ebayimg.com/images/g/sJcAAeSwQw5qUUry/s-l225.jpg	https://i.ebayimg.com/images/g/sJcAAeSwQw5qUUry/s-l1600.jpg	FALSE	FALSE	FALSE	FALSE	{}											UNASSESSED	[]	149.99	6.25																	INSUFFICIENT																	MANUAL REVIEW / UNPRICED	FALSE	FALSE	["exact_parallel_or_variation_not_verified","front_and_back_identity_not_verified","full_delivered_acquisition_cost_not_proven","identical_completed_sales_not_loaded","instacomp_exact_market_not_completed","owned_copy_exclusion_not_proven"]	{"endpoints":["baseball_prospects"],"candidateId":"ebay:v1|168528244166|0","listingItemId":"v1|168528244166|0","queryFamilyIds":["baseball-prospect.george-lombard-jr.true-first-bowman"],"buyingOptions":["FIXED_PRICE","BEST_OFFER"],"condition":"Ungraded","itemCreationDate":"2026-07-10T19:42:46.000Z","itemEndDate":null,"imageUrls":["https://i.ebayimg.com/images/g/sJcAAeSwQw5qUUry/s-l225.jpg","https://i.ebayimg.com/images/g/sJcAAeSwQw5qUUry/s-l1600.jpg"],"preliminaryScopeStatus":"DISCOVERY_SCOPE_PASS","preliminaryRisks":[]}
cand-s4-ebay-71923cc4f41d658644	dh-20260730T170046Z-7d4c2a91	4	2026-07-30T17:05:44.524826+00:00	BASEBALL PROSPECTS / true_first_bowman	George Lombard Jr	true_first_bowman_card	eBay	theprospectfinder		v1|178062436520|0	https://www.ebay.com/itm/178062436520?_skw=George+Lombard+Jr+1st+Bowman+Chrome&hash=item29755928a8%3Ag%3AgnUAAeSwyVdpyAde	LIVE	GEORGE LOMBARD JR 2024 BOWMAN CHROME 1ST BLUE RAYWAVE SP #/150 GRADED PSA 9 MINT	{"title":"GEORGE LOMBARD JR 2024 BOWMAN CHROME 1ST BLUE RAYWAVE SP #/150 GRADED PSA 9 MINT","preliminaryScopeStatus":"DISCOVERY_SCOPE_PASS","queryFamilyIds":["baseball-prospect.george-lombard-jr.true-first-bowman"],"preliminaryRisks":[]}	{"status":"UNVERIFIED","verification":"native-browse-title-and-marketplace-images-only","frontVerified":false,"backVerified":false}	preliminary|71923cc4f41d658644	ebay|theprospectfinder|v1|178062436520|0	https://i.ebayimg.com/images/g/gnUAAeSwyVdpyAde/s-l225.jpg	https://i.ebayimg.com/images/g/gnUAAeSwyVdpyAde/s-l1600.jpg	FALSE	FALSE	FALSE	FALSE	{}											UNASSESSED	[]	155	5.99																	INSUFFICIENT																	MANUAL REVIEW / UNPRICED	FALSE	FALSE	["exact_parallel_or_variation_not_verified","front_and_back_identity_not_verified","full_delivered_acquisition_cost_not_proven","identical_completed_sales_not_loaded","instacomp_exact_market_not_completed","owned_copy_exclusion_not_proven"]	{"endpoints":["baseball_prospects"],"candidateId":"ebay:v1|178062436520|0","listingItemId":"v1|178062436520|0","queryFamilyIds":["baseball-prospect.george-lombard-jr.true-first-bowman"],"buyingOptions":["FIXED_PRICE"],"condition":"Graded","itemCreationDate":"2026-04-19T18:45:58.000Z","itemEndDate":null,"imageUrls":["https://i.ebayimg.com/images/g/gnUAAeSwyVdpyAde/s-l225.jpg","https://i.ebayimg.com/images/g/gnUAAeSwyVdpyAde/s-l1600.jpg"],"preliminaryScopeStatus":"DISCOVERY_SCOPE_PASS","preliminaryRisks":[]}
cand-s4-ebay-0161d1cda791b0f30d	dh-20260730T170046Z-7d4c2a91	4	2026-07-30T17:05:44.524826+00:00	BASEBALL PROSPECTS / true_first_bowman	George Lombard Jr	true_first_bowman_card	eBay	harneysports		v1|188713316954|0	https://www.ebay.com/itm/188713316954?_skw=George+Lombard+Jr+1st+Bowman+Chrome&hash=item2bf030b25a%3Ag%3A0SMAAeSwHjNqakFP	LIVE	2024 Bowman - Chrome Prospects George Lombard Jr. #BCP-79 Mojo Refractor (RC)	{"title":"2024 Bowman - Chrome Prospects George Lombard Jr. #BCP-79 Mojo Refractor (RC)","preliminaryScopeStatus":"IMAGE_OR_IDENTITY_REVIEW_REQUIRED","queryFamilyIds":["baseball-prospect.george-lombard-jr.true-first-bowman"],"preliminaryRisks":["true_first_bowman_not_proven_from_title"]}	{"status":"UNVERIFIED","verification":"native-browse-title-and-marketplace-images-only","frontVerified":false,"backVerified":false}	preliminary|0161d1cda791b0f30d	ebay|harneysports|v1|188713316954|0	https://i.ebayimg.com/images/g/0SMAAeSwHjNqakFP/s-l225.jpg	https://i.ebayimg.com/images/g/0SMAAeSwHjNqakFP/s-l1600.jpg	FALSE	FALSE	FALSE	FALSE	{}											UNASSESSED	["true_first_bowman_not_proven_from_title"]	11																		INSUFFICIENT																	MANUAL REVIEW / UNPRICED	FALSE	FALSE	["exact_parallel_or_variation_not_verified","front_and_back_identity_not_verified","full_delivered_acquisition_cost_not_proven","identical_completed_sales_not_loaded","instacomp_exact_market_not_completed","owned_copy_exclusion_not_proven","true_first_bowman_not_proven_from_title"]	{"endpoints":["baseball_prospects"],"candidateId":"ebay:v1|188713316954|0","listingItemId":"v1|188713316954|0","queryFamilyIds":["baseball-prospect.george-lombard-jr.true-first-bowman"],"buyingOptions":["FIXED_PRICE"],"condition":"Ungraded","itemCreationDate":"2026-07-29T18:07:53.000Z","itemEndDate":null,"imageUrls":["https://i.ebayimg.com/images/g/0SMAAeSwHjNqakFP/s-l225.jpg","https://i.ebayimg.com/images/g/0SMAAeSwHjNqakFP/s-l1600.jpg"],"preliminaryScopeStatus":"IMAGE_OR_IDENTITY_REVIEW_REQUIRED","preliminaryRisks":["true_first_bowman_not_proven_from_title"]}
cand-s4-ebay-76c88c68b97a32eb1f	dh-20260730T170046Z-7d4c2a91	4	2026-07-30T17:05:44.524826+00:00	BASEBALL PROSPECTS / true_first_bowman	George Lombard Jr	true_first_bowman_card	eBay	cyndeerella-creations		v1|257647912029|0	https://www.ebay.com/itm/257647912029?_skw=George+Lombard+Jr+1st+Bowman+Chrome&hash=item3bfd03245d%3Ag%3A%7E3QAAeSw8KJqaR%7EW	LIVE	2024 Bowman Mega - GEORGE LOMBARD JR - 1st Chrome Mojo Refractor Yankees #BCP-79	{"title":"2024 Bowman Mega - GEORGE LOMBARD JR - 1st Chrome Mojo Refractor Yankees #BCP-79","preliminaryScopeStatus":"DISCOVERY_SCOPE_PASS","queryFamilyIds":["baseball-prospect.george-lombard-jr.true-first-bowman"],"preliminaryRisks":[]}	{"status":"UNVERIFIED","verification":"native-browse-title-and-marketplace-images-only","frontVerified":false,"backVerified":false}	preliminary|76c88c68b97a32eb1f	ebay|cyndeerella-creations|v1|257647912029|0	https://i.ebayimg.com/images/g/~3QAAeSw8KJqaR~W/s-l225.jpg	https://i.ebayimg.com/images/g/~3QAAeSw8KJqaR~W/s-l1600.jpg	FALSE	FALSE	FALSE	FALSE	{}											UNASSESSED	[]	10.99	1.5																	INSUFFICIENT																	MANUAL REVIEW / UNPRICED	FALSE	FALSE	["exact_parallel_or_variation_not_verified","front_and_back_identity_not_verified","full_delivered_acquisition_cost_not_proven","identical_completed_sales_not_loaded","instacomp_exact_market_not_completed","owned_copy_exclusion_not_proven"]	{"endpoints":["baseball_prospects"],"candidateId":"ebay:v1|257647912029|0","listingItemId":"v1|257647912029|0","queryFamilyIds":["baseball-prospect.george-lombard-jr.true-first-bowman"],"buyingOptions":["FIXED_PRICE","BEST_OFFER"],"condition":"Ungraded","itemCreationDate":"2026-07-28T21:33:08.000Z","itemEndDate":null,"imageUrls":["https://i.ebayimg.com/images/g/~3QAAeSw8KJqaR~W/s-l225.jpg","https://i.ebayimg.com/images/g/~3QAAeSw8KJqaR~W/s-l1600.jpg"],"preliminaryScopeStatus":"DISCOVERY_SCOPE_PASS","preliminaryRisks":[]}
cand-s4-ebay-494dc5947c579425c4	dh-20260730T170046Z-7d4c2a91	4	2026-07-30T17:05:44.524826+00:00	BASEBALL PROSPECTS / true_first_bowman	George Lombard Jr	true_first_bowman_card	eBay	bagzycards		v1|307059270367|0	https://www.ebay.com/itm/307059270367?_skw=George+Lombard+Jr+1st+Bowman+Chrome&hash=item477e28a2df%3Ag%3AuP4AAeSwL49qVCHA	LIVE	2024 Bowman - Chrome Prospects George Lombard Jr. #BCP-79 Mojo Refractor (RC)	{"title":"2024 Bowman - Chrome Prospects George Lombard Jr. #BCP-79 Mojo Refractor (RC)","preliminaryScopeStatus":"IMAGE_OR_IDENTITY_REVIEW_REQUIRED","queryFamilyIds":["baseball-prospect.george-lombard-jr.true-first-bowman"],"preliminaryRisks":["true_first_bowman_not_proven_from_title"]}	{"status":"UNVERIFIED","verification":"native-browse-title-and-marketplace-images-only","frontVerified":false,"backVerified":false}	preliminary|494dc5947c579425c4	ebay|bagzycards|v1|307059270367|0	https://i.ebayimg.com/images/g/uP4AAeSwL49qVCHA/s-l225.jpg	https://i.ebayimg.com/images/g/uP4AAeSwL49qVCHA/s-l1600.jpg	FALSE	FALSE	FALSE	FALSE	{}											UNASSESSED	["true_first_bowman_not_proven_from_title"]	8.99																		INSUFFICIENT																	MANUAL REVIEW / UNPRICED	FALSE	FALSE	["exact_parallel_or_variation_not_verified","front_and_back_identity_not_verified","full_delivered_acquisition_cost_not_proven","identical_completed_sales_not_loaded","instacomp_exact_market_not_completed","owned_copy_exclusion_not_proven","true_first_bowman_not_proven_from_title"]	{"endpoints":["baseball_prospects"],"candidateId":"ebay:v1|307059270367|0","listingItemId":"v1|307059270367|0","queryFamilyIds":["baseball-prospect.george-lombard-jr.true-first-bowman"],"buyingOptions":["FIXED_PRICE"],"condition":"Ungraded","itemCreationDate":"2026-07-12T23:23:08.000Z","itemEndDate":null,"imageUrls":["https://i.ebayimg.com/images/g/uP4AAeSwL49qVCHA/s-l225.jpg","https://i.ebayimg.com/images/g/uP4AAeSwL49qVCHA/s-l1600.jpg"],"preliminaryScopeStatus":"IMAGE_OR_IDENTITY_REVIEW_REQUIRED","preliminaryRisks":["true_first_bowman_not_proven_from_title"]}
cand-s4-ebay-950ddb637fe14b4f64	dh-20260730T170046Z-7d4c2a91	4	2026-07-30T17:05:44.524826+00:00	BASEBALL PROSPECTS / true_first_bowman	George Lombard Jr	true_first_bowman_card	eBay	rb7sportsngamez		v1|307082049599|0	https://www.ebay.com/itm/307082049599?_skw=George+Lombard+Jr+1st+Bowman+Chrome&hash=item477f84383f%3Ag%3ABk8AAeSw9ABqYp4e	LIVE	2024 Bowman Chrome - George Lombard Jr. Green Lunar Glow Refractor # BCP-79	{"title":"2024 Bowman Chrome - George Lombard Jr. Green Lunar Glow Refractor # BCP-79","preliminaryScopeStatus":"IMAGE_OR_IDENTITY_REVIEW_REQUIRED","queryFamilyIds":["baseball-prospect.george-lombard-jr.true-first-bowman"],"preliminaryRisks":["true_first_bowman_not_proven_from_title"]}	{"status":"UNVERIFIED","verification":"native-browse-title-and-marketplace-images-only","frontVerified":false,"backVerified":false}	preliminary|950ddb637fe14b4f64	ebay|rb7sportsngamez|v1|307082049599|0	https://i.ebayimg.com/images/g/Bk8AAeSw9ABqYp4e/s-l225.jpg	https://i.ebayimg.com/images/g/Bk8AAeSw9ABqYp4e/s-l1600.jpg	FALSE	FALSE	FALSE	FALSE	{}											UNASSESSED	["true_first_bowman_not_proven_from_title"]	15.99	0																	INSUFFICIENT																	MANUAL REVIEW / UNPRICED	FALSE	FALSE	["exact_parallel_or_variation_not_verified","front_and_back_identity_not_verified","full_delivered_acquisition_cost_not_proven","identical_completed_sales_not_loaded","instacomp_exact_market_not_completed","owned_copy_exclusion_not_proven","true_first_bowman_not_proven_from_title"]	{"endpoints":["baseball_prospects"],"candidateId":"ebay:v1|307082049599|0","listingItemId":"v1|307082049599|0","queryFamilyIds":["baseball-prospect.george-lombard-jr.true-first-bowman"],"buyingOptions":["FIXED_PRICE"],"condition":"Ungraded","itemCreationDate":"2026-07-23T23:05:47.000Z","itemEndDate":null,"imageUrls":["https://i.ebayimg.com/images/g/Bk8AAeSw9ABqYp4e/s-l225.jpg","https://i.ebayimg.com/images/g/Bk8AAeSw9ABqYp4e/s-l1600.jpg"],"preliminaryScopeStatus":"IMAGE_OR_IDENTITY_REVIEW_REQUIRED","preliminaryRisks":["true_first_bowman_not_proven_from_title"]}
cand-s4-ebay-4d2a2eda3f507ba2a3	dh-20260730T170046Z-7d4c2a91	4	2026-07-30T17:05:44.524826+00:00	BASEBALL PROSPECTS / true_first_bowman	George Lombard Jr	true_first_bowman_card	eBay	whatadeal4unow		v1|336706721180|0	https://www.ebay.com/itm/336706721180?_skw=George+Lombard+Jr+1st+Bowman+Chrome&hash=item4e6548d59c%3Ag%3A5FMAAeSwoi5qY5Pj	LIVE	2024 Bowman GEORGE LOMBARD JR. 🔥  1st  Chrome Gold Shimmer 🔥 Auto /50 -  PSA 9	{"title":"2024 Bowman GEORGE LOMBARD JR. 🔥  1st  Chrome Gold Shimmer 🔥 Auto /50 -  PSA 9","preliminaryScopeStatus":"DISCOVERY_SCOPE_PASS","queryFamilyIds":["baseball-prospect.george-lombard-jr.true-first-bowman"],"preliminaryRisks":[]}	{"status":"UNVERIFIED","verification":"native-browse-title-and-marketplace-images-only","frontVerified":false,"backVerified":false}	preliminary|4d2a2eda3f507ba2a3	ebay|whatadeal4unow|v1|336706721180|0	https://i.ebayimg.com/images/g/5FMAAeSwoi5qY5Pj/s-l225.jpg	https://i.ebayimg.com/images/g/5FMAAeSwoi5qY5Pj/s-l1600.jpg	FALSE	FALSE	FALSE	FALSE	{}											UNASSESSED	[]	1399.99	7.49																	INSUFFICIENT																	MANUAL REVIEW / UNPRICED	FALSE	FALSE	["exact_parallel_or_variation_not_verified","front_and_back_identity_not_verified","full_delivered_acquisition_cost_not_proven","identical_completed_sales_not_loaded","instacomp_exact_market_not_completed","owned_copy_exclusion_not_proven"]	{"endpoints":["baseball_prospects"],"candidateId":"ebay:v1|336706721180|0","listingItemId":"v1|336706721180|0","queryFamilyIds":["baseball-prospect.george-lombard-jr.true-first-bowman"],"buyingOptions":["FIXED_PRICE","BEST_OFFER"],"condition":"Graded","itemCreationDate":"2026-07-24T22:20:41.000Z","itemEndDate":null,"imageUrls":["https://i.ebayimg.com/images/g/5FMAAeSwoi5qY5Pj/s-l225.jpg","https://i.ebayimg.com/images/g/5FMAAeSwoi5qY5Pj/s-l1600.jpg"],"preliminaryScopeStatus":"DISCOVERY_SCOPE_PASS","preliminaryRisks":[]}
cand-s4-ebay-86cbf3ef7a4174c26a	dh-20260730T170046Z-7d4c2a91	4	2026-07-30T17:05:44.524826+00:00	BASEBALL PROSPECTS / true_first_bowman	George Lombard Jr	true_first_bowman_card	eBay	ma471978		v1|336716963239|0	https://www.ebay.com/itm/336716963239?_skw=George+Lombard+Jr+1st+Bowman+Chrome&hash=item4e65e51da7%3Ag%3AXZUAAeSwQw5qa3X9	LIVE	George Lombard Jr. 2026 Bowman Chrome Blue Shimmer Refractor 011/150 Yankees #64	{"title":"George Lombard Jr. 2026 Bowman Chrome Blue Shimmer Refractor 011/150 Yankees #64","preliminaryScopeStatus":"IMAGE_OR_IDENTITY_REVIEW_REQUIRED","queryFamilyIds":["baseball-prospect.george-lombard-jr.true-first-bowman"],"preliminaryRisks":["true_first_bowman_not_proven_from_title"]}	{"status":"UNVERIFIED","verification":"native-browse-title-and-marketplace-images-only","frontVerified":false,"backVerified":false}	preliminary|86cbf3ef7a4174c26a	ebay|ma471978|v1|336716963239|0	https://i.ebayimg.com/images/g/XZUAAeSwQw5qa3X9/s-l225.jpg	https://i.ebayimg.com/images/g/XZUAAeSwQw5qa3X9/s-l1600.jpg	FALSE	FALSE	FALSE	FALSE	{}											UNASSESSED	["true_first_bowman_not_proven_from_title"]	16																		INSUFFICIENT																	MANUAL REVIEW / UNPRICED	FALSE	FALSE	["exact_parallel_or_variation_not_verified","front_and_back_identity_not_verified","full_delivered_acquisition_cost_not_proven","identical_completed_sales_not_loaded","instacomp_exact_market_not_completed","owned_copy_exclusion_not_proven","true_first_bowman_not_proven_from_title"]	{"endpoints":["baseball_prospects"],"candidateId":"ebay:v1|336716963239|0","listingItemId":"v1|336716963239|0","queryFamilyIds":["baseball-prospect.george-lombard-jr.true-first-bowman"],"buyingOptions":["FIXED_PRICE"],"condition":"Ungraded","itemCreationDate":"2026-07-30T16:04:24.000Z","itemEndDate":null,"imageUrls":["https://i.ebayimg.com/images/g/XZUAAeSwQw5qa3X9/s-l225.jpg","https://i.ebayimg.com/images/g/XZUAAeSwQw5qa3X9/s-l1600.jpg"],"preliminaryScopeStatus":"IMAGE_OR_IDENTITY_REVIEW_REQUIRED","preliminaryRisks":["true_first_bowman_not_proven_from_title"]}
cand-s4-ebay-ad3fb6a98d4632f0fa	dh-20260730T170046Z-7d4c2a91	4	2026-07-30T17:05:44.524826+00:00	BASEBALL PROSPECTS / true_first_bowman	George Lombard Jr	true_first_bowman_card	eBay	jesbesportscardinvestments		v1|358845250591|0	https://www.ebay.com/itm/358845250591?_skw=George+Lombard+Jr+1st+Bowman+Chrome&hash=item538cd7fc1f%3Ag%3AKUYAAeSwXRFqZfCn	LIVE	2024 Bowman Chrome Prospects GEORGE LOMBARD JR. #BCP79 1st RC PSA 10 GEM MINT	{"title":"2024 Bowman Chrome Prospects GEORGE LOMBARD JR. #BCP79 1st RC PSA 10 GEM MINT","preliminaryScopeStatus":"DISCOVERY_SCOPE_PASS","queryFamilyIds":["baseball-prospect.george-lombard-jr.true-first-bowman"],"preliminaryRisks":[]}	{"status":"UNVERIFIED","verification":"native-browse-title-and-marketplace-images-only","frontVerified":false,"backVerified":false}	preliminary|ad3fb6a98d4632f0fa	ebay|jesbesportscardinvestments|v1|358845250591|0	https://i.ebayimg.com/images/g/KUYAAeSwXRFqZfCn/s-l225.jpg	https://i.ebayimg.com/images/g/KUYAAeSwXRFqZfCn/s-l1600.jpg	FALSE	FALSE	FALSE	FALSE	{}											UNASSESSED	[]	119.99	7.99																	INSUFFICIENT																	MANUAL REVIEW / UNPRICED	FALSE	FALSE	["exact_parallel_or_variation_not_verified","front_and_back_identity_not_verified","full_delivered_acquisition_cost_not_proven","identical_completed_sales_not_loaded","instacomp_exact_market_not_completed","owned_copy_exclusion_not_proven"]	{"endpoints":["baseball_prospects"],"candidateId":"ebay:v1|358845250591|0","listingItemId":"v1|358845250591|0","queryFamilyIds":["baseball-prospect.george-lombard-jr.true-first-bowman"],"buyingOptions":["FIXED_PRICE","BEST_OFFER"],"condition":"Graded","itemCreationDate":"2026-07-26T11:36:09.000Z","itemEndDate":null,"imageUrls":["https://i.ebayimg.com/images/g/KUYAAeSwXRFqZfCn/s-l225.jpg","https://i.ebayimg.com/images/g/KUYAAeSwXRFqZfCn/s-l1600.jpg"],"preliminaryScopeStatus":"DISCOVERY_SCOPE_PASS","preliminaryRisks":[]}
cand-s4-ebay-3d7a3b7a6ff2a982e7	dh-20260730T170046Z-7d4c2a91	4	2026-07-30T17:05:44.524826+00:00	BASEBALL PROSPECTS / true_first_bowman	George Lombard Jr	true_first_bowman_card	eBay	raso_2760		v1|377276661132|0	https://www.ebay.com/itm/377276661132?_skw=George+Lombard+Jr+1st+Bowman+Chrome&hash=item57d770fd8c%3Ag%3AgeYAAeSwp-1qNGCi&amdata=enc%3AAQALAAABAACCtXRWQnOEpyOqnQQ8KGZowZrq3Q2kFxCcefv3BD30zr4Xbg1d%2FsxXZkK5QH7TEfoXF%2BTDtlKD8E79L%2FWAwCSDV4WJguZ%2FvgnQPizBCYfEpqE%2BF9M8ZYzBqfJAVH7W2AMBevOE9ADuYmaypiOy0eYAbDpqH6Pv9OAPmvxNf1CEauzQRfQkYS%2ByZ7VDpT2cPrwcf%2FmOStZChsrcjbljtg5icN1JIscMibL64qyLOaBtp2IkI5IevV8DCd9RVpc7RxHApg6K%2FgjmvHK5xH0k2MKNwGzBNattIeEiY3JmLh1pwZ%2FdsX%2BuZNn7WDvpJ%2FJ5Pw%2Fk%2BPyoLY72Z6y9pMAfiWo%3D	LIVE	2025 Bowman Chrome - Prospects George Lombard Jr. Wave Refractor /100	{"title":"2025 Bowman Chrome - Prospects George Lombard Jr. Wave Refractor /100","preliminaryScopeStatus":"IMAGE_OR_IDENTITY_REVIEW_REQUIRED","queryFamilyIds":["baseball-prospect.george-lombard-jr.true-first-bowman"],"preliminaryRisks":["true_first_bowman_not_proven_from_title"]}	{"status":"UNVERIFIED","verification":"native-browse-title-and-marketplace-images-only","frontVerified":false,"backVerified":false}	preliminary|3d7a3b7a6ff2a982e7	ebay|raso_2760|v1|377276661132|0	https://i.ebayimg.com/images/g/geYAAeSwp-1qNGCi/s-l225.jpg	https://i.ebayimg.com/images/g/geYAAeSwp-1qNGCi/s-l640.jpg	FALSE	FALSE	FALSE	FALSE	{}											UNASSESSED	["true_first_bowman_not_proven_from_title"]	50	5.17																	INSUFFICIENT																	MANUAL REVIEW / UNPRICED	FALSE	FALSE	["exact_parallel_or_variation_not_verified","front_and_back_identity_not_verified","full_delivered_acquisition_cost_not_proven","identical_completed_sales_not_loaded","instacomp_exact_market_not_completed","owned_copy_exclusion_not_proven","true_first_bowman_not_proven_from_title"]	{"endpoints":["baseball_prospects"],"candidateId":"ebay:v1|377276661132|0","listingItemId":"v1|377276661132|0","queryFamilyIds":["baseball-prospect.george-lombard-jr.true-first-bowman"],"buyingOptions":["FIXED_PRICE","BEST_OFFER"],"condition":"Ungraded","itemCreationDate":"2026-06-18T21:19:13.000Z","itemEndDate":null,"imageUrls":["https://i.ebayimg.com/images/g/geYAAeSwp-1qNGCi/s-l225.jpg","https://i.ebayimg.com/images/g/geYAAeSwp-1qNGCi/s-l640.jpg"],"preliminaryScopeStatus":"IMAGE_OR_IDENTITY_REVIEW_REQUIRED","preliminaryRisks":["true_first_bowman_not_proven_from_title"]}
cand-s4-ebay-e1ad95c492a3d48583	dh-20260730T170046Z-7d4c2a91	4	2026-07-30T17:05:44.524826+00:00	BASEBALL PROSPECTS / true_first_bowman	George Lombard Jr	true_first_bowman_card	eBay	shanabombs		v1|377380155011|0	https://www.ebay.com/itm/377380155011?_skw=George+Lombard+Jr+1st+Bowman+Chrome&hash=item57dd9c2e83%3Ag%3AGD0AAeSwgvZqaqBa&amdata=enc%3AAQALAAABAACCtXRWQnOEpyOqnQQ8KGYYDj%2F67C4DFE3s5IQl3fy86uH5tZRk68mso1EQnFmG%2Bau%2Fj0BzLbySlz98sMWy%2F%2BwhOwpwwQrtHxAXjy4Mo%2BXIHdTpuV9H9U7JbRkLMctyvm2hNtFeZPBBpa3QRxPwCVmocXiux6q%2BRAlv9lVMUABLz8eiXETl3Q%2FTFbYgKBQYkbj5ZAcYHzc8Rezf9Hwjwy%2Be6fK1mPSo1TwUWLDGRJEjCUIfTZyWCAZDkYURvwbdH0BYwxYmUfEbOZzvNvMx3ZaIu35eXpr%2FPLpY%2BhkIT86eLmWJuJ3PR41SRUdBmDpK9zBAyEGVYOhAU37zpBKY%2BC4%3D	LIVE	George Lombard Jr 2026 Bowman Chrome Auto Green Shimmer Refractor 28/99 Yankees	{"title":"George Lombard Jr 2026 Bowman Chrome Auto Green Shimmer Refractor 28/99 Yankees","preliminaryScopeStatus":"IMAGE_OR_IDENTITY_REVIEW_REQUIRED","queryFamilyIds":["baseball-prospect.george-lombard-jr.true-first-bowman"],"preliminaryRisks":["true_first_bowman_not_proven_from_title"]}	{"status":"UNVERIFIED","verification":"native-browse-title-and-marketplace-images-only","frontVerified":false,"backVerified":false}	preliminary|e1ad95c492a3d48583	ebay|shanabombs|v1|377380155011|0	https://i.ebayimg.com/images/g/GD0AAeSwgvZqaqBa/s-l225.jpg	https://i.ebayimg.com/images/g/GD0AAeSwgvZqaqBa/s-l1600.jpg	FALSE	FALSE	FALSE	FALSE	{}											UNASSESSED	["true_first_bowman_not_proven_from_title"]	160																		INSUFFICIENT																	MANUAL REVIEW / UNPRICED	FALSE	FALSE	["exact_parallel_or_variation_not_verified","front_and_back_identity_not_verified","full_delivered_acquisition_cost_not_proven","identical_completed_sales_not_loaded","instacomp_exact_market_not_completed","owned_copy_exclusion_not_proven","true_first_bowman_not_proven_from_title"]	{"endpoints":["baseball_prospects"],"candidateId":"ebay:v1|377380155011|0","listingItemId":"v1|377380155011|0","queryFamilyIds":["baseball-prospect.george-lombard-jr.true-first-bowman"],"buyingOptions":["FIXED_PRICE","BEST_OFFER"],"condition":"Ungraded","itemCreationDate":"2026-07-30T00:53:16.000Z","itemEndDate":null,"imageUrls":["https://i.ebayimg.com/images/g/GD0AAeSwgvZqaqBa/s-l225.jpg","https://i.ebayimg.com/images/g/GD0AAeSwgvZqaqBa/s-l1600.jpg"],"preliminaryScopeStatus":"IMAGE_OR_IDENTITY_REVIEW_REQUIRED","preliminaryRisks":["true_first_bowman_not_proven_from_title"]}
cand-s4-ebay-9d62ebda2db9a447e2	dh-20260730T170046Z-7d4c2a91	4	2026-07-30T17:05:44.524826+00:00	BASEBALL PROSPECTS / true_first_bowman	George Lombard Jr	true_first_bowman_card	eBay	sportscardsbysnydes		v1|407102536376|0	https://www.ebay.com/itm/407102536376?_skw=George+Lombard+Jr+1st+Bowman+Chrome&hash=item5ec933bab8%3Ag%3A394AAeSwxUxqZ9nW	LIVE	2024 Bowman Mega - GEORGE LOMBARD JR - 1st Chrome Mojo Refractor Yankees #BCP-79	{"title":"2024 Bowman Mega - GEORGE LOMBARD JR - 1st Chrome Mojo Refractor Yankees #BCP-79","preliminaryScopeStatus":"DISCOVERY_SCOPE_PASS","queryFamilyIds":["baseball-prospect.george-lombard-jr.true-first-bowman"],"preliminaryRisks":[]}	{"status":"UNVERIFIED","verification":"native-browse-title-and-marketplace-images-only","frontVerified":false,"backVerified":false}	preliminary|9d62ebda2db9a447e2	ebay|sportscardsbysnydes|v1|407102536376|0	https://i.ebayimg.com/images/g/394AAeSwxUxqZ9nW/s-l225.jpg	https://i.ebayimg.com/images/g/394AAeSwxUxqZ9nW/s-l1600.jpg	FALSE	FALSE	FALSE	FALSE	{}											UNASSESSED	[]	10																		INSUFFICIENT																	MANUAL REVIEW / UNPRICED	FALSE	FALSE	["exact_parallel_or_variation_not_verified","front_and_back_identity_not_verified","full_delivered_acquisition_cost_not_proven","identical_completed_sales_not_loaded","instacomp_exact_market_not_completed","owned_copy_exclusion_not_proven"]	{"endpoints":["baseball_prospects"],"candidateId":"ebay:v1|407102536376|0","listingItemId":"v1|407102536376|0","queryFamilyIds":["baseball-prospect.george-lombard-jr.true-first-bowman"],"buyingOptions":["FIXED_PRICE"],"condition":"Ungraded","itemCreationDate":"2026-07-27T22:21:44.000Z","itemEndDate":null,"imageUrls":["https://i.ebayimg.com/images/g/394AAeSwxUxqZ9nW/s-l225.jpg","https://i.ebayimg.com/images/g/394AAeSwxUxqZ9nW/s-l1600.jpg"],"preliminaryScopeStatus":"DISCOVERY_SCOPE_PASS","preliminaryRisks":[]}
cand-s4-ebay-3901a024e100b8baa0	dh-20260730T170046Z-7d4c2a91	4	2026-07-30T17:05:44.524826+00:00	BASEBALL PROSPECTS / true_first_bowman	George Lombard Jr	true_first_bowman_card	eBay	terl1232		v1|800355419986|0	https://www.ebay.com/itm/800355419986?_skw=George+Lombard+Jr+1st+Bowman+Chrome&hash=itemba58e68752%3Ag%3Aue4AAeSwUKRqWXPy&amdata=enc%3AAQALAAABAACCtXRWQnOEpyOqnQQ8KGbyk4MC49LdrMCbDKmgisjL7EWX%2Bop%2B3Cio9ddO0XiZhbeCQeviP8tSoqtAJhoqKwuRVy8WqznAmAhc4XOdrUeagCo6sPCcXqesKEy4Fb%2FkH4An84jOS4dk7qBum5hpo%2BRYROA99xtaO%2FFFp1AvgJwVj%2B%2Fv8vAnLzb8iI1uQosoFEghaDFXnG1rs%2F0BJM8zFhCEakO%2FOUn2PcdUU2AUqn%2F7X62UTpv0TkvYwIAPd2QjZcVMGL06cPSiDtOaHIv1lG%2F2jBzxbi3fPTMqY4Ras0SYu%2F0YeD0Gd9R9ae0%2F79nMJBETv6nw2dz1VcJMS%2ByTXgY%3D	LIVE	2024 Bowman MLB -Mega Box Chrome Pros. -George Lombard Jr #79   PSA 10   *READ *	{"title":"2024 Bowman MLB -Mega Box Chrome Pros. -George Lombard Jr #79   PSA 10   *READ *","preliminaryScopeStatus":"IMAGE_OR_IDENTITY_REVIEW_REQUIRED","queryFamilyIds":["baseball-prospect.george-lombard-jr.true-first-bowman"],"preliminaryRisks":["true_first_bowman_not_proven_from_title"]}	{"status":"UNVERIFIED","verification":"native-browse-title-and-marketplace-images-only","frontVerified":false,"backVerified":false}	preliminary|3901a024e100b8baa0	ebay|terl1232|v1|800355419986|0	https://i.ebayimg.com/images/g/ue4AAeSwUKRqWXPy/s-l225.jpg	https://i.ebayimg.com/images/g/ue4AAeSwUKRqWXPy/s-l1600.jpg	FALSE	FALSE	FALSE	FALSE	{}											UNASSESSED	["true_first_bowman_not_proven_from_title"]	97.99																		INSUFFICIENT																	MANUAL REVIEW / UNPRICED	FALSE	FALSE	["exact_parallel_or_variation_not_verified","front_and_back_identity_not_verified","full_delivered_acquisition_cost_not_proven","identical_completed_sales_not_loaded","instacomp_exact_market_not_completed","owned_copy_exclusion_not_proven","true_first_bowman_not_proven_from_title"]	{"endpoints":["baseball_prospects"],"candidateId":"ebay:v1|800355419986|0","listingItemId":"v1|800355419986|0","queryFamilyIds":["baseball-prospect.george-lombard-jr.true-first-bowman"],"buyingOptions":["FIXED_PRICE"],"condition":"Graded","itemCreationDate":"2026-07-17T00:21:10.000Z","itemEndDate":null,"imageUrls":["https://i.ebayimg.com/images/g/ue4AAeSwUKRqWXPy/s-l225.jpg","https://i.ebayimg.com/images/g/ue4AAeSwUKRqWXPy/s-l1600.jpg"],"preliminaryScopeStatus":"IMAGE_OR_IDENTITY_REVIEW_REQUIRED","preliminaryRisks":["true_first_bowman_not_proven_from_title"]}
cand-s4-ebay-35f7810cd66eac185b	dh-20260730T170046Z-7d4c2a91	4	2026-07-30T17:05:44.524826+00:00	BASEBALL PROSPECTS + SIGNED PROSPECT BASEBALLS / signed_prospect_baseball, true_first_bowman	Jesus Made	true_first_bowman_card	eBay	redcompanyman		v1|117266552130|0	https://www.ebay.com/itm/117266552130?_skw=Jesus+Made+1st+Bowman+Chrome&hash=item1b4da19542%3Ag%3ACzEAAeSwplVqPAbQ&amdata=enc%3AAQALAAABAACCtXRWQnOEpyOqnQQ8KGZPi%2BZXPyy6aXb%2BWKHoZOUzOT7njBbLX%2FAb8sHJPAkbETEN2oiBVv8kz3W4NqUrLfhaS0gZW5C12VoS%2BYrx35MZtR%2FPZUHwbVZ34aTN5V4IeQouB4sZ0xv87hlHrtQhfHWI6fXlubdznOUYAyMCxGWmlagvDU9ZSYJzEPi3xiyKUJQ%2BVVMIa%2FgdGpWxwBJHLdgZoLz6UPgXeCSAHHs778SbsAIdC4WNtJDlBdbcSB5jfAe7qsTGTF%2F9p5gtmfd7dARQNWd%2FMuT%2FRk4QnWQrerudkhnE6YFJpo143IH3z3hh0W6gtnujbuSv9Rrb260VIRg%3D	LIVE	2025 Bowman #BCP-50 SIGNED Jesus Made Chrome Prospects Autograph PSA DNA	{"title":"2025 Bowman #BCP-50 SIGNED Jesus Made Chrome Prospects Autograph PSA DNA","preliminaryScopeStatus":"IMAGE_OR_IDENTITY_REVIEW_REQUIRED","queryFamilyIds":["baseball-prospect.jesus-made.true-first-bowman","signed-baseball.jesus-made"],"preliminaryRisks":["true_first_bowman_not_proven_from_title"]}	{"status":"UNVERIFIED","verification":"native-browse-title-and-marketplace-images-only","frontVerified":false,"backVerified":false}	preliminary|35f7810cd66eac185b	ebay|redcompanyman|v1|117266552130|0	https://i.ebayimg.com/images/g/CzEAAeSwplVqPAbQ/s-l225.jpg	https://i.ebayimg.com/images/g/CzEAAeSwplVqPAbQ/s-l1600.jpg	FALSE	FALSE	FALSE	FALSE	{}											UNASSESSED	["true_first_bowman_not_proven_from_title"]	200	0																	INSUFFICIENT																	MANUAL REVIEW / UNPRICED	FALSE	FALSE	["exact_parallel_or_variation_not_verified","front_and_back_identity_not_verified","full_delivered_acquisition_cost_not_proven","identical_completed_sales_not_loaded","instacomp_exact_market_not_completed","owned_copy_exclusion_not_proven","true_first_bowman_not_proven_from_title"]	{"endpoints":["baseball_prospects","signed_baseballs"],"candidateId":"ebay:v1|117266552130|0","listingItemId":"v1|117266552130|0","queryFamilyIds":["baseball-prospect.jesus-made.true-first-bowman","signed-baseball.jesus-made"],"buyingOptions":["FIXED_PRICE","BEST_OFFER"],"condition":"Graded","itemCreationDate":"2026-06-24T16:37:05.000Z","itemEndDate":null,"imageUrls":["https://i.ebayimg.com/images/g/CzEAAeSwplVqPAbQ/s-l225.jpg","https://i.ebayimg.com/images/g/CzEAAeSwplVqPAbQ/s-l1600.jpg"],"preliminaryScopeStatus":"IMAGE_OR_IDENTITY_REVIEW_REQUIRED","preliminaryRisks":["true_first_bowman_not_proven_from_title"]}
cand-s4-ebay-86ef8d1c180a57e63d	dh-20260730T170046Z-7d4c2a91	4	2026-07-30T17:05:44.524826+00:00	BASEBALL PROSPECTS / true_first_bowman	Jesus Made	true_first_bowman_card	eBay	breakingbadcc		v1|127905851794|0	https://www.ebay.com/itm/127905851794?_skw=Jesus+Made+1st+Bowman+Chrome&hash=item1dc7c86992%3Ag%3AklwAAeSww5JqI2el	LIVE	2025 Bowman Chrome Sapphire - Jesus Made 1st Edition Brewers MLB #1 Prospect	{"title":"2025 Bowman Chrome Sapphire - Jesus Made 1st Edition Brewers MLB #1 Prospect","preliminaryScopeStatus":"DISCOVERY_SCOPE_PASS","queryFamilyIds":["baseball-prospect.jesus-made.true-first-bowman"],"preliminaryRisks":[]}	{"status":"UNVERIFIED","verification":"native-browse-title-and-marketplace-images-only","frontVerified":false,"backVerified":false}	preliminary|86ef8d1c180a57e63d	ebay|breakingbadcc|v1|127905851794|0	https://i.ebayimg.com/images/g/klwAAeSww5JqI2el/s-l225.jpg	https://i.ebayimg.com/images/g/klwAAeSww5JqI2el/s-l1600.jpg	FALSE	FALSE	FALSE	FALSE	{}											UNASSESSED	[]	89	5.99																	INSUFFICIENT																	MANUAL REVIEW / UNPRICED	FALSE	FALSE	["exact_parallel_or_variation_not_verified","front_and_back_identity_not_verified","full_delivered_acquisition_cost_not_proven","identical_completed_sales_not_loaded","instacomp_exact_market_not_completed","owned_copy_exclusion_not_proven"]	{"endpoints":["baseball_prospects"],"candidateId":"ebay:v1|127905851794|0","listingItemId":"v1|127905851794|0","queryFamilyIds":["baseball-prospect.jesus-made.true-first-bowman"],"buyingOptions":["FIXED_PRICE","BEST_OFFER"],"condition":"Ungraded","itemCreationDate":"2026-06-06T12:00:01.000Z","itemEndDate":null,"imageUrls":["https://i.ebayimg.com/images/g/klwAAeSww5JqI2el/s-l225.jpg","https://i.ebayimg.com/images/g/klwAAeSww5JqI2el/s-l1600.jpg"],"preliminaryScopeStatus":"DISCOVERY_SCOPE_PASS","preliminaryRisks":[]}
cand-s4-ebay-dc1cc020140634fc7e	dh-20260730T170046Z-7d4c2a91	4	2026-07-30T17:05:44.524826+00:00	BASEBALL PROSPECTS / true_first_bowman	Jesus Made	true_first_bowman_card	eBay	cmsportscardz		v1|127986838236|0	https://www.ebay.com/itm/127986838236?_skw=Jesus+Made+1st+Bowman+Chrome&hash=item1dcc9c2adc%3Ag%3AERgAAeSwC%7EZqX3Lw	LIVE	JESUS MADE /250 2025 1st Bowman - Chrome Prospects BCP-50 Purple Raywave Brewers	{"title":"JESUS MADE /250 2025 1st Bowman - Chrome Prospects BCP-50 Purple Raywave Brewers","preliminaryScopeStatus":"DISCOVERY_SCOPE_PASS","queryFamilyIds":["baseball-prospect.jesus-made.true-first-bowman"],"preliminaryRisks":[]}	{"status":"UNVERIFIED","verification":"native-browse-title-and-marketplace-images-only","frontVerified":false,"backVerified":false}	preliminary|dc1cc020140634fc7e	ebay|cmsportscardz|v1|127986838236|0	https://i.ebayimg.com/images/g/ERgAAeSwC~ZqX3Lw/s-l225.jpg	https://i.ebayimg.com/images/g/ERgAAeSwC~ZqX3Lw/s-l1600.jpg	FALSE	FALSE	FALSE	FALSE	{}											UNASSESSED	[]	89.99	5.89																	INSUFFICIENT																	MANUAL REVIEW / UNPRICED	FALSE	FALSE	["exact_parallel_or_variation_not_verified","front_and_back_identity_not_verified","full_delivered_acquisition_cost_not_proven","identical_completed_sales_not_loaded","instacomp_exact_market_not_completed","owned_copy_exclusion_not_proven"]	{"endpoints":["baseball_prospects"],"candidateId":"ebay:v1|127986838236|0","listingItemId":"v1|127986838236|0","queryFamilyIds":["baseball-prospect.jesus-made.true-first-bowman"],"buyingOptions":["FIXED_PRICE","BEST_OFFER"],"condition":"Ungraded","itemCreationDate":"2026-07-21T13:24:25.000Z","itemEndDate":null,"imageUrls":["https://i.ebayimg.com/images/g/ERgAAeSwC~ZqX3Lw/s-l225.jpg","https://i.ebayimg.com/images/g/ERgAAeSwC~ZqX3Lw/s-l1600.jpg"],"preliminaryScopeStatus":"DISCOVERY_SCOPE_PASS","preliminaryRisks":[]}
cand-s4-ebay-9b714f9f29279c9348	dh-20260730T170046Z-7d4c2a91	4	2026-07-30T17:05:44.524826+00:00	BASEBALL PROSPECTS / true_first_bowman	Jesus Made	true_first_bowman_card	eBay	jthcollectibles		v1|147376557033|0	https://www.ebay.com/itm/147376557033?_skw=Jesus+Made+1st+Bowman+Chrome&hash=item225053cbe9%3Ag%3AUiIAAeSwSHJqMCAR&amdata=enc%3AAQALAAABAACCtXRWQnOEpyOqnQQ8KGac2NV9hHAmFqAu%2B6fzPEmQdMKlk0ZWH2K8S6BA6t3KAeRfHdNkbKSvujPuU2VPLQO%2FiLim7K1fuGPMIhCxDHIbfbOMI%2FwBfkHMsCJ0%2FiwQ5auuzCWgnIY25eglUizJ3EuWXVI93EmVb096GR6UJrvg3bkBwmJdwFbwZjk6wxlcDycuwQj%2FM1sXUPrbljZeXwZrwMZIjlr%2BoJnLXB%2F20VYmPZSpdxdRVslwcQZqQ4eiKttNpINE5QYMGU5%2FauG547YxM9s0BPk0dy64GoWRBrapTvhmTJ5%2BbxEt8JmKsmW1Pg2VK2CZQDxDk1Mtyzp1mec%3D	LIVE	2025 Bowman - Chrome Prospects Jesus Made #BCP-50 Fuchsia Wave Refractor /199...	{"title":"2025 Bowman - Chrome Prospects Jesus Made #BCP-50 Fuchsia Wave Refractor /199...","preliminaryScopeStatus":"IMAGE_OR_IDENTITY_REVIEW_REQUIRED","queryFamilyIds":["baseball-prospect.jesus-made.true-first-bowman"],"preliminaryRisks":["true_first_bowman_not_proven_from_title"]}	{"status":"UNVERIFIED","verification":"native-browse-title-and-marketplace-images-only","frontVerified":false,"backVerified":false}	preliminary|9b714f9f29279c9348	ebay|jthcollectibles|v1|147376557033|0	https://i.ebayimg.com/images/g/UiIAAeSwSHJqMCAR/s-l225.jpg	https://i.ebayimg.com/images/g/UiIAAeSwSHJqMCAR/s-l1600.jpg	FALSE	FALSE	FALSE	FALSE	{}											UNASSESSED	["true_first_bowman_not_proven_from_title"]	249.99	0																	INSUFFICIENT																	MANUAL REVIEW / UNPRICED	FALSE	FALSE	["exact_parallel_or_variation_not_verified","front_and_back_identity_not_verified","full_delivered_acquisition_cost_not_proven","identical_completed_sales_not_loaded","instacomp_exact_market_not_completed","owned_copy_exclusion_not_proven","true_first_bowman_not_proven_from_title"]	{"endpoints":["baseball_prospects"],"candidateId":"ebay:v1|147376557033|0","listingItemId":"v1|147376557033|0","queryFamilyIds":["baseball-prospect.jesus-made.true-first-bowman"],"buyingOptions":["FIXED_PRICE","BEST_OFFER"],"condition":"Ungraded","itemCreationDate":"2026-06-15T22:14:19.000Z","itemEndDate":null,"imageUrls":["https://i.ebayimg.com/images/g/UiIAAeSwSHJqMCAR/s-l225.jpg","https://i.ebayimg.com/images/g/UiIAAeSwSHJqMCAR/s-l1600.jpg"],"preliminaryScopeStatus":"IMAGE_OR_IDENTITY_REVIEW_REQUIRED","preliminaryRisks":["true_first_bowman_not_proven_from_title"]}
cand-s4-ebay-6977e0bf47dbccd6ec	dh-20260730T170046Z-7d4c2a91	4	2026-07-30T17:05:44.524826+00:00	BASEBALL PROSPECTS / true_first_bowman	Jesus Made	true_first_bowman_card	eBay	baldimatth		v1|158096411280|0	https://www.ebay.com/itm/158096411280?_skw=Jesus+Made+1st+Bowman+Chrome&hash=item24cf47ca90%3Ag%3AALwAAeSwwnxqW8uP	LIVE	2025 Bowman - Chrome Prospects Jesus Made #BCP-50 (RC)	{"title":"2025 Bowman - Chrome Prospects Jesus Made #BCP-50 (RC)","preliminaryScopeStatus":"IMAGE_OR_IDENTITY_REVIEW_REQUIRED","queryFamilyIds":["baseball-prospect.jesus-made.true-first-bowman"],"preliminaryRisks":["true_first_bowman_not_proven_from_title"]}	{"status":"UNVERIFIED","verification":"native-browse-title-and-marketplace-images-only","frontVerified":false,"backVerified":false}	preliminary|6977e0bf47dbccd6ec	ebay|baldimatth|v1|158096411280|0	https://i.ebayimg.com/images/g/ALwAAeSwwnxqW8uP/s-l225.jpg	https://i.ebayimg.com/images/g/ALwAAeSwwnxqW8uP/s-l1600.jpg	FALSE	FALSE	FALSE	FALSE	{}											UNASSESSED	["true_first_bowman_not_proven_from_title"]	17.99																		INSUFFICIENT																	MANUAL REVIEW / UNPRICED	FALSE	FALSE	["exact_parallel_or_variation_not_verified","front_and_back_identity_not_verified","full_delivered_acquisition_cost_not_proven","identical_completed_sales_not_loaded","instacomp_exact_market_not_completed","owned_copy_exclusion_not_proven","true_first_bowman_not_proven_from_title"]	{"endpoints":["baseball_prospects"],"candidateId":"ebay:v1|158096411280|0","listingItemId":"v1|158096411280|0","queryFamilyIds":["baseball-prospect.jesus-made.true-first-bowman"],"buyingOptions":["FIXED_PRICE"],"condition":"Graded","itemCreationDate":"2026-07-18T18:53:43.000Z","itemEndDate":null,"imageUrls":["https://i.ebayimg.com/images/g/ALwAAeSwwnxqW8uP/s-l225.jpg","https://i.ebayimg.com/images/g/ALwAAeSwwnxqW8uP/s-l1600.jpg"],"preliminaryScopeStatus":"IMAGE_OR_IDENTITY_REVIEW_REQUIRED","preliminaryRisks":["true_first_bowman_not_proven_from_title"]}
cand-s4-ebay-2cc99c967fc72d62a7	dh-20260730T170046Z-7d4c2a91	4	2026-07-30T17:05:44.524826+00:00	BASEBALL PROSPECTS / true_first_bowman	Jesus Made	true_first_bowman_card	eBay	cardcraze78		v1|198528491956|0	https://www.ebay.com/itm/198528491956?_skw=Jesus+Made+1st+Bowman+Chrome&hash=item2e393861b4%3Ag%3AImQAAeSw%7ELpqVjXf	LIVE	JESUS MADE 2025 BOWMAN CHROME 1ST MINI-DIAMOND REFRACTOR BREWERS #BCP-50	{"title":"JESUS MADE 2025 BOWMAN CHROME 1ST MINI-DIAMOND REFRACTOR BREWERS #BCP-50","preliminaryScopeStatus":"DISCOVERY_SCOPE_PASS","queryFamilyIds":["baseball-prospect.jesus-made.true-first-bowman"],"preliminaryRisks":[]}	{"status":"UNVERIFIED","verification":"native-browse-title-and-marketplace-images-only","frontVerified":false,"backVerified":false}	preliminary|2cc99c967fc72d62a7	ebay|cardcraze78|v1|198528491956|0	https://i.ebayimg.com/images/g/ImQAAeSw~LpqVjXf/s-l225.jpg	https://i.ebayimg.com/images/g/ImQAAeSw~LpqVjXf/s-l1600.jpg	FALSE	FALSE	FALSE	FALSE	{}											UNASSESSED	[]	48	5																	INSUFFICIENT																	MANUAL REVIEW / UNPRICED	FALSE	FALSE	["exact_parallel_or_variation_not_verified","front_and_back_identity_not_verified","full_delivered_acquisition_cost_not_proven","identical_completed_sales_not_loaded","instacomp_exact_market_not_completed","owned_copy_exclusion_not_proven"]	{"endpoints":["baseball_prospects"],"candidateId":"ebay:v1|198528491956|0","listingItemId":"v1|198528491956|0","queryFamilyIds":["baseball-prospect.jesus-made.true-first-bowman"],"buyingOptions":["FIXED_PRICE"],"condition":"Ungraded","itemCreationDate":"2026-07-27T18:32:35.000Z","itemEndDate":null,"imageUrls":["https://i.ebayimg.com/images/g/ImQAAeSw~LpqVjXf/s-l225.jpg","https://i.ebayimg.com/images/g/ImQAAeSw~LpqVjXf/s-l1600.jpg"],"preliminaryScopeStatus":"DISCOVERY_SCOPE_PASS","preliminaryRisks":[]}
cand-s4-ebay-3f3c5c09067a486deb	dh-20260730T170046Z-7d4c2a91	4	2026-07-30T17:05:44.524826+00:00	BASEBALL PROSPECTS / true_first_bowman	Jesus Made	true_first_bowman_card	eBay	alan580		v1|198534265647|0	https://www.ebay.com/itm/198534265647?_skw=Jesus+Made+1st+Bowman+Chrome&hash=item2e39907b2f%3Ag%3Aco8AAeSw2S9qWTeh	LIVE	2025 Bowman - Jesus Made Chrome 1st Prospect Milwaukee Brewers #BCP-50	{"title":"2025 Bowman - Jesus Made Chrome 1st Prospect Milwaukee Brewers #BCP-50","preliminaryScopeStatus":"DISCOVERY_SCOPE_PASS","queryFamilyIds":["baseball-prospect.jesus-made.true-first-bowman"],"preliminaryRisks":[]}	{"status":"UNVERIFIED","verification":"native-browse-title-and-marketplace-images-only","frontVerified":false,"backVerified":false}	preliminary|3f3c5c09067a486deb	ebay|alan580|v1|198534265647|0	https://i.ebayimg.com/images/g/co8AAeSw2S9qWTeh/s-l225.jpg	https://i.ebayimg.com/images/g/co8AAeSw2S9qWTeh/s-l1600.jpg	FALSE	FALSE	FALSE	FALSE	{}											UNASSESSED	[]	10	0.78																	INSUFFICIENT																	MANUAL REVIEW / UNPRICED	FALSE	FALSE	["exact_parallel_or_variation_not_verified","front_and_back_identity_not_verified","full_delivered_acquisition_cost_not_proven","identical_completed_sales_not_loaded","instacomp_exact_market_not_completed","owned_copy_exclusion_not_proven"]	{"endpoints":["baseball_prospects"],"candidateId":"ebay:v1|198534265647|0","listingItemId":"v1|198534265647|0","queryFamilyIds":["baseball-prospect.jesus-made.true-first-bowman"],"buyingOptions":["FIXED_PRICE"],"condition":"Ungraded","itemCreationDate":"2026-07-30T04:13:52.000Z","itemEndDate":null,"imageUrls":["https://i.ebayimg.com/images/g/co8AAeSw2S9qWTeh/s-l225.jpg","https://i.ebayimg.com/images/g/co8AAeSw2S9qWTeh/s-l1600.jpg"],"preliminaryScopeStatus":"DISCOVERY_SCOPE_PASS","preliminaryRisks":[]}
cand-s4-ebay-45086e2b984b30f014	dh-20260730T170046Z-7d4c2a91	4	2026-07-30T17:05:44.524826+00:00	BASEBALL PROSPECTS / first_bowman_autograph_color_numbered	Jesus Made	true_first_bowman_autograph_parallel	eBay	aemort-1211		v1|206281046272|0	https://www.ebay.com/itm/206281046272?_skw=Jesus+Made+1st+Bowman+autograph+color+numbered&hash=item30074ef900%3Ag%3A8BAAAeSwv5dqCg6l	LIVE	2025 Bowman’s Best JESUS MADE LUIS PENA Dual Auto Gold #d /50 Brewers PDA-MP	{"title":"2025 Bowman’s Best JESUS MADE LUIS PENA Dual Auto Gold #d /50 Brewers PDA-MP","preliminaryScopeStatus":"IMAGE_OR_IDENTITY_REVIEW_REQUIRED","queryFamilyIds":["baseball-prospect.jesus-made.first-bowman-auto-color"],"preliminaryRisks":["true_first_bowman_not_proven_from_title"]}	{"status":"UNVERIFIED","verification":"native-browse-title-and-marketplace-images-only","frontVerified":false,"backVerified":false}	preliminary|45086e2b984b30f014	ebay|aemort-1211|v1|206281046272|0	https://i.ebayimg.com/images/g/8BAAAeSwv5dqCg6l/s-l225.jpg	https://i.ebayimg.com/images/g/8BAAAeSwv5dqCg6l/s-l1600.jpg	FALSE	FALSE	FALSE	FALSE	{}											UNASSESSED	["true_first_bowman_not_proven_from_title"]	499																		INSUFFICIENT																	MANUAL REVIEW / UNPRICED	FALSE	FALSE	["exact_parallel_or_variation_not_verified","front_and_back_identity_not_verified","full_delivered_acquisition_cost_not_proven","identical_completed_sales_not_loaded","instacomp_exact_market_not_completed","owned_copy_exclusion_not_proven","true_first_bowman_not_proven_from_title"]	{"endpoints":["baseball_prospects"],"candidateId":"ebay:v1|206281046272|0","listingItemId":"v1|206281046272|0","queryFamilyIds":["baseball-prospect.jesus-made.first-bowman-auto-color"],"buyingOptions":["FIXED_PRICE","BEST_OFFER"],"condition":"Ungraded","itemCreationDate":"2026-05-17T18:55:06.000Z","itemEndDate":null,"imageUrls":["https://i.ebayimg.com/images/g/8BAAAeSwv5dqCg6l/s-l225.jpg","https://i.ebayimg.com/images/g/8BAAAeSwv5dqCg6l/s-l1600.jpg"],"preliminaryScopeStatus":"IMAGE_OR_IDENTITY_REVIEW_REQUIRED","preliminaryRisks":["true_first_bowman_not_proven_from_title"]}
cand-s4-ebay-5c51cd320c85b985cf	dh-20260730T170046Z-7d4c2a91	4	2026-07-30T17:05:44.524826+00:00	BASEBALL PROSPECTS / true_first_bowman	Jesus Made	true_first_bowman_card	eBay	itsoxicards		v1|227451040734|0	https://www.ebay.com/itm/227451040734?_skw=Jesus+Made+1st+Bowman+Chrome&hash=item34f52373de%3Ag%3Ala0AAeSwRRNqZ9WF	LIVE	2026 Bowman - Chrome Prospects Jesus Made Fuchsia Reptilian Refractor /199	{"title":"2026 Bowman - Chrome Prospects Jesus Made Fuchsia Reptilian Refractor /199 ","preliminaryScopeStatus":"IMAGE_OR_IDENTITY_REVIEW_REQUIRED","queryFamilyIds":["baseball-prospect.jesus-made.true-first-bowman"],"preliminaryRisks":["true_first_bowman_not_proven_from_title"]}	{"status":"UNVERIFIED","verification":"native-browse-title-and-marketplace-images-only","frontVerified":false,"backVerified":false}	preliminary|5c51cd320c85b985cf	ebay|itsoxicards|v1|227451040734|0	https://i.ebayimg.com/images/g/la0AAeSwRRNqZ9WF/s-l225.jpg	https://i.ebayimg.com/images/g/la0AAeSwRRNqZ9WF/s-l1600.jpg	FALSE	FALSE	FALSE	FALSE	{}											UNASSESSED	["true_first_bowman_not_proven_from_title"]	18																		INSUFFICIENT																	MANUAL REVIEW / UNPRICED	FALSE	FALSE	["exact_parallel_or_variation_not_verified","front_and_back_identity_not_verified","full_delivered_acquisition_cost_not_proven","identical_completed_sales_not_loaded","instacomp_exact_market_not_completed","owned_copy_exclusion_not_proven","true_first_bowman_not_proven_from_title"]	{"endpoints":["baseball_prospects"],"candidateId":"ebay:v1|227451040734|0","listingItemId":"v1|227451040734|0","queryFamilyIds":["baseball-prospect.jesus-made.true-first-bowman"],"buyingOptions":["FIXED_PRICE","BEST_OFFER"],"condition":"Ungraded","itemCreationDate":"2026-07-27T22:03:49.000Z","itemEndDate":null,"imageUrls":["https://i.ebayimg.com/images/g/la0AAeSwRRNqZ9WF/s-l225.jpg","https://i.ebayimg.com/images/g/la0AAeSwRRNqZ9WF/s-l1600.jpg"],"preliminaryScopeStatus":"IMAGE_OR_IDENTITY_REVIEW_REQUIRED","preliminaryRisks":["true_first_bowman_not_proven_from_title"]}
cand-s4-ebay-2c2624ec6e8b8af5d2	dh-20260730T170046Z-7d4c2a91	4	2026-07-30T17:05:44.524826+00:00	BASEBALL PROSPECTS / first_bowman_autograph_color_numbered	Jesus Made	true_first_bowman_autograph_parallel	eBay	jrod123whos		v1|266224925293|566836078182	https://www.ebay.com/itm/266224925293?_skw=Jesus+Made+1st+Bowman+autograph+color+numbered&var=566836078182&hash=item3dfc3dfa6d%3Ag%3AoKQAAOSwF59nSLDq	LIVE	MILWAUKEE BREWERS TOP PROSPECTS Jesus Made, Cooper Pratt, Misiorowski, Bitonti	{"title":"MILWAUKEE BREWERS TOP PROSPECTS Jesus Made, Cooper Pratt, Misiorowski, Bitonti","preliminaryScopeStatus":"IMAGE_OR_IDENTITY_REVIEW_REQUIRED","queryFamilyIds":["baseball-prospect.jesus-made.first-bowman-auto-color"],"preliminaryRisks":["true_first_bowman_not_proven_from_title"]}	{"status":"UNVERIFIED","verification":"native-browse-title-and-marketplace-images-only","frontVerified":false,"backVerified":false}	preliminary|2c2624ec6e8b8af5d2	ebay|jrod123whos|v1|266224925293|566836078182	https://i.ebayimg.com/images/g/oKQAAOSwF59nSLDq/s-l225.jpg	https://i.ebayimg.com/images/g/oKQAAOSwF59nSLDq/s-l500.jpg	FALSE	FALSE	FALSE	FALSE	{}											UNASSESSED	["true_first_bowman_not_proven_from_title"]	1500	0																	INSUFFICIENT																	MANUAL REVIEW / UNPRICED	FALSE	FALSE	["exact_parallel_or_variation_not_verified","front_and_back_identity_not_verified","full_delivered_acquisition_cost_not_proven","identical_completed_sales_not_loaded","instacomp_exact_market_not_completed","owned_copy_exclusion_not_proven","true_first_bowman_not_proven_from_title"]	{"endpoints":["baseball_prospects"],"candidateId":"ebay:v1|266224925293|566836078182","listingItemId":"v1|266224925293|566836078182","queryFamilyIds":["baseball-prospect.jesus-made.first-bowman-auto-color"],"buyingOptions":["FIXED_PRICE"],"condition":"Ungraded","itemCreationDate":"2023-04-18T15:35:44.000Z","itemEndDate":null,"imageUrls":["https://i.ebayimg.com/images/g/oKQAAOSwF59nSLDq/s-l225.jpg","https://i.ebayimg.com/images/g/oKQAAOSwF59nSLDq/s-l500.jpg"],"preliminaryScopeStatus":"IMAGE_OR_IDENTITY_REVIEW_REQUIRED","preliminaryRisks":["true_first_bowman_not_proven_from_title"]}
cand-s4-ebay-a619fc96bc16acca45	dh-20260730T170046Z-7d4c2a91	4	2026-07-30T17:05:44.524826+00:00	BASEBALL PROSPECTS / true_first_bowman	Jesus Made	true_first_bowman_card	eBay	kes935		v1|267420598517|0	https://www.ebay.com/itm/267420598517?_skw=Jesus+Made+1st+Bowman+Chrome&hash=item3e438280f5%3Ag%3AABkAAeSw6wpo2xw2&amdata=enc%3AAQALAAABAACCtXRWQnOEpyOqnQQ8KGZtIqEmcNAD0Z7meLvtwfqHRvZh5ttOrte2BYDTGFoU1fIZFk6nuK5QvwEud91T4xoI7LJqEoaJz5qlIo2BFFvxJCQwlJhKoaj3uq8e%2F7bjz3Nuv3phMh1GOWLifOZzoM2dNnwmSAyY3X0sED%2Ff%2Fm%2BR9iCdc7fzd7dPYhXe9zSoHHCi3CP472z6C%2B7VewSuQNck4apIDS4gvb1CygGqsvDTqxSfp0ecRxKRU4FXrV4wL1IP0LqF%2FGDzNR9X%2FK96TQJEwN3wdzrVHifCQmsZ48M1yZSIy4b0yiWOzuqmkoB31rSjPgH0%2Bl5bgbnngh3ag3M%3D	LIVE	PSA 10 JESUS MADE 1st 2025 Bowman Chrome Mega Box Mojo Refractor RC GEM MINT	{"title":"PSA 10 JESUS MADE 1st 2025 Bowman Chrome Mega Box Mojo Refractor RC GEM MINT","preliminaryScopeStatus":"DISCOVERY_SCOPE_PASS","queryFamilyIds":["baseball-prospect.jesus-made.true-first-bowman"],"preliminaryRisks":[]}	{"status":"UNVERIFIED","verification":"native-browse-title-and-marketplace-images-only","frontVerified":false,"backVerified":false}	preliminary|a619fc96bc16acca45	ebay|kes935|v1|267420598517|0	https://i.ebayimg.com/images/g/ABkAAeSw6wpo2xw2/s-l225.jpg	https://i.ebayimg.com/images/g/ABkAAeSw6wpo2xw2/s-l1600.jpg	FALSE	FALSE	FALSE	FALSE	{}											UNASSESSED	[]	249.99	0																	INSUFFICIENT																	MANUAL REVIEW / UNPRICED	FALSE	FALSE	["exact_parallel_or_variation_not_verified","front_and_back_identity_not_verified","full_delivered_acquisition_cost_not_proven","identical_completed_sales_not_loaded","instacomp_exact_market_not_completed","owned_copy_exclusion_not_proven"]	{"endpoints":["baseball_prospects"],"candidateId":"ebay:v1|267420598517|0","listingItemId":"v1|267420598517|0","queryFamilyIds":["baseball-prospect.jesus-made.true-first-bowman"],"buyingOptions":["FIXED_PRICE","BEST_OFFER"],"condition":"Graded","itemCreationDate":"2025-09-29T23:54:57.000Z","itemEndDate":null,"imageUrls":["https://i.ebayimg.com/images/g/ABkAAeSw6wpo2xw2/s-l225.jpg","https://i.ebayimg.com/images/g/ABkAAeSw6wpo2xw2/s-l1600.jpg"],"preliminaryScopeStatus":"DISCOVERY_SCOPE_PASS","preliminaryRisks":[]}
cand-s4-ebay-e628d3621df906f8b2	dh-20260730T170046Z-7d4c2a91	4	2026-07-30T17:05:44.524826+00:00	BASEBALL PROSPECTS / true_first_bowman	Jesus Made	true_first_bowman_card	eBay	magnusalexander111		v1|287484322315|0	https://www.ebay.com/itm/287484322315?_skw=Jesus+Made+1st+Bowman+Chrome&hash=item42ef66a20b%3Ag%3A7EEAAeSw0ZZqZWkj	LIVE	2025 Bowman - Chrome Prospects Jesus Made #BCP-50 Speckle Ref /299 (RC) PSA 10	{"title":"2025 Bowman - Chrome Prospects Jesus Made #BCP-50 Speckle Ref /299 (RC) PSA 10","preliminaryScopeStatus":"IMAGE_OR_IDENTITY_REVIEW_REQUIRED","queryFamilyIds":["baseball-prospect.jesus-made.true-first-bowman"],"preliminaryRisks":["true_first_bowman_not_proven_from_title"]}	{"status":"UNVERIFIED","verification":"native-browse-title-and-marketplace-images-only","frontVerified":false,"backVerified":false}	preliminary|e628d3621df906f8b2	ebay|magnusalexander111|v1|287484322315|0	https://i.ebayimg.com/images/g/7EEAAeSw0ZZqZWkj/s-l225.jpg	https://i.ebayimg.com/images/g/7EEAAeSw0ZZqZWkj/s-l1600.jpg	FALSE	FALSE	FALSE	FALSE	{}											UNASSESSED	["true_first_bowman_not_proven_from_title"]	300																		INSUFFICIENT																	MANUAL REVIEW / UNPRICED	FALSE	FALSE	["exact_parallel_or_variation_not_verified","front_and_back_identity_not_verified","full_delivered_acquisition_cost_not_proven","identical_completed_sales_not_loaded","instacomp_exact_market_not_completed","owned_copy_exclusion_not_proven","true_first_bowman_not_proven_from_title"]	{"endpoints":["baseball_prospects"],"candidateId":"ebay:v1|287484322315|0","listingItemId":"v1|287484322315|0","queryFamilyIds":["baseball-prospect.jesus-made.true-first-bowman"],"buyingOptions":["FIXED_PRICE","BEST_OFFER"],"condition":"Graded","itemCreationDate":"2026-07-26T01:57:04.000Z","itemEndDate":null,"imageUrls":["https://i.ebayimg.com/images/g/7EEAAeSw0ZZqZWkj/s-l225.jpg","https://i.ebayimg.com/images/g/7EEAAeSw0ZZqZWkj/s-l1600.jpg"],"preliminaryScopeStatus":"IMAGE_OR_IDENTITY_REVIEW_REQUIRED","preliminaryRisks":["true_first_bowman_not_proven_from_title"]}
cand-s4-ebay-3ff8e55354778e3260	dh-20260730T170046Z-7d4c2a91	4	2026-07-30T17:05:44.524826+00:00	BASEBALL PROSPECTS / true_first_bowman	Jesus Made	true_first_bowman_card	eBay	bucka_2308		v1|287485375327|0	https://www.ebay.com/itm/287485375327?_skw=Jesus+Made+1st+Bowman+Chrome&hash=item42ef76b35f%3Ag%3AwZgAAeSwvTxqZi9o	LIVE	2026 Bowman - Chrome Prospects Jesus Made #BCP-96 Aqua Shimmer Refractor /125	{"title":"2026 Bowman - Chrome Prospects Jesus Made #BCP-96 Aqua Shimmer Refractor /125","preliminaryScopeStatus":"IMAGE_OR_IDENTITY_REVIEW_REQUIRED","queryFamilyIds":["baseball-prospect.jesus-made.true-first-bowman"],"preliminaryRisks":["true_first_bowman_not_proven_from_title"]}	{"status":"UNVERIFIED","verification":"native-browse-title-and-marketplace-images-only","frontVerified":false,"backVerified":false}	preliminary|3ff8e55354778e3260	ebay|bucka_2308|v1|287485375327|0	https://i.ebayimg.com/images/g/wZgAAeSwvTxqZi9o/s-l225.jpg	https://i.ebayimg.com/images/g/wZgAAeSwvTxqZi9o/s-l1600.jpg	FALSE	FALSE	FALSE	FALSE	{}											UNASSESSED	["true_first_bowman_not_proven_from_title"]	19.99																		INSUFFICIENT																	MANUAL REVIEW / UNPRICED	FALSE	FALSE	["exact_parallel_or_variation_not_verified","front_and_back_identity_not_verified","full_delivered_acquisition_cost_not_proven","identical_completed_sales_not_loaded","instacomp_exact_market_not_completed","owned_copy_exclusion_not_proven","true_first_bowman_not_proven_from_title"]	{"endpoints":["baseball_prospects"],"candidateId":"ebay:v1|287485375327|0","listingItemId":"v1|287485375327|0","queryFamilyIds":["baseball-prospect.jesus-made.true-first-bowman"],"buyingOptions":["FIXED_PRICE"],"condition":"Ungraded","itemCreationDate":"2026-07-26T15:37:58.000Z","itemEndDate":null,"imageUrls":["https://i.ebayimg.com/images/g/wZgAAeSwvTxqZi9o/s-l225.jpg","https://i.ebayimg.com/images/g/wZgAAeSwvTxqZi9o/s-l1600.jpg"],"preliminaryScopeStatus":"IMAGE_OR_IDENTITY_REVIEW_REQUIRED","preliminaryRisks":["true_first_bowman_not_proven_from_title"]}
cand-s4-ebay-f860617eec4187f7b3	dh-20260730T170046Z-7d4c2a91	4	2026-07-30T17:05:44.524826+00:00	BASEBALL PROSPECTS / first_bowman_autograph_color_numbered	Jesus Made	true_first_bowman_autograph_parallel	eBay	whatif4		v1|318021043361|0	https://www.ebay.com/itm/318021043361?_skw=Jesus+Made+1st+Bowman+autograph+color+numbered&hash=item4a0b8804a1%3Ag%3Aq2IAAeSwSEVpuf6U	LIVE	2025 Bowman’s Best JESUS MADE LUIS PENA Dual Auto Gold #d 07/50 Brewers PDA-MP	{"title":"2025 Bowman’s Best JESUS MADE LUIS PENA Dual Auto Gold #d 07/50 Brewers PDA-MP","preliminaryScopeStatus":"IMAGE_OR_IDENTITY_REVIEW_REQUIRED","queryFamilyIds":["baseball-prospect.jesus-made.first-bowman-auto-color"],"preliminaryRisks":["true_first_bowman_not_proven_from_title"]}	{"status":"UNVERIFIED","verification":"native-browse-title-and-marketplace-images-only","frontVerified":false,"backVerified":false}	preliminary|f860617eec4187f7b3	ebay|whatif4|v1|318021043361|0	https://i.ebayimg.com/images/g/q2IAAeSwSEVpuf6U/s-l225.jpg	https://i.ebayimg.com/images/g/q2IAAeSwSEVpuf6U/s-l1600.jpg	FALSE	FALSE	FALSE	FALSE	{}											UNASSESSED	["true_first_bowman_not_proven_from_title"]	499.95																		INSUFFICIENT																	MANUAL REVIEW / UNPRICED	FALSE	FALSE	["exact_parallel_or_variation_not_verified","front_and_back_identity_not_verified","full_delivered_acquisition_cost_not_proven","identical_completed_sales_not_loaded","instacomp_exact_market_not_completed","owned_copy_exclusion_not_proven","true_first_bowman_not_proven_from_title"]	{"endpoints":["baseball_prospects"],"candidateId":"ebay:v1|318021043361|0","listingItemId":"v1|318021043361|0","queryFamilyIds":["baseball-prospect.jesus-made.first-bowman-auto-color"],"buyingOptions":["FIXED_PRICE"],"condition":"Ungraded","itemCreationDate":"2026-03-18T01:26:33.000Z","itemEndDate":null,"imageUrls":["https://i.ebayimg.com/images/g/q2IAAeSwSEVpuf6U/s-l225.jpg","https://i.ebayimg.com/images/g/q2IAAeSwSEVpuf6U/s-l1600.jpg"],"preliminaryScopeStatus":"IMAGE_OR_IDENTITY_REVIEW_REQUIRED","preliminaryRisks":["true_first_bowman_not_proven_from_title"]}
cand-s4-ebay-a963a36fea98a752f4	dh-20260730T170046Z-7d4c2a91	4	2026-07-30T17:05:44.524826+00:00	BASEBALL PROSPECTS / true_first_bowman	Jesus Made	true_first_bowman_card	eBay	full-count-collectibles		v1|318645751013|0	https://www.ebay.com/itm/318645751013?_skw=Jesus+Made+1st+Bowman+Chrome&hash=item4a30c44ce5%3Ag%3A2TkAAeSwROhqVZsn	LIVE	2025 Bowman Chrome Jesus Made 1st Bowman Reptilian Refractor PSA 10 Brewers	{"title":"2025 Bowman Chrome Jesus Made 1st Bowman Reptilian Refractor PSA 10 Brewers","preliminaryScopeStatus":"DISCOVERY_SCOPE_PASS","queryFamilyIds":["baseball-prospect.jesus-made.true-first-bowman"],"preliminaryRisks":[]}	{"status":"UNVERIFIED","verification":"native-browse-title-and-marketplace-images-only","frontVerified":false,"backVerified":false}	preliminary|a963a36fea98a752f4	ebay|full-count-collectibles|v1|318645751013|0	https://i.ebayimg.com/images/g/2TkAAeSwROhqVZsn/s-l225.jpg	https://i.ebayimg.com/images/g/2TkAAeSwROhqVZsn/s-l1600.jpg	FALSE	FALSE	FALSE	FALSE	{}											UNASSESSED	[]	220																		INSUFFICIENT																	MANUAL REVIEW / UNPRICED	FALSE	FALSE	["exact_parallel_or_variation_not_verified","front_and_back_identity_not_verified","full_delivered_acquisition_cost_not_proven","identical_completed_sales_not_loaded","instacomp_exact_market_not_completed","owned_copy_exclusion_not_proven"]	{"endpoints":["baseball_prospects"],"candidateId":"ebay:v1|318645751013|0","listingItemId":"v1|318645751013|0","queryFamilyIds":["baseball-prospect.jesus-made.true-first-bowman"],"buyingOptions":["FIXED_PRICE","BEST_OFFER"],"condition":"Graded","itemCreationDate":"2026-07-28T09:31:10.000Z","itemEndDate":null,"imageUrls":["https://i.ebayimg.com/images/g/2TkAAeSwROhqVZsn/s-l225.jpg","https://i.ebayimg.com/images/g/2TkAAeSwROhqVZsn/s-l1600.jpg"],"preliminaryScopeStatus":"DISCOVERY_SCOPE_PASS","preliminaryRisks":[]}
cand-s4-ebay-a95ec29643b758c6d8	dh-20260730T170046Z-7d4c2a91	4	2026-07-30T17:05:44.524826+00:00	BASEBALL PROSPECTS / true_first_bowman	Jesus Made	true_first_bowman_card	eBay	cshelcardz		v1|318646714503|0	https://www.ebay.com/itm/318646714503?_skw=Jesus+Made+1st+Bowman+Chrome&hash=item4a30d30087%3Ag%3Avg0AAeSwD-lqaLZp	LIVE	PSA 9 2025 Bowman Jesus Made 1st Bowman Chrome Refractor /499	{"title":"PSA 9 2025 Bowman Jesus Made 1st Bowman Chrome Refractor /499","preliminaryScopeStatus":"DISCOVERY_SCOPE_PASS","queryFamilyIds":["baseball-prospect.jesus-made.true-first-bowman"],"preliminaryRisks":[]}	{"status":"UNVERIFIED","verification":"native-browse-title-and-marketplace-images-only","frontVerified":false,"backVerified":false}	preliminary|a95ec29643b758c6d8	ebay|cshelcardz|v1|318646714503|0	https://i.ebayimg.com/images/g/vg0AAeSwD-lqaLZp/s-l225.jpg	https://i.ebayimg.com/images/g/vg0AAeSwD-lqaLZp/s-l1600.jpg	FALSE	FALSE	FALSE	FALSE	{}											UNASSESSED	[]	110																		INSUFFICIENT																	MANUAL REVIEW / UNPRICED	FALSE	FALSE	["exact_parallel_or_variation_not_verified","front_and_back_identity_not_verified","full_delivered_acquisition_cost_not_proven","identical_completed_sales_not_loaded","instacomp_exact_market_not_completed","owned_copy_exclusion_not_proven"]	{"endpoints":["baseball_prospects"],"candidateId":"ebay:v1|318646714503|0","listingItemId":"v1|318646714503|0","queryFamilyIds":["baseball-prospect.jesus-made.true-first-bowman"],"buyingOptions":["FIXED_PRICE","BEST_OFFER"],"condition":"Graded","itemCreationDate":"2026-07-28T14:04:43.000Z","itemEndDate":null,"imageUrls":["https://i.ebayimg.com/images/g/vg0AAeSwD-lqaLZp/s-l225.jpg","https://i.ebayimg.com/images/g/vg0AAeSwD-lqaLZp/s-l1600.jpg"],"preliminaryScopeStatus":"DISCOVERY_SCOPE_PASS","preliminaryRisks":[]}
cand-s4-ebay-ec4c2181aa555fefd6	dh-20260730T170046Z-7d4c2a91	4	2026-07-30T17:05:44.524826+00:00	BASEBALL PROSPECTS / true_first_bowman	Jesus Made	true_first_bowman_card	eBay	cmas3177		v1|327287080060|0	https://www.ebay.com/itm/327287080060?_skw=Jesus+Made+1st+Bowman+Chrome&hash=item4c33d4847c%3Ag%3ACd8AAeSwe41qa2in	LIVE	2025 Bowman Chrome - Prospects Jesus Made #BCP-245 Aqua Pulsar Refractor /125...	{"title":"2025 Bowman Chrome - Prospects Jesus Made #BCP-245 Aqua Pulsar Refractor /125...","preliminaryScopeStatus":"IMAGE_OR_IDENTITY_REVIEW_REQUIRED","queryFamilyIds":["baseball-prospect.jesus-made.true-first-bowman"],"preliminaryRisks":["true_first_bowman_not_proven_from_title"]}	{"status":"UNVERIFIED","verification":"native-browse-title-and-marketplace-images-only","frontVerified":false,"backVerified":false}	preliminary|ec4c2181aa555fefd6	ebay|cmas3177|v1|327287080060|0	https://i.ebayimg.com/images/g/Cd8AAeSwe41qa2in/s-l225.jpg	https://i.ebayimg.com/images/g/Cd8AAeSwe41qa2in/s-l1600.jpg	FALSE	FALSE	FALSE	FALSE	{}											UNASSESSED	["true_first_bowman_not_proven_from_title"]	28.99																		INSUFFICIENT																	MANUAL REVIEW / UNPRICED	FALSE	FALSE	["exact_parallel_or_variation_not_verified","front_and_back_identity_not_verified","full_delivered_acquisition_cost_not_proven","identical_completed_sales_not_loaded","instacomp_exact_market_not_completed","owned_copy_exclusion_not_proven","true_first_bowman_not_proven_from_title"]	{"endpoints":["baseball_prospects"],"candidateId":"ebay:v1|327287080060|0","listingItemId":"v1|327287080060|0","queryFamilyIds":["baseball-prospect.jesus-made.true-first-bowman"],"buyingOptions":["FIXED_PRICE"],"condition":"Ungraded","itemCreationDate":"2026-07-30T15:16:37.000Z","itemEndDate":null,"imageUrls":["https://i.ebayimg.com/images/g/Cd8AAeSwe41qa2in/s-l225.jpg","https://i.ebayimg.com/images/g/Cd8AAeSwe41qa2in/s-l1600.jpg"],"preliminaryScopeStatus":"IMAGE_OR_IDENTITY_REVIEW_REQUIRED","preliminaryRisks":["true_first_bowman_not_proven_from_title"]}
cand-s4-ebay-d041bfe0403fb7ee18	dh-20260730T170046Z-7d4c2a91	4	2026-07-30T17:05:44.524826+00:00	BASEBALL PROSPECTS / first_bowman_autograph_color_numbered	Jesus Made	true_first_bowman_autograph_parallel	eBay	siouxss38		v1|335958180783|0	https://www.ebay.com/itm/335958180783?_skw=Jesus+Made+1st+Bowman+autograph+color+numbered&hash=item4e38ab03af%3Ag%3A5VwAAeSwpeJoIoNs	LIVE	2025 Bowman Kyle DeBarge 1st Bowman Auto Blue /150 Minnesota Twins Color Match	{"title":"2025 Bowman Kyle DeBarge 1st Bowman Auto Blue /150 Minnesota Twins Color Match","preliminaryScopeStatus":"DISCOVERY_SCOPE_PASS","queryFamilyIds":["baseball-prospect.jesus-made.first-bowman-auto-color"],"preliminaryRisks":[]}	{"status":"UNVERIFIED","verification":"native-browse-title-and-marketplace-images-only","frontVerified":false,"backVerified":false}	preliminary|d041bfe0403fb7ee18	ebay|siouxss38|v1|335958180783|0	https://i.ebayimg.com/images/g/5VwAAeSwpeJoIoNs/s-l225.jpg	https://i.ebayimg.com/images/g/5VwAAeSwpeJoIoNs/s-l1600.jpg	FALSE	FALSE	FALSE	FALSE	{}											UNASSESSED	[]	99.99																		INSUFFICIENT																	MANUAL REVIEW / UNPRICED	FALSE	FALSE	["exact_parallel_or_variation_not_verified","front_and_back_identity_not_verified","full_delivered_acquisition_cost_not_proven","identical_completed_sales_not_loaded","instacomp_exact_market_not_completed","owned_copy_exclusion_not_proven"]	{"endpoints":["baseball_prospects"],"candidateId":"ebay:v1|335958180783|0","listingItemId":"v1|335958180783|0","queryFamilyIds":["baseball-prospect.jesus-made.first-bowman-auto-color"],"buyingOptions":["FIXED_PRICE","BEST_OFFER"],"condition":"Ungraded","itemCreationDate":"2025-05-12T23:26:11.000Z","itemEndDate":null,"imageUrls":["https://i.ebayimg.com/images/g/5VwAAeSwpeJoIoNs/s-l225.jpg","https://i.ebayimg.com/images/g/5VwAAeSwpeJoIoNs/s-l1600.jpg"],"preliminaryScopeStatus":"DISCOVERY_SCOPE_PASS","preliminaryRisks":[]}
cand-s4-ebay-ecab29ccd9187c9f24	dh-20260730T170046Z-7d4c2a91	4	2026-07-30T17:05:44.524826+00:00	BASEBALL PROSPECTS / true_first_bowman	Jesus Made	true_first_bowman_card	eBay	amsterdamsportscards		v1|358669438064|0	https://www.ebay.com/itm/358669438064?_skw=Jesus+Made+1st+Bowman+Chrome&hash=item53825d4c70%3Ag%3ABcMAAeSwTLhqK3rm&amdata=enc%3AAQALAAABAACCtXRWQnOEpyOqnQQ8KGZE4Uev312SfCZUcDkO8ttPU%2FStWC%2BRW5FdKSNCLTE8o%2Fol4dn9OETjcrlX86Lj0gBYzyYY5ymjFUYe5XjuC0k1uQTovZf3HSFbNSR5zUuIWewrBgdK4JDi%2F8RmOVuKGRcS%2BlGqO9zpE%2B7LXAAGbhoPcykLZTs5%2B8%2BB2IxcmUq5AANcYjvDDPxQ3Qy5C1ALfAU9I6vccjPWTx%2FgymLIteY1jpczYycpNHbt5noVeKp0rSdaZUnv%2BjzIzwERrDJ10iR9uFFYS415WAi21hlzp%2Ba0nOooI18ROfMPHnyTJD4M1%2BNWe9P4M5oZfSl8PFfPk7o%3D	LIVE	JESUS MADE ROOKIE LIGHTNING REFRACTOR 2026 Bowman Chrome Electric Sluggers Card	{"title":"JESUS MADE ROOKIE LIGHTNING REFRACTOR 2026 Bowman Chrome Electric Sluggers Card","preliminaryScopeStatus":"IMAGE_OR_IDENTITY_REVIEW_REQUIRED","queryFamilyIds":["baseball-prospect.jesus-made.true-first-bowman"],"preliminaryRisks":["true_first_bowman_not_proven_from_title"]}	{"status":"UNVERIFIED","verification":"native-browse-title-and-marketplace-images-only","frontVerified":false,"backVerified":false}	preliminary|ecab29ccd9187c9f24	ebay|amsterdamsportscards|v1|358669438064|0	https://i.ebayimg.com/images/g/BcMAAeSwTLhqK3rm/s-l225.jpg	https://i.ebayimg.com/images/g/BcMAAeSwTLhqK3rm/s-l1600.jpg	FALSE	FALSE	FALSE	FALSE	{}											UNASSESSED	["true_first_bowman_not_proven_from_title"]	23.99	5.99																	INSUFFICIENT																	MANUAL REVIEW / UNPRICED	FALSE	FALSE	["exact_parallel_or_variation_not_verified","front_and_back_identity_not_verified","full_delivered_acquisition_cost_not_proven","identical_completed_sales_not_loaded","instacomp_exact_market_not_completed","owned_copy_exclusion_not_proven","true_first_bowman_not_proven_from_title"]	{"endpoints":["baseball_prospects"],"candidateId":"ebay:v1|358669438064|0","listingItemId":"v1|358669438064|0","queryFamilyIds":["baseball-prospect.jesus-made.true-first-bowman"],"buyingOptions":["FIXED_PRICE","BEST_OFFER"],"condition":"Ungraded","itemCreationDate":"2026-06-14T16:00:00.000Z","itemEndDate":null,"imageUrls":["https://i.ebayimg.com/images/g/BcMAAeSwTLhqK3rm/s-l225.jpg","https://i.ebayimg.com/images/g/BcMAAeSwTLhqK3rm/s-l1600.jpg"],"preliminaryScopeStatus":"IMAGE_OR_IDENTITY_REVIEW_REQUIRED","preliminaryRisks":["true_first_bowman_not_proven_from_title"]}
cand-s4-ebay-fd8d5db1e56a0d50c5	dh-20260730T170046Z-7d4c2a91	4	2026-07-30T17:05:44.524826+00:00	BASEBALL PROSPECTS / true_first_bowman	Jesus Made	true_first_bowman_card	eBay	amsterdamsportscards		v1|358703679469|0	https://www.ebay.com/itm/358703679469?_skw=Jesus+Made+1st+Bowman+Chrome&hash=item538467c7ed%3Ag%3A8YwAAeSwpfdqNhU2&amdata=enc%3AAQALAAABAACCtXRWQnOEpyOqnQQ8KGbyveB%2BcEPJ6uBYegEV0C5voUl8D%2FHFJ4IN4bJ6FWY0IRmRvUi5GZxiqVTinpGZGRnx2rZ27HtR5pfh7UZXbPteOcjszNU2%2Fs5q%2FJ9h45csyhcSP9nr93Afb1GihvNMOEWhXTw44M%2BJeqjgZgjJVMwTWcueihZTBXlwtt7QcLMSZRkIpW0AczyRfK%2F7slO%2FryHhPAZVy1aaXkluxOuh8Te02lnYuW5b8Ik6YJf0%2FdiffVUv22t0H3geScXc0Citv0S7TANAXiRCfSB1264KW7vZ0MohgTiw3ynPPHInO5OZGUKCJfpNgxc59foeKPxSOb8%3D	LIVE	JESUS MADE ROOKIE SILVER MOJO REFRACTOR 2026 Bowman Chrome Parallel Card	{"title":"JESUS MADE ROOKIE SILVER MOJO REFRACTOR 2026 Bowman Chrome Parallel Card","preliminaryScopeStatus":"IMAGE_OR_IDENTITY_REVIEW_REQUIRED","queryFamilyIds":["baseball-prospect.jesus-made.true-first-bowman"],"preliminaryRisks":["true_first_bowman_not_proven_from_title"]}	{"status":"UNVERIFIED","verification":"native-browse-title-and-marketplace-images-only","frontVerified":false,"backVerified":false}	preliminary|fd8d5db1e56a0d50c5	ebay|amsterdamsportscards|v1|358703679469|0	https://i.ebayimg.com/images/g/8YwAAeSwpfdqNhU2/s-l225.jpg	https://i.ebayimg.com/images/g/8YwAAeSwpfdqNhU2/s-l1600.jpg	FALSE	FALSE	FALSE	FALSE	{}											UNASSESSED	["true_first_bowman_not_proven_from_title"]	23.99	5.99																	INSUFFICIENT																	MANUAL REVIEW / UNPRICED	FALSE	FALSE	["exact_parallel_or_variation_not_verified","front_and_back_identity_not_verified","full_delivered_acquisition_cost_not_proven","identical_completed_sales_not_loaded","instacomp_exact_market_not_completed","owned_copy_exclusion_not_proven","true_first_bowman_not_proven_from_title"]	{"endpoints":["baseball_prospects"],"candidateId":"ebay:v1|358703679469|0","listingItemId":"v1|358703679469|0","queryFamilyIds":["baseball-prospect.jesus-made.true-first-bowman"],"buyingOptions":["FIXED_PRICE","BEST_OFFER"],"condition":"Ungraded","itemCreationDate":"2026-06-20T20:38:25.000Z","itemEndDate":null,"imageUrls":["https://i.ebayimg.com/images/g/8YwAAeSwpfdqNhU2/s-l225.jpg","https://i.ebayimg.com/images/g/8YwAAeSwpfdqNhU2/s-l1600.jpg"],"preliminaryScopeStatus":"IMAGE_OR_IDENTITY_REVIEW_REQUIRED","preliminaryRisks":["true_first_bowman_not_proven_from_title"]}
cand-s4-ebay-7ba31fd58ae49a7ae4	dh-20260730T170046Z-7d4c2a91	4	2026-07-30T17:05:44.524826+00:00	BASEBALL PROSPECTS / true_first_bowman	Jesus Made	true_first_bowman_card	eBay	goodworldpublishing		v1|377367232277|0	https://www.ebay.com/itm/377367232277?_skw=Jesus+Made+1st+Bowman+Chrome&hash=item57dcd6ff15%3Ag%3AK%7EAAAeSwpfRqY3VX	LIVE	2025 BOWMAN CHROME JESUS MADE BOWMAN 1ST PROSPECTS #BCP-50	{"title":"2025 BOWMAN CHROME JESUS MADE BOWMAN 1ST PROSPECTS #BCP-50","preliminaryScopeStatus":"DISCOVERY_SCOPE_PASS","queryFamilyIds":["baseball-prospect.jesus-made.true-first-bowman"],"preliminaryRisks":[]}	{"status":"UNVERIFIED","verification":"native-browse-title-and-marketplace-images-only","frontVerified":false,"backVerified":false}	preliminary|7ba31fd58ae49a7ae4	ebay|goodworldpublishing|v1|377367232277|0	https://i.ebayimg.com/images/g/K~AAAeSwpfRqY3VX/s-l225.jpg	https://i.ebayimg.com/images/g/K~AAAeSwpfRqY3VX/s-l1600.jpg	FALSE	FALSE	FALSE	FALSE	{}											UNASSESSED	[]	7.99	1.5																	INSUFFICIENT																	MANUAL REVIEW / UNPRICED	FALSE	FALSE	["exact_parallel_or_variation_not_verified","front_and_back_identity_not_verified","full_delivered_acquisition_cost_not_proven","identical_completed_sales_not_loaded","instacomp_exact_market_not_completed","owned_copy_exclusion_not_proven"]	{"endpoints":["baseball_prospects"],"candidateId":"ebay:v1|377367232277|0","listingItemId":"v1|377367232277|0","queryFamilyIds":["baseball-prospect.jesus-made.true-first-bowman"],"buyingOptions":["FIXED_PRICE"],"condition":"Ungraded","itemCreationDate":"2026-07-24T14:23:30.000Z","itemEndDate":null,"imageUrls":["https://i.ebayimg.com/images/g/K~AAAeSwpfRqY3VX/s-l225.jpg","https://i.ebayimg.com/images/g/K~AAAeSwpfRqY3VX/s-l1600.jpg"],"preliminaryScopeStatus":"DISCOVERY_SCOPE_PASS","preliminaryRisks":[]}
cand-s4-ebay-7c4badcde64cea2a4a	dh-20260730T170046Z-7d4c2a91	4	2026-07-30T17:05:44.524826+00:00	BASEBALL PROSPECTS / true_first_bowman	Jesus Made	true_first_bowman_card	eBay	608cardsales		v1|398231485536|0	https://www.ebay.com/itm/398231485536?_skw=Jesus+Made+1st+Bowman+Chrome&hash=item5cb8723c60%3Ag%3AR-4AAeSwcQBqa3Ak	LIVE	Topps 2025 Bowman Chrome Prospects Jesus Made 1st Bowman /125 AQUA X-FRACTOR	{"title":"Topps 2025 Bowman Chrome Prospects Jesus Made 1st Bowman /125 AQUA X-FRACTOR","preliminaryScopeStatus":"DISCOVERY_SCOPE_PASS","queryFamilyIds":["baseball-prospect.jesus-made.true-first-bowman"],"preliminaryRisks":[]}	{"status":"UNVERIFIED","verification":"native-browse-title-and-marketplace-images-only","frontVerified":false,"backVerified":false}	preliminary|7c4badcde64cea2a4a	ebay|608cardsales|v1|398231485536|0	https://i.ebayimg.com/images/g/R-4AAeSwcQBqa3Ak/s-l225.jpg	https://i.ebayimg.com/images/g/R-4AAeSwcQBqa3Ak/s-l640.jpg	FALSE	FALSE	FALSE	FALSE	{}											UNASSESSED	[]	200																		INSUFFICIENT																	MANUAL REVIEW / UNPRICED	FALSE	FALSE	["exact_parallel_or_variation_not_verified","front_and_back_identity_not_verified","full_delivered_acquisition_cost_not_proven","identical_completed_sales_not_loaded","instacomp_exact_market_not_completed","owned_copy_exclusion_not_proven"]	{"endpoints":["baseball_prospects"],"candidateId":"ebay:v1|398231485536|0","listingItemId":"v1|398231485536|0","queryFamilyIds":["baseball-prospect.jesus-made.true-first-bowman"],"buyingOptions":["FIXED_PRICE","BEST_OFFER"],"condition":"Graded","itemCreationDate":"2026-07-30T15:41:05.000Z","itemEndDate":null,"imageUrls":["https://i.ebayimg.com/images/g/R-4AAeSwcQBqa3Ak/s-l225.jpg","https://i.ebayimg.com/images/g/R-4AAeSwcQBqa3Ak/s-l640.jpg"],"preliminaryScopeStatus":"DISCOVERY_SCOPE_PASS","preliminaryRisks":[]}
cand-s4-ebay-9f745ac2f97c9527d7	dh-20260730T170046Z-7d4c2a91	4	2026-07-30T17:05:44.524826+00:00	BASEBALL PROSPECTS / true_first_bowman	Jesus Made	true_first_bowman_card	eBay	608cardsales		v1|398231492562|0	https://www.ebay.com/itm/398231492562?_skw=Jesus+Made+1st+Bowman+Chrome&hash=item5cb87257d2%3Ag%3AwUsAAeSwAY9qa3E3	LIVE	Jesus Made 2025 Bowman Sapphire Chrome Prospect 1st BCP-50 PSA 8	{"title":"Jesus Made 2025 Bowman Sapphire Chrome Prospect 1st BCP-50 PSA 8","preliminaryScopeStatus":"DISCOVERY_SCOPE_PASS","queryFamilyIds":["baseball-prospect.jesus-made.true-first-bowman"],"preliminaryRisks":[]}	{"status":"UNVERIFIED","verification":"native-browse-title-and-marketplace-images-only","frontVerified":false,"backVerified":false}	preliminary|9f745ac2f97c9527d7	ebay|608cardsales|v1|398231492562|0	https://i.ebayimg.com/images/g/wUsAAeSwAY9qa3E3/s-l225.jpg	https://i.ebayimg.com/images/g/wUsAAeSwAY9qa3E3/s-l640.jpg	FALSE	FALSE	FALSE	FALSE	{}											UNASSESSED	[]	99.99																		INSUFFICIENT																	MANUAL REVIEW / UNPRICED	FALSE	FALSE	["exact_parallel_or_variation_not_verified","front_and_back_identity_not_verified","full_delivered_acquisition_cost_not_proven","identical_completed_sales_not_loaded","instacomp_exact_market_not_completed","owned_copy_exclusion_not_proven"]	{"endpoints":["baseball_prospects"],"candidateId":"ebay:v1|398231492562|0","listingItemId":"v1|398231492562|0","queryFamilyIds":["baseball-prospect.jesus-made.true-first-bowman"],"buyingOptions":["FIXED_PRICE","BEST_OFFER"],"condition":"Graded","itemCreationDate":"2026-07-30T15:45:30.000Z","itemEndDate":null,"imageUrls":["https://i.ebayimg.com/images/g/wUsAAeSwAY9qa3E3/s-l225.jpg","https://i.ebayimg.com/images/g/wUsAAeSwAY9qa3E3/s-l640.jpg"],"preliminaryScopeStatus":"DISCOVERY_SCOPE_PASS","preliminaryRisks":[]}
cand-s4-ebay-e7555c97ec9226a7e1	dh-20260730T170046Z-7d4c2a91	4	2026-07-30T17:05:44.524826+00:00	BASEBALL PROSPECTS / true_first_bowman	Jesus Made	true_first_bowman_card	eBay	matts_card_shop253		v1|407108092489|0	https://www.ebay.com/itm/407108092489?_skw=Jesus+Made+1st+Bowman+Chrome&hash=item5ec9888249%3Ag%3AI1cAAeSwjYdqazFA	LIVE	2025 Bowman Jesus Made Chrome Reptilian 1st #/50 Brewers PSA 10	{"title":"2025 Bowman Jesus Made Chrome Reptilian 1st #/50 Brewers PSA 10","preliminaryScopeStatus":"DISCOVERY_SCOPE_PASS","queryFamilyIds":["baseball-prospect.jesus-made.true-first-bowman"],"preliminaryRisks":[]}	{"status":"UNVERIFIED","verification":"native-browse-title-and-marketplace-images-only","frontVerified":false,"backVerified":false}	preliminary|e7555c97ec9226a7e1	ebay|matts_card_shop253|v1|407108092489|0	https://i.ebayimg.com/images/g/I1cAAeSwjYdqazFA/s-l225.jpg	https://i.ebayimg.com/images/g/I1cAAeSwjYdqazFA/s-l1600.jpg	FALSE	FALSE	FALSE	FALSE	{}											UNASSESSED	[]	244.99																		INSUFFICIENT																	MANUAL REVIEW / UNPRICED	FALSE	FALSE	["exact_parallel_or_variation_not_verified","front_and_back_identity_not_verified","full_delivered_acquisition_cost_not_proven","identical_completed_sales_not_loaded","instacomp_exact_market_not_completed","owned_copy_exclusion_not_proven"]	{"endpoints":["baseball_prospects"],"candidateId":"ebay:v1|407108092489|0","listingItemId":"v1|407108092489|0","queryFamilyIds":["baseball-prospect.jesus-made.true-first-bowman"],"buyingOptions":["FIXED_PRICE","BEST_OFFER"],"condition":"Graded","itemCreationDate":"2026-07-30T11:12:00.000Z","itemEndDate":null,"imageUrls":["https://i.ebayimg.com/images/g/I1cAAeSwjYdqazFA/s-l225.jpg","https://i.ebayimg.com/images/g/I1cAAeSwjYdqazFA/s-l1600.jpg"],"preliminaryScopeStatus":"DISCOVERY_SCOPE_PASS","preliminaryRisks":[]}
cand-s4-ebay-e9e87c9ad3636f5c87	dh-20260730T170046Z-7d4c2a91	4	2026-07-30T17:05:44.524826+00:00	BASEBALL PROSPECTS / first_bowman_autograph_color_numbered	Josue De Paula	true_first_bowman_autograph_parallel	eBay	olbaldie		v1|116047417563|416211551106	https://www.ebay.com/itm/116047417563?_skw=Josue+De+Paula+1st+Bowman+autograph+color+numbered&var=416211551106&hash=item1b04f710db%3Ag%3AbIYAAOSwV0VlrxyR	LIVE	2023 Bowman's Best ~ PICK YOUR CARD ~ Auto, Refractor, Wave, Color, Inserts, RC	{"title":"2023 Bowman's Best ~ PICK YOUR CARD ~ Auto, Refractor, Wave, Color, Inserts, RC","preliminaryScopeStatus":"IMAGE_OR_IDENTITY_REVIEW_REQUIRED","queryFamilyIds":["baseball-prospect.josue-de-paula.first-bowman-auto-color"],"preliminaryRisks":["true_first_bowman_not_proven_from_title"]}	{"status":"UNVERIFIED","verification":"native-browse-title-and-marketplace-images-only","frontVerified":false,"backVerified":false}	preliminary|e9e87c9ad3636f5c87	ebay|olbaldie|v1|116047417563|416211551106	https://i.ebayimg.com/images/g/bIYAAOSwV0VlrxyR/s-l225.jpg	https://i.ebayimg.com/images/g/bIYAAOSwV0VlrxyR/s-l1600.jpg	FALSE	FALSE	FALSE	FALSE	{}											UNASSESSED	["true_first_bowman_not_proven_from_title"]	4.95	0																	INSUFFICIENT																	MANUAL REVIEW / UNPRICED	FALSE	FALSE	["exact_parallel_or_variation_not_verified","front_and_back_identity_not_verified","full_delivered_acquisition_cost_not_proven","identical_completed_sales_not_loaded","instacomp_exact_market_not_completed","owned_copy_exclusion_not_proven","true_first_bowman_not_proven_from_title"]	{"endpoints":["baseball_prospects"],"candidateId":"ebay:v1|116047417563|416211551106","listingItemId":"v1|116047417563|416211551106","queryFamilyIds":["baseball-prospect.josue-de-paula.first-bowman-auto-color"],"buyingOptions":["FIXED_PRICE"],"condition":"Ungraded","itemCreationDate":"2024-01-23T02:34:47.000Z","itemEndDate":null,"imageUrls":["https://i.ebayimg.com/images/g/bIYAAOSwV0VlrxyR/s-l225.jpg","https://i.ebayimg.com/images/g/bIYAAOSwV0VlrxyR/s-l1600.jpg"],"preliminaryScopeStatus":"IMAGE_OR_IDENTITY_REVIEW_REQUIRED","preliminaryRisks":["true_first_bowman_not_proven_from_title"]}
cand-s4-ebay-59e203800883110f7a	dh-20260730T170046Z-7d4c2a91	4	2026-07-30T17:05:44.524826+00:00	BASEBALL PROSPECTS / true_first_bowman	Josue De Paula	true_first_bowman_card	eBay	sports22mom		v1|127983896089|0	https://www.ebay.com/itm/127983896089?_skw=Josue+De+Paula+1st+Bowman+Chrome&hash=item1dcc6f4619%3Ag%3AJT4AAeSwFJVqXV7k	LIVE	Josue De Paula 1st Bowman Chrome Mega Box /199	{"title":"Josue De Paula 1st Bowman Chrome Mega Box /199","preliminaryScopeStatus":"DISCOVERY_SCOPE_PASS","queryFamilyIds":["baseball-prospect.josue-de-paula.true-first-bowman"],"preliminaryRisks":[]}	{"status":"UNVERIFIED","verification":"native-browse-title-and-marketplace-images-only","frontVerified":false,"backVerified":false}	preliminary|59e203800883110f7a	ebay|sports22mom|v1|127983896089|0	https://i.ebayimg.com/images/g/JT4AAeSwFJVqXV7k/s-l225.jpg	https://i.ebayimg.com/images/g/JT4AAeSwFJVqXV7k/s-l1600.jpg	FALSE	FALSE	FALSE	FALSE	{}											UNASSESSED	[]	75																		INSUFFICIENT																	MANUAL REVIEW / UNPRICED	FALSE	FALSE	["exact_parallel_or_variation_not_verified","front_and_back_identity_not_verified","full_delivered_acquisition_cost_not_proven","identical_completed_sales_not_loaded","instacomp_exact_market_not_completed","owned_copy_exclusion_not_proven"]	{"endpoints":["baseball_prospects"],"candidateId":"ebay:v1|127983896089|0","listingItemId":"v1|127983896089|0","queryFamilyIds":["baseball-prospect.josue-de-paula.true-first-bowman"],"buyingOptions":["FIXED_PRICE","BEST_OFFER"],"condition":"Ungraded","itemCreationDate":"2026-07-19T23:34:26.000Z","itemEndDate":null,"imageUrls":["https://i.ebayimg.com/images/g/JT4AAeSwFJVqXV7k/s-l225.jpg","https://i.ebayimg.com/images/g/JT4AAeSwFJVqXV7k/s-l1600.jpg"],"preliminaryScopeStatus":"DISCOVERY_SCOPE_PASS","preliminaryRisks":[]}
cand-s4-ebay-33feb0cb2b2d5f073c	dh-20260730T170046Z-7d4c2a91	4	2026-07-30T17:05:44.524826+00:00	BASEBALL PROSPECTS / true_first_bowman	Josue De Paula	true_first_bowman_card	eBay	thackattack2010		v1|127996915033|0	https://www.ebay.com/itm/127996915033?_skw=Josue+De+Paula+1st+Bowman+Chrome&hash=item1dcd35ed59%3Ag%3AGmYAAeSwzM5qZ2Hd	LIVE	2023 Bowman Josue De Paula Chrome Auto Autograph 1st Prospect #CPA-JDE Dodgers	{"title":"2023 Bowman Josue De Paula Chrome Auto Autograph 1st Prospect #CPA-JDE Dodgers","preliminaryScopeStatus":"DISCOVERY_SCOPE_PASS","queryFamilyIds":["baseball-prospect.josue-de-paula.true-first-bowman"],"preliminaryRisks":[]}	{"status":"UNVERIFIED","verification":"native-browse-title-and-marketplace-images-only","frontVerified":false,"backVerified":false}	preliminary|33feb0cb2b2d5f073c	ebay|thackattack2010|v1|127996915033|0	https://i.ebayimg.com/images/g/GmYAAeSwzM5qZ2Hd/s-l225.jpg	https://i.ebayimg.com/images/g/GmYAAeSwzM5qZ2Hd/s-l640.jpg	FALSE	FALSE	FALSE	FALSE	{}											UNASSESSED	[]	200	4.99																	INSUFFICIENT																	MANUAL REVIEW / UNPRICED	FALSE	FALSE	["exact_parallel_or_variation_not_verified","front_and_back_identity_not_verified","full_delivered_acquisition_cost_not_proven","identical_completed_sales_not_loaded","instacomp_exact_market_not_completed","owned_copy_exclusion_not_proven"]	{"endpoints":["baseball_prospects"],"candidateId":"ebay:v1|127996915033|0","listingItemId":"v1|127996915033|0","queryFamilyIds":["baseball-prospect.josue-de-paula.true-first-bowman"],"buyingOptions":["FIXED_PRICE","BEST_OFFER"],"condition":"Ungraded","itemCreationDate":"2026-07-27T13:49:49.000Z","itemEndDate":null,"imageUrls":["https://i.ebayimg.com/images/g/GmYAAeSwzM5qZ2Hd/s-l225.jpg","https://i.ebayimg.com/images/g/GmYAAeSwzM5qZ2Hd/s-l640.jpg"],"preliminaryScopeStatus":"DISCOVERY_SCOPE_PASS","preliminaryRisks":[]}
cand-s4-ebay-0be54970bf08ba39b4	dh-20260730T170046Z-7d4c2a91	4	2026-07-30T17:05:44.524826+00:00	BASEBALL PROSPECTS / true_first_bowman	Josue De Paula	true_first_bowman_card	eBay	efrolal4l		v1|146470102880|0	https://www.ebay.com/itm/146470102880?_skw=Josue+De+Paula+1st+Bowman+Chrome&hash=item221a4c6760%3Ag%3AjzwAAOSwsmJn4HqP	LIVE	JOSUE DE PAULA 2024 Bowman Chrome Prospect Sapphire Refractor RC Dodgers #BCP-12	{"title":"JOSUE DE PAULA 2024 Bowman Chrome Prospect Sapphire Refractor RC Dodgers #BCP-12","preliminaryScopeStatus":"IMAGE_OR_IDENTITY_REVIEW_REQUIRED","queryFamilyIds":["baseball-prospect.josue-de-paula.true-first-bowman"],"preliminaryRisks":["true_first_bowman_not_proven_from_title"]}	{"status":"UNVERIFIED","verification":"native-browse-title-and-marketplace-images-only","frontVerified":false,"backVerified":false}	preliminary|0be54970bf08ba39b4	ebay|efrolal4l|v1|146470102880|0	https://i.ebayimg.com/images/g/jzwAAOSwsmJn4HqP/s-l225.jpg	https://i.ebayimg.com/images/g/jzwAAOSwsmJn4HqP/s-l1600.jpg	FALSE	FALSE	FALSE	FALSE	{}											UNASSESSED	["true_first_bowman_not_proven_from_title"]	3.99	1.89																	INSUFFICIENT																	MANUAL REVIEW / UNPRICED	FALSE	FALSE	["exact_parallel_or_variation_not_verified","front_and_back_identity_not_verified","full_delivered_acquisition_cost_not_proven","identical_completed_sales_not_loaded","instacomp_exact_market_not_completed","owned_copy_exclusion_not_proven","true_first_bowman_not_proven_from_title"]	{"endpoints":["baseball_prospects"],"candidateId":"ebay:v1|146470102880|0","listingItemId":"v1|146470102880|0","queryFamilyIds":["baseball-prospect.josue-de-paula.true-first-bowman"],"buyingOptions":["FIXED_PRICE","BEST_OFFER"],"condition":"Ungraded","itemCreationDate":"2025-03-23T21:18:42.000Z","itemEndDate":null,"imageUrls":["https://i.ebayimg.com/images/g/jzwAAOSwsmJn4HqP/s-l225.jpg","https://i.ebayimg.com/images/g/jzwAAOSwsmJn4HqP/s-l1600.jpg"],"preliminaryScopeStatus":"IMAGE_OR_IDENTITY_REVIEW_REQUIRED","preliminaryRisks":["true_first_bowman_not_proven_from_title"]}
cand-s4-ebay-bd76bc7a476a2abc48	dh-20260730T170046Z-7d4c2a91	4	2026-07-30T17:05:44.524826+00:00	BASEBALL PROSPECTS / true_first_bowman	Josue De Paula	true_first_bowman_card	eBay	jthcollectibles		v1|147427500722|0	https://www.ebay.com/itm/147427500722?_skw=Josue+De+Paula+1st+Bowman+Chrome&hash=item22535d22b2%3Ag%3ApuoAAeSwsHRqUAIm&amdata=enc%3AAQALAAABAACCtXRWQnOEpyOqnQQ8KGZv0DshAYsHrX3AaUh9pawZlye%2BgCNFdAGg8iqsix%2FbCQfrj%2B8T3olBAoPzNWnK02pGNYE36yJIfh2oDw3Xl56SOZhTSqDzg%2F7iuL0MIKv2MluMwWufeWIGQmNjc8hlnZcRcaQ80skFtEirWI04RkD%2F%2BWqmysyKdgsx9jcUHWj4yKahTYskYapgIK8w4lPtCT6AKTtj6PC0BqJqgZnRE%2F9R%2F1c6W7R1a1zypElUyZzzhcoy12Y29qozboMJ%2F5tWuoVoWhs4rG4fVh74gmCee1Yz9Ttc1iiRExFik4UjTkDuDQZwr0oqH0T2S1okjoYIm6Y%3D	LIVE	2026 Bowman Chrome Prospects #BCP-83 Josue De Paula Gold Shimmer 12/50 (RC)	{"title":"2026 Bowman Chrome Prospects #BCP-83 Josue De Paula Gold Shimmer 12/50 (RC)","preliminaryScopeStatus":"IMAGE_OR_IDENTITY_REVIEW_REQUIRED","queryFamilyIds":["baseball-prospect.josue-de-paula.true-first-bowman"],"preliminaryRisks":["true_first_bowman_not_proven_from_title"]}	{"status":"UNVERIFIED","verification":"native-browse-title-and-marketplace-images-only","frontVerified":false,"backVerified":false}	preliminary|bd76bc7a476a2abc48	ebay|jthcollectibles|v1|147427500722|0	https://i.ebayimg.com/images/g/puoAAeSwsHRqUAIm/s-l225.jpg	https://i.ebayimg.com/images/g/puoAAeSwsHRqUAIm/s-l1600.jpg	FALSE	FALSE	FALSE	FALSE	{}											UNASSESSED	["true_first_bowman_not_proven_from_title"]	119.99	0																	INSUFFICIENT																	MANUAL REVIEW / UNPRICED	FALSE	FALSE	["exact_parallel_or_variation_not_verified","front_and_back_identity_not_verified","full_delivered_acquisition_cost_not_proven","identical_completed_sales_not_loaded","instacomp_exact_market_not_completed","owned_copy_exclusion_not_proven","true_first_bowman_not_proven_from_title"]	{"endpoints":["baseball_prospects"],"candidateId":"ebay:v1|147427500722|0","listingItemId":"v1|147427500722|0","queryFamilyIds":["baseball-prospect.josue-de-paula.true-first-bowman"],"buyingOptions":["FIXED_PRICE","BEST_OFFER"],"condition":"Ungraded","itemCreationDate":"2026-07-09T20:20:44.000Z","itemEndDate":null,"imageUrls":["https://i.ebayimg.com/images/g/puoAAeSwsHRqUAIm/s-l225.jpg","https://i.ebayimg.com/images/g/puoAAeSwsHRqUAIm/s-l1600.jpg"],"preliminaryScopeStatus":"IMAGE_OR_IDENTITY_REVIEW_REQUIRED","preliminaryRisks":["true_first_bowman_not_proven_from_title"]}
cand-s4-ebay-2bc133059a10403a39	dh-20260730T170046Z-7d4c2a91	4	2026-07-30T17:05:44.524826+00:00	BASEBALL PROSPECTS / true_first_bowman	Josue De Paula	true_first_bowman_card	eBay	jthcollectibles		v1|147467278658|0	https://www.ebay.com/itm/147467278658?_skw=Josue+De+Paula+1st+Bowman+Chrome&hash=item2255bc1942%3Ag%3A5nsAAeSwZl5qaNmP&amdata=enc%3AAQALAAABAACCtXRWQnOEpyOqnQQ8KGaYqWPnGtv1zE9zx6w%2FEac7eXaqIfd4o3Hq8J%2BaIvzXwB5fKsanw8u17zRJRJrnayis0SB2J%2FPPc3mTI80UfxwQu4AkYdrQ%2BRJ%2FZt9VExe%2Bn0PBjUXCXNhqjpegnTAUddhzhJBEyENC3utCNdb%2BegKKTG%2BxeN4pC%2B2r91bGX11AHJ7yMuemyw7fAp3VkqV1iUPsNHs65RbaTwg07YCoqyI7mvGOHa%2F32qt8MbuF%2B8%2B3UYVW76aQMmHc5U6YjFYQfxsPFkVYTBUqng%2FN8KcuRic7IOqK2tuQ11LtygZZGiewD61dHnPCHKAmeSXNIiR%2Bte8%3D	LIVE	2026 Bowman - Chrome Prospects Josue De Paula #BCP-83 Orange Shimmer...	{"title":"2026 Bowman - Chrome Prospects Josue De Paula #BCP-83 Orange Shimmer...","preliminaryScopeStatus":"IMAGE_OR_IDENTITY_REVIEW_REQUIRED","queryFamilyIds":["baseball-prospect.josue-de-paula.true-first-bowman"],"preliminaryRisks":["true_first_bowman_not_proven_from_title"]}	{"status":"UNVERIFIED","verification":"native-browse-title-and-marketplace-images-only","frontVerified":false,"backVerified":false}	preliminary|2bc133059a10403a39	ebay|jthcollectibles|v1|147467278658|0	https://i.ebayimg.com/images/g/5nsAAeSwZl5qaNmP/s-l225.jpg	https://i.ebayimg.com/images/g/5nsAAeSwZl5qaNmP/s-l1600.jpg	FALSE	FALSE	FALSE	FALSE	{}											UNASSESSED	["true_first_bowman_not_proven_from_title"]	149.99	0																	INSUFFICIENT																	MANUAL REVIEW / UNPRICED	FALSE	FALSE	["exact_parallel_or_variation_not_verified","front_and_back_identity_not_verified","full_delivered_acquisition_cost_not_proven","identical_completed_sales_not_loaded","instacomp_exact_market_not_completed","owned_copy_exclusion_not_proven","true_first_bowman_not_proven_from_title"]	{"endpoints":["baseball_prospects"],"candidateId":"ebay:v1|147467278658|0","listingItemId":"v1|147467278658|0","queryFamilyIds":["baseball-prospect.josue-de-paula.true-first-bowman"],"buyingOptions":["FIXED_PRICE","BEST_OFFER"],"condition":"Ungraded","itemCreationDate":"2026-07-28T16:33:02.000Z","itemEndDate":null,"imageUrls":["https://i.ebayimg.com/images/g/5nsAAeSwZl5qaNmP/s-l225.jpg","https://i.ebayimg.com/images/g/5nsAAeSwZl5qaNmP/s-l1600.jpg"],"preliminaryScopeStatus":"IMAGE_OR_IDENTITY_REVIEW_REQUIRED","preliminaryRisks":["true_first_bowman_not_proven_from_title"]}
cand-s4-ebay-2934e31a60bad7d06d	dh-20260730T170046Z-7d4c2a91	4	2026-07-30T17:05:44.524826+00:00	BASEBALL PROSPECTS + SIGNED PROSPECT BASEBALLS / signed_prospect_baseball, true_first_bowman	Josue De Paula	true_first_bowman_card	eBay	senjicards		v1|147468134368|0	https://www.ebay.com/itm/147468134368?_skw=Josue+De+Paula+1st+Bowman+Chrome&hash=item2255c927e0%3Ag%3AGzQAAeSwQtRqaVlw	LIVE	JOSUE DE PAULA 2023 BOWMAN CHROME 1ST PROSPECT AUTO REFRACTOR /499 PSA 9	{"title":"JOSUE DE PAULA 2023 BOWMAN CHROME 1ST PROSPECT AUTO REFRACTOR /499 PSA 9","preliminaryScopeStatus":"DISCOVERY_SCOPE_PASS","queryFamilyIds":["baseball-prospect.josue-de-paula.true-first-bowman","signed-baseball.josue-de-paula"],"preliminaryRisks":[]}	{"status":"UNVERIFIED","verification":"native-browse-title-and-marketplace-images-only","frontVerified":false,"backVerified":false}	preliminary|2934e31a60bad7d06d	ebay|senjicards|v1|147468134368|0	https://i.ebayimg.com/images/g/GzQAAeSwQtRqaVlw/s-l225.jpg	https://i.ebayimg.com/images/g/GzQAAeSwQtRqaVlw/s-l1600.jpg	FALSE	FALSE	FALSE	FALSE	{}											UNASSESSED	[]	409.99																		INSUFFICIENT																	MANUAL REVIEW / UNPRICED	FALSE	FALSE	["exact_parallel_or_variation_not_verified","front_and_back_identity_not_verified","full_delivered_acquisition_cost_not_proven","identical_completed_sales_not_loaded","instacomp_exact_market_not_completed","owned_copy_exclusion_not_proven"]	{"endpoints":["baseball_prospects","signed_baseballs"],"candidateId":"ebay:v1|147468134368|0","listingItemId":"v1|147468134368|0","queryFamilyIds":["baseball-prospect.josue-de-paula.true-first-bowman","signed-baseball.josue-de-paula"],"buyingOptions":["FIXED_PRICE","BEST_OFFER"],"condition":"Graded","itemCreationDate":"2026-07-29T01:38:11.000Z","itemEndDate":null,"imageUrls":["https://i.ebayimg.com/images/g/GzQAAeSwQtRqaVlw/s-l225.jpg","https://i.ebayimg.com/images/g/GzQAAeSwQtRqaVlw/s-l1600.jpg"],"preliminaryScopeStatus":"DISCOVERY_SCOPE_PASS","preliminaryRisks":[]}
cand-s4-ebay-9e7da12fa1ebc7e232	dh-20260730T170046Z-7d4c2a91	4	2026-07-30T17:05:44.524826+00:00	BASEBALL PROSPECTS / true_first_bowman	Josue De Paula	true_first_bowman_card	eBay	jk341		v1|168566156779|0	https://www.ebay.com/itm/168566156779?_skw=Josue+De+Paula+1st+Bowman+Chrome&hash=item273f536deb%3Ag%3A1V8AAeSwVktqZsg%7E&amdata=enc%3AAQALAAABAACCtXRWQnOEpyOqnQQ8KGYScmbhcAW9vO7%2BhimVdWDPwo%2FMwwHMwZ3qPBVD%2FEWybycrHV4cx15mllRZRnhfi%2Fm0kOgM1wvHtdDgXlNnSbmDjcAjS4Vr8%2FRizHVw6gkQc50a%2Bt8Kfm9fjlQfriuFsnzg6SL3BTZSztdJbklYb1xb0mJw8aj0m%2Fnt2eHBFBDigKwXHFDCWGgdKDY1SLZ8xuiXo9rnIaFZHxF3%2BX9QaO2k1%2F6Ku5OUQH4FAjop17oazT6C%2F5pQGsaF7OAXjRfmfUg%2FdVm90lOlx0Li0xRDIKKee%2Bc924y20RtltZNtM0RoB5dVgeEJFK18ATTXbCQePAo%3D	LIVE	2023 Bowman - Chrome Prospect Autographs Josue De Paula #CPA-JDE (AU, RC)	{"title":"2023 Bowman - Chrome Prospect Autographs Josue De Paula #CPA-JDE (AU, RC)","preliminaryScopeStatus":"IMAGE_OR_IDENTITY_REVIEW_REQUIRED","queryFamilyIds":["baseball-prospect.josue-de-paula.true-first-bowman"],"preliminaryRisks":["true_first_bowman_not_proven_from_title"]}	{"status":"UNVERIFIED","verification":"native-browse-title-and-marketplace-images-only","frontVerified":false,"backVerified":false}	preliminary|9e7da12fa1ebc7e232	ebay|jk341|v1|168566156779|0	https://i.ebayimg.com/images/g/1V8AAeSwVktqZsg~/s-l225.jpg	https://i.ebayimg.com/images/g/1V8AAeSwVktqZsg~/s-l1600.jpg	FALSE	FALSE	FALSE	FALSE	{}											UNASSESSED	["true_first_bowman_not_proven_from_title"]	184.99																		INSUFFICIENT																	MANUAL REVIEW / UNPRICED	FALSE	FALSE	["exact_parallel_or_variation_not_verified","front_and_back_identity_not_verified","full_delivered_acquisition_cost_not_proven","identical_completed_sales_not_loaded","instacomp_exact_market_not_completed","owned_copy_exclusion_not_proven","true_first_bowman_not_proven_from_title"]	{"endpoints":["baseball_prospects"],"candidateId":"ebay:v1|168566156779|0","listingItemId":"v1|168566156779|0","queryFamilyIds":["baseball-prospect.josue-de-paula.true-first-bowman"],"buyingOptions":["FIXED_PRICE","BEST_OFFER"],"condition":"Ungraded","itemCreationDate":"2026-07-27T02:54:32.000Z","itemEndDate":null,"imageUrls":["https://i.ebayimg.com/images/g/1V8AAeSwVktqZsg~/s-l225.jpg","https://i.ebayimg.com/images/g/1V8AAeSwVktqZsg~/s-l1600.jpg"],"preliminaryScopeStatus":"IMAGE_OR_IDENTITY_REVIEW_REQUIRED","preliminaryRisks":["true_first_bowman_not_proven_from_title"]}
cand-s4-ebay-f9492c14c9b83c458f	dh-20260730T170046Z-7d4c2a91	4	2026-07-30T17:05:44.524826+00:00	BASEBALL PROSPECTS / true_first_bowman	Josue De Paula	true_first_bowman_card	eBay	lilbillz23		v1|227418614216|0	https://www.ebay.com/itm/227418614216?_skw=Josue+De+Paula+1st+Bowman+Chrome&hash=item34f334a9c8%3Ag%3ANNsAAeSwkvxqSyTx	LIVE	JOSUE DE PAULA 2023 1st Bowman Chrome Prospect Green Lunar Refractor DODGERS	{"title":"JOSUE DE PAULA 2023 1st Bowman Chrome Prospect Green Lunar Refractor DODGERS","preliminaryScopeStatus":"DISCOVERY_SCOPE_PASS","queryFamilyIds":["baseball-prospect.josue-de-paula.true-first-bowman"],"preliminaryRisks":[]}	{"status":"UNVERIFIED","verification":"native-browse-title-and-marketplace-images-only","frontVerified":false,"backVerified":false}	preliminary|f9492c14c9b83c458f	ebay|lilbillz23|v1|227418614216|0	https://i.ebayimg.com/images/g/NNsAAeSwkvxqSyTx/s-l225.jpg	https://i.ebayimg.com/images/g/NNsAAeSwkvxqSyTx/s-l1600.jpg	FALSE	FALSE	FALSE	FALSE	{}											UNASSESSED	[]	19.99																		INSUFFICIENT																	MANUAL REVIEW / UNPRICED	FALSE	FALSE	["exact_parallel_or_variation_not_verified","front_and_back_identity_not_verified","full_delivered_acquisition_cost_not_proven","identical_completed_sales_not_loaded","instacomp_exact_market_not_completed","owned_copy_exclusion_not_proven"]	{"endpoints":["baseball_prospects"],"candidateId":"ebay:v1|227418614216|0","listingItemId":"v1|227418614216|0","queryFamilyIds":["baseball-prospect.josue-de-paula.true-first-bowman"],"buyingOptions":["FIXED_PRICE","BEST_OFFER"],"condition":"Ungraded","itemCreationDate":"2026-07-06T03:46:45.000Z","itemEndDate":null,"imageUrls":["https://i.ebayimg.com/images/g/NNsAAeSwkvxqSyTx/s-l225.jpg","https://i.ebayimg.com/images/g/NNsAAeSwkvxqSyTx/s-l1600.jpg"],"preliminaryScopeStatus":"DISCOVERY_SCOPE_PASS","preliminaryRisks":[]}
cand-s4-ebay-4d2a75faafc8baff9f	dh-20260730T170046Z-7d4c2a91	4	2026-07-30T17:05:44.524826+00:00	BASEBALL PROSPECTS + SIGNED PROSPECT BASEBALLS / signed_prospect_baseball, true_first_bowman	Josue De Paula	true_first_bowman_card	eBay	jonnieringo		v1|236966736593|0	https://www.ebay.com/itm/236966736593?_skw=Josue+De+Paula+1st+Bowman+Chrome&hash=item372c5172d1%3Ag%3ASXMAAeSwan9qZ5w0	LIVE	💫 JOSUE DE PAULA 2023 1st Bowman Chrome Refractor RC Auto #/499 💫 Sharp	{"title":"💫 JOSUE DE PAULA 2023 1st Bowman Chrome Refractor RC Auto #/499 💫 Sharp","preliminaryScopeStatus":"DISCOVERY_SCOPE_PASS","queryFamilyIds":["baseball-prospect.josue-de-paula.true-first-bowman","signed-baseball.josue-de-paula"],"preliminaryRisks":[]}	{"status":"UNVERIFIED","verification":"native-browse-title-and-marketplace-images-only","frontVerified":false,"backVerified":false}	preliminary|4d2a75faafc8baff9f	ebay|jonnieringo|v1|236966736593|0	https://i.ebayimg.com/images/g/SXMAAeSwan9qZ5w0/s-l225.jpg	https://i.ebayimg.com/images/g/SXMAAeSwan9qZ5w0/s-l1600.jpg	FALSE	FALSE	FALSE	FALSE	{}											UNASSESSED	[]	499																		INSUFFICIENT																	MANUAL REVIEW / UNPRICED	FALSE	FALSE	["exact_parallel_or_variation_not_verified","front_and_back_identity_not_verified","full_delivered_acquisition_cost_not_proven","identical_completed_sales_not_loaded","instacomp_exact_market_not_completed","owned_copy_exclusion_not_proven"]	{"endpoints":["baseball_prospects","signed_baseballs"],"candidateId":"ebay:v1|236966736593|0","listingItemId":"v1|236966736593|0","queryFamilyIds":["baseball-prospect.josue-de-paula.true-first-bowman","signed-baseball.josue-de-paula"],"buyingOptions":["FIXED_PRICE","BEST_OFFER"],"condition":"Ungraded","itemCreationDate":"2026-07-27T17:59:16.000Z","itemEndDate":null,"imageUrls":["https://i.ebayimg.com/images/g/SXMAAeSwan9qZ5w0/s-l225.jpg","https://i.ebayimg.com/images/g/SXMAAeSwan9qZ5w0/s-l1600.jpg"],"preliminaryScopeStatus":"DISCOVERY_SCOPE_PASS","preliminaryRisks":[]}
cand-s4-ebay-15dfc6be813028fac2	dh-20260730T170046Z-7d4c2a91	4	2026-07-30T17:05:44.524826+00:00	BASEBALL PROSPECTS / true_first_bowman	Josue De Paula	true_first_bowman_card	eBay	vmuro3		v1|257650448263|0	https://www.ebay.com/itm/257650448263?_skw=Josue+De+Paula+1st+Bowman+Chrome&hash=item3bfd29d787%3Ag%3AkbYAAeSwsHRqatTU&amdata=enc%3AAQALAAABAACCtXRWQnOEpyOqnQQ8KGZFhorzbebZohcCFqYjBxbFo3QJBy7QZHaQfAGV%2FJTpuWfhuwFNQxTn%2B9%2FMkkJUh0AvvRBLHyytwtsnEabXn0Txw88eznKsRUJAtbVZNQ2gEsFS6dH7tYAXw3qupEfw4Evf5Ya3cUgwQvsQCWtMMi8yFW6m%2FryuACxxNZvGkazoo0kqQQA3%2FprZQNokyisyLYELsEcxNIH5TwW2op9te5O2k09LApQX0%2BJHOzQB8fd6VQ%2BF0oKizUqryJVVwDTia2JyOLhB8NlJuEvrWnqfw%2BRvVrrbzRB0W2IW43I9hZbS7LsOSlEfxm34Rdi4MO7wwiQ%3D	LIVE	2023 Bowman Josue De Paula 1st Bowman Lava Refractor 110/399 Dodgers	{"title":"2023 Bowman Josue De Paula 1st Bowman Lava Refractor 110/399 Dodgers ","preliminaryScopeStatus":"DISCOVERY_SCOPE_PASS","queryFamilyIds":["baseball-prospect.josue-de-paula.true-first-bowman"],"preliminaryRisks":[]}	{"status":"UNVERIFIED","verification":"native-browse-title-and-marketplace-images-only","frontVerified":false,"backVerified":false}	preliminary|15dfc6be813028fac2	ebay|vmuro3|v1|257650448263|0	https://i.ebayimg.com/images/g/kbYAAeSwsHRqatTU/s-l225.jpg	https://i.ebayimg.com/images/g/kbYAAeSwsHRqatTU/s-l1600.jpg	FALSE	FALSE	FALSE	FALSE	{}											UNASSESSED	[]	190																		INSUFFICIENT																	MANUAL REVIEW / UNPRICED	FALSE	FALSE	["exact_parallel_or_variation_not_verified","front_and_back_identity_not_verified","full_delivered_acquisition_cost_not_proven","identical_completed_sales_not_loaded","instacomp_exact_market_not_completed","owned_copy_exclusion_not_proven"]	{"endpoints":["baseball_prospects"],"candidateId":"ebay:v1|257650448263|0","listingItemId":"v1|257650448263|0","queryFamilyIds":["baseball-prospect.josue-de-paula.true-first-bowman"],"buyingOptions":["FIXED_PRICE","BEST_OFFER"],"condition":"Graded","itemCreationDate":"2026-07-30T04:38:19.000Z","itemEndDate":null,"imageUrls":["https://i.ebayimg.com/images/g/kbYAAeSwsHRqatTU/s-l225.jpg","https://i.ebayimg.com/images/g/kbYAAeSwsHRqatTU/s-l1600.jpg"],"preliminaryScopeStatus":"DISCOVERY_SCOPE_PASS","preliminaryRisks":[]}
cand-s4-ebay-ae7327a331efe172df	dh-20260730T170046Z-7d4c2a91	4	2026-07-30T17:05:44.524826+00:00	BASEBALL PROSPECTS / true_first_bowman	Josue De Paula	true_first_bowman_card	eBay	kes935		v1|266283528379|0	https://www.ebay.com/itm/266283528379?_skw=Josue+De+Paula+1st+Bowman+Chrome&hash=item3dffbc30bb%3Ag%3AaBAAAOSw6xNke0z9	LIVE	PSA 10 JOSUE DE PAULA 1st 2023 Bowman Chrome Prospects DODGERS RC GEM MINT	{"title":"PSA 10 JOSUE DE PAULA 1st 2023 Bowman Chrome Prospects DODGERS RC GEM MINT","preliminaryScopeStatus":"DISCOVERY_SCOPE_PASS","queryFamilyIds":["baseball-prospect.josue-de-paula.true-first-bowman"],"preliminaryRisks":[]}	{"status":"UNVERIFIED","verification":"native-browse-title-and-marketplace-images-only","frontVerified":false,"backVerified":false}	preliminary|ae7327a331efe172df	ebay|kes935|v1|266283528379|0	https://i.ebayimg.com/images/g/aBAAAOSw6xNke0z9/s-l225.jpg	https://i.ebayimg.com/images/g/aBAAAOSw6xNke0z9/s-l1600.jpg	FALSE	FALSE	FALSE	FALSE	{}											UNASSESSED	[]	139.99	0																	INSUFFICIENT																	MANUAL REVIEW / UNPRICED	FALSE	FALSE	["exact_parallel_or_variation_not_verified","front_and_back_identity_not_verified","full_delivered_acquisition_cost_not_proven","identical_completed_sales_not_loaded","instacomp_exact_market_not_completed","owned_copy_exclusion_not_proven"]	{"endpoints":["baseball_prospects"],"candidateId":"ebay:v1|266283528379|0","listingItemId":"v1|266283528379|0","queryFamilyIds":["baseball-prospect.josue-de-paula.true-first-bowman"],"buyingOptions":["FIXED_PRICE","BEST_OFFER"],"condition":"Graded","itemCreationDate":"2023-06-03T14:25:04.000Z","itemEndDate":null,"imageUrls":["https://i.ebayimg.com/images/g/aBAAAOSw6xNke0z9/s-l225.jpg","https://i.ebayimg.com/images/g/aBAAAOSw6xNke0z9/s-l1600.jpg"],"preliminaryScopeStatus":"DISCOVERY_SCOPE_PASS","preliminaryRisks":[]}
cand-s4-ebay-48f268317a412c449d	dh-20260730T170046Z-7d4c2a91	4	2026-07-30T17:05:44.524826+00:00	BASEBALL PROSPECTS / true_first_bowman	Josue De Paula	true_first_bowman_card	eBay	fltoolbox		v1|277793258985|0	https://www.ebay.com/itm/277793258985?_skw=Josue+De+Paula+1st+Bowman+Chrome&hash=item40adc4bde9%3Ag%3AHQIAAeSwpZhpsZxL&amdata=enc%3AAQALAAABAACCtXRWQnOEpyOqnQQ8KGabvJEp0A6H7h%2BT5Fr%2BwuZ2ivuHKWX04Z3UQlVKUAD0XhXCq2aVCoVcjCFqXhzAxOxNPGOuQXydftZB0u9VHQIgp6Ebxq3ZtrIfElySGRRTrly7onztVpwbmmVdWUZOJFQ3mu3fGNOZI2N7%2BeMgJPt7TIRpArjCMXYspa%2FaNfu0dzql5WGa3ZcNGLD6NBcfDy01SNCjrmwpmLmk48xzxxpYvkpzebdPO8FA37Xm0n%2BZuoPfyF0IUCsxc1F8AAcJ1wz%2Fp%2FkVAEQDPHnwJWS69bliyKgP2cDbRpuyXDE46kCWwfKRrefRNo3ODo8s%2BnQeQ1E%3D	LIVE	2023 Bowman Josue De Paula 1st Aqua Crater Ref /125 #BCP-111 PSA 10 Gem Dodgers	{"title":"2023 Bowman Josue De Paula 1st Aqua Crater Ref /125 #BCP-111 PSA 10 Gem Dodgers","preliminaryScopeStatus":"DISCOVERY_SCOPE_PASS","queryFamilyIds":["baseball-prospect.josue-de-paula.true-first-bowman"],"preliminaryRisks":[]}	{"status":"UNVERIFIED","verification":"native-browse-title-and-marketplace-images-only","frontVerified":false,"backVerified":false}	preliminary|48f268317a412c449d	ebay|fltoolbox|v1|277793258985|0	https://i.ebayimg.com/images/g/HQIAAeSwpZhpsZxL/s-l225.jpg	https://i.ebayimg.com/images/g/HQIAAeSwpZhpsZxL/s-l1600.jpg	FALSE	FALSE	FALSE	FALSE	{}											UNASSESSED	[]	239.96	5.95																	INSUFFICIENT																	MANUAL REVIEW / UNPRICED	FALSE	FALSE	["exact_parallel_or_variation_not_verified","front_and_back_identity_not_verified","full_delivered_acquisition_cost_not_proven","identical_completed_sales_not_loaded","instacomp_exact_market_not_completed","owned_copy_exclusion_not_proven"]	{"endpoints":["baseball_prospects"],"candidateId":"ebay:v1|277793258985|0","listingItemId":"v1|277793258985|0","queryFamilyIds":["baseball-prospect.josue-de-paula.true-first-bowman"],"buyingOptions":["FIXED_PRICE","BEST_OFFER"],"condition":"Graded","itemCreationDate":"2026-03-11T16:46:43.000Z","itemEndDate":null,"imageUrls":["https://i.ebayimg.com/images/g/HQIAAeSwpZhpsZxL/s-l225.jpg","https://i.ebayimg.com/images/g/HQIAAeSwpZhpsZxL/s-l1600.jpg"],"preliminaryScopeStatus":"DISCOVERY_SCOPE_PASS","preliminaryRisks":[]}
cand-s4-ebay-9f6f02d2be640acdd0	dh-20260730T170046Z-7d4c2a91	4	2026-07-30T17:05:44.524826+00:00	BASEBALL PROSPECTS / true_first_bowman	Josue De Paula	true_first_bowman_card	eBay	bonebad1		v1|278230023439|0	https://www.ebay.com/itm/278230023439?_skw=Josue+De+Paula+1st+Bowman+Chrome&hash=item40c7cd3d0f%3Ag%3AERMAAeSwW3hqatAh	LIVE	2023 Bowman Chrome Josue De Paula Mega Box Rookie PSA 10	{"title":"2023 Bowman Chrome Josue De Paula Mega Box Rookie PSA 10","preliminaryScopeStatus":"IMAGE_OR_IDENTITY_REVIEW_REQUIRED","queryFamilyIds":["baseball-prospect.josue-de-paula.true-first-bowman"],"preliminaryRisks":["true_first_bowman_not_proven_from_title"]}	{"status":"UNVERIFIED","verification":"native-browse-title-and-marketplace-images-only","frontVerified":false,"backVerified":false}	preliminary|9f6f02d2be640acdd0	ebay|bonebad1|v1|278230023439|0	https://i.ebayimg.com/images/g/ERMAAeSwW3hqatAh/s-l225.jpg	https://i.ebayimg.com/images/g/ERMAAeSwW3hqatAh/s-l960.jpg	FALSE	FALSE	FALSE	FALSE	{}											UNASSESSED	["true_first_bowman_not_proven_from_title"]	75	0																	INSUFFICIENT																	MANUAL REVIEW / UNPRICED	FALSE	FALSE	["exact_parallel_or_variation_not_verified","front_and_back_identity_not_verified","full_delivered_acquisition_cost_not_proven","identical_completed_sales_not_loaded","instacomp_exact_market_not_completed","owned_copy_exclusion_not_proven","true_first_bowman_not_proven_from_title"]	{"endpoints":["baseball_prospects"],"candidateId":"ebay:v1|278230023439|0","listingItemId":"v1|278230023439|0","queryFamilyIds":["baseball-prospect.josue-de-paula.true-first-bowman"],"buyingOptions":["FIXED_PRICE"],"condition":"Graded","itemCreationDate":"2026-07-30T04:16:54.000Z","itemEndDate":null,"imageUrls":["https://i.ebayimg.com/images/g/ERMAAeSwW3hqatAh/s-l225.jpg","https://i.ebayimg.com/images/g/ERMAAeSwW3hqatAh/s-l960.jpg"],"preliminaryScopeStatus":"IMAGE_OR_IDENTITY_REVIEW_REQUIRED","preliminaryRisks":["true_first_bowman_not_proven_from_title"]}
cand-s4-ebay-27967fa4fe9950f620	dh-20260730T170046Z-7d4c2a91	4	2026-07-30T17:05:44.524826+00:00	BASEBALL PROSPECTS / true_first_bowman	Josue De Paula	true_first_bowman_card	eBay	ludet35		v1|287486061506|0	https://www.ebay.com/itm/287486061506?_skw=Josue+De+Paula+1st+Bowman+Chrome&hash=item42ef812bc2%3Ag%3AnyEAAeSw8QJqZqNI	LIVE	2023 Josue De Paula 1st Bowman Chrome Auto PSA 9 Invest!	{"title":"2023 Josue De Paula 1st Bowman Chrome Auto PSA 9 Invest!","preliminaryScopeStatus":"DISCOVERY_SCOPE_PASS","queryFamilyIds":["baseball-prospect.josue-de-paula.true-first-bowman"],"preliminaryRisks":[]}	{"status":"UNVERIFIED","verification":"native-browse-title-and-marketplace-images-only","frontVerified":false,"backVerified":false}	preliminary|27967fa4fe9950f620	ebay|ludet35|v1|287486061506|0	https://i.ebayimg.com/images/g/nyEAAeSw8QJqZqNI/s-l225.jpg	https://i.ebayimg.com/images/g/nyEAAeSw8QJqZqNI/s-l1600.jpg	FALSE	FALSE	FALSE	FALSE	{}											UNASSESSED	[]	240	6																	INSUFFICIENT																	MANUAL REVIEW / UNPRICED	FALSE	FALSE	["exact_parallel_or_variation_not_verified","front_and_back_identity_not_verified","full_delivered_acquisition_cost_not_proven","identical_completed_sales_not_loaded","instacomp_exact_market_not_completed","owned_copy_exclusion_not_proven"]	{"endpoints":["baseball_prospects"],"candidateId":"ebay:v1|287486061506|0","listingItemId":"v1|287486061506|0","queryFamilyIds":["baseball-prospect.josue-de-paula.true-first-bowman"],"buyingOptions":["FIXED_PRICE","BEST_OFFER"],"condition":"Graded","itemCreationDate":"2026-07-27T00:18:21.000Z","itemEndDate":null,"imageUrls":["https://i.ebayimg.com/images/g/nyEAAeSw8QJqZqNI/s-l225.jpg","https://i.ebayimg.com/images/g/nyEAAeSw8QJqZqNI/s-l1600.jpg"],"preliminaryScopeStatus":"DISCOVERY_SCOPE_PASS","preliminaryRisks":[]}
cand-s4-ebay-85edc410e0dc085051	dh-20260730T170046Z-7d4c2a91	4	2026-07-30T17:05:44.524826+00:00	BASEBALL PROSPECTS / true_first_bowman	Josue De Paula	true_first_bowman_card	eBay	yeehawgcards		v1|298513229221|0	https://www.ebay.com/itm/298513229221?_skw=Josue+De+Paula+1st+Bowman+Chrome&hash=item4580c665a5%3Ag%3AxTwAAeSwhQNqWpuC	LIVE	Josue De Paula 2023 Bowman Chrome 1st Atomic Refractor #BCP-111 PSA 10 Dodgers	{"title":"Josue De Paula 2023 Bowman Chrome 1st Atomic Refractor #BCP-111 PSA 10 Dodgers","preliminaryScopeStatus":"DISCOVERY_SCOPE_PASS","queryFamilyIds":["baseball-prospect.josue-de-paula.true-first-bowman"],"preliminaryRisks":[]}	{"status":"UNVERIFIED","verification":"native-browse-title-and-marketplace-images-only","frontVerified":false,"backVerified":false}	preliminary|85edc410e0dc085051	ebay|yeehawgcards|v1|298513229221|0	https://i.ebayimg.com/images/g/xTwAAeSwhQNqWpuC/s-l225.jpg	https://i.ebayimg.com/images/g/xTwAAeSwhQNqWpuC/s-l1600.jpg	FALSE	FALSE	FALSE	FALSE	{}											UNASSESSED	[]	199	8.99																	INSUFFICIENT																	MANUAL REVIEW / UNPRICED	FALSE	FALSE	["exact_parallel_or_variation_not_verified","front_and_back_identity_not_verified","full_delivered_acquisition_cost_not_proven","identical_completed_sales_not_loaded","instacomp_exact_market_not_completed","owned_copy_exclusion_not_proven"]	{"endpoints":["baseball_prospects"],"candidateId":"ebay:v1|298513229221|0","listingItemId":"v1|298513229221|0","queryFamilyIds":["baseball-prospect.josue-de-paula.true-first-bowman"],"buyingOptions":["FIXED_PRICE","BEST_OFFER"],"condition":"Graded","itemCreationDate":"2026-07-17T21:15:58.000Z","itemEndDate":null,"imageUrls":["https://i.ebayimg.com/images/g/xTwAAeSwhQNqWpuC/s-l225.jpg","https://i.ebayimg.com/images/g/xTwAAeSwhQNqWpuC/s-l1600.jpg"],"preliminaryScopeStatus":"DISCOVERY_SCOPE_PASS","preliminaryRisks":[]}
cand-s4-ebay-cbef10cf85a7aca449	dh-20260730T170046Z-7d4c2a91	4	2026-07-30T17:05:44.524826+00:00	BASEBALL PROSPECTS / true_first_bowman	Josue De Paula	true_first_bowman_card	eBay	jimbobsportscards		v1|366568881065|0	https://www.ebay.com/itm/366568881065?_skw=Josue+De+Paula+1st+Bowman+Chrome&hash=item5559353ba9%3Ag%3Aa-4AAeSwmaVqZ3bb	LIVE	Josue De Paula 1st Bowman Chrome Blue Refractor /150 PSA 10 Dodgers Rookie	{"title":"Josue De Paula 1st Bowman Chrome Blue Refractor /150 PSA 10 Dodgers Rookie","preliminaryScopeStatus":"DISCOVERY_SCOPE_PASS","queryFamilyIds":["baseball-prospect.josue-de-paula.true-first-bowman"],"preliminaryRisks":[]}	{"status":"UNVERIFIED","verification":"native-browse-title-and-marketplace-images-only","frontVerified":false,"backVerified":false}	preliminary|cbef10cf85a7aca449	ebay|jimbobsportscards|v1|366568881065|0	https://i.ebayimg.com/images/g/a-4AAeSwmaVqZ3bb/s-l225.jpg	https://i.ebayimg.com/images/g/a-4AAeSwmaVqZ3bb/s-l1600.jpg	FALSE	FALSE	FALSE	FALSE	{}											UNASSESSED	[]	450																		INSUFFICIENT																	MANUAL REVIEW / UNPRICED	FALSE	FALSE	["exact_parallel_or_variation_not_verified","front_and_back_identity_not_verified","full_delivered_acquisition_cost_not_proven","identical_completed_sales_not_loaded","instacomp_exact_market_not_completed","owned_copy_exclusion_not_proven"]	{"endpoints":["baseball_prospects"],"candidateId":"ebay:v1|366568881065|0","listingItemId":"v1|366568881065|0","queryFamilyIds":["baseball-prospect.josue-de-paula.true-first-bowman"],"buyingOptions":["FIXED_PRICE","BEST_OFFER"],"condition":"Graded","itemCreationDate":"2026-07-27T15:20:38.000Z","itemEndDate":null,"imageUrls":["https://i.ebayimg.com/images/g/a-4AAeSwmaVqZ3bb/s-l225.jpg","https://i.ebayimg.com/images/g/a-4AAeSwmaVqZ3bb/s-l1600.jpg"],"preliminaryScopeStatus":"DISCOVERY_SCOPE_PASS","preliminaryRisks":[]}
cand-s4-ebay-36f9c03c62288783e3	dh-20260730T170046Z-7d4c2a91	4	2026-07-30T17:05:44.524826+00:00	BASEBALL PROSPECTS / true_first_bowman	Josue De Paula	true_first_bowman_card	eBay	cvillecollectiblesig		v1|398228011506|0	https://www.ebay.com/itm/398228011506?_skw=Josue+De+Paula+1st+Bowman+Chrome&hash=item5cb83d39f2%3Ag%3AfHwAAeSw0XBqajfi	LIVE	2023 Bowman Josue De Paula 1st Chrome Atomic Refractor Auto /100 PSA 10	{"title":"2023 Bowman Josue De Paula 1st Chrome Atomic Refractor Auto /100 PSA 10","preliminaryScopeStatus":"DISCOVERY_SCOPE_PASS","queryFamilyIds":["baseball-prospect.josue-de-paula.true-first-bowman"],"preliminaryRisks":[]}	{"status":"UNVERIFIED","verification":"native-browse-title-and-marketplace-images-only","frontVerified":false,"backVerified":false}	preliminary|36f9c03c62288783e3	ebay|cvillecollectiblesig|v1|398228011506|0	https://i.ebayimg.com/images/g/fHwAAeSw0XBqajfi/s-l225.jpg	https://i.ebayimg.com/images/g/fHwAAeSw0XBqajfi/s-l1600.jpg	FALSE	FALSE	FALSE	FALSE	{}											UNASSESSED	[]	1799.99	0																	INSUFFICIENT																	MANUAL REVIEW / UNPRICED	FALSE	FALSE	["exact_parallel_or_variation_not_verified","front_and_back_identity_not_verified","full_delivered_acquisition_cost_not_proven","identical_completed_sales_not_loaded","instacomp_exact_market_not_completed","owned_copy_exclusion_not_proven"]	{"endpoints":["baseball_prospects"],"candidateId":"ebay:v1|398228011506|0","listingItemId":"v1|398228011506|0","queryFamilyIds":["baseball-prospect.josue-de-paula.true-first-bowman"],"buyingOptions":["FIXED_PRICE"],"condition":"Graded","itemCreationDate":"2026-07-29T17:27:45.000Z","itemEndDate":null,"imageUrls":["https://i.ebayimg.com/images/g/fHwAAeSw0XBqajfi/s-l225.jpg","https://i.ebayimg.com/images/g/fHwAAeSw0XBqajfi/s-l1600.jpg"],"preliminaryScopeStatus":"DISCOVERY_SCOPE_PASS","preliminaryRisks":[]}
cand-s4-ebay-7fcd0e79cbd30826d3	dh-20260730T170046Z-7d4c2a91	4	2026-07-30T17:05:44.524826+00:00	BASEBALL PROSPECTS / true_first_bowman	Josue De Paula	true_first_bowman_card	eBay	rootn4davillain		v1|407066714173|0	https://www.ebay.com/itm/407066714173?_skw=Josue+De+Paula+1st+Bowman+Chrome&hash=item5ec711203d%3Ag%3A-icAAeSwNRxqUw3B	LIVE	Josue De Paula 2023 Bowman Chrome 1st Bowman Mega Box Mojo Refractor #BCP-111	{"title":"Josue De Paula 2023 Bowman Chrome 1st Bowman Mega Box Mojo Refractor #BCP-111","preliminaryScopeStatus":"DISCOVERY_SCOPE_PASS","queryFamilyIds":["baseball-prospect.josue-de-paula.true-first-bowman"],"preliminaryRisks":[]}	{"status":"UNVERIFIED","verification":"native-browse-title-and-marketplace-images-only","frontVerified":false,"backVerified":false}	preliminary|7fcd0e79cbd30826d3	ebay|rootn4davillain|v1|407066714173|0	https://i.ebayimg.com/images/g/-icAAeSwNRxqUw3B/s-l225.jpg	https://i.ebayimg.com/images/g/-icAAeSwNRxqUw3B/s-l1600.jpg	FALSE	FALSE	FALSE	FALSE	{}											UNASSESSED	[]	9.99	0.85																	INSUFFICIENT																	MANUAL REVIEW / UNPRICED	FALSE	FALSE	["exact_parallel_or_variation_not_verified","front_and_back_identity_not_verified","full_delivered_acquisition_cost_not_proven","identical_completed_sales_not_loaded","instacomp_exact_market_not_completed","owned_copy_exclusion_not_proven"]	{"endpoints":["baseball_prospects"],"candidateId":"ebay:v1|407066714173|0","listingItemId":"v1|407066714173|0","queryFamilyIds":["baseball-prospect.josue-de-paula.true-first-bowman"],"buyingOptions":["FIXED_PRICE","BEST_OFFER"],"condition":"Ungraded","itemCreationDate":"2026-07-12T03:46:28.000Z","itemEndDate":null,"imageUrls":["https://i.ebayimg.com/images/g/-icAAeSwNRxqUw3B/s-l225.jpg","https://i.ebayimg.com/images/g/-icAAeSwNRxqUw3B/s-l1600.jpg"],"preliminaryScopeStatus":"DISCOVERY_SCOPE_PASS","preliminaryRisks":[]}
cand-s4-ebay-994c4ba8287c0170b5	dh-20260730T170046Z-7d4c2a91	4	2026-07-30T17:05:44.524826+00:00	BASEBALL PROSPECTS / true_first_bowman	Josue De Paula	true_first_bowman_card	eBay	djn369		v1|407068073324|0	https://www.ebay.com/itm/407068073324?_skw=Josue+De+Paula+1st+Bowman+Chrome&hash=item5ec725dd6c%3Ag%3A%7En8AAeSwlYhqU93w	LIVE	2023 1st Bowman Chrome Josue De Paula BCP-111 Mojo Refractor	{"title":"2023 1st Bowman Chrome Josue De Paula BCP-111 Mojo Refractor","preliminaryScopeStatus":"DISCOVERY_SCOPE_PASS","queryFamilyIds":["baseball-prospect.josue-de-paula.true-first-bowman"],"preliminaryRisks":[]}	{"status":"UNVERIFIED","verification":"native-browse-title-and-marketplace-images-only","frontVerified":false,"backVerified":false}	preliminary|994c4ba8287c0170b5	ebay|djn369|v1|407068073324|0	https://i.ebayimg.com/images/g/~n8AAeSwlYhqU93w/s-l225.jpg	https://i.ebayimg.com/images/g/~n8AAeSwlYhqU93w/s-l1600.jpg	FALSE	FALSE	FALSE	FALSE	{}											UNASSESSED	[]	6.99																		INSUFFICIENT																	MANUAL REVIEW / UNPRICED	FALSE	FALSE	["exact_parallel_or_variation_not_verified","front_and_back_identity_not_verified","full_delivered_acquisition_cost_not_proven","identical_completed_sales_not_loaded","instacomp_exact_market_not_completed","owned_copy_exclusion_not_proven"]	{"endpoints":["baseball_prospects"],"candidateId":"ebay:v1|407068073324|0","listingItemId":"v1|407068073324|0","queryFamilyIds":["baseball-prospect.josue-de-paula.true-first-bowman"],"buyingOptions":["FIXED_PRICE","BEST_OFFER"],"condition":"Ungraded","itemCreationDate":"2026-07-12T18:35:08.000Z","itemEndDate":null,"imageUrls":["https://i.ebayimg.com/images/g/~n8AAeSwlYhqU93w/s-l225.jpg","https://i.ebayimg.com/images/g/~n8AAeSwlYhqU93w/s-l1600.jpg"],"preliminaryScopeStatus":"DISCOVERY_SCOPE_PASS","preliminaryRisks":[]}
cand-s4-ebay-b3aa2505ab1dd0e670	dh-20260730T170046Z-7d4c2a91	4	2026-07-30T17:05:44.524826+00:00	BASEBALL PROSPECTS / true_first_bowman	Josue De Paula	true_first_bowman_card	eBay	thepkcollects		v1|800407450184|0	https://www.ebay.com/itm/800407450184?_skw=Josue+De+Paula+1st+Bowman+Chrome&hash=itemba5c007248%3Ag%3ADt0AAeSwRQxqZUQi	LIVE	2026 Bowman Chrome Josue De Paula #BCP-83 Purple Geometric Refractor /250	{"title":"2026 Bowman Chrome Josue De Paula #BCP-83 Purple Geometric Refractor /250","preliminaryScopeStatus":"IMAGE_OR_IDENTITY_REVIEW_REQUIRED","queryFamilyIds":["baseball-prospect.josue-de-paula.true-first-bowman"],"preliminaryRisks":["true_first_bowman_not_proven_from_title"]}	{"status":"UNVERIFIED","verification":"native-browse-title-and-marketplace-images-only","frontVerified":false,"backVerified":false}	preliminary|b3aa2505ab1dd0e670	ebay|thepkcollects|v1|800407450184|0	https://i.ebayimg.com/images/g/Dt0AAeSwRQxqZUQi/s-l225.jpg	https://i.ebayimg.com/images/g/Dt0AAeSwRQxqZUQi/s-l1600.jpg	FALSE	FALSE	FALSE	FALSE	{}											UNASSESSED	["true_first_bowman_not_proven_from_title"]	6.99																		INSUFFICIENT																	MANUAL REVIEW / UNPRICED	FALSE	FALSE	["exact_parallel_or_variation_not_verified","front_and_back_identity_not_verified","full_delivered_acquisition_cost_not_proven","identical_completed_sales_not_loaded","instacomp_exact_market_not_completed","owned_copy_exclusion_not_proven","true_first_bowman_not_proven_from_title"]	{"endpoints":["baseball_prospects"],"candidateId":"ebay:v1|800407450184|0","listingItemId":"v1|800407450184|0","queryFamilyIds":["baseball-prospect.josue-de-paula.true-first-bowman"],"buyingOptions":["FIXED_PRICE","BEST_OFFER"],"condition":"Ungraded","itemCreationDate":"2026-07-29T07:00:01.000Z","itemEndDate":null,"imageUrls":["https://i.ebayimg.com/images/g/Dt0AAeSwRQxqZUQi/s-l225.jpg","https://i.ebayimg.com/images/g/Dt0AAeSwRQxqZUQi/s-l1600.jpg"],"preliminaryScopeStatus":"IMAGE_OR_IDENTITY_REVIEW_REQUIRED","preliminaryRisks":["true_first_bowman_not_proven_from_title"]}
cand-s4-ebay-d31840a1edae5b7f32	dh-20260730T170046Z-7d4c2a91	4	2026-07-30T17:05:44.524826+00:00	BASEBALL PROSPECTS / true_first_bowman	Leo De Vries	true_first_bowman_card	eBay	chdi-7194		v1|137510050046|0	https://www.ebay.com/itm/137510050046?_skw=Leo+De+Vries+1st+Bowman+Chrome&hash=item20043cd8fe%3Ag%3AjhIAAeSw6PpqVU8r&amdata=enc%3AAQALAAABAACCtXRWQnOEpyOqnQQ8KGaU2L1BFE4E2JMQyK0x9Xd9vf4SsaduVHwUl%2BucfDMpFuCX3EEAOKe3Mi0tdcd2BmxvLog0IVPcBpshYsdcTA9%2F1E74%2FqluY582OhbPctS43Yvl2d2upymqjDQadcOI6r%2BbJPvqdGKWEMNhmQduMEfgiZFenNqurvjsx1Yy4ZdUMpUmB6cy79Zzr0Ly1JAHVxuVpPxQ3MdwgcKQlwGMGqUz6VKwe4AdS%2FH2Gb0DCzCeKr%2BMOwnVKV0i6lKl09rnS8doa4jAwgQ4mvQLXzN0ooi%2FVkOWpo6X%2Fi8brdiqwTnlMIXc%2BdDwZmZqvgiTGYX8fBQ%3D	LIVE	⚾️Leo De Vries 15-CARD ROOKIE LOT (2024-2025), San Diego Padres	{"title":"⚾️Leo De Vries 15-CARD ROOKIE LOT (2024-2025), San Diego Padres","preliminaryScopeStatus":"IMAGE_OR_IDENTITY_REVIEW_REQUIRED","queryFamilyIds":["baseball-prospect.leo-de-vries.true-first-bowman"],"preliminaryRisks":["true_first_bowman_not_proven_from_title"]}	{"status":"UNVERIFIED","verification":"native-browse-title-and-marketplace-images-only","frontVerified":false,"backVerified":false}	preliminary|d31840a1edae5b7f32	ebay|chdi-7194|v1|137510050046|0	https://i.ebayimg.com/images/g/jhIAAeSw6PpqVU8r/s-l225.jpg	https://i.ebayimg.com/images/g/jhIAAeSw6PpqVU8r/s-l1600.jpg	FALSE	FALSE	FALSE	FALSE	{}											UNASSESSED	["true_first_bowman_not_proven_from_title"]	18.99	1.99																	INSUFFICIENT																	MANUAL REVIEW / UNPRICED	FALSE	FALSE	["exact_parallel_or_variation_not_verified","front_and_back_identity_not_verified","full_delivered_acquisition_cost_not_proven","identical_completed_sales_not_loaded","instacomp_exact_market_not_completed","owned_copy_exclusion_not_proven","true_first_bowman_not_proven_from_title"]	{"endpoints":["baseball_prospects"],"candidateId":"ebay:v1|137510050046|0","listingItemId":"v1|137510050046|0","queryFamilyIds":["baseball-prospect.leo-de-vries.true-first-bowman"],"buyingOptions":["FIXED_PRICE"],"condition":"Used","itemCreationDate":"2026-07-13T20:55:00.000Z","itemEndDate":null,"imageUrls":["https://i.ebayimg.com/images/g/jhIAAeSw6PpqVU8r/s-l225.jpg","https://i.ebayimg.com/images/g/jhIAAeSw6PpqVU8r/s-l1600.jpg"],"preliminaryScopeStatus":"IMAGE_OR_IDENTITY_REVIEW_REQUIRED","preliminaryRisks":["true_first_bowman_not_proven_from_title"]}
cand-s4-ebay-a6983585c51d731104	dh-20260730T170046Z-7d4c2a91	4	2026-07-30T17:05:44.524826+00:00	BASEBALL PROSPECTS / true_first_bowman	Leo De Vries	true_first_bowman_card	eBay	sportscards_wa1		v1|158132336112|0	https://www.ebay.com/itm/158132336112?_skw=Leo+De+Vries+1st+Bowman+Chrome&hash=item24d16bf5f0%3Ag%3Ag%7EIAAeSw7ehqak00	LIVE	2024 Bowman Chrome - Prospects Leo De Vries #BCP-179 1st Bowman	{"title":"2024 Bowman Chrome - Prospects Leo De Vries #BCP-179 1st Bowman","preliminaryScopeStatus":"DISCOVERY_SCOPE_PASS","queryFamilyIds":["baseball-prospect.leo-de-vries.true-first-bowman"],"preliminaryRisks":[]}	{"status":"UNVERIFIED","verification":"native-browse-title-and-marketplace-images-only","frontVerified":false,"backVerified":false}	preliminary|a6983585c51d731104	ebay|sportscards_wa1|v1|158132336112|0	https://i.ebayimg.com/images/g/g~IAAeSw7ehqak00/s-l225.jpg	https://i.ebayimg.com/images/g/g~IAAeSw7ehqak00/s-l1600.jpg	FALSE	FALSE	FALSE	FALSE	{}											UNASSESSED	[]	10																		INSUFFICIENT																	MANUAL REVIEW / UNPRICED	FALSE	FALSE	["exact_parallel_or_variation_not_verified","front_and_back_identity_not_verified","full_delivered_acquisition_cost_not_proven","identical_completed_sales_not_loaded","instacomp_exact_market_not_completed","owned_copy_exclusion_not_proven"]	{"endpoints":["baseball_prospects"],"candidateId":"ebay:v1|158132336112|0","listingItemId":"v1|158132336112|0","queryFamilyIds":["baseball-prospect.leo-de-vries.true-first-bowman"],"buyingOptions":["FIXED_PRICE","BEST_OFFER"],"condition":"Ungraded","itemCreationDate":"2026-07-29T18:58:51.000Z","itemEndDate":null,"imageUrls":["https://i.ebayimg.com/images/g/g~IAAeSw7ehqak00/s-l225.jpg","https://i.ebayimg.com/images/g/g~IAAeSw7ehqak00/s-l1600.jpg"],"preliminaryScopeStatus":"DISCOVERY_SCOPE_PASS","preliminaryRisks":[]}
cand-s4-ebay-536e1ab38baba00118	dh-20260730T170046Z-7d4c2a91	4	2026-07-30T17:05:44.524826+00:00	BASEBALL PROSPECTS / first_bowman_autograph_color_numbered	Leo De Vries	true_first_bowman_autograph_parallel	eBay	murcinary207		v1|178260668736|0	https://www.ebay.com/itm/178260668736?_skw=Leo+De+Vries+1st+Bowman+autograph+color+numbered&hash=item298129f140%3Ag%3AwlkAAeSwf55qQCXw	LIVE	2026 Leaf PRO SET Leo De Vries AUTO /20 REFRACTOR SSP Rookie Card No. 90A-LDV 📈	{"title":"2026 Leaf PRO SET Leo De Vries AUTO /20 REFRACTOR SSP Rookie Card No. 90A-LDV 📈","preliminaryScopeStatus":"IMAGE_OR_IDENTITY_REVIEW_REQUIRED","queryFamilyIds":["baseball-prospect.leo-de-vries.first-bowman-auto-color"],"preliminaryRisks":["true_first_bowman_not_proven_from_title"]}	{"status":"UNVERIFIED","verification":"native-browse-title-and-marketplace-images-only","frontVerified":false,"backVerified":false}	preliminary|536e1ab38baba00118	ebay|murcinary207|v1|178260668736|0	https://i.ebayimg.com/images/g/wlkAAeSwf55qQCXw/s-l225.jpg	https://i.ebayimg.com/images/g/wlkAAeSwf55qQCXw/s-l1600.jpg	FALSE	FALSE	FALSE	FALSE	{}											UNASSESSED	["true_first_bowman_not_proven_from_title"]	39.95	0																	INSUFFICIENT																	MANUAL REVIEW / UNPRICED	FALSE	FALSE	["exact_parallel_or_variation_not_verified","front_and_back_identity_not_verified","full_delivered_acquisition_cost_not_proven","identical_completed_sales_not_loaded","instacomp_exact_market_not_completed","owned_copy_exclusion_not_proven","true_first_bowman_not_proven_from_title"]	{"endpoints":["baseball_prospects"],"candidateId":"ebay:v1|178260668736|0","listingItemId":"v1|178260668736|0","queryFamilyIds":["baseball-prospect.leo-de-vries.first-bowman-auto-color"],"buyingOptions":["FIXED_PRICE","BEST_OFFER"],"condition":"Ungraded","itemCreationDate":"2026-06-27T19:36:31.000Z","itemEndDate":null,"imageUrls":["https://i.ebayimg.com/images/g/wlkAAeSwf55qQCXw/s-l225.jpg","https://i.ebayimg.com/images/g/wlkAAeSwf55qQCXw/s-l1600.jpg"],"preliminaryScopeStatus":"IMAGE_OR_IDENTITY_REVIEW_REQUIRED","preliminaryRisks":["true_first_bowman_not_proven_from_title"]}
cand-s4-ebay-18e5cae5b9a8ac5c6d	dh-20260730T170046Z-7d4c2a91	4	2026-07-30T17:05:44.524826+00:00	BASEBALL PROSPECTS / true_first_bowman	Leo De Vries	true_first_bowman_card	eBay	pandamonium_87		v1|178345991396|0	https://www.ebay.com/itm/178345991396?_skw=Leo+De+Vries+1st+Bowman+Chrome&hash=item29863fdce4%3Ag%3ApoYAAeSwogFqZlsR	LIVE	LEO DE VRIES 2024 Bowman Chrome 1st Prospects Pearl Refractor PSA 9	{"title":"LEO DE VRIES 2024 Bowman Chrome 1st Prospects Pearl Refractor PSA 9","preliminaryScopeStatus":"DISCOVERY_SCOPE_PASS","queryFamilyIds":["baseball-prospect.leo-de-vries.true-first-bowman"],"preliminaryRisks":[]}	{"status":"UNVERIFIED","verification":"native-browse-title-and-marketplace-images-only","frontVerified":false,"backVerified":false}	preliminary|18e5cae5b9a8ac5c6d	ebay|pandamonium_87|v1|178345991396|0	https://i.ebayimg.com/images/g/poYAAeSwogFqZlsR/s-l225.jpg	https://i.ebayimg.com/images/g/poYAAeSwogFqZlsR/s-l1600.jpg	FALSE	FALSE	FALSE	FALSE	{}											UNASSESSED	[]	450	4																	INSUFFICIENT																	MANUAL REVIEW / UNPRICED	FALSE	FALSE	["exact_parallel_or_variation_not_verified","front_and_back_identity_not_verified","full_delivered_acquisition_cost_not_proven","identical_completed_sales_not_loaded","instacomp_exact_market_not_completed","owned_copy_exclusion_not_proven"]	{"endpoints":["baseball_prospects"],"candidateId":"ebay:v1|178345991396|0","listingItemId":"v1|178345991396|0","queryFamilyIds":["baseball-prospect.leo-de-vries.true-first-bowman"],"buyingOptions":["FIXED_PRICE","BEST_OFFER"],"condition":"Graded","itemCreationDate":"2026-07-26T19:10:12.000Z","itemEndDate":null,"imageUrls":["https://i.ebayimg.com/images/g/poYAAeSwogFqZlsR/s-l225.jpg","https://i.ebayimg.com/images/g/poYAAeSwogFqZlsR/s-l1600.jpg"],"preliminaryScopeStatus":"DISCOVERY_SCOPE_PASS","preliminaryRisks":[]}
cand-s4-ebay-316a9cb03e071ec75f	dh-20260730T170046Z-7d4c2a91	4	2026-07-30T17:05:44.524826+00:00	BASEBALL PROSPECTS / true_first_bowman	Leo De Vries	true_first_bowman_card	eBay	cajunpicker		v1|178349791971|0	https://www.ebay.com/itm/178349791971?_skw=Leo+De+Vries+1st+Bowman+Chrome&hash=item298679dae3%3Ag%3AUOsAAeSwbG9qaAR5	LIVE	Leo De Vries Lazer Refractor Rc 2025 Bowman Chrome Free Ship	{"title":"Leo De Vries Lazer Refractor Rc 2025 Bowman Chrome Free Ship","preliminaryScopeStatus":"IMAGE_OR_IDENTITY_REVIEW_REQUIRED","queryFamilyIds":["baseball-prospect.leo-de-vries.true-first-bowman"],"preliminaryRisks":["true_first_bowman_not_proven_from_title"]}	{"status":"UNVERIFIED","verification":"native-browse-title-and-marketplace-images-only","frontVerified":false,"backVerified":false}	preliminary|316a9cb03e071ec75f	ebay|cajunpicker|v1|178349791971|0	https://i.ebayimg.com/images/g/UOsAAeSwbG9qaAR5/s-l225.jpg	https://i.ebayimg.com/images/g/UOsAAeSwbG9qaAR5/s-l1600.jpg	FALSE	FALSE	FALSE	FALSE	{}											UNASSESSED	["true_first_bowman_not_proven_from_title"]	3	0																	INSUFFICIENT																	MANUAL REVIEW / UNPRICED	FALSE	FALSE	["exact_parallel_or_variation_not_verified","front_and_back_identity_not_verified","full_delivered_acquisition_cost_not_proven","identical_completed_sales_not_loaded","instacomp_exact_market_not_completed","owned_copy_exclusion_not_proven","true_first_bowman_not_proven_from_title"]	{"endpoints":["baseball_prospects"],"candidateId":"ebay:v1|178349791971|0","listingItemId":"v1|178349791971|0","queryFamilyIds":["baseball-prospect.leo-de-vries.true-first-bowman"],"buyingOptions":["FIXED_PRICE","BEST_OFFER"],"condition":"Ungraded","itemCreationDate":"2026-07-28T01:23:52.000Z","itemEndDate":null,"imageUrls":["https://i.ebayimg.com/images/g/UOsAAeSwbG9qaAR5/s-l225.jpg","https://i.ebayimg.com/images/g/UOsAAeSwbG9qaAR5/s-l1600.jpg"],"preliminaryScopeStatus":"IMAGE_OR_IDENTITY_REVIEW_REQUIRED","preliminaryRisks":["true_first_bowman_not_proven_from_title"]}
cand-s4-ebay-2176321d66c86f92e3	dh-20260730T170046Z-7d4c2a91	4	2026-07-30T17:05:44.524826+00:00	BASEBALL PROSPECTS / true_first_bowman	Leo De Vries	true_first_bowman_card	eBay	stonyrips		v1|188704244148|0	https://www.ebay.com/itm/188704244148?_skw=Leo+De+Vries+1st+Bowman+Chrome&hash=item2befa641b4%3Ag%3A9XgAAeSw6Z5qZ8tw	LIVE	2026 Bowman - Chrome Prospects Leo De Vries #BCP-63 Neon Green Mojo Refractor...	{"title":"2026 Bowman - Chrome Prospects Leo De Vries #BCP-63 Neon Green Mojo Refractor...","preliminaryScopeStatus":"IMAGE_OR_IDENTITY_REVIEW_REQUIRED","queryFamilyIds":["baseball-prospect.leo-de-vries.true-first-bowman"],"preliminaryRisks":["true_first_bowman_not_proven_from_title"]}	{"status":"UNVERIFIED","verification":"native-browse-title-and-marketplace-images-only","frontVerified":false,"backVerified":false}	preliminary|2176321d66c86f92e3	ebay|stonyrips|v1|188704244148|0	https://i.ebayimg.com/images/g/9XgAAeSw6Z5qZ8tw/s-l225.jpg	https://i.ebayimg.com/images/g/9XgAAeSw6Z5qZ8tw/s-l1600.jpg	FALSE	FALSE	FALSE	FALSE	{}											UNASSESSED	["true_first_bowman_not_proven_from_title"]	12	0																	INSUFFICIENT																	MANUAL REVIEW / UNPRICED	FALSE	FALSE	["exact_parallel_or_variation_not_verified","front_and_back_identity_not_verified","full_delivered_acquisition_cost_not_proven","identical_completed_sales_not_loaded","instacomp_exact_market_not_completed","owned_copy_exclusion_not_proven","true_first_bowman_not_proven_from_title"]	{"endpoints":["baseball_prospects"],"candidateId":"ebay:v1|188704244148|0","listingItemId":"v1|188704244148|0","queryFamilyIds":["baseball-prospect.leo-de-vries.true-first-bowman"],"buyingOptions":["FIXED_PRICE"],"condition":"Ungraded","itemCreationDate":"2026-07-27T21:21:01.000Z","itemEndDate":null,"imageUrls":["https://i.ebayimg.com/images/g/9XgAAeSw6Z5qZ8tw/s-l225.jpg","https://i.ebayimg.com/images/g/9XgAAeSw6Z5qZ8tw/s-l1600.jpg"],"preliminaryScopeStatus":"IMAGE_OR_IDENTITY_REVIEW_REQUIRED","preliminaryRisks":["true_first_bowman_not_proven_from_title"]}
cand-s4-ebay-91257cf34b6564ecd2	dh-20260730T170046Z-7d4c2a91	4	2026-07-30T17:05:44.524826+00:00	BASEBALL PROSPECTS / true_first_bowman	Leo De Vries	true_first_bowman_card	eBay	eandscards		v1|188709559795|0	https://www.ebay.com/itm/188709559795?_skw=Leo+De+Vries+1st+Bowman+Chrome&hash=item2beff75df3%3Ag%3APscAAeSwW0ZqaTv%7E	LIVE	2024 Bowman Chrome Leo De Vries 1st Bowman Auto #CPA-LD	{"title":"2024 Bowman Chrome Leo De Vries 1st Bowman Auto #CPA-LD","preliminaryScopeStatus":"DISCOVERY_SCOPE_PASS","queryFamilyIds":["baseball-prospect.leo-de-vries.true-first-bowman"],"preliminaryRisks":[]}	{"status":"UNVERIFIED","verification":"native-browse-title-and-marketplace-images-only","frontVerified":false,"backVerified":false}	preliminary|91257cf34b6564ecd2	ebay|eandscards|v1|188709559795|0	https://i.ebayimg.com/images/g/PscAAeSwW0ZqaTv~/s-l225.jpg	https://i.ebayimg.com/images/g/PscAAeSwW0ZqaTv~/s-l1600.jpg	FALSE	FALSE	FALSE	FALSE	{}											UNASSESSED	[]	245	9																	INSUFFICIENT																	MANUAL REVIEW / UNPRICED	FALSE	FALSE	["exact_parallel_or_variation_not_verified","front_and_back_identity_not_verified","full_delivered_acquisition_cost_not_proven","identical_completed_sales_not_loaded","instacomp_exact_market_not_completed","owned_copy_exclusion_not_proven"]	{"endpoints":["baseball_prospects"],"candidateId":"ebay:v1|188709559795|0","listingItemId":"v1|188709559795|0","queryFamilyIds":["baseball-prospect.leo-de-vries.true-first-bowman"],"buyingOptions":["FIXED_PRICE","BEST_OFFER"],"condition":"Ungraded","itemCreationDate":"2026-07-28T23:34:46.000Z","itemEndDate":null,"imageUrls":["https://i.ebayimg.com/images/g/PscAAeSwW0ZqaTv~/s-l225.jpg","https://i.ebayimg.com/images/g/PscAAeSwW0ZqaTv~/s-l1600.jpg"],"preliminaryScopeStatus":"DISCOVERY_SCOPE_PASS","preliminaryRisks":[]}
cand-s4-ebay-f00bec272363197b3d	dh-20260730T170046Z-7d4c2a91	4	2026-07-30T17:05:44.524826+00:00	BASEBALL PROSPECTS / true_first_bowman	Leo De Vries	true_first_bowman_card	eBay	mikeg1019		v1|188715291155|0	https://www.ebay.com/itm/188715291155?_skw=Leo+De+Vries+1st+Bowman+Chrome&hash=item2bf04ed213%3Ag%3Ag6YAAeSwimlqatNY	LIVE	Leo De Vries Auto 2024 Bowman Chrome 1st Sapphire /199 CSPA-LD	{"title":"Leo De Vries Auto 2024 Bowman Chrome 1st Sapphire /199 CSPA-LD","preliminaryScopeStatus":"DISCOVERY_SCOPE_PASS","queryFamilyIds":["baseball-prospect.leo-de-vries.true-first-bowman"],"preliminaryRisks":[]}	{"status":"UNVERIFIED","verification":"native-browse-title-and-marketplace-images-only","frontVerified":false,"backVerified":false}	preliminary|f00bec272363197b3d	ebay|mikeg1019|v1|188715291155|0	https://i.ebayimg.com/images/g/g6YAAeSwimlqatNY/s-l225.jpg	https://i.ebayimg.com/images/g/g6YAAeSwimlqatNY/s-l1600.jpg	FALSE	FALSE	FALSE	FALSE	{}											UNASSESSED	[]	599.99	5.99																	INSUFFICIENT																	MANUAL REVIEW / UNPRICED	FALSE	FALSE	["exact_parallel_or_variation_not_verified","front_and_back_identity_not_verified","full_delivered_acquisition_cost_not_proven","identical_completed_sales_not_loaded","instacomp_exact_market_not_completed","owned_copy_exclusion_not_proven"]	{"endpoints":["baseball_prospects"],"candidateId":"ebay:v1|188715291155|0","listingItemId":"v1|188715291155|0","queryFamilyIds":["baseball-prospect.leo-de-vries.true-first-bowman"],"buyingOptions":["FIXED_PRICE"],"condition":"Ungraded","itemCreationDate":"2026-07-30T04:30:35.000Z","itemEndDate":null,"imageUrls":["https://i.ebayimg.com/images/g/g6YAAeSwimlqatNY/s-l225.jpg","https://i.ebayimg.com/images/g/g6YAAeSwimlqatNY/s-l1600.jpg"],"preliminaryScopeStatus":"DISCOVERY_SCOPE_PASS","preliminaryRisks":[]}
cand-s4-ebay-bd15213c8eba069cee	dh-20260730T170046Z-7d4c2a91	4	2026-07-30T17:05:44.524826+00:00	BASEBALL PROSPECTS / true_first_bowman	Leo De Vries	true_first_bowman_card	eBay	huntermafia		v1|227450423960|0	https://www.ebay.com/itm/227450423960?_skw=Leo+De+Vries+1st+Bowman+Chrome&hash=item34f51a0a98%3Ag%3A4wYAAeSwAzZqZ2J7	LIVE	2024 Bowman Chrome Prospects Leo De Vries 1st Mega Box Mojo Refractor Padres A’s	{"title":"2024 Bowman Chrome Prospects Leo De Vries 1st Mega Box Mojo Refractor Padres A’s","preliminaryScopeStatus":"DISCOVERY_SCOPE_PASS","queryFamilyIds":["baseball-prospect.leo-de-vries.true-first-bowman"],"preliminaryRisks":[]}	{"status":"UNVERIFIED","verification":"native-browse-title-and-marketplace-images-only","frontVerified":false,"backVerified":false}	preliminary|bd15213c8eba069cee	ebay|huntermafia|v1|227450423960|0	https://i.ebayimg.com/images/g/4wYAAeSwAzZqZ2J7/s-l225.jpg	https://i.ebayimg.com/images/g/4wYAAeSwAzZqZ2J7/s-l1600.jpg	FALSE	FALSE	FALSE	FALSE	{}											UNASSESSED	[]	18.99																		INSUFFICIENT																	MANUAL REVIEW / UNPRICED	FALSE	FALSE	["exact_parallel_or_variation_not_verified","front_and_back_identity_not_verified","full_delivered_acquisition_cost_not_proven","identical_completed_sales_not_loaded","instacomp_exact_market_not_completed","owned_copy_exclusion_not_proven"]	{"endpoints":["baseball_prospects"],"candidateId":"ebay:v1|227450423960|0","listingItemId":"v1|227450423960|0","queryFamilyIds":["baseball-prospect.leo-de-vries.true-first-bowman"],"buyingOptions":["FIXED_PRICE","BEST_OFFER"],"condition":"Ungraded","itemCreationDate":"2026-07-27T13:56:52.000Z","itemEndDate":null,"imageUrls":["https://i.ebayimg.com/images/g/4wYAAeSwAzZqZ2J7/s-l225.jpg","https://i.ebayimg.com/images/g/4wYAAeSwAzZqZ2J7/s-l1600.jpg"],"preliminaryScopeStatus":"DISCOVERY_SCOPE_PASS","preliminaryRisks":[]}
cand-s4-ebay-537b2cf0b739b9950e	dh-20260730T170046Z-7d4c2a91	4	2026-07-30T17:05:44.524826+00:00	BASEBALL PROSPECTS / true_first_bowman	Leo De Vries	true_first_bowman_card	eBay	crowntowncollective		v1|257630674653|0	https://www.ebay.com/itm/257630674653?_skw=Leo+De+Vries+1st+Bowman+Chrome&hash=item3bfbfc1edd%3Ag%3AJFoAAeSwxUxqXR4U	LIVE	Topps 2024 Bowman Chrome Prospects Leo De Vries Padres 1st Bowman #BCP-179	{"title":"Topps 2024 Bowman Chrome Prospects Leo De Vries Padres 1st Bowman #BCP-179","preliminaryScopeStatus":"DISCOVERY_SCOPE_PASS","queryFamilyIds":["baseball-prospect.leo-de-vries.true-first-bowman"],"preliminaryRisks":[]}	{"status":"UNVERIFIED","verification":"native-browse-title-and-marketplace-images-only","frontVerified":false,"backVerified":false}	preliminary|537b2cf0b739b9950e	ebay|crowntowncollective|v1|257630674653|0	https://i.ebayimg.com/images/g/JFoAAeSwxUxqXR4U/s-l225.jpg	https://i.ebayimg.com/images/g/JFoAAeSwxUxqXR4U/s-l1600.jpg	FALSE	FALSE	FALSE	FALSE	{}											UNASSESSED	[]	11.99																		INSUFFICIENT																	MANUAL REVIEW / UNPRICED	FALSE	FALSE	["exact_parallel_or_variation_not_verified","front_and_back_identity_not_verified","full_delivered_acquisition_cost_not_proven","identical_completed_sales_not_loaded","instacomp_exact_market_not_completed","owned_copy_exclusion_not_proven"]	{"endpoints":["baseball_prospects"],"candidateId":"ebay:v1|257630674653|0","listingItemId":"v1|257630674653|0","queryFamilyIds":["baseball-prospect.leo-de-vries.true-first-bowman"],"buyingOptions":["FIXED_PRICE"],"condition":"Ungraded","itemCreationDate":"2026-07-19T18:58:32.000Z","itemEndDate":null,"imageUrls":["https://i.ebayimg.com/images/g/JFoAAeSwxUxqXR4U/s-l225.jpg","https://i.ebayimg.com/images/g/JFoAAeSwxUxqXR4U/s-l1600.jpg"],"preliminaryScopeStatus":"DISCOVERY_SCOPE_PASS","preliminaryRisks":[]}
cand-s4-ebay-cc9f780454607852a4	dh-20260730T170046Z-7d4c2a91	4	2026-07-30T17:05:44.524826+00:00	BASEBALL PROSPECTS / true_first_bowman	Leo De Vries	true_first_bowman_card	eBay	lfg0525		v1|267623606532|0	https://www.ebay.com/itm/267623606532?_skw=Leo+De+Vries+1st+Bowman+Chrome&hash=item3e4f9c2904%3Ag%3AEqAAAeSwLTtpyV8b	LIVE	Leo De Vries 2024 Bowman Chrome Prospects 1st  #BCP179 PSA 10 GEM MT	{"title":"Leo De Vries 2024 Bowman Chrome Prospects 1st  #BCP179 PSA 10 GEM MT","preliminaryScopeStatus":"DISCOVERY_SCOPE_PASS","queryFamilyIds":["baseball-prospect.leo-de-vries.true-first-bowman"],"preliminaryRisks":[]}	{"status":"UNVERIFIED","verification":"native-browse-title-and-marketplace-images-only","frontVerified":false,"backVerified":false}	preliminary|cc9f780454607852a4	ebay|lfg0525|v1|267623606532|0	https://i.ebayimg.com/images/g/EqAAAeSwLTtpyV8b/s-l225.jpg	https://i.ebayimg.com/images/g/EqAAAeSwLTtpyV8b/s-l1600.jpg	FALSE	FALSE	FALSE	FALSE	{}											UNASSESSED	[]	149	0																	INSUFFICIENT																	MANUAL REVIEW / UNPRICED	FALSE	FALSE	["exact_parallel_or_variation_not_verified","front_and_back_identity_not_verified","full_delivered_acquisition_cost_not_proven","identical_completed_sales_not_loaded","instacomp_exact_market_not_completed","owned_copy_exclusion_not_proven"]	{"endpoints":["baseball_prospects"],"candidateId":"ebay:v1|267623606532|0","listingItemId":"v1|267623606532|0","queryFamilyIds":["baseball-prospect.leo-de-vries.true-first-bowman"],"buyingOptions":["FIXED_PRICE","BEST_OFFER"],"condition":"Graded","itemCreationDate":"2026-03-29T17:21:25.000Z","itemEndDate":null,"imageUrls":["https://i.ebayimg.com/images/g/EqAAAeSwLTtpyV8b/s-l225.jpg","https://i.ebayimg.com/images/g/EqAAAeSwLTtpyV8b/s-l1600.jpg"],"preliminaryScopeStatus":"DISCOVERY_SCOPE_PASS","preliminaryRisks":[]}
cand-s4-ebay-7c4b024588a7c386f5	dh-20260730T170046Z-7d4c2a91	4	2026-07-30T17:05:44.524826+00:00	BASEBALL PROSPECTS / true_first_bowman	Leo De Vries	true_first_bowman_card	eBay	ovacollectibles		v1|267742408198|0	https://www.ebay.com/itm/267742408198?_skw=Leo+De+Vries+1st+Bowman+Chrome&hash=item3e56b0ee06%3Ag%3AeS0AAeSwMttqakxO&amdata=enc%3AAQALAAABAACCtXRWQnOEpyOqnQQ8KGbAwu3ZM7aPMhOMsGDUmved7e8U%2FAzqQlW1ZsKrQ0b8hDaMdE8wvEERTMpO3w6KayJssxLE1BoWJNDxpy3tIqrF7Ite5SN3praCfSJgkew0OA%2FNTRZdddVkHgewHYzgNtrRM%2BxS6i%2BR%2Fz0IebYOe8nLigqCCMjRyviKOdgkCE22hH9smP30fnONMJrbu%2ByXZ%2FLudxdSBlargSPWpWdzu%2BytIxb7bwhQTBsmepDGHbXLQHg2PtjgRYjOLwSWtYkpP0hIPOAclV38wMz%2BWwMZ25o9m9R3HnkT%2B0T3TXuiYvAT8oEBIX%2BE4eMdbsuu97Bc6Gg%3D	LIVE	2024 Bowman Chrome - Prospects Leo De Vries Speckle Refractor /299 (RC) PSA 10	{"title":"2024 Bowman Chrome - Prospects Leo De Vries Speckle Refractor /299 (RC) PSA 10 ","preliminaryScopeStatus":"IMAGE_OR_IDENTITY_REVIEW_REQUIRED","queryFamilyIds":["baseball-prospect.leo-de-vries.true-first-bowman"],"preliminaryRisks":["true_first_bowman_not_proven_from_title"]}	{"status":"UNVERIFIED","verification":"native-browse-title-and-marketplace-images-only","frontVerified":false,"backVerified":false}	preliminary|7c4b024588a7c386f5	ebay|ovacollectibles|v1|267742408198|0	https://i.ebayimg.com/images/g/eS0AAeSwMttqakxO/s-l225.jpg	https://i.ebayimg.com/images/g/eS0AAeSwMttqakxO/s-l1600.jpg	FALSE	FALSE	FALSE	FALSE	{}											UNASSESSED	["true_first_bowman_not_proven_from_title"]	190																		INSUFFICIENT																	MANUAL REVIEW / UNPRICED	FALSE	FALSE	["exact_parallel_or_variation_not_verified","front_and_back_identity_not_verified","full_delivered_acquisition_cost_not_proven","identical_completed_sales_not_loaded","instacomp_exact_market_not_completed","owned_copy_exclusion_not_proven","true_first_bowman_not_proven_from_title"]	{"endpoints":["baseball_prospects"],"candidateId":"ebay:v1|267742408198|0","listingItemId":"v1|267742408198|0","queryFamilyIds":["baseball-prospect.leo-de-vries.true-first-bowman"],"buyingOptions":["FIXED_PRICE"],"condition":"Graded","itemCreationDate":"2026-07-29T18:56:18.000Z","itemEndDate":null,"imageUrls":["https://i.ebayimg.com/images/g/eS0AAeSwMttqakxO/s-l225.jpg","https://i.ebayimg.com/images/g/eS0AAeSwMttqakxO/s-l1600.jpg"],"preliminaryScopeStatus":"IMAGE_OR_IDENTITY_REVIEW_REQUIRED","preliminaryRisks":["true_first_bowman_not_proven_from_title"]}
cand-s4-ebay-bda47e81961c347931	dh-20260730T170046Z-7d4c2a91	4	2026-07-30T17:05:44.524826+00:00	BASEBALL PROSPECTS / first_bowman_autograph_color_numbered	Leo De Vries	true_first_bowman_autograph_parallel	eBay	cmzcards		v1|318587432589|0	https://www.ebay.com/itm/318587432589?_skw=Leo+De+Vries+1st+Bowman+autograph+color+numbered&hash=item4a2d4a6e8d%3Ag%3Am0wAAeSwAY9qV8im	LIVE	Athletics LOT OF 36 🔥AUTOS, Relics, #’d Color, SPs, RCs: KURTZ WILSON DE VRIES	{"title":"Athletics LOT OF 36 🔥AUTOS, Relics, #’d Color, SPs, RCs: KURTZ WILSON DE VRIES","preliminaryScopeStatus":"IMAGE_OR_IDENTITY_REVIEW_REQUIRED","queryFamilyIds":["baseball-prospect.leo-de-vries.first-bowman-auto-color"],"preliminaryRisks":["true_first_bowman_not_proven_from_title"]}	{"status":"UNVERIFIED","verification":"native-browse-title-and-marketplace-images-only","frontVerified":false,"backVerified":false}	preliminary|bda47e81961c347931	ebay|cmzcards|v1|318587432589|0	https://i.ebayimg.com/images/g/m0wAAeSwAY9qV8im/s-l225.jpg	https://i.ebayimg.com/images/g/m0wAAeSwAY9qV8im/s-l1600.jpg	FALSE	FALSE	FALSE	FALSE	{}											UNASSESSED	["true_first_bowman_not_proven_from_title"]	65																		INSUFFICIENT																	MANUAL REVIEW / UNPRICED	FALSE	FALSE	["exact_parallel_or_variation_not_verified","front_and_back_identity_not_verified","full_delivered_acquisition_cost_not_proven","identical_completed_sales_not_loaded","instacomp_exact_market_not_completed","owned_copy_exclusion_not_proven","true_first_bowman_not_proven_from_title"]	{"endpoints":["baseball_prospects"],"candidateId":"ebay:v1|318587432589|0","listingItemId":"v1|318587432589|0","queryFamilyIds":["baseball-prospect.leo-de-vries.first-bowman-auto-color"],"buyingOptions":["FIXED_PRICE","BEST_OFFER"],"condition":"Unspecified","itemCreationDate":"2026-07-15T18:19:37.000Z","itemEndDate":null,"imageUrls":["https://i.ebayimg.com/images/g/m0wAAeSwAY9qV8im/s-l225.jpg","https://i.ebayimg.com/images/g/m0wAAeSwAY9qV8im/s-l1600.jpg"],"preliminaryScopeStatus":"IMAGE_OR_IDENTITY_REVIEW_REQUIRED","preliminaryRisks":["true_first_bowman_not_proven_from_title"]}
cand-s4-ebay-520e16527aa542adee	dh-20260730T170046Z-7d4c2a91	4	2026-07-30T17:05:44.524826+00:00	BASEBALL PROSPECTS / true_first_bowman	Leo De Vries	true_first_bowman_card	eBay	cbho18		v1|318635271872|0	https://www.ebay.com/itm/318635271872?_skw=Leo+De+Vries+1st+Bowman+Chrome&hash=item4a302466c0%3Ag%3ARtQAAeSwR-dqZVeB	LIVE	2024 Bowman Chrome - Prospects Leo De Vries #BCP-179 Aqua Mojo Refractor /299	{"title":"2024 Bowman Chrome - Prospects Leo De Vries #BCP-179 Aqua Mojo Refractor /299 ","preliminaryScopeStatus":"IMAGE_OR_IDENTITY_REVIEW_REQUIRED","queryFamilyIds":["baseball-prospect.leo-de-vries.true-first-bowman"],"preliminaryRisks":["true_first_bowman_not_proven_from_title"]}	{"status":"UNVERIFIED","verification":"native-browse-title-and-marketplace-images-only","frontVerified":false,"backVerified":false}	preliminary|520e16527aa542adee	ebay|cbho18|v1|318635271872|0	https://i.ebayimg.com/images/g/RtQAAeSwR-dqZVeB/s-l225.jpg	https://i.ebayimg.com/images/g/RtQAAeSwR-dqZVeB/s-l1600.jpg	FALSE	FALSE	FALSE	FALSE	{}											UNASSESSED	["true_first_bowman_not_proven_from_title"]	60																		INSUFFICIENT																	MANUAL REVIEW / UNPRICED	FALSE	FALSE	["exact_parallel_or_variation_not_verified","front_and_back_identity_not_verified","full_delivered_acquisition_cost_not_proven","identical_completed_sales_not_loaded","instacomp_exact_market_not_completed","owned_copy_exclusion_not_proven","true_first_bowman_not_proven_from_title"]	{"endpoints":["baseball_prospects"],"candidateId":"ebay:v1|318635271872|0","listingItemId":"v1|318635271872|0","queryFamilyIds":["baseball-prospect.leo-de-vries.true-first-bowman"],"buyingOptions":["FIXED_PRICE","BEST_OFFER"],"condition":"Ungraded","itemCreationDate":"2026-07-26T00:42:19.000Z","itemEndDate":null,"imageUrls":["https://i.ebayimg.com/images/g/RtQAAeSwR-dqZVeB/s-l225.jpg","https://i.ebayimg.com/images/g/RtQAAeSwR-dqZVeB/s-l1600.jpg"],"preliminaryScopeStatus":"IMAGE_OR_IDENTITY_REVIEW_REQUIRED","preliminaryRisks":["true_first_bowman_not_proven_from_title"]}
cand-s4-ebay-5611dd69c19b1d5c70	dh-20260730T170046Z-7d4c2a91	4	2026-07-30T17:05:44.524826+00:00	BASEBALL PROSPECTS / true_first_bowman	Leo De Vries	true_first_bowman_card	eBay	cmas3177		v1|327287097158|0	https://www.ebay.com/itm/327287097158?_skw=Leo+De+Vries+1st+Bowman+Chrome&hash=item4c33d4c746%3Ag%3AKcEAAeSwIoZqa2zv	LIVE	2024 Bowman Chrome Sapphire Leo De Vries BCP-179 1st Prospect RC SP Rookie Card	{"title":"2024 Bowman Chrome Sapphire Leo De Vries BCP-179 1st Prospect RC SP Rookie Card","preliminaryScopeStatus":"DISCOVERY_SCOPE_PASS","queryFamilyIds":["baseball-prospect.leo-de-vries.true-first-bowman"],"preliminaryRisks":[]}	{"status":"UNVERIFIED","verification":"native-browse-title-and-marketplace-images-only","frontVerified":false,"backVerified":false}	preliminary|5611dd69c19b1d5c70	ebay|cmas3177|v1|327287097158|0	https://i.ebayimg.com/images/g/KcEAAeSwIoZqa2zv/s-l225.jpg	https://i.ebayimg.com/images/g/KcEAAeSwIoZqa2zv/s-l1600.jpg	FALSE	FALSE	FALSE	FALSE	{}											UNASSESSED	[]	45																		INSUFFICIENT																	MANUAL REVIEW / UNPRICED	FALSE	FALSE	["exact_parallel_or_variation_not_verified","front_and_back_identity_not_verified","full_delivered_acquisition_cost_not_proven","identical_completed_sales_not_loaded","instacomp_exact_market_not_completed","owned_copy_exclusion_not_proven"]	{"endpoints":["baseball_prospects"],"candidateId":"ebay:v1|327287097158|0","listingItemId":"v1|327287097158|0","queryFamilyIds":["baseball-prospect.leo-de-vries.true-first-bowman"],"buyingOptions":["FIXED_PRICE"],"condition":"Ungraded","itemCreationDate":"2026-07-30T15:31:26.000Z","itemEndDate":null,"imageUrls":["https://i.ebayimg.com/images/g/KcEAAeSwIoZqa2zv/s-l225.jpg","https://i.ebayimg.com/images/g/KcEAAeSwIoZqa2zv/s-l1600.jpg"],"preliminaryScopeStatus":"DISCOVERY_SCOPE_PASS","preliminaryRisks":[]}
cand-s4-ebay-ed380fed068afcbb15	dh-20260730T170046Z-7d4c2a91	4	2026-07-30T17:05:44.524826+00:00	BASEBALL PROSPECTS / true_first_bowman	Leo De Vries	true_first_bowman_card	eBay	vegaswildcats		v1|358854206864|0	https://www.ebay.com/itm/358854206864?_skw=Leo+De+Vries+1st+Bowman+Chrome&hash=item538d60a590%3Ag%3AQWgAAeSwgPtqaK4G&amdata=enc%3AAQALAAABAACCtXRWQnOEpyOqnQQ8KGbdSklW%2B%2FrhP8UJvP4N3cHb7SkZFveD9A6kMcja5urE395HtCFyg4mg0kKL%2F7gcZnQf%2BolV%2BZ%2FPJcsQ16aAGg94t9dQu%2BWtrlws6KEqMp4G7lW9mqPtHXDF6U0I73BkDjqGbEHHcGZX82N0vHlSXWxEGMX20ZrMeroJSD9vEMvrwFFWWCHeEUL0mz9YsscgV11pZxrWBE2oU6Ms6y%2BXpnkKsRcNt1AHr1xQzO6cl4FQoxLtKznCB2XJZsHD9jQ53bqW5CU%2FvDdXFDqjQ%2BJjrZ24nOYd4%2B%2B58JEa6XMa3VpbllsKlYxlQAtk8ummsBkWXBM%3D	LIVE	2025 Bowman - Chrome Prospect Autographs Leo De Vries #CPA-LD Refractor /499...	{"title":"2025 Bowman - Chrome Prospect Autographs Leo De Vries #CPA-LD Refractor /499...","preliminaryScopeStatus":"IMAGE_OR_IDENTITY_REVIEW_REQUIRED","queryFamilyIds":["baseball-prospect.leo-de-vries.true-first-bowman"],"preliminaryRisks":["true_first_bowman_not_proven_from_title"]}	{"status":"UNVERIFIED","verification":"native-browse-title-and-marketplace-images-only","frontVerified":false,"backVerified":false}	preliminary|ed380fed068afcbb15	ebay|vegaswildcats|v1|358854206864|0	https://i.ebayimg.com/images/g/QWgAAeSwgPtqaK4G/s-l225.jpg	https://i.ebayimg.com/images/g/QWgAAeSwgPtqaK4G/s-l1600.jpg	FALSE	FALSE	FALSE	FALSE	{}											UNASSESSED	["true_first_bowman_not_proven_from_title"]	120																		INSUFFICIENT																	MANUAL REVIEW / UNPRICED	FALSE	FALSE	["exact_parallel_or_variation_not_verified","front_and_back_identity_not_verified","full_delivered_acquisition_cost_not_proven","identical_completed_sales_not_loaded","instacomp_exact_market_not_completed","owned_copy_exclusion_not_proven","true_first_bowman_not_proven_from_title"]	{"endpoints":["baseball_prospects"],"candidateId":"ebay:v1|358854206864|0","listingItemId":"v1|358854206864|0","queryFamilyIds":["baseball-prospect.leo-de-vries.true-first-bowman"],"buyingOptions":["FIXED_PRICE","BEST_OFFER"],"condition":"Ungraded","itemCreationDate":"2026-07-28T13:27:43.000Z","itemEndDate":null,"imageUrls":["https://i.ebayimg.com/images/g/QWgAAeSwgPtqaK4G/s-l225.jpg","https://i.ebayimg.com/images/g/QWgAAeSwgPtqaK4G/s-l1600.jpg"],"preliminaryScopeStatus":"IMAGE_OR_IDENTITY_REVIEW_REQUIRED","preliminaryRisks":["true_first_bowman_not_proven_from_title"]}
cand-s4-ebay-aefa6b8e2a6e08f5f6	dh-20260730T170046Z-7d4c2a91	4	2026-07-30T17:05:44.524826+00:00	BASEBALL PROSPECTS / true_first_bowman	Leo De Vries	true_first_bowman_card	eBay	micwo_3776		v1|358862357221|0	https://www.ebay.com/itm/358862357221?_skw=Leo+De+Vries+1st+Bowman+Chrome&hash=item538ddd02e5%3Ag%3AIuIAAeSwOKhqa0kL&amdata=enc%3AAQALAAABAACCtXRWQnOEpyOqnQQ8KGYwR%2BrUNzLbmvWDKRLT1lNHQkJshuxRKMMK5MmeBmrx0N9fUHfUenw5bLhF5Mz8GEVidZ8Ln72fO%2BWEF2S1V2tNO42QBWVjhyRSKfiyjyXsO4Y%2FQaFvtUhwvZjFnRRJI59t%2FH%2BL0ecssDNJLTz13zxNyP1ihZEpSpZCsJC30TCsBD%2BEUn8VO0qDs5JYXmkphM9wYy2QjKY7eM%2BkVdPH5ld%2BrQmAQ28IL%2Fe04pnsZ9OViyY8qwUcWXxd9%2FeykO5yC1xLSnGowl6zeg12qGgf8I%2BybkrxtcpF0%2FyqO0GfPDMI%2F8%2F1tmJNJgKnD6DIIG7oaKw%3D	LIVE	LEO DE VRIES Bowman Chrome Refractors Non Auto Gold 4/50 Orange 4/25 Switch Hit	{"title":"LEO DE VRIES Bowman Chrome Refractors Non Auto Gold 4/50 Orange 4/25 Switch Hit","preliminaryScopeStatus":"IMAGE_OR_IDENTITY_REVIEW_REQUIRED","queryFamilyIds":["baseball-prospect.leo-de-vries.true-first-bowman"],"preliminaryRisks":["true_first_bowman_not_proven_from_title"]}	{"status":"UNVERIFIED","verification":"native-browse-title-and-marketplace-images-only","frontVerified":false,"backVerified":false}	preliminary|aefa6b8e2a6e08f5f6	ebay|micwo_3776|v1|358862357221|0	https://i.ebayimg.com/images/g/IuIAAeSwOKhqa0kL/s-l225.jpg	https://i.ebayimg.com/images/g/IuIAAeSwOKhqa0kL/s-l1600.jpg	FALSE	FALSE	FALSE	FALSE	{}											UNASSESSED	["true_first_bowman_not_proven_from_title"]	349.99	0																	INSUFFICIENT																	MANUAL REVIEW / UNPRICED	FALSE	FALSE	["exact_parallel_or_variation_not_verified","front_and_back_identity_not_verified","full_delivered_acquisition_cost_not_proven","identical_completed_sales_not_loaded","instacomp_exact_market_not_completed","owned_copy_exclusion_not_proven","true_first_bowman_not_proven_from_title"]	{"endpoints":["baseball_prospects"],"candidateId":"ebay:v1|358862357221|0","listingItemId":"v1|358862357221|0","queryFamilyIds":["baseball-prospect.leo-de-vries.true-first-bowman"],"buyingOptions":["FIXED_PRICE"],"condition":"Used","itemCreationDate":"2026-07-30T14:32:56.000Z","itemEndDate":null,"imageUrls":["https://i.ebayimg.com/images/g/IuIAAeSwOKhqa0kL/s-l225.jpg","https://i.ebayimg.com/images/g/IuIAAeSwOKhqa0kL/s-l1600.jpg"],"preliminaryScopeStatus":"IMAGE_OR_IDENTITY_REVIEW_REQUIRED","preliminaryRisks":["true_first_bowman_not_proven_from_title"]}
cand-s4-ebay-ef275f25b544f79e02	dh-20260730T170046Z-7d4c2a91	4	2026-07-30T17:05:44.524826+00:00	BASEBALL PROSPECTS / true_first_bowman	Leo De Vries	true_first_bowman_card	eBay	woodenwaltonlove		v1|366524662558|0	https://www.ebay.com/itm/366524662558?_skw=Leo+De+Vries+1st+Bowman+Chrome&hash=item555692831e%3Ag%3AgXAAAeSw1KlqWwPk&amdata=enc%3AAQALAAABAACCtXRWQnOEpyOqnQQ8KGZZQ6zHOoGDJ%2BtNmYLh2iaDU9a88EFssVai5BlZjnvlUIdXaxCydkM88vyQlBX0IJwWx5SAEi%2F30PkF7lBemJ1vcBQ3KuOgpzTjHjwRIQPEOYANcew9a0BqebQip9uedKaSyh20RSIUM%2FIYKzOkiP2hi6hi0ezbQjRHIpPILbzWjy3EoBGAS64llOOXW4c6PRrxWXVc%2B4YpZ2itV%2F%2BxCR0eERrsAsMQauFvqeLAlil1wt6qUXnehN6m6Jocu58IRzNoDOGmTQS1c73C6%2BszqTC39iFjLKYXFUcb%2FbDsvWo%2Fpt6sLHiIH%2FQ3Ro%2BzO6StmWI%3D	LIVE	2024 Goodwin Champions Leo De Vries Goudey Autographs Auto RC 1:240 packs	{"title":"2024 Goodwin Champions Leo De Vries Goudey Autographs Auto RC 1:240 packs","preliminaryScopeStatus":"IMAGE_OR_IDENTITY_REVIEW_REQUIRED","queryFamilyIds":["baseball-prospect.leo-de-vries.true-first-bowman"],"preliminaryRisks":["true_first_bowman_not_proven_from_title"]}	{"status":"UNVERIFIED","verification":"native-browse-title-and-marketplace-images-only","frontVerified":false,"backVerified":false}	preliminary|ef275f25b544f79e02	ebay|woodenwaltonlove|v1|366524662558|0	https://i.ebayimg.com/images/g/gXAAAeSw1KlqWwPk/s-l225.jpg	https://i.ebayimg.com/images/g/gXAAAeSw1KlqWwPk/s-l1600.jpg	FALSE	FALSE	FALSE	FALSE	{}											UNASSESSED	["true_first_bowman_not_proven_from_title"]	27.99	6.75																	INSUFFICIENT																	MANUAL REVIEW / UNPRICED	FALSE	FALSE	["exact_parallel_or_variation_not_verified","front_and_back_identity_not_verified","full_delivered_acquisition_cost_not_proven","identical_completed_sales_not_loaded","instacomp_exact_market_not_completed","owned_copy_exclusion_not_proven","true_first_bowman_not_proven_from_title"]	{"endpoints":["baseball_prospects"],"candidateId":"ebay:v1|366524662558|0","listingItemId":"v1|366524662558|0","queryFamilyIds":["baseball-prospect.leo-de-vries.true-first-bowman"],"buyingOptions":["FIXED_PRICE","BEST_OFFER"],"condition":"Ungraded","itemCreationDate":"2026-07-09T01:00:01.000Z","itemEndDate":null,"imageUrls":["https://i.ebayimg.com/images/g/gXAAAeSw1KlqWwPk/s-l225.jpg","https://i.ebayimg.com/images/g/gXAAAeSw1KlqWwPk/s-l1600.jpg"],"preliminaryScopeStatus":"IMAGE_OR_IDENTITY_REVIEW_REQUIRED","preliminaryRisks":["true_first_bowman_not_proven_from_title"]}
cand-s4-ebay-e8e6de1af6e312923f	dh-20260730T170046Z-7d4c2a91	4	2026-07-30T17:05:44.524826+00:00	BASEBALL PROSPECTS / true_first_bowman	Leo De Vries	true_first_bowman_card	eBay	taclbox626		v1|366573973638|0	https://www.ebay.com/itm/366573973638?_skw=Leo+De+Vries+1st+Bowman+Chrome&hash=item555982f086%3Ag%3AOu4AAeSw17BqauWO	LIVE	2024 Bowman Chrome Prospects Leo De Vries 1st #BCP-179 Fuchsia Shimmer /199 A’s	{"title":"2024 Bowman Chrome Prospects Leo De Vries 1st #BCP-179 Fuchsia Shimmer /199 A’s","preliminaryScopeStatus":"DISCOVERY_SCOPE_PASS","queryFamilyIds":["baseball-prospect.leo-de-vries.true-first-bowman"],"preliminaryRisks":[]}	{"status":"UNVERIFIED","verification":"native-browse-title-and-marketplace-images-only","frontVerified":false,"backVerified":false}	preliminary|e8e6de1af6e312923f	ebay|taclbox626|v1|366573973638|0	https://i.ebayimg.com/images/g/Ou4AAeSw17BqauWO/s-l225.jpg	https://i.ebayimg.com/images/g/Ou4AAeSw17BqauWO/s-l1600.jpg	FALSE	FALSE	FALSE	FALSE	{}											UNASSESSED	[]	85	5.5																	INSUFFICIENT																	MANUAL REVIEW / UNPRICED	FALSE	FALSE	["exact_parallel_or_variation_not_verified","front_and_back_identity_not_verified","full_delivered_acquisition_cost_not_proven","identical_completed_sales_not_loaded","instacomp_exact_market_not_completed","owned_copy_exclusion_not_proven"]	{"endpoints":["baseball_prospects"],"candidateId":"ebay:v1|366573973638|0","listingItemId":"v1|366573973638|0","queryFamilyIds":["baseball-prospect.leo-de-vries.true-first-bowman"],"buyingOptions":["FIXED_PRICE"],"condition":"Ungraded","itemCreationDate":"2026-07-30T05:49:17.000Z","itemEndDate":null,"imageUrls":["https://i.ebayimg.com/images/g/Ou4AAeSw17BqauWO/s-l225.jpg","https://i.ebayimg.com/images/g/Ou4AAeSw17BqauWO/s-l1600.jpg"],"preliminaryScopeStatus":"DISCOVERY_SCOPE_PASS","preliminaryRisks":[]}
cand-s4-ebay-d3585c20e332ae8f4a	dh-20260730T170046Z-7d4c2a91	4	2026-07-30T17:05:44.524826+00:00	BASEBALL PROSPECTS / true_first_bowman	Leo De Vries	true_first_bowman_card	eBay	jaxgo-8902		v1|398198041372|0	https://www.ebay.com/itm/398198041372?_skw=Leo+De+Vries+1st+Bowman+Chrome&hash=item5cb673eb1c%3Ag%3A7VYAAeSwGjJqXw6f	LIVE	Topps 2024 Bowman Chrome Prospects 1st Bowman Leo De Vries #BCP-179 Padres	{"title":"Topps 2024 Bowman Chrome Prospects 1st Bowman Leo De Vries #BCP-179 Padres","preliminaryScopeStatus":"DISCOVERY_SCOPE_PASS","queryFamilyIds":["baseball-prospect.leo-de-vries.true-first-bowman"],"preliminaryRisks":[]}	{"status":"UNVERIFIED","verification":"native-browse-title-and-marketplace-images-only","frontVerified":false,"backVerified":false}	preliminary|d3585c20e332ae8f4a	ebay|jaxgo-8902|v1|398198041372|0	https://i.ebayimg.com/images/g/7VYAAeSwGjJqXw6f/s-l225.jpg	https://i.ebayimg.com/images/g/7VYAAeSwGjJqXw6f/s-l1600.jpg	FALSE	FALSE	FALSE	FALSE	{}											UNASSESSED	[]	10																		INSUFFICIENT																	MANUAL REVIEW / UNPRICED	FALSE	FALSE	["exact_parallel_or_variation_not_verified","front_and_back_identity_not_verified","full_delivered_acquisition_cost_not_proven","identical_completed_sales_not_loaded","instacomp_exact_market_not_completed","owned_copy_exclusion_not_proven"]	{"endpoints":["baseball_prospects"],"candidateId":"ebay:v1|398198041372|0","listingItemId":"v1|398198041372|0","queryFamilyIds":["baseball-prospect.leo-de-vries.true-first-bowman"],"buyingOptions":["FIXED_PRICE","BEST_OFFER"],"condition":"Ungraded","itemCreationDate":"2026-07-21T06:16:23.000Z","itemEndDate":null,"imageUrls":["https://i.ebayimg.com/images/g/7VYAAeSwGjJqXw6f/s-l225.jpg","https://i.ebayimg.com/images/g/7VYAAeSwGjJqXw6f/s-l1600.jpg"],"preliminaryScopeStatus":"DISCOVERY_SCOPE_PASS","preliminaryRisks":[]}
cand-s4-ebay-cc9e7d979e89119be9	dh-20260730T170046Z-7d4c2a91	4	2026-07-30T17:05:44.524826+00:00	BASEBALL PROSPECTS / true_first_bowman	Leo De Vries	true_first_bowman_card	eBay	robko_6488		v1|800371881232|0	https://www.ebay.com/itm/800371881232?_skw=Leo+De+Vries+1st+Bowman+Chrome&hash=itemba59e1b510%3Ag%3Aa7wAAeSwbG9qXPRb	LIVE	2024 1st Bowman Chrome - Prospects Leo De Vries #BCP-179 Mojo Refractor (RC)	{"title":"2024 1st Bowman Chrome - Prospects Leo De Vries #BCP-179 Mojo Refractor (RC)","preliminaryScopeStatus":"DISCOVERY_SCOPE_PASS","queryFamilyIds":["baseball-prospect.leo-de-vries.true-first-bowman"],"preliminaryRisks":[]}	{"status":"UNVERIFIED","verification":"native-browse-title-and-marketplace-images-only","frontVerified":false,"backVerified":false}	preliminary|cc9e7d979e89119be9	ebay|robko_6488|v1|800371881232|0	https://i.ebayimg.com/images/g/a7wAAeSwbG9qXPRb/s-l225.jpg	https://i.ebayimg.com/images/g/a7wAAeSwbG9qXPRb/s-l960.jpg	FALSE	FALSE	FALSE	FALSE	{}											UNASSESSED	[]	18.99																		INSUFFICIENT																	MANUAL REVIEW / UNPRICED	FALSE	FALSE	["exact_parallel_or_variation_not_verified","front_and_back_identity_not_verified","full_delivered_acquisition_cost_not_proven","identical_completed_sales_not_loaded","instacomp_exact_market_not_completed","owned_copy_exclusion_not_proven"]	{"endpoints":["baseball_prospects"],"candidateId":"ebay:v1|800371881232|0","listingItemId":"v1|800371881232|0","queryFamilyIds":["baseball-prospect.leo-de-vries.true-first-bowman"],"buyingOptions":["FIXED_PRICE","BEST_OFFER"],"condition":"Ungraded","itemCreationDate":"2026-07-19T16:00:34.000Z","itemEndDate":null,"imageUrls":["https://i.ebayimg.com/images/g/a7wAAeSwbG9qXPRb/s-l225.jpg","https://i.ebayimg.com/images/g/a7wAAeSwbG9qXPRb/s-l960.jpg"],"preliminaryScopeStatus":"DISCOVERY_SCOPE_PASS","preliminaryRisks":[]}
cand-s4-ebay-f2ae23241f30debd4b	dh-20260730T170046Z-7d4c2a91	4	2026-07-30T17:05:44.524826+00:00	BASEBALL PROSPECTS / true_first_bowman	Leo De Vries	true_first_bowman_card	eBay	nu_4785		v1|800420471621|0	https://www.ebay.com/itm/800420471621?_skw=Leo+De+Vries+1st+Bowman+Chrome&hash=itemba5cc72345%3Ag%3AbHEAAeSwTy5qaEt0	LIVE	2026 Bowman - Chrome Prospects Leo De Vries #BCP-63 Lazer Refractor (RC)	{"title":"2026 Bowman - Chrome Prospects Leo De Vries #BCP-63 Lazer Refractor (RC)","preliminaryScopeStatus":"IMAGE_OR_IDENTITY_REVIEW_REQUIRED","queryFamilyIds":["baseball-prospect.leo-de-vries.true-first-bowman"],"preliminaryRisks":["true_first_bowman_not_proven_from_title"]}	{"status":"UNVERIFIED","verification":"native-browse-title-and-marketplace-images-only","frontVerified":false,"backVerified":false}	preliminary|f2ae23241f30debd4b	ebay|nu_4785|v1|800420471621|0	https://i.ebayimg.com/images/g/bHEAAeSwTy5qaEt0/s-l225.jpg	https://i.ebayimg.com/images/g/bHEAAeSwTy5qaEt0/s-l1600.jpg	FALSE	FALSE	FALSE	FALSE	{}											UNASSESSED	["true_first_bowman_not_proven_from_title"]	1.99	0																	INSUFFICIENT																	MANUAL REVIEW / UNPRICED	FALSE	FALSE	["exact_parallel_or_variation_not_verified","front_and_back_identity_not_verified","full_delivered_acquisition_cost_not_proven","identical_completed_sales_not_loaded","instacomp_exact_market_not_completed","owned_copy_exclusion_not_proven","true_first_bowman_not_proven_from_title"]	{"endpoints":["baseball_prospects"],"candidateId":"ebay:v1|800420471621|0","listingItemId":"v1|800420471621|0","queryFamilyIds":["baseball-prospect.leo-de-vries.true-first-bowman"],"buyingOptions":["FIXED_PRICE","BEST_OFFER"],"condition":"Ungraded","itemCreationDate":"2026-07-28T06:27:56.000Z","itemEndDate":null,"imageUrls":["https://i.ebayimg.com/images/g/bHEAAeSwTy5qaEt0/s-l225.jpg","https://i.ebayimg.com/images/g/bHEAAeSwTy5qaEt0/s-l1600.jpg"],"preliminaryScopeStatus":"IMAGE_OR_IDENTITY_REVIEW_REQUIRED","preliminaryRisks":["true_first_bowman_not_proven_from_title"]}
cand-s4-ebay-fe9f77cb6707e4333e	dh-20260730T170046Z-7d4c2a91	4	2026-07-30T17:05:44.524826+00:00	IVAN DEMIDOV / professional_rookies	Ivan Demidov	professional_nhl_rookie_card	eBay	thekinghing		v1|116978711039|0	https://www.ebay.com/itm/116978711039?_skw=Ivan+Demidov+NHL+rookie+card&hash=item1b3c7979ff%3Ag%3ADbgAAeSwhYZpZE5T	LIVE	IVAN DEMIDOV 2025-26 Topps Now NHL Stickers ROOKIE #52 Montreal Canadiens	{"title":"IVAN DEMIDOV 2025-26 Topps Now NHL Stickers ROOKIE #52 Montreal Canadiens","preliminaryScopeStatus":"DISCOVERY_SCOPE_PASS","queryFamilyIds":["ivan-demidov.professional-rookies"],"preliminaryRisks":[]}	{"status":"UNVERIFIED","verification":"native-browse-title-and-marketplace-images-only","frontVerified":false,"backVerified":false}	preliminary|fe9f77cb6707e4333e	ebay|thekinghing|v1|116978711039|0	https://i.ebayimg.com/images/g/DbgAAeSwhYZpZE5T/s-l225.jpg	https://i.ebayimg.com/images/g/DbgAAeSwhYZpZE5T/s-l960.jpg	FALSE	FALSE	FALSE	FALSE	{}											UNASSESSED	[]	2.95	0																	INSUFFICIENT																	MANUAL REVIEW / UNPRICED	FALSE	FALSE	["exact_parallel_or_variation_not_verified","front_and_back_identity_not_verified","full_delivered_acquisition_cost_not_proven","identical_completed_sales_not_loaded","instacomp_exact_market_not_completed","owned_copy_exclusion_not_proven"]	{"endpoints":["ivan_demidov"],"candidateId":"ebay:v1|116978711039|0","listingItemId":"v1|116978711039|0","queryFamilyIds":["ivan-demidov.professional-rookies"],"buyingOptions":["FIXED_PRICE","BEST_OFFER"],"condition":"Ungraded","itemCreationDate":"2026-01-12T01:29:27.000Z","itemEndDate":null,"imageUrls":["https://i.ebayimg.com/images/g/DbgAAeSwhYZpZE5T/s-l225.jpg","https://i.ebayimg.com/images/g/DbgAAeSwhYZpZE5T/s-l960.jpg"],"preliminaryScopeStatus":"DISCOVERY_SCOPE_PASS","preliminaryRisks":[]}
cand-s4-ebay-1eb99716478c2bbedb	dh-20260730T170046Z-7d4c2a91	4	2026-07-30T17:05:44.524826+00:00	IVAN DEMIDOV / professional_rookies	Ivan Demidov	professional_nhl_rookie_card	eBay	mnsportscards22		v1|117091315603|0	https://www.ebay.com/itm/117091315603?_skw=Ivan+Demidov+NHL+rookie+card&hash=item1b432faf93%3Ag%3Ap5MAAeSwchFpuEU6	LIVE	2025-26 Upper Deck Ivan Demidov Star Rookie GMG Graded 10 Gem Mint 💎 RC #1	{"title":"2025-26 Upper Deck Ivan Demidov Star Rookie GMG Graded 10 Gem Mint 💎 RC #1","preliminaryScopeStatus":"DISCOVERY_SCOPE_PASS","queryFamilyIds":["ivan-demidov.professional-rookies"],"preliminaryRisks":[]}	{"status":"UNVERIFIED","verification":"native-browse-title-and-marketplace-images-only","frontVerified":false,"backVerified":false}	preliminary|1eb99716478c2bbedb	ebay|mnsportscards22|v1|117091315603|0	https://i.ebayimg.com/images/g/p5MAAeSwchFpuEU6/s-l225.jpg	https://i.ebayimg.com/images/g/p5MAAeSwchFpuEU6/s-l1600.jpg	FALSE	FALSE	FALSE	FALSE	{}											UNASSESSED	[]	29.5	4.95																	INSUFFICIENT																	MANUAL REVIEW / UNPRICED	FALSE	FALSE	["exact_parallel_or_variation_not_verified","front_and_back_identity_not_verified","full_delivered_acquisition_cost_not_proven","identical_completed_sales_not_loaded","instacomp_exact_market_not_completed","owned_copy_exclusion_not_proven"]	{"endpoints":["ivan_demidov"],"candidateId":"ebay:v1|117091315603|0","listingItemId":"v1|117091315603|0","queryFamilyIds":["ivan-demidov.professional-rookies"],"buyingOptions":["FIXED_PRICE"],"condition":"Graded","itemCreationDate":"2026-03-16T18:01:43.000Z","itemEndDate":null,"imageUrls":["https://i.ebayimg.com/images/g/p5MAAeSwchFpuEU6/s-l225.jpg","https://i.ebayimg.com/images/g/p5MAAeSwchFpuEU6/s-l1600.jpg"],"preliminaryScopeStatus":"DISCOVERY_SCOPE_PASS","preliminaryRisks":[]}
cand-s4-ebay-0f2c79957372e98222	dh-20260730T170046Z-7d4c2a91	4	2026-07-30T17:05:44.524826+00:00	IVAN DEMIDOV / young_guns_parallels	Ivan Demidov	young_guns_rookie_parallel	eBay	seaocallagha21		v1|127898526942|0	https://www.ebay.com/itm/127898526942?_skw=Ivan+Demidov+Young+Guns+rookie+parallel&hash=item1dc758a4de%3Ag%3AvmsAAeSwENFpxhkK	LIVE	2025-26 Upper Deck Series 1 - Young Guns Ivan Demidov, Artyom Levshunov #250	{"title":"2025-26 Upper Deck Series 1 - Young Guns Ivan Demidov, Artyom Levshunov #250","preliminaryScopeStatus":"DISCOVERY_SCOPE_PASS","queryFamilyIds":["ivan-demidov.young-guns-parallels"],"preliminaryRisks":[]}	{"status":"UNVERIFIED","verification":"native-browse-title-and-marketplace-images-only","frontVerified":false,"backVerified":false}	preliminary|0f2c79957372e98222	ebay|seaocallagha21|v1|127898526942|0	https://i.ebayimg.com/images/g/vmsAAeSwENFpxhkK/s-l225.jpg	https://i.ebayimg.com/images/g/vmsAAeSwENFpxhkK/s-l1600.jpg	FALSE	FALSE	FALSE	FALSE	{}											UNASSESSED	[]	6.79	0																	INSUFFICIENT																	MANUAL REVIEW / UNPRICED	FALSE	FALSE	["exact_parallel_or_variation_not_verified","front_and_back_identity_not_verified","full_delivered_acquisition_cost_not_proven","identical_completed_sales_not_loaded","instacomp_exact_market_not_completed","owned_copy_exclusion_not_proven"]	{"endpoints":["ivan_demidov"],"candidateId":"ebay:v1|127898526942|0","listingItemId":"v1|127898526942|0","queryFamilyIds":["ivan-demidov.young-guns-parallels"],"buyingOptions":["FIXED_PRICE"],"condition":"Ungraded","itemCreationDate":"2026-06-02T02:22:32.000Z","itemEndDate":null,"imageUrls":["https://i.ebayimg.com/images/g/vmsAAeSwENFpxhkK/s-l225.jpg","https://i.ebayimg.com/images/g/vmsAAeSwENFpxhkK/s-l1600.jpg"],"preliminaryScopeStatus":"DISCOVERY_SCOPE_PASS","preliminaryRisks":[]}
cand-s4-ebay-0dc900cfe0ffa33deb	dh-20260730T170046Z-7d4c2a91	4	2026-07-30T17:05:44.524826+00:00	IVAN DEMIDOV / young_guns_parallels	Ivan Demidov	young_guns_rookie_parallel	eBay	downthestretchsports		v1|127976355949|0	https://www.ebay.com/itm/127976355949?_skw=Ivan+Demidov+Young+Guns+rookie+parallel&hash=item1dcbfc386d%3Ag%3AlNkAAeSwBGxqV6h1	LIVE	2025-26 Upper deck Series One Ivan Demidov Young Guns #205	{"title":"2025-26 Upper deck Series One Ivan Demidov Young Guns #205","preliminaryScopeStatus":"DISCOVERY_SCOPE_PASS","queryFamilyIds":["ivan-demidov.young-guns-parallels"],"preliminaryRisks":[]}	{"status":"UNVERIFIED","verification":"native-browse-title-and-marketplace-images-only","frontVerified":false,"backVerified":false}	preliminary|0dc900cfe0ffa33deb	ebay|downthestretchsports|v1|127976355949|0	https://i.ebayimg.com/images/g/lNkAAeSwBGxqV6h1/s-l225.jpg	https://i.ebayimg.com/images/g/lNkAAeSwBGxqV6h1/s-l1600.jpg	FALSE	FALSE	FALSE	FALSE	{}											UNASSESSED	[]	99.67																		INSUFFICIENT																	MANUAL REVIEW / UNPRICED	FALSE	FALSE	["exact_parallel_or_variation_not_verified","front_and_back_identity_not_verified","full_delivered_acquisition_cost_not_proven","identical_completed_sales_not_loaded","instacomp_exact_market_not_completed","owned_copy_exclusion_not_proven"]	{"endpoints":["ivan_demidov"],"candidateId":"ebay:v1|127976355949|0","listingItemId":"v1|127976355949|0","queryFamilyIds":["ivan-demidov.young-guns-parallels"],"buyingOptions":["FIXED_PRICE","BEST_OFFER"],"condition":"Ungraded","itemCreationDate":"2026-07-15T15:34:50.000Z","itemEndDate":null,"imageUrls":["https://i.ebayimg.com/images/g/lNkAAeSwBGxqV6h1/s-l225.jpg","https://i.ebayimg.com/images/g/lNkAAeSwBGxqV6h1/s-l1600.jpg"],"preliminaryScopeStatus":"DISCOVERY_SCOPE_PASS","preliminaryRisks":[]}
cand-s4-ebay-e211e051679fdb948e	dh-20260730T170046Z-7d4c2a91	4	2026-07-30T17:05:44.524826+00:00	IVAN DEMIDOV / professional_rookies	Ivan Demidov	professional_nhl_rookie_card	eBay	rchandler3		v1|127992355107|0	https://www.ebay.com/itm/127992355107?_skw=Ivan+Demidov+NHL+rookie+card&hash=item1dccf05923%3Ag%3ABd4AAeSwtD9qY5IM	LIVE	2025 26 Sp Game Used Hockey Ivan Demidov Rc NHL Master /299	{"title":"2025 26 Sp Game Used Hockey Ivan Demidov Rc NHL Master /299","preliminaryScopeStatus":"DISCOVERY_SCOPE_PASS","queryFamilyIds":["ivan-demidov.professional-rookies"],"preliminaryRisks":[]}	{"status":"UNVERIFIED","verification":"native-browse-title-and-marketplace-images-only","frontVerified":false,"backVerified":false}	preliminary|e211e051679fdb948e	ebay|rchandler3|v1|127992355107|0	https://i.ebayimg.com/images/g/Bd4AAeSwtD9qY5IM/s-l225.jpg	https://i.ebayimg.com/images/g/Bd4AAeSwtD9qY5IM/s-l1600.jpg	FALSE	FALSE	FALSE	FALSE	{}											UNASSESSED	[]	29.99	5.99																	INSUFFICIENT																	MANUAL REVIEW / UNPRICED	FALSE	FALSE	["exact_parallel_or_variation_not_verified","front_and_back_identity_not_verified","full_delivered_acquisition_cost_not_proven","identical_completed_sales_not_loaded","instacomp_exact_market_not_completed","owned_copy_exclusion_not_proven"]	{"endpoints":["ivan_demidov"],"candidateId":"ebay:v1|127992355107|0","listingItemId":"v1|127992355107|0","queryFamilyIds":["ivan-demidov.professional-rookies"],"buyingOptions":["FIXED_PRICE","BEST_OFFER"],"condition":"Ungraded","itemCreationDate":"2026-07-24T16:26:42.000Z","itemEndDate":null,"imageUrls":["https://i.ebayimg.com/images/g/Bd4AAeSwtD9qY5IM/s-l225.jpg","https://i.ebayimg.com/images/g/Bd4AAeSwtD9qY5IM/s-l1600.jpg"],"preliminaryScopeStatus":"DISCOVERY_SCOPE_PASS","preliminaryRisks":[]}
cand-s4-ebay-e1463d9cf8ed14e3a5	dh-20260730T170046Z-7d4c2a91	4	2026-07-30T17:05:44.524826+00:00	IVAN DEMIDOV / autograph_memorabilia	Ivan Demidov	nhl_rookie_autograph_memorabilia	eBay	wax.crackers		v1|137184833706|0	https://www.ebay.com/itm/137184833706?_skw=Ivan+Demidov+NHL+rookie+autograph+patch+memorabilia&hash=item1ff0da70aa%3Ag%3AfWsAAeSwVpNpzCvJ	LIVE	2025-26 SP Game Used Ivan Demidov Rookie Sweaters Jersey Patch RC /299	{"title":"2025-26 SP Game Used Ivan Demidov Rookie Sweaters Jersey Patch RC /299","preliminaryScopeStatus":"DISCOVERY_SCOPE_PASS","queryFamilyIds":["ivan-demidov.autograph-memorabilia"],"preliminaryRisks":[]}	{"status":"UNVERIFIED","verification":"native-browse-title-and-marketplace-images-only","frontVerified":false,"backVerified":false}	preliminary|e1463d9cf8ed14e3a5	ebay|wax.crackers|v1|137184833706|0	https://i.ebayimg.com/images/g/fWsAAeSwVpNpzCvJ/s-l225.jpg	https://i.ebayimg.com/images/g/fWsAAeSwVpNpzCvJ/s-l1200.jpg	FALSE	FALSE	FALSE	FALSE	{}											UNASSESSED	[]	125	6.49																	INSUFFICIENT																	MANUAL REVIEW / UNPRICED	FALSE	FALSE	["exact_parallel_or_variation_not_verified","front_and_back_identity_not_verified","full_delivered_acquisition_cost_not_proven","identical_completed_sales_not_loaded","instacomp_exact_market_not_completed","owned_copy_exclusion_not_proven"]	{"endpoints":["ivan_demidov"],"candidateId":"ebay:v1|137184833706|0","listingItemId":"v1|137184833706|0","queryFamilyIds":["ivan-demidov.autograph-memorabilia"],"buyingOptions":["FIXED_PRICE","BEST_OFFER"],"condition":"Ungraded","itemCreationDate":"2026-03-31T20:15:08.000Z","itemEndDate":null,"imageUrls":["https://i.ebayimg.com/images/g/fWsAAeSwVpNpzCvJ/s-l225.jpg","https://i.ebayimg.com/images/g/fWsAAeSwVpNpzCvJ/s-l1200.jpg"],"preliminaryScopeStatus":"DISCOVERY_SCOPE_PASS","preliminaryRisks":[]}
cand-s4-ebay-ede3c0c0a3393e80ad	dh-20260730T170046Z-7d4c2a91	4	2026-07-30T17:05:44.524826+00:00	IVAN DEMIDOV / professional_rookies	Ivan Demidov	professional_nhl_rookie_card	eBay	ratamburro		v1|137259435746|0	https://www.ebay.com/itm/137259435746?_skw=Ivan+Demidov+NHL+rookie+card&hash=item1ff54cc6e2%3Ag%3AYPcAAeSwp2Jp7qVx	LIVE	Ivan Demidov 2026 UD National Hockey Card Day 50 Card Rookie Moments Lot NCHD-31	{"title":"Ivan Demidov 2026 UD National Hockey Card Day 50 Card Rookie Moments Lot NCHD-31","preliminaryScopeStatus":"DISCOVERY_SCOPE_PASS","queryFamilyIds":["ivan-demidov.professional-rookies"],"preliminaryRisks":[]}	{"status":"UNVERIFIED","verification":"native-browse-title-and-marketplace-images-only","frontVerified":false,"backVerified":false}	preliminary|ede3c0c0a3393e80ad	ebay|ratamburro|v1|137259435746|0	https://i.ebayimg.com/images/g/YPcAAeSwp2Jp7qVx/s-l225.jpg	https://i.ebayimg.com/images/g/YPcAAeSwp2Jp7qVx/s-l1600.jpg	FALSE	FALSE	FALSE	FALSE	{}											UNASSESSED	[]	35																		INSUFFICIENT																	MANUAL REVIEW / UNPRICED	FALSE	FALSE	["exact_parallel_or_variation_not_verified","front_and_back_identity_not_verified","full_delivered_acquisition_cost_not_proven","identical_completed_sales_not_loaded","instacomp_exact_market_not_completed","owned_copy_exclusion_not_proven"]	{"endpoints":["ivan_demidov"],"candidateId":"ebay:v1|137259435746|0","listingItemId":"v1|137259435746|0","queryFamilyIds":["ivan-demidov.professional-rookies"],"buyingOptions":["FIXED_PRICE","BEST_OFFER"],"condition":"New","itemCreationDate":"2026-04-26T23:59:34.000Z","itemEndDate":null,"imageUrls":["https://i.ebayimg.com/images/g/YPcAAeSwp2Jp7qVx/s-l225.jpg","https://i.ebayimg.com/images/g/YPcAAeSwp2Jp7qVx/s-l1600.jpg"],"preliminaryScopeStatus":"DISCOVERY_SCOPE_PASS","preliminaryRisks":[]}
cand-s4-ebay-a5041539cb19676792	dh-20260730T170046Z-7d4c2a91	4	2026-07-30T17:05:44.524826+00:00	IVAN DEMIDOV / professional_rookies	Ivan Demidov	professional_nhl_rookie_card	eBay	shotimecards		v1|137416988814|0	https://www.ebay.com/itm/137416988814?_skw=Ivan+Demidov+NHL+rookie+card&hash=item1ffeb0d88e%3Ag%3A1RgAAeSw4PlqL3Hp	LIVE	2025-26 Topps Now NHL Stickers #RC-4 Ivan Demidov Rookie Collection Blue Ice	{"title":"2025-26 Topps Now NHL Stickers #RC-4 Ivan Demidov Rookie Collection Blue Ice","preliminaryScopeStatus":"DISCOVERY_SCOPE_PASS","queryFamilyIds":["ivan-demidov.professional-rookies"],"preliminaryRisks":[]}	{"status":"UNVERIFIED","verification":"native-browse-title-and-marketplace-images-only","frontVerified":false,"backVerified":false}	preliminary|a5041539cb19676792	ebay|shotimecards|v1|137416988814|0	https://i.ebayimg.com/images/g/1RgAAeSw4PlqL3Hp/s-l225.jpg	https://i.ebayimg.com/images/g/1RgAAeSw4PlqL3Hp/s-l1600.jpg	FALSE	FALSE	FALSE	FALSE	{}											UNASSESSED	[]	20																		INSUFFICIENT																	MANUAL REVIEW / UNPRICED	FALSE	FALSE	["exact_parallel_or_variation_not_verified","front_and_back_identity_not_verified","full_delivered_acquisition_cost_not_proven","identical_completed_sales_not_loaded","instacomp_exact_market_not_completed","owned_copy_exclusion_not_proven"]	{"endpoints":["ivan_demidov"],"candidateId":"ebay:v1|137416988814|0","listingItemId":"v1|137416988814|0","queryFamilyIds":["ivan-demidov.professional-rookies"],"buyingOptions":["FIXED_PRICE","BEST_OFFER"],"condition":"Ungraded","itemCreationDate":"2026-06-15T03:31:49.000Z","itemEndDate":null,"imageUrls":["https://i.ebayimg.com/images/g/1RgAAeSw4PlqL3Hp/s-l225.jpg","https://i.ebayimg.com/images/g/1RgAAeSw4PlqL3Hp/s-l1600.jpg"],"preliminaryScopeStatus":"DISCOVERY_SCOPE_PASS","preliminaryRisks":[]}
cand-s4-ebay-801840337a4cdda9b0	dh-20260730T170046Z-7d4c2a91	4	2026-07-30T17:05:44.524826+00:00	IVAN DEMIDOV / professional_rookies	Ivan Demidov	professional_nhl_rookie_card	eBay	avzensportscards		v1|147026747634|445546612900	https://www.ebay.com/itm/147026747634?_skw=Ivan+Demidov+NHL+rookie+card&hash=item223b7a20f2%3Ag%3At7wAAeSwANFp%7EstN	LIVE	2025-26 Upper Deck Series 1 NHL Hockey Base Singles (Pick Your Cards)	{"title":"2025-26 Upper Deck Series 1 NHL Hockey Base Singles (Pick Your Cards)","preliminaryScopeStatus":"DISCOVERY_SCOPE_PASS","queryFamilyIds":["ivan-demidov.professional-rookies"],"preliminaryRisks":[]}	{"status":"UNVERIFIED","verification":"native-browse-title-and-marketplace-images-only","frontVerified":false,"backVerified":false}	preliminary|801840337a4cdda9b0	ebay|avzensportscards|v1|147026747634|445546612900	https://i.ebayimg.com/images/g/t7wAAeSwANFp~stN/s-l225.jpg	https://i.ebayimg.com/images/g/t7wAAeSwANFp~stN/s-l1200.jpg	FALSE	FALSE	FALSE	FALSE	{}											UNASSESSED	[]	189.95	0																	INSUFFICIENT																	MANUAL REVIEW / UNPRICED	FALSE	FALSE	["exact_parallel_or_variation_not_verified","front_and_back_identity_not_verified","full_delivered_acquisition_cost_not_proven","identical_completed_sales_not_loaded","instacomp_exact_market_not_completed","owned_copy_exclusion_not_proven"]	{"endpoints":["ivan_demidov"],"candidateId":"ebay:v1|147026747634|445546612900","listingItemId":"v1|147026747634|445546612900","queryFamilyIds":["ivan-demidov.professional-rookies"],"buyingOptions":["FIXED_PRICE"],"condition":"Ungraded","itemCreationDate":"2025-12-13T14:51:04.000Z","itemEndDate":null,"imageUrls":["https://i.ebayimg.com/images/g/t7wAAeSwANFp~stN/s-l225.jpg","https://i.ebayimg.com/images/g/t7wAAeSwANFp~stN/s-l1200.jpg"],"preliminaryScopeStatus":"DISCOVERY_SCOPE_PASS","preliminaryRisks":[]}
cand-s4-ebay-493c01f4f47679d039	dh-20260730T170046Z-7d4c2a91	4	2026-07-30T17:05:44.524826+00:00	IVAN DEMIDOV / young_guns_parallels	Ivan Demidov	young_guns_rookie_parallel	eBay	fimmiecards		v1|157666659353|0	https://www.ebay.com/itm/157666659353?_skw=Ivan+Demidov+Young+Guns+rookie+parallel&hash=item24b5aa4c19%3Ag%3AyRUAAeSwUBJph3mS	LIVE	2025-26 Upper Deck Series 1 - Young Guns Ivan Demidov #205 (RC)	{"title":"2025-26 Upper Deck Series 1 - Young Guns Ivan Demidov #205 (RC)","preliminaryScopeStatus":"DISCOVERY_SCOPE_PASS","queryFamilyIds":["ivan-demidov.young-guns-parallels"],"preliminaryRisks":[]}	{"status":"UNVERIFIED","verification":"native-browse-title-and-marketplace-images-only","frontVerified":false,"backVerified":false}	preliminary|493c01f4f47679d039	ebay|fimmiecards|v1|157666659353|0	https://i.ebayimg.com/images/g/yRUAAeSwUBJph3mS/s-l225.jpg	https://i.ebayimg.com/images/g/yRUAAeSwUBJph3mS/s-l1600.jpg	FALSE	FALSE	FALSE	FALSE	{}											UNASSESSED	[]	90																		INSUFFICIENT																	MANUAL REVIEW / UNPRICED	FALSE	FALSE	["exact_parallel_or_variation_not_verified","front_and_back_identity_not_verified","full_delivered_acquisition_cost_not_proven","identical_completed_sales_not_loaded","instacomp_exact_market_not_completed","owned_copy_exclusion_not_proven"]	{"endpoints":["ivan_demidov"],"candidateId":"ebay:v1|157666659353|0","listingItemId":"v1|157666659353|0","queryFamilyIds":["ivan-demidov.young-guns-parallels"],"buyingOptions":["FIXED_PRICE"],"condition":"Ungraded","itemCreationDate":"2026-02-07T17:45:06.000Z","itemEndDate":null,"imageUrls":["https://i.ebayimg.com/images/g/yRUAAeSwUBJph3mS/s-l225.jpg","https://i.ebayimg.com/images/g/yRUAAeSwUBJph3mS/s-l1600.jpg"],"preliminaryScopeStatus":"DISCOVERY_SCOPE_PASS","preliminaryRisks":[]}
cand-s4-ebay-747b4c4ffbe6525b1e	dh-20260730T170046Z-7d4c2a91	4	2026-07-30T17:05:44.524826+00:00	IVAN DEMIDOV / professional_rookies, young_guns_parallels	Ivan Demidov	professional_nhl_rookie_card	eBay	raiders_of_the_lost_arkanoid		v1|158103092154|0	https://www.ebay.com/itm/158103092154?_skw=Ivan+Demidov+NHL+rookie+card&hash=item24cfadbbba%3Ag%3Ao04AAeSwKs5qXnRq	LIVE	2025-26 UD Series 1 Ivan Demidov Silver Outburst Young Guns Rookie #205 RARE	{"title":"2025-26 UD Series 1 Ivan Demidov Silver Outburst Young Guns Rookie #205 RARE","preliminaryScopeStatus":"DISCOVERY_SCOPE_PASS","queryFamilyIds":["ivan-demidov.professional-rookies","ivan-demidov.young-guns-parallels"],"preliminaryRisks":[]}	{"status":"UNVERIFIED","verification":"native-browse-title-and-marketplace-images-only","frontVerified":false,"backVerified":false}	preliminary|747b4c4ffbe6525b1e	ebay|raiders_of_the_lost_arkanoid|v1|158103092154|0	https://i.ebayimg.com/images/g/o04AAeSwKs5qXnRq/s-l225.jpg	https://i.ebayimg.com/images/g/o04AAeSwKs5qXnRq/s-l1600.jpg	FALSE	FALSE	FALSE	FALSE	{}											UNASSESSED	[]	485	5																	INSUFFICIENT																	MANUAL REVIEW / UNPRICED	FALSE	FALSE	["exact_parallel_or_variation_not_verified","front_and_back_identity_not_verified","full_delivered_acquisition_cost_not_proven","identical_completed_sales_not_loaded","instacomp_exact_market_not_completed","owned_copy_exclusion_not_proven"]	{"endpoints":["ivan_demidov"],"candidateId":"ebay:v1|158103092154|0","listingItemId":"v1|158103092154|0","queryFamilyIds":["ivan-demidov.professional-rookies","ivan-demidov.young-guns-parallels"],"buyingOptions":["FIXED_PRICE","BEST_OFFER"],"condition":"Ungraded","itemCreationDate":"2026-07-20T19:18:55.000Z","itemEndDate":null,"imageUrls":["https://i.ebayimg.com/images/g/o04AAeSwKs5qXnRq/s-l225.jpg","https://i.ebayimg.com/images/g/o04AAeSwKs5qXnRq/s-l1600.jpg"],"preliminaryScopeStatus":"DISCOVERY_SCOPE_PASS","preliminaryRisks":[]}
cand-s4-ebay-d7baa4269baafbb871	dh-20260730T170046Z-7d4c2a91	4	2026-07-30T17:05:44.524826+00:00	IVAN DEMIDOV / professional_rookies	Ivan Demidov	professional_nhl_rookie_card	eBay	chris.gots.it83		v1|158130268969|0	https://www.ebay.com/itm/158130268969?_skw=Ivan+Demidov+NHL+rookie+card&hash=item24d14c6b29%3Ag%3AwwMAAeSwYwRqaYWy	LIVE	Matthew Schaefer RC Ivan Demidov RC 2 Card Lot Star Rookies Set #5 #1 🔥🔥🔥	{"title":"Matthew Schaefer RC Ivan Demidov RC 2 Card Lot Star Rookies Set #5 #1 🔥🔥🔥","preliminaryScopeStatus":"DISCOVERY_SCOPE_PASS","queryFamilyIds":["ivan-demidov.professional-rookies"],"preliminaryRisks":[]}	{"status":"UNVERIFIED","verification":"native-browse-title-and-marketplace-images-only","frontVerified":false,"backVerified":false}	preliminary|d7baa4269baafbb871	ebay|chris.gots.it83|v1|158130268969|0	https://i.ebayimg.com/images/g/wwMAAeSwYwRqaYWy/s-l225.jpg	https://i.ebayimg.com/images/g/wwMAAeSwYwRqaYWy/s-l1600.jpg	FALSE	FALSE	FALSE	FALSE	{}											UNASSESSED	[]	7.99																		INSUFFICIENT																	MANUAL REVIEW / UNPRICED	FALSE	FALSE	["exact_parallel_or_variation_not_verified","front_and_back_identity_not_verified","full_delivered_acquisition_cost_not_proven","identical_completed_sales_not_loaded","instacomp_exact_market_not_completed","owned_copy_exclusion_not_proven"]	{"endpoints":["ivan_demidov"],"candidateId":"ebay:v1|158130268969|0","listingItemId":"v1|158130268969|0","queryFamilyIds":["ivan-demidov.professional-rookies"],"buyingOptions":["FIXED_PRICE","BEST_OFFER"],"condition":"New","itemCreationDate":"2026-07-29T04:54:18.000Z","itemEndDate":null,"imageUrls":["https://i.ebayimg.com/images/g/wwMAAeSwYwRqaYWy/s-l225.jpg","https://i.ebayimg.com/images/g/wwMAAeSwYwRqaYWy/s-l1600.jpg"],"preliminaryScopeStatus":"DISCOVERY_SCOPE_PASS","preliminaryRisks":[]}
cand-s4-ebay-dd55b869229f24e144	dh-20260730T170046Z-7d4c2a91	4	2026-07-30T17:05:44.524826+00:00	IVAN DEMIDOV / young_guns_parallels	Ivan Demidov	young_guns_rookie_parallel	eBay	mc_sportscards		v1|178210243291|0	https://www.ebay.com/itm/178210243291?_skw=Ivan+Demidov+Young+Guns+rookie+parallel&hash=item297e2882db%3Ag%3AzpQAAeSwqThqKYXu	LIVE	IVAN DEMIDOV 2025 UPPER DECK S1 #205 ROOKIE UD EXCLUSIVES YOUNG GUNS RC 38/100	{"title":"IVAN DEMIDOV 2025 UPPER DECK S1 #205 ROOKIE UD EXCLUSIVES YOUNG GUNS RC 38/100","preliminaryScopeStatus":"DISCOVERY_SCOPE_PASS","queryFamilyIds":["ivan-demidov.young-guns-parallels"],"preliminaryRisks":[]}	{"status":"UNVERIFIED","verification":"native-browse-title-and-marketplace-images-only","frontVerified":false,"backVerified":false}	preliminary|dd55b869229f24e144	ebay|mc_sportscards|v1|178210243291|0	https://i.ebayimg.com/images/g/zpQAAeSwqThqKYXu/s-l225.jpg	https://i.ebayimg.com/images/g/zpQAAeSwqThqKYXu/s-l1600.jpg	FALSE	FALSE	FALSE	FALSE	{}											UNASSESSED	[]	1449.99	19.95																	INSUFFICIENT																	MANUAL REVIEW / UNPRICED	FALSE	FALSE	["exact_parallel_or_variation_not_verified","front_and_back_identity_not_verified","full_delivered_acquisition_cost_not_proven","identical_completed_sales_not_loaded","instacomp_exact_market_not_completed","owned_copy_exclusion_not_proven"]	{"endpoints":["ivan_demidov"],"candidateId":"ebay:v1|178210243291|0","listingItemId":"v1|178210243291|0","queryFamilyIds":["ivan-demidov.young-guns-parallels"],"buyingOptions":["FIXED_PRICE","BEST_OFFER"],"condition":"Ungraded","itemCreationDate":"2026-06-10T15:58:40.000Z","itemEndDate":null,"imageUrls":["https://i.ebayimg.com/images/g/zpQAAeSwqThqKYXu/s-l225.jpg","https://i.ebayimg.com/images/g/zpQAAeSwqThqKYXu/s-l1600.jpg"],"preliminaryScopeStatus":"DISCOVERY_SCOPE_PASS","preliminaryRisks":[]}
cand-s4-ebay-8bd3fff1d169248e53	dh-20260730T170046Z-7d4c2a91	4	2026-07-30T17:05:44.524826+00:00	IVAN DEMIDOV / young_guns_parallels	Ivan Demidov	young_guns_rookie_parallel	eBay	ssjtz60		v1|178306017491|0	https://www.ebay.com/itm/178306017491?_skw=Ivan+Demidov+Young+Guns+rookie+parallel&hash=item2983dde8d3%3Ag%3AifUAAeSw-ghqPskH	LIVE	2025 Upper Deck Series 1 Young Guns Speckled Rainbow Foil Ivan Demidov Rookie RC	{"title":"2025 Upper Deck Series 1 Young Guns Speckled Rainbow Foil Ivan Demidov Rookie RC","preliminaryScopeStatus":"DISCOVERY_SCOPE_PASS","queryFamilyIds":["ivan-demidov.young-guns-parallels"],"preliminaryRisks":[]}	{"status":"UNVERIFIED","verification":"native-browse-title-and-marketplace-images-only","frontVerified":false,"backVerified":false}	preliminary|8bd3fff1d169248e53	ebay|ssjtz60|v1|178306017491|0	https://i.ebayimg.com/images/g/ifUAAeSw-ghqPskH/s-l225.jpg	https://i.ebayimg.com/images/g/ifUAAeSw-ghqPskH/s-l1600.jpg	FALSE	FALSE	FALSE	FALSE	{}											UNASSESSED	[]	4271.37	17.8																	INSUFFICIENT																	MANUAL REVIEW / UNPRICED	FALSE	FALSE	["exact_parallel_or_variation_not_verified","front_and_back_identity_not_verified","full_delivered_acquisition_cost_not_proven","identical_completed_sales_not_loaded","instacomp_exact_market_not_completed","owned_copy_exclusion_not_proven"]	{"endpoints":["ivan_demidov"],"candidateId":"ebay:v1|178306017491|0","listingItemId":"v1|178306017491|0","queryFamilyIds":["ivan-demidov.young-guns-parallels"],"buyingOptions":["FIXED_PRICE","BEST_OFFER"],"condition":"Graded","itemCreationDate":"2026-07-13T02:04:30.000Z","itemEndDate":null,"imageUrls":["https://i.ebayimg.com/images/g/ifUAAeSw-ghqPskH/s-l225.jpg","https://i.ebayimg.com/images/g/ifUAAeSw-ghqPskH/s-l1600.jpg"],"preliminaryScopeStatus":"DISCOVERY_SCOPE_PASS","preliminaryRisks":[]}
cand-s4-ebay-2f12d2a9398b152485	dh-20260730T170046Z-7d4c2a91	4	2026-07-30T17:05:44.524826+00:00	IVAN DEMIDOV / autograph_memorabilia	Ivan Demidov	nhl_rookie_autograph_memorabilia	eBay	the_hockey_stop_cards		v1|188257994958|0	https://www.ebay.com/itm/188257994958?_skw=Ivan+Demidov+NHL+rookie+autograph+patch+memorabilia&hash=item2bd50d08ce%3Ag%3AdQ8AAeSwXldp1U0N	LIVE	2025-26 UD Black Diamond Ivan Demidov Exquisite Dual Swatch Rookie Patch /5	{"title":"2025-26 UD Black Diamond Ivan Demidov Exquisite Dual Swatch Rookie Patch /5","preliminaryScopeStatus":"DISCOVERY_SCOPE_PASS","queryFamilyIds":["ivan-demidov.autograph-memorabilia"],"preliminaryRisks":[]}	{"status":"UNVERIFIED","verification":"native-browse-title-and-marketplace-images-only","frontVerified":false,"backVerified":false}	preliminary|2f12d2a9398b152485	ebay|the_hockey_stop_cards|v1|188257994958|0	https://i.ebayimg.com/images/g/dQ8AAeSwXldp1U0N/s-l225.jpg	https://i.ebayimg.com/images/g/dQ8AAeSwXldp1U0N/s-l960.jpg	FALSE	FALSE	FALSE	FALSE	{}											UNASSESSED	[]	1499.99	24.99																	INSUFFICIENT																	MANUAL REVIEW / UNPRICED	FALSE	FALSE	["exact_parallel_or_variation_not_verified","front_and_back_identity_not_verified","full_delivered_acquisition_cost_not_proven","identical_completed_sales_not_loaded","instacomp_exact_market_not_completed","owned_copy_exclusion_not_proven"]	{"endpoints":["ivan_demidov"],"candidateId":"ebay:v1|188257994958|0","listingItemId":"v1|188257994958|0","queryFamilyIds":["ivan-demidov.autograph-memorabilia"],"buyingOptions":["FIXED_PRICE","BEST_OFFER"],"condition":"Ungraded","itemCreationDate":"2026-04-08T23:03:02.000Z","itemEndDate":null,"imageUrls":["https://i.ebayimg.com/images/g/dQ8AAeSwXldp1U0N/s-l225.jpg","https://i.ebayimg.com/images/g/dQ8AAeSwXldp1U0N/s-l960.jpg"],"preliminaryScopeStatus":"DISCOVERY_SCOPE_PASS","preliminaryRisks":[]}
cand-s4-ebay-3373876a1c8482d589	dh-20260730T170046Z-7d4c2a91	4	2026-07-30T17:05:44.524826+00:00	IVAN DEMIDOV / professional_rookies	Ivan Demidov	professional_nhl_rookie_card	eBay	helenda-59		v1|206436541269|0	https://www.ebay.com/itm/206436541269?_skw=Ivan+Demidov+NHL+rookie+card&hash=item301093a355%3Ag%3AtjsAAeSwan9qYqch&amdata=enc%3AAQALAAABAACCtXRWQnOEpyOqnQQ8KGZ%2BsYhjSUBWlCCvLrVoRefHcBKtf%2B%2BIDMOMQH4ayfEkLkiR%2FLRa3LSjZvbV6EZuO2HMPIl1ybN1ho%2FCfz4gsydjCeV6OfsfOeogekVx9WULRFUeytRAcyIIIypb8Q19G8OHZWea0kOqrderj3F9oYf6YH80TAtM7YJxIGfifnSE6j3EWDpvk3z80LhrE3GWRuSgMHuWuhWKdI5FPWD2uo6sCEhbWcQICNmzsteNU2%2BaD%2BhctcUToy6WGFVq3DAAl7dVTW3dZb9%2B8Xzv%2BiXyVU1%2Bq9zVmnCI9%2F2xMvRUhw%2F4hZ9Zr4Ipn2fNMVccIllCNWU%3D	LIVE	Upper Deck 2025-26 Series 1 Young Guns Ivan Demidov RC #205 PSA 9 Canadiens	{"title":"Upper Deck 2025-26 Series 1 Young Guns Ivan Demidov RC #205 PSA 9 Canadiens","preliminaryScopeStatus":"DISCOVERY_SCOPE_PASS","queryFamilyIds":["ivan-demidov.professional-rookies"],"preliminaryRisks":[]}	{"status":"UNVERIFIED","verification":"native-browse-title-and-marketplace-images-only","frontVerified":false,"backVerified":false}	preliminary|3373876a1c8482d589	ebay|helenda-59|v1|206436541269|0	https://i.ebayimg.com/images/g/tjsAAeSwan9qYqch/s-l225.jpg	https://i.ebayimg.com/images/g/tjsAAeSwan9qYqch/s-l1600.jpg	FALSE	FALSE	FALSE	FALSE	{}											UNASSESSED	[]	144																		INSUFFICIENT																	MANUAL REVIEW / UNPRICED	FALSE	FALSE	["exact_parallel_or_variation_not_verified","front_and_back_identity_not_verified","full_delivered_acquisition_cost_not_proven","identical_completed_sales_not_loaded","instacomp_exact_market_not_completed","owned_copy_exclusion_not_proven"]	{"endpoints":["ivan_demidov"],"candidateId":"ebay:v1|206436541269|0","listingItemId":"v1|206436541269|0","queryFamilyIds":["ivan-demidov.professional-rookies"],"buyingOptions":["FIXED_PRICE","BEST_OFFER"],"condition":"Graded","itemCreationDate":"2026-07-23T23:44:31.000Z","itemEndDate":null,"imageUrls":["https://i.ebayimg.com/images/g/tjsAAeSwan9qYqch/s-l225.jpg","https://i.ebayimg.com/images/g/tjsAAeSwan9qYqch/s-l1600.jpg"],"preliminaryScopeStatus":"DISCOVERY_SCOPE_PASS","preliminaryRisks":[]}
cand-s4-ebay-2af7cebc288c1a45e1	dh-20260730T170046Z-7d4c2a91	4	2026-07-30T17:05:44.524826+00:00	IVAN DEMIDOV / young_guns_parallels	Ivan Demidov	young_guns_rookie_parallel	eBay	wingedwheelcards		v1|206439179371|0	https://www.ebay.com/itm/206439179371?_skw=Ivan+Demidov+Young+Guns+rookie+parallel&hash=item3010bbe46b%3Ag%3AgUcAAeSwydZqY%7Ein	LIVE	2025-26 Upper Deck Series 1 - Young Guns Ivan Demidov #205 (RC)	{"title":"2025-26 Upper Deck Series 1 - Young Guns Ivan Demidov #205 (RC)","preliminaryScopeStatus":"DISCOVERY_SCOPE_PASS","queryFamilyIds":["ivan-demidov.young-guns-parallels"],"preliminaryRisks":[]}	{"status":"UNVERIFIED","verification":"native-browse-title-and-marketplace-images-only","frontVerified":false,"backVerified":false}	preliminary|2af7cebc288c1a45e1	ebay|wingedwheelcards|v1|206439179371|0	https://i.ebayimg.com/images/g/gUcAAeSwydZqY~in/s-l225.jpg	https://i.ebayimg.com/images/g/gUcAAeSwydZqY~in/s-l1600.jpg	FALSE	FALSE	FALSE	FALSE	{}											UNASSESSED	[]	100																		INSUFFICIENT																	MANUAL REVIEW / UNPRICED	FALSE	FALSE	["exact_parallel_or_variation_not_verified","front_and_back_identity_not_verified","full_delivered_acquisition_cost_not_proven","identical_completed_sales_not_loaded","instacomp_exact_market_not_completed","owned_copy_exclusion_not_proven"]	{"endpoints":["ivan_demidov"],"candidateId":"ebay:v1|206439179371|0","listingItemId":"v1|206439179371|0","queryFamilyIds":["ivan-demidov.young-guns-parallels"],"buyingOptions":["FIXED_PRICE","BEST_OFFER"],"condition":"Ungraded","itemCreationDate":"2026-07-24T23:44:45.000Z","itemEndDate":null,"imageUrls":["https://i.ebayimg.com/images/g/gUcAAeSwydZqY~in/s-l225.jpg","https://i.ebayimg.com/images/g/gUcAAeSwydZqY~in/s-l1600.jpg"],"preliminaryScopeStatus":"DISCOVERY_SCOPE_PASS","preliminaryRisks":[]}
cand-s4-ebay-ab4a6c3fc846e88fea	dh-20260730T170046Z-7d4c2a91	4	2026-07-30T17:05:44.524826+00:00	IVAN DEMIDOV / young_guns_parallels	Ivan Demidov	young_guns_rookie_parallel	eBay	evannfld89		v1|257619654437|0	https://www.ebay.com/itm/257619654437?_skw=Ivan+Demidov+Young+Guns+rookie+parallel&hash=item3bfb53f725%3Ag%3AhXYAAeSwW3hqVRPX	LIVE	2025-26 Series 1 Ivan Demidov Young Guns Ksa 10 Gem Mint	{"title":"2025-26 Series 1 Ivan Demidov Young Guns Ksa 10 Gem Mint","preliminaryScopeStatus":"DISCOVERY_SCOPE_PASS","queryFamilyIds":["ivan-demidov.young-guns-parallels"],"preliminaryRisks":[]}	{"status":"UNVERIFIED","verification":"native-browse-title-and-marketplace-images-only","frontVerified":false,"backVerified":false}	preliminary|ab4a6c3fc846e88fea	ebay|evannfld89|v1|257619654437|0	https://i.ebayimg.com/images/g/hXYAAeSwW3hqVRPX/s-l225.jpg	https://i.ebayimg.com/images/g/hXYAAeSwW3hqVRPX/s-l1600.jpg	FALSE	FALSE	FALSE	FALSE	{}											UNASSESSED	[]	355.94	12.81																	INSUFFICIENT																	MANUAL REVIEW / UNPRICED	FALSE	FALSE	["exact_parallel_or_variation_not_verified","front_and_back_identity_not_verified","full_delivered_acquisition_cost_not_proven","identical_completed_sales_not_loaded","instacomp_exact_market_not_completed","owned_copy_exclusion_not_proven"]	{"endpoints":["ivan_demidov"],"candidateId":"ebay:v1|257619654437|0","listingItemId":"v1|257619654437|0","queryFamilyIds":["ivan-demidov.young-guns-parallels"],"buyingOptions":["FIXED_PRICE"],"condition":"Graded","itemCreationDate":"2026-07-13T16:38:14.000Z","itemEndDate":null,"imageUrls":["https://i.ebayimg.com/images/g/hXYAAeSwW3hqVRPX/s-l225.jpg","https://i.ebayimg.com/images/g/hXYAAeSwW3hqVRPX/s-l1600.jpg"],"preliminaryScopeStatus":"DISCOVERY_SCOPE_PASS","preliminaryRisks":[]}
cand-s4-ebay-cbe774b0e5fe007eba	dh-20260730T170046Z-7d4c2a91	4	2026-07-30T17:05:44.524826+00:00	IVAN DEMIDOV / professional_rookies	Ivan Demidov	professional_nhl_rookie_card	eBay	taargus202		v1|257650101725|0	https://www.ebay.com/itm/257650101725?_skw=Ivan+Demidov+NHL+rookie+card&hash=item3bfd248ddd%3Ag%3Ao9kAAeSw2S9qapg0&amdata=enc%3AAQALAAABAACCtXRWQnOEpyOqnQQ8KGa6PTFWKD8TN%2FGyEu%2FssRGKWuqyE71%2FAgr0%2FnY0SLGx1sInz5io%2BMT98RpGlAMwdUZZpetj6Vdu3wtRMqF%2BYaXGr9tbnjtgxcth%2BFz2jE%2FcHP8UaIf83iJ5sC6az4Tskv122q5mgKd7FKmheUjEHb23GgkCrpZrhD1jw8hsShghPMssaQd%2BrHR1SA0XRMkcnspgjlEveSfk7G%2BbrNRpl%2FQLtKs47Sqy2xWBoVdS3MdBwndSanfCx71n4BuoVJj6KoG371GOpcNc8YJFMw4xA49N4IMlTdxuaRNC43%2Brj62tQkYHMy%2BnZs9VlrPjLYgp8QE%3D	LIVE	2025-26 Upper Deck Ultimate Ultimate Rookies Ivan Demidov Jersey /499 #197	{"title":"2025-26 Upper Deck Ultimate Ultimate Rookies Ivan Demidov Jersey /499 #197","preliminaryScopeStatus":"DISCOVERY_SCOPE_PASS","queryFamilyIds":["ivan-demidov.professional-rookies"],"preliminaryRisks":[]}	{"status":"UNVERIFIED","verification":"native-browse-title-and-marketplace-images-only","frontVerified":false,"backVerified":false}	preliminary|cbe774b0e5fe007eba	ebay|taargus202|v1|257650101725|0	https://i.ebayimg.com/images/g/o9kAAeSw2S9qapg0/s-l225.jpg	https://i.ebayimg.com/images/g/o9kAAeSw2S9qapg0/s-l1600.jpg	FALSE	FALSE	FALSE	FALSE	{}											UNASSESSED	[]	45	5.17																	INSUFFICIENT																	MANUAL REVIEW / UNPRICED	FALSE	FALSE	["exact_parallel_or_variation_not_verified","front_and_back_identity_not_verified","full_delivered_acquisition_cost_not_proven","identical_completed_sales_not_loaded","instacomp_exact_market_not_completed","owned_copy_exclusion_not_proven"]	{"endpoints":["ivan_demidov"],"candidateId":"ebay:v1|257650101725|0","listingItemId":"v1|257650101725|0","queryFamilyIds":["ivan-demidov.professional-rookies"],"buyingOptions":["FIXED_PRICE","BEST_OFFER"],"condition":"Ungraded","itemCreationDate":"2026-07-30T00:18:45.000Z","itemEndDate":null,"imageUrls":["https://i.ebayimg.com/images/g/o9kAAeSw2S9qapg0/s-l225.jpg","https://i.ebayimg.com/images/g/o9kAAeSw2S9qapg0/s-l1600.jpg"],"preliminaryScopeStatus":"DISCOVERY_SCOPE_PASS","preliminaryRisks":[]}
cand-s4-ebay-e04ff6ce7bf2b3356c	dh-20260730T170046Z-7d4c2a91	4	2026-07-30T17:05:44.524826+00:00	IVAN DEMIDOV / young_guns_parallels	Ivan Demidov	young_guns_rookie_parallel	eBay	5_star_cards		v1|267662742008|0	https://www.ebay.com/itm/267662742008?_skw=Ivan+Demidov+Young+Guns+rookie+parallel&hash=item3e51f151f8%3Ag%3A25cAAeSwyXRp%7ELFM	LIVE	2025-26 Upper Deck Ivan Demidov Outburst Young Guns Rookie #205 PSA 10 Gem Mint	{"title":"2025-26 Upper Deck Ivan Demidov Outburst Young Guns Rookie #205 PSA 10 Gem Mint","preliminaryScopeStatus":"DISCOVERY_SCOPE_PASS","queryFamilyIds":["ivan-demidov.young-guns-parallels"],"preliminaryRisks":[]}	{"status":"UNVERIFIED","verification":"native-browse-title-and-marketplace-images-only","frontVerified":false,"backVerified":false}	preliminary|e04ff6ce7bf2b3356c	ebay|5_star_cards|v1|267662742008|0	https://i.ebayimg.com/images/g/25cAAeSwyXRp~LFM/s-l225.jpg	https://i.ebayimg.com/images/g/25cAAeSwyXRp~LFM/s-l1600.jpg	FALSE	FALSE	FALSE	FALSE	{}											UNASSESSED	[]	1449.18	29.99																	INSUFFICIENT																	MANUAL REVIEW / UNPRICED	FALSE	FALSE	["exact_parallel_or_variation_not_verified","front_and_back_identity_not_verified","full_delivered_acquisition_cost_not_proven","identical_completed_sales_not_loaded","instacomp_exact_market_not_completed","owned_copy_exclusion_not_proven"]	{"endpoints":["ivan_demidov"],"candidateId":"ebay:v1|267662742008|0","listingItemId":"v1|267662742008|0","queryFamilyIds":["ivan-demidov.young-guns-parallels"],"buyingOptions":["FIXED_PRICE","BEST_OFFER"],"condition":"Graded","itemCreationDate":"2026-05-07T15:37:30.000Z","itemEndDate":null,"imageUrls":["https://i.ebayimg.com/images/g/25cAAeSwyXRp~LFM/s-l225.jpg","https://i.ebayimg.com/images/g/25cAAeSwyXRp~LFM/s-l1600.jpg"],"preliminaryScopeStatus":"DISCOVERY_SCOPE_PASS","preliminaryRisks":[]}
cand-s4-ebay-08f99c4c8f333c8b98	dh-20260730T170046Z-7d4c2a91	4	2026-07-30T17:05:44.524826+00:00	IVAN DEMIDOV / autograph_memorabilia	Ivan Demidov	nhl_rookie_autograph_memorabilia	eBay	flun5853		v1|267738512532|0	https://www.ebay.com/itm/267738512532?_skw=Ivan+Demidov+NHL+rookie+autograph+patch+memorabilia&hash=item3e56757c94%3Ag%3AUQEAAeSwBFtqa3tW	LIVE	2025-26 Upper Deck Artifacts - Rookie Patch Auto Ivan Demidov Gold Material /199	{"title":"2025-26 Upper Deck Artifacts - Rookie Patch Auto Ivan Demidov Gold Material /199","preliminaryScopeStatus":"DISCOVERY_SCOPE_PASS","queryFamilyIds":["ivan-demidov.autograph-memorabilia"],"preliminaryRisks":[]}	{"status":"UNVERIFIED","verification":"native-browse-title-and-marketplace-images-only","frontVerified":false,"backVerified":false}	preliminary|08f99c4c8f333c8b98	ebay|flun5853|v1|267738512532|0	https://i.ebayimg.com/images/g/UQEAAeSwBFtqa3tW/s-l225.jpg	https://i.ebayimg.com/images/g/UQEAAeSwBFtqa3tW/s-l1600.jpg	FALSE	FALSE	FALSE	FALSE	{}											UNASSESSED	[]	500	20																	INSUFFICIENT																	MANUAL REVIEW / UNPRICED	FALSE	FALSE	["exact_parallel_or_variation_not_verified","front_and_back_identity_not_verified","full_delivered_acquisition_cost_not_proven","identical_completed_sales_not_loaded","instacomp_exact_market_not_completed","owned_copy_exclusion_not_proven"]	{"endpoints":["ivan_demidov"],"candidateId":"ebay:v1|267738512532|0","listingItemId":"v1|267738512532|0","queryFamilyIds":["ivan-demidov.autograph-memorabilia"],"buyingOptions":["FIXED_PRICE","BEST_OFFER"],"condition":"Ungraded","itemCreationDate":"2026-07-25T12:01:11.000Z","itemEndDate":null,"imageUrls":["https://i.ebayimg.com/images/g/UQEAAeSwBFtqa3tW/s-l225.jpg","https://i.ebayimg.com/images/g/UQEAAeSwBFtqa3tW/s-l1600.jpg"],"preliminaryScopeStatus":"DISCOVERY_SCOPE_PASS","preliminaryRisks":[]}
cand-s4-ebay-4ffade7ce7e15cdee2	dh-20260730T170046Z-7d4c2a91	4	2026-07-30T17:05:44.524826+00:00	IVAN DEMIDOV / professional_rookies	Ivan Demidov	professional_nhl_rookie_card	eBay	antsas0		v1|277785800630|0	https://www.ebay.com/itm/277785800630?_skw=Ivan+Demidov+NHL+rookie+card&hash=item40ad52efb6%3Ag%3ADgUAAeSwCxZprfo7&amdata=enc%3AAQALAAABAACCtXRWQnOEpyOqnQQ8KGbOG3GD7XI4XglC602VuNDXCnoqmALSMtYsKbqgDeBEqiVg5RdXAzaDH9cBVVx0tljlaXTEhq9LkOZBrLYYf3lmleA36z%2BJKVWc2GHanseCFSMK0GX7h%2BkTOIe%2BaBixmkLNlYgZ79d%2B0WEg8mccX1DIqugEHPKJZ8p1Hp6IHBIYSd2OEm1fjocpT5MKA8mqewOEqgtCN7VOkjI0zmyAcj2xzOXHSq774EN5gTZDDPpniihXIwrwqglBw4I96JrojMEmbvkjgCYim%2B5gmG8aZAhtFUoQ3Yrl23kRqtuawXEOP4Iuv--fqvJM0esdYVWjkx4%3D	LIVE	5 Card NHL Lot, 2 Michael Misa Rookie/Numbered, 2 Clear cut, Ivan Demidov Rookie	{"title":"5 Card NHL Lot, 2 Michael Misa Rookie/Numbered, 2 Clear cut, Ivan Demidov Rookie","preliminaryScopeStatus":"DISCOVERY_SCOPE_PASS","queryFamilyIds":["ivan-demidov.professional-rookies"],"preliminaryRisks":[]}	{"status":"UNVERIFIED","verification":"native-browse-title-and-marketplace-images-only","frontVerified":false,"backVerified":false}	preliminary|4ffade7ce7e15cdee2	ebay|antsas0|v1|277785800630|0	https://i.ebayimg.com/images/g/DgUAAeSwCxZprfo7/s-l225.jpg	https://i.ebayimg.com/images/g/DgUAAeSwCxZprfo7/s-l1600.jpg	FALSE	FALSE	FALSE	FALSE	{}											UNASSESSED	[]	100	0																	INSUFFICIENT																	MANUAL REVIEW / UNPRICED	FALSE	FALSE	["exact_parallel_or_variation_not_verified","front_and_back_identity_not_verified","full_delivered_acquisition_cost_not_proven","identical_completed_sales_not_loaded","instacomp_exact_market_not_completed","owned_copy_exclusion_not_proven"]	{"endpoints":["ivan_demidov"],"candidateId":"ebay:v1|277785800630|0","listingItemId":"v1|277785800630|0","queryFamilyIds":["ivan-demidov.professional-rookies"],"buyingOptions":["FIXED_PRICE","BEST_OFFER"],"condition":"New","itemCreationDate":"2026-03-08T22:39:06.000Z","itemEndDate":null,"imageUrls":["https://i.ebayimg.com/images/g/DgUAAeSwCxZprfo7/s-l225.jpg","https://i.ebayimg.com/images/g/DgUAAeSwCxZprfo7/s-l1600.jpg"],"preliminaryScopeStatus":"DISCOVERY_SCOPE_PASS","preliminaryRisks":[]}
cand-s4-ebay-89f8b402f229560655	dh-20260730T170046Z-7d4c2a91	4	2026-07-30T17:05:44.524826+00:00	IVAN DEMIDOV / young_guns_parallels	Ivan Demidov	young_guns_rookie_parallel	eBay	hitz-rip.pull.repeat		v1|278215952579|0	https://www.ebay.com/itm/278215952579?_skw=Ivan+Demidov+Young+Guns+rookie+parallel&hash=item40c6f688c3%3Ag%3Ak-wAAeSwDB5qZD8l	LIVE	2025-26 Upper Deck Series 1 #205 - Young Guns - Ivan Demidov	{"title":"2025-26 Upper Deck Series 1 #205 - Young Guns - Ivan Demidov","preliminaryScopeStatus":"DISCOVERY_SCOPE_PASS","queryFamilyIds":["ivan-demidov.young-guns-parallels"],"preliminaryRisks":[]}	{"status":"UNVERIFIED","verification":"native-browse-title-and-marketplace-images-only","frontVerified":false,"backVerified":false}	preliminary|89f8b402f229560655	ebay|hitz-rip.pull.repeat|v1|278215952579|0	https://i.ebayimg.com/images/g/k-wAAeSwDB5qZD8l/s-l225.jpg	https://i.ebayimg.com/images/g/k-wAAeSwDB5qZD8l/s-l1600.jpg	FALSE	FALSE	FALSE	FALSE	{}											UNASSESSED	[]	160.18	14.24																	INSUFFICIENT																	MANUAL REVIEW / UNPRICED	FALSE	FALSE	["exact_parallel_or_variation_not_verified","front_and_back_identity_not_verified","full_delivered_acquisition_cost_not_proven","identical_completed_sales_not_loaded","instacomp_exact_market_not_completed","owned_copy_exclusion_not_proven"]	{"endpoints":["ivan_demidov"],"candidateId":"ebay:v1|278215952579|0","listingItemId":"v1|278215952579|0","queryFamilyIds":["ivan-demidov.young-guns-parallels"],"buyingOptions":["FIXED_PRICE","BEST_OFFER"],"condition":"Ungraded","itemCreationDate":"2026-07-25T04:47:45.000Z","itemEndDate":null,"imageUrls":["https://i.ebayimg.com/images/g/k-wAAeSwDB5qZD8l/s-l225.jpg","https://i.ebayimg.com/images/g/k-wAAeSwDB5qZD8l/s-l1600.jpg"],"preliminaryScopeStatus":"DISCOVERY_SCOPE_PASS","preliminaryRisks":[]}
cand-s4-ebay-2cc99e224f84d96038	dh-20260730T170046Z-7d4c2a91	4	2026-07-30T17:05:44.524826+00:00	IVAN DEMIDOV / professional_rookies	Ivan Demidov	professional_nhl_rookie_card	eBay	xbrick		v1|298540881050|0	https://www.ebay.com/itm/298540881050?_skw=Ivan+Demidov+NHL+rookie+card&hash=item45826c549a%3Ag%3AFPUAAeSwIoZqaWKa	LIVE	2025-26 Upper Deck NHL MVP - Ivan Demidov - Rookie Base SP #233	{"title":"2025-26 Upper Deck NHL MVP - Ivan Demidov - Rookie Base SP #233","preliminaryScopeStatus":"DISCOVERY_SCOPE_PASS","queryFamilyIds":["ivan-demidov.professional-rookies"],"preliminaryRisks":[]}	{"status":"UNVERIFIED","verification":"native-browse-title-and-marketplace-images-only","frontVerified":false,"backVerified":false}	preliminary|2cc99e224f84d96038	ebay|xbrick|v1|298540881050|0	https://i.ebayimg.com/images/g/FPUAAeSwIoZqaWKa/s-l225.jpg	https://i.ebayimg.com/images/g/FPUAAeSwIoZqaWKa/s-l1600.jpg	FALSE	FALSE	FALSE	FALSE	{}											UNASSESSED	[]	5																		INSUFFICIENT																	MANUAL REVIEW / UNPRICED	FALSE	FALSE	["exact_parallel_or_variation_not_verified","front_and_back_identity_not_verified","full_delivered_acquisition_cost_not_proven","identical_completed_sales_not_loaded","instacomp_exact_market_not_completed","owned_copy_exclusion_not_proven"]	{"endpoints":["ivan_demidov"],"candidateId":"ebay:v1|298540881050|0","listingItemId":"v1|298540881050|0","queryFamilyIds":["ivan-demidov.professional-rookies"],"buyingOptions":["FIXED_PRICE"],"condition":"Ungraded","itemCreationDate":"2026-07-29T02:19:43.000Z","itemEndDate":null,"imageUrls":["https://i.ebayimg.com/images/g/FPUAAeSwIoZqaWKa/s-l225.jpg","https://i.ebayimg.com/images/g/FPUAAeSwIoZqaWKa/s-l1600.jpg"],"preliminaryScopeStatus":"DISCOVERY_SCOPE_PASS","preliminaryRisks":[]}
cand-s4-ebay-5485c3b085e36686aa	dh-20260730T170046Z-7d4c2a91	4	2026-07-30T17:05:44.524826+00:00	IVAN DEMIDOV / autograph_memorabilia	Ivan Demidov	nhl_rookie_autograph_memorabilia	eBay	russcardworld		v1|306989729658|0	https://www.ebay.com/itm/306989729658?_skw=Ivan+Demidov+NHL+rookie+autograph+patch+memorabilia&hash=item477a03877a%3Ag%3Ajw0AAeSw2dNqJpEL	LIVE	2025-26 Upper Deck #93 Ivan Demidov NHL All Star Rookies	{"title":"2025-26 Upper Deck #93 Ivan Demidov NHL All Star Rookies","preliminaryScopeStatus":"DISCOVERY_SCOPE_PASS","queryFamilyIds":["ivan-demidov.autograph-memorabilia"],"preliminaryRisks":[]}	{"status":"UNVERIFIED","verification":"native-browse-title-and-marketplace-images-only","frontVerified":false,"backVerified":false}	preliminary|5485c3b085e36686aa	ebay|russcardworld|v1|306989729658|0	https://i.ebayimg.com/images/g/jw0AAeSw2dNqJpEL/s-l225.jpg	https://i.ebayimg.com/images/g/jw0AAeSw2dNqJpEL/s-l1600.jpg	FALSE	FALSE	FALSE	FALSE	{}											UNASSESSED	[]	25	5.5																	INSUFFICIENT																	MANUAL REVIEW / UNPRICED	FALSE	FALSE	["exact_parallel_or_variation_not_verified","front_and_back_identity_not_verified","full_delivered_acquisition_cost_not_proven","identical_completed_sales_not_loaded","instacomp_exact_market_not_completed","owned_copy_exclusion_not_proven"]	{"endpoints":["ivan_demidov"],"candidateId":"ebay:v1|306989729658|0","listingItemId":"v1|306989729658|0","queryFamilyIds":["ivan-demidov.autograph-memorabilia"],"buyingOptions":["FIXED_PRICE"],"condition":"Ungraded","itemCreationDate":"2026-06-08T09:49:15.000Z","itemEndDate":null,"imageUrls":["https://i.ebayimg.com/images/g/jw0AAeSw2dNqJpEL/s-l225.jpg","https://i.ebayimg.com/images/g/jw0AAeSw2dNqJpEL/s-l1600.jpg"],"preliminaryScopeStatus":"DISCOVERY_SCOPE_PASS","preliminaryRisks":[]}
cand-s4-ebay-59b4f375b757b378cd	dh-20260730T170046Z-7d4c2a91	4	2026-07-30T17:05:44.524826+00:00	IVAN DEMIDOV / professional_rookies	Ivan Demidov	professional_nhl_rookie_card	eBay	renbern775		v1|318533877895|0	https://www.ebay.com/itm/318533877895?_skw=Ivan+Demidov+NHL+rookie+card&hash=item4a2a194087%3Ag%3AZ5kAAeSwcIlqRnk-	LIVE	2025-26 Sp - Rookie Authentics Ivan Demidov #137 Blue (RC)	{"title":"2025-26 Sp - Rookie Authentics Ivan Demidov #137 Blue (RC)","preliminaryScopeStatus":"DISCOVERY_SCOPE_PASS","queryFamilyIds":["ivan-demidov.professional-rookies"],"preliminaryRisks":[]}	{"status":"UNVERIFIED","verification":"native-browse-title-and-marketplace-images-only","frontVerified":false,"backVerified":false}	preliminary|59b4f375b757b378cd	ebay|renbern775|v1|318533877895|0	https://i.ebayimg.com/images/g/Z5kAAeSwcIlqRnk-/s-l225.jpg	https://i.ebayimg.com/images/g/Z5kAAeSwcIlqRnk-/s-l1600.jpg	FALSE	FALSE	FALSE	FALSE	{}											UNASSESSED	[]	2.25																		INSUFFICIENT																	MANUAL REVIEW / UNPRICED	FALSE	FALSE	["exact_parallel_or_variation_not_verified","front_and_back_identity_not_verified","full_delivered_acquisition_cost_not_proven","identical_completed_sales_not_loaded","instacomp_exact_market_not_completed","owned_copy_exclusion_not_proven"]	{"endpoints":["ivan_demidov"],"candidateId":"ebay:v1|318533877895|0","listingItemId":"v1|318533877895|0","queryFamilyIds":["ivan-demidov.professional-rookies"],"buyingOptions":["FIXED_PRICE","BEST_OFFER"],"condition":"Ungraded","itemCreationDate":"2026-07-02T14:45:34.000Z","itemEndDate":null,"imageUrls":["https://i.ebayimg.com/images/g/Z5kAAeSwcIlqRnk-/s-l225.jpg","https://i.ebayimg.com/images/g/Z5kAAeSwcIlqRnk-/s-l1600.jpg"],"preliminaryScopeStatus":"DISCOVERY_SCOPE_PASS","preliminaryRisks":[]}
cand-s4-ebay-715603c90151d89f01	dh-20260730T170046Z-7d4c2a91	4	2026-07-30T17:05:44.524826+00:00	IVAN DEMIDOV / autograph_memorabilia	Ivan Demidov	nhl_rookie_autograph_memorabilia	eBay	glitchy_420		v1|326992521008|0	https://www.ebay.com/itm/326992521008?_skw=Ivan+Demidov+NHL+rookie+autograph+patch+memorabilia&hash=item4c2245e730%3Ag%3AgwUAAeSwRytpiRFk	LIVE	Ivan Demidov RPA Gold Material Auto 2025-26 Artifacts /199	{"title":"Ivan Demidov RPA Gold Material Auto 2025-26 Artifacts /199","preliminaryScopeStatus":"DISCOVERY_SCOPE_PASS","queryFamilyIds":["ivan-demidov.autograph-memorabilia"],"preliminaryRisks":[]}	{"status":"UNVERIFIED","verification":"native-browse-title-and-marketplace-images-only","frontVerified":false,"backVerified":false}	preliminary|715603c90151d89f01	ebay|glitchy_420|v1|326992521008|0	https://i.ebayimg.com/images/g/gwUAAeSwRytpiRFk/s-l225.jpg	https://i.ebayimg.com/images/g/gwUAAeSwRytpiRFk/s-l1600.jpg	FALSE	FALSE	FALSE	FALSE	{}											UNASSESSED	[]	1250	0																	INSUFFICIENT																	MANUAL REVIEW / UNPRICED	FALSE	FALSE	["exact_parallel_or_variation_not_verified","front_and_back_identity_not_verified","full_delivered_acquisition_cost_not_proven","identical_completed_sales_not_loaded","instacomp_exact_market_not_completed","owned_copy_exclusion_not_proven"]	{"endpoints":["ivan_demidov"],"candidateId":"ebay:v1|326992521008|0","listingItemId":"v1|326992521008|0","queryFamilyIds":["ivan-demidov.autograph-memorabilia"],"buyingOptions":["FIXED_PRICE","BEST_OFFER"],"condition":"Graded","itemCreationDate":"2026-02-08T22:56:46.000Z","itemEndDate":null,"imageUrls":["https://i.ebayimg.com/images/g/gwUAAeSwRytpiRFk/s-l225.jpg","https://i.ebayimg.com/images/g/gwUAAeSwRytpiRFk/s-l1600.jpg"],"preliminaryScopeStatus":"DISCOVERY_SCOPE_PASS","preliminaryRisks":[]}
cand-s4-ebay-7a427cc7f6ff43357b	dh-20260730T170046Z-7d4c2a91	4	2026-07-30T17:05:44.524826+00:00	IVAN DEMIDOV / young_guns_parallels	Ivan Demidov	young_guns_rookie_parallel	eBay	massivemountainsofmedia		v1|327283756668|0	https://www.ebay.com/itm/327283756668?_skw=Ivan+Demidov+Young+Guns+rookie+parallel&hash=item4c33a1ce7c%3Ag%3AYFIAAeSwZLVp5Xl8	LIVE	2025 UPPER DECK #205 IVAN DEMIDOV OUTBURST SILVER YOUNG GUNS RC ROOKIE BGS 9.5	{"title":"2025 UPPER DECK #205 IVAN DEMIDOV OUTBURST SILVER YOUNG GUNS RC ROOKIE BGS 9.5","preliminaryScopeStatus":"DISCOVERY_SCOPE_PASS","queryFamilyIds":["ivan-demidov.young-guns-parallels"],"preliminaryRisks":[]}	{"status":"UNVERIFIED","verification":"native-browse-title-and-marketplace-images-only","frontVerified":false,"backVerified":false}	preliminary|7a427cc7f6ff43357b	ebay|massivemountainsofmedia|v1|327283756668|0	https://i.ebayimg.com/images/g/YFIAAeSwZLVp5Xl8/s-l225.jpg	https://i.ebayimg.com/images/g/YFIAAeSwZLVp5Xl8/s-l1200.jpg	FALSE	FALSE	FALSE	FALSE	{}											UNASSESSED	[]	799.99	0																	INSUFFICIENT																	MANUAL REVIEW / UNPRICED	FALSE	FALSE	["exact_parallel_or_variation_not_verified","front_and_back_identity_not_verified","full_delivered_acquisition_cost_not_proven","identical_completed_sales_not_loaded","instacomp_exact_market_not_completed","owned_copy_exclusion_not_proven"]	{"endpoints":["ivan_demidov"],"candidateId":"ebay:v1|327283756668|0","listingItemId":"v1|327283756668|0","queryFamilyIds":["ivan-demidov.young-guns-parallels"],"buyingOptions":["FIXED_PRICE"],"condition":"Graded","itemCreationDate":"2026-07-28T21:07:56.000Z","itemEndDate":null,"imageUrls":["https://i.ebayimg.com/images/g/YFIAAeSwZLVp5Xl8/s-l225.jpg","https://i.ebayimg.com/images/g/YFIAAeSwZLVp5Xl8/s-l1200.jpg"],"preliminaryScopeStatus":"DISCOVERY_SCOPE_PASS","preliminaryRisks":[]}
cand-s4-ebay-876cd4d47b45ff7a42	dh-20260730T170046Z-7d4c2a91	4	2026-07-30T17:05:44.524826+00:00	IVAN DEMIDOV / young_guns_parallels	Ivan Demidov	young_guns_rookie_parallel	eBay	comc_consignment		v1|336668615592|0	https://www.ebay.com/itm/336668615592?_skw=Ivan+Demidov+Young+Guns+rookie+parallel&hash=item4e630363a8%3Ag%3A7qwAAeSw50hqRwoM	LIVE	2025-26 Upper Deck Series 1 Young Guns Outburst Ivan Demidov #205 Rookie RC 1s8l	{"title":"2025-26 Upper Deck Series 1 Young Guns Outburst Ivan Demidov #205 Rookie RC 1s8l","preliminaryScopeStatus":"DISCOVERY_SCOPE_PASS","queryFamilyIds":["ivan-demidov.young-guns-parallels"],"preliminaryRisks":[]}	{"status":"UNVERIFIED","verification":"native-browse-title-and-marketplace-images-only","frontVerified":false,"backVerified":false}	preliminary|876cd4d47b45ff7a42	ebay|comc_consignment|v1|336668615592|0	https://i.ebayimg.com/images/g/7qwAAeSw50hqRwoM/s-l225.jpg	https://i.ebayimg.com/images/g/7qwAAeSw50hqRwoM/s-l1200.jpg	FALSE	FALSE	FALSE	FALSE	{}											UNASSESSED	[]	580	4.99																	INSUFFICIENT																	MANUAL REVIEW / UNPRICED	FALSE	FALSE	["exact_parallel_or_variation_not_verified","front_and_back_identity_not_verified","full_delivered_acquisition_cost_not_proven","identical_completed_sales_not_loaded","instacomp_exact_market_not_completed","owned_copy_exclusion_not_proven"]	{"endpoints":["ivan_demidov"],"candidateId":"ebay:v1|336668615592|0","listingItemId":"v1|336668615592|0","queryFamilyIds":["ivan-demidov.young-guns-parallels"],"buyingOptions":["FIXED_PRICE"],"condition":"Graded","itemCreationDate":"2026-07-03T01:01:01.000Z","itemEndDate":null,"imageUrls":["https://i.ebayimg.com/images/g/7qwAAeSw50hqRwoM/s-l225.jpg","https://i.ebayimg.com/images/g/7qwAAeSw50hqRwoM/s-l1200.jpg"],"preliminaryScopeStatus":"DISCOVERY_SCOPE_PASS","preliminaryRisks":[]}
cand-s4-ebay-92c7b74871271e95e1	dh-20260730T170046Z-7d4c2a91	4	2026-07-30T17:05:44.524826+00:00	IVAN DEMIDOV / professional_rookies	Ivan Demidov	professional_nhl_rookie_card	eBay	nygiants05		v1|336714860837|0	https://www.ebay.com/itm/336714860837?_skw=Ivan+Demidov+NHL+rookie+card&hash=item4e65c50925%3Ag%3Az-kAAeSwGjJqad6r&amdata=enc%3AAQALAAABAACCtXRWQnOEpyOqnQQ8KGZcVXHMOXqiwkV9XPzB44wKEXcVquCFpv9QYjepgLBDMqv3SwZiE9qGYc8fvFdS7vZXGfeBPmBcvJMGKnXCmDVr%2F07iQ7JXb6MsKzlDmWNKyx%2Bdw%2FrEqSVyEkW20HvDwtgwXTtVLZwg%2BUZeOlwTGEgncSjikDclmv21ramF%2B9oTAnmT02KnAH58%2FYEnI88V0%2FWaZksT0qujIiCXie7fyofRDVT2uuU6qC%2FpKyaxw6l0xE8eKBcJ3EljxdwJRVooZxMOVeTnzdlRTPQW%2F90RJzISWWGt%2FwkWWHYmewqnQfOqIaSQCSIkGt9cue9850ImAEo%3D	LIVE	2025-26 Upper Deck Ultimate IVAN DEMIDOV Ultimate Rookies 'Number' Patch /50🔥	{"title":"2025-26 Upper Deck Ultimate IVAN DEMIDOV Ultimate Rookies 'Number' Patch /50🔥","preliminaryScopeStatus":"DISCOVERY_SCOPE_PASS","queryFamilyIds":["ivan-demidov.professional-rookies"],"preliminaryRisks":[]}	{"status":"UNVERIFIED","verification":"native-browse-title-and-marketplace-images-only","frontVerified":false,"backVerified":false}	preliminary|92c7b74871271e95e1	ebay|nygiants05|v1|336714860837|0	https://i.ebayimg.com/images/g/z-kAAeSwGjJqad6r/s-l225.jpg	https://i.ebayimg.com/images/g/z-kAAeSwGjJqad6r/s-l1600.jpg	FALSE	FALSE	FALSE	FALSE	{}											UNASSESSED	[]	650	11.99																	INSUFFICIENT																	MANUAL REVIEW / UNPRICED	FALSE	FALSE	["exact_parallel_or_variation_not_verified","front_and_back_identity_not_verified","full_delivered_acquisition_cost_not_proven","identical_completed_sales_not_loaded","instacomp_exact_market_not_completed","owned_copy_exclusion_not_proven"]	{"endpoints":["ivan_demidov"],"candidateId":"ebay:v1|336714860837|0","listingItemId":"v1|336714860837|0","queryFamilyIds":["ivan-demidov.professional-rookies"],"buyingOptions":["FIXED_PRICE","BEST_OFFER"],"condition":"Ungraded","itemCreationDate":"2026-07-29T11:21:25.000Z","itemEndDate":null,"imageUrls":["https://i.ebayimg.com/images/g/z-kAAeSwGjJqad6r/s-l225.jpg","https://i.ebayimg.com/images/g/z-kAAeSwGjJqad6r/s-l1600.jpg"],"preliminaryScopeStatus":"DISCOVERY_SCOPE_PASS","preliminaryRisks":[]}
cand-s4-ebay-db114cd9eb9535bc8f	dh-20260730T170046Z-7d4c2a91	4	2026-07-30T17:05:44.524826+00:00	IVAN DEMIDOV / young_guns_parallels	Ivan Demidov	young_guns_rookie_parallel	eBay	wests01		v1|358204128227|0	https://www.ebay.com/itm/358204128227?_skw=Ivan+Demidov+Young+Guns+rookie+parallel&hash=item5366a13be3%3Ag%3AeqYAAeSwBy5pikkp	LIVE	25-26 IVAN DEMIDOV RC UPPER DECK S1 YOUNG GUNS CLEAR CUT ROOKIE #205 CANADIENS	{"title":"25-26 IVAN DEMIDOV RC UPPER DECK S1 YOUNG GUNS CLEAR CUT ROOKIE #205 CANADIENS","preliminaryScopeStatus":"DISCOVERY_SCOPE_PASS","queryFamilyIds":["ivan-demidov.young-guns-parallels"],"preliminaryRisks":[]}	{"status":"UNVERIFIED","verification":"native-browse-title-and-marketplace-images-only","frontVerified":false,"backVerified":false}	preliminary|db114cd9eb9535bc8f	ebay|wests01|v1|358204128227|0	https://i.ebayimg.com/images/g/eqYAAeSwBy5pikkp/s-l225.jpg	https://i.ebayimg.com/images/g/eqYAAeSwBy5pikkp/s-l1600.jpg	FALSE	FALSE	FALSE	FALSE	{}											UNASSESSED	[]	999.97	8																	INSUFFICIENT																	MANUAL REVIEW / UNPRICED	FALSE	FALSE	["exact_parallel_or_variation_not_verified","front_and_back_identity_not_verified","full_delivered_acquisition_cost_not_proven","identical_completed_sales_not_loaded","instacomp_exact_market_not_completed","owned_copy_exclusion_not_proven"]	{"endpoints":["ivan_demidov"],"candidateId":"ebay:v1|358204128227|0","listingItemId":"v1|358204128227|0","queryFamilyIds":["ivan-demidov.young-guns-parallels"],"buyingOptions":["FIXED_PRICE","BEST_OFFER"],"condition":"Ungraded","itemCreationDate":"2026-02-09T21:01:25.000Z","itemEndDate":null,"imageUrls":["https://i.ebayimg.com/images/g/eqYAAeSwBy5pikkp/s-l225.jpg","https://i.ebayimg.com/images/g/eqYAAeSwBy5pikkp/s-l1600.jpg"],"preliminaryScopeStatus":"DISCOVERY_SCOPE_PASS","preliminaryRisks":[]}
cand-s4-ebay-77b5b9e8d95e1dc320	dh-20260730T170046Z-7d4c2a91	4	2026-07-30T17:05:44.524826+00:00	IVAN DEMIDOV / professional_rookies	Ivan Demidov	professional_nhl_rookie_card	eBay	55burgers55fries		v1|358602328364|0	https://www.ebay.com/itm/358602328364?_skw=Ivan+Demidov+NHL+rookie+card&hash=item537e5d492c%3Ag%3AgmYAAeSw0rNqFeuU	LIVE	Ivan Demidov O-Pee-Chee 2025-26 Marquee Rookie   #542 Purple /49 Canadiens NHL	{"title":"Ivan Demidov O-Pee-Chee 2025-26 Marquee Rookie   #542 Purple /49 Canadiens NHL","preliminaryScopeStatus":"DISCOVERY_SCOPE_PASS","queryFamilyIds":["ivan-demidov.professional-rookies"],"preliminaryRisks":[]}	{"status":"UNVERIFIED","verification":"native-browse-title-and-marketplace-images-only","frontVerified":false,"backVerified":false}	preliminary|77b5b9e8d95e1dc320	ebay|55burgers55fries|v1|358602328364|0	https://i.ebayimg.com/images/g/gmYAAeSw0rNqFeuU/s-l225.jpg	https://i.ebayimg.com/images/g/gmYAAeSw0rNqFeuU/s-l1600.jpg	FALSE	FALSE	FALSE	FALSE	{}											UNASSESSED	[]	175																		INSUFFICIENT																	MANUAL REVIEW / UNPRICED	FALSE	FALSE	["exact_parallel_or_variation_not_verified","front_and_back_identity_not_verified","full_delivered_acquisition_cost_not_proven","identical_completed_sales_not_loaded","instacomp_exact_market_not_completed","owned_copy_exclusion_not_proven"]	{"endpoints":["ivan_demidov"],"candidateId":"ebay:v1|358602328364|0","listingItemId":"v1|358602328364|0","queryFamilyIds":["ivan-demidov.professional-rookies"],"buyingOptions":["FIXED_PRICE","BEST_OFFER"],"condition":"Ungraded","itemCreationDate":"2026-05-26T19:10:45.000Z","itemEndDate":null,"imageUrls":["https://i.ebayimg.com/images/g/gmYAAeSw0rNqFeuU/s-l225.jpg","https://i.ebayimg.com/images/g/gmYAAeSw0rNqFeuU/s-l1600.jpg"],"preliminaryScopeStatus":"DISCOVERY_SCOPE_PASS","preliminaryRisks":[]}
cand-s4-ebay-8e76deda96985b55cf	dh-20260730T170046Z-7d4c2a91	4	2026-07-30T17:05:44.524826+00:00	IVAN DEMIDOV / young_guns_parallels	Ivan Demidov	young_guns_rookie_parallel	eBay	moosecards72		v1|358793324437|0	https://www.ebay.com/itm/358793324437?_skw=Ivan+Demidov+Young+Guns+rookie+parallel&hash=item5389bfa795%3Ag%3AW8kAAeSwan9qVauS	LIVE	2025-26 Upper Deck Series 1 - Ivan Demidov Artyom Levshunov Young Guns Checklist	{"title":"2025-26 Upper Deck Series 1 - Ivan Demidov Artyom Levshunov Young Guns Checklist","preliminaryScopeStatus":"DISCOVERY_SCOPE_PASS","queryFamilyIds":["ivan-demidov.young-guns-parallels"],"preliminaryRisks":[]}	{"status":"UNVERIFIED","verification":"native-browse-title-and-marketplace-images-only","frontVerified":false,"backVerified":false}	preliminary|8e76deda96985b55cf	ebay|moosecards72|v1|358793324437|0	https://i.ebayimg.com/images/g/W8kAAeSwan9qVauS/s-l225.jpg	https://i.ebayimg.com/images/g/W8kAAeSwan9qVauS/s-l1600.jpg	FALSE	FALSE	FALSE	FALSE	{}											UNASSESSED	[]	2.79																		INSUFFICIENT																	MANUAL REVIEW / UNPRICED	FALSE	FALSE	["exact_parallel_or_variation_not_verified","front_and_back_identity_not_verified","full_delivered_acquisition_cost_not_proven","identical_completed_sales_not_loaded","instacomp_exact_market_not_completed","owned_copy_exclusion_not_proven"]	{"endpoints":["ivan_demidov"],"candidateId":"ebay:v1|358793324437|0","listingItemId":"v1|358793324437|0","queryFamilyIds":["ivan-demidov.young-guns-parallels"],"buyingOptions":["FIXED_PRICE","BEST_OFFER"],"condition":"Ungraded","itemCreationDate":"2026-07-14T03:23:51.000Z","itemEndDate":null,"imageUrls":["https://i.ebayimg.com/images/g/W8kAAeSwan9qVauS/s-l225.jpg","https://i.ebayimg.com/images/g/W8kAAeSwan9qVauS/s-l1600.jpg"],"preliminaryScopeStatus":"DISCOVERY_SCOPE_PASS","preliminaryRisks":[]}
cand-s4-ebay-f0dcf9b88dab7c37f6	dh-20260730T170046Z-7d4c2a91	4	2026-07-30T17:05:44.524826+00:00	IVAN DEMIDOV / professional_rookies	Ivan Demidov	professional_nhl_rookie_card	eBay	ezcards27		v1|377023422500|0	https://www.ebay.com/itm/377023422500?_skw=Ivan+Demidov+NHL+rookie+card&hash=item57c858e024%3Ag%3AOgcAAeSw0x1prfEB	LIVE	2025-26 NHL Star Rookies Upper Deck Ivan Demidov Rookie Blue Parallel #1	{"title":"2025-26 NHL Star Rookies Upper Deck Ivan Demidov Rookie Blue Parallel #1","preliminaryScopeStatus":"DISCOVERY_SCOPE_PASS","queryFamilyIds":["ivan-demidov.professional-rookies"],"preliminaryRisks":[]}	{"status":"UNVERIFIED","verification":"native-browse-title-and-marketplace-images-only","frontVerified":false,"backVerified":false}	preliminary|f0dcf9b88dab7c37f6	ebay|ezcards27|v1|377023422500|0	https://i.ebayimg.com/images/g/OgcAAeSw0x1prfEB/s-l225.jpg	https://i.ebayimg.com/images/g/OgcAAeSw0x1prfEB/s-l1600.jpg	FALSE	FALSE	FALSE	FALSE	{}											UNASSESSED	[]	9.49	1.49																	INSUFFICIENT																	MANUAL REVIEW / UNPRICED	FALSE	FALSE	["exact_parallel_or_variation_not_verified","front_and_back_identity_not_verified","full_delivered_acquisition_cost_not_proven","identical_completed_sales_not_loaded","instacomp_exact_market_not_completed","owned_copy_exclusion_not_proven"]	{"endpoints":["ivan_demidov"],"candidateId":"ebay:v1|377023422500|0","listingItemId":"v1|377023422500|0","queryFamilyIds":["ivan-demidov.professional-rookies"],"buyingOptions":["FIXED_PRICE"],"condition":"Ungraded","itemCreationDate":"2026-03-10T16:02:01.000Z","itemEndDate":null,"imageUrls":["https://i.ebayimg.com/images/g/OgcAAeSw0x1prfEB/s-l225.jpg","https://i.ebayimg.com/images/g/OgcAAeSw0x1prfEB/s-l1600.jpg"],"preliminaryScopeStatus":"DISCOVERY_SCOPE_PASS","preliminaryRisks":[]}
cand-s4-ebay-41abc6c3d8ade6ee69	dh-20260730T170046Z-7d4c2a91	4	2026-07-30T17:05:44.524826+00:00	IVAN DEMIDOV / professional_rookies	Ivan Demidov	professional_nhl_rookie_card	eBay	kebr6902		v1|377115767924|0	https://www.ebay.com/itm/377115767924?_skw=Ivan+Demidov+NHL+rookie+card&hash=item57cdd9f474%3Ag%3A29sAAeSwUbhp34Mp	LIVE	2025 UD National Hockey Card Day Ivan Demidov NHCD-31 Rookie Moments Fire Sale!	{"title":"2025 UD National Hockey Card Day Ivan Demidov NHCD-31 Rookie Moments Fire Sale!","preliminaryScopeStatus":"DISCOVERY_SCOPE_PASS","queryFamilyIds":["ivan-demidov.professional-rookies"],"preliminaryRisks":[]}	{"status":"UNVERIFIED","verification":"native-browse-title-and-marketplace-images-only","frontVerified":false,"backVerified":false}	preliminary|41abc6c3d8ade6ee69	ebay|kebr6902|v1|377115767924|0	https://i.ebayimg.com/images/g/29sAAeSwUbhp34Mp/s-l225.jpg	https://i.ebayimg.com/images/g/29sAAeSwUbhp34Mp/s-l1200.jpg	FALSE	FALSE	FALSE	FALSE	{}											UNASSESSED	[]	1.36	0.99																	INSUFFICIENT																	MANUAL REVIEW / UNPRICED	FALSE	FALSE	["exact_parallel_or_variation_not_verified","front_and_back_identity_not_verified","full_delivered_acquisition_cost_not_proven","identical_completed_sales_not_loaded","instacomp_exact_market_not_completed","owned_copy_exclusion_not_proven"]	{"endpoints":["ivan_demidov"],"candidateId":"ebay:v1|377115767924|0","listingItemId":"v1|377115767924|0","queryFamilyIds":["ivan-demidov.professional-rookies"],"buyingOptions":["FIXED_PRICE","BEST_OFFER"],"condition":"Ungraded","itemCreationDate":"2026-04-15T12:25:51.000Z","itemEndDate":null,"imageUrls":["https://i.ebayimg.com/images/g/29sAAeSwUbhp34Mp/s-l225.jpg","https://i.ebayimg.com/images/g/29sAAeSwUbhp34Mp/s-l1200.jpg"],"preliminaryScopeStatus":"DISCOVERY_SCOPE_PASS","preliminaryRisks":[]}
cand-s4-ebay-87cd322d2596aad59b	dh-20260730T170046Z-7d4c2a91	4	2026-07-30T17:05:44.524826+00:00	IVAN DEMIDOV / young_guns_parallels	Ivan Demidov	young_guns_rookie_parallel	eBay	dravistcg		v1|377193788480|0	https://www.ebay.com/itm/377193788480?_skw=Ivan+Demidov+Young+Guns+rookie+parallel&hash=item57d2807440%3Ag%3AjgAAAeSwJVVqC4e3	LIVE	2025-26 Upper Deck Series 1 - Young Guns Ivan Demidov #205 Outburst (RC)	{"title":"2025-26 Upper Deck Series 1 - Young Guns Ivan Demidov #205 Outburst (RC)","preliminaryScopeStatus":"DISCOVERY_SCOPE_PASS","queryFamilyIds":["ivan-demidov.young-guns-parallels"],"preliminaryRisks":[]}	{"status":"UNVERIFIED","verification":"native-browse-title-and-marketplace-images-only","frontVerified":false,"backVerified":false}	preliminary|87cd322d2596aad59b	ebay|dravistcg|v1|377193788480|0	https://i.ebayimg.com/images/g/jgAAAeSwJVVqC4e3/s-l225.jpg	https://i.ebayimg.com/images/g/jgAAAeSwJVVqC4e3/s-l1600.jpg	FALSE	FALSE	FALSE	FALSE	{}											UNASSESSED	[]	525																		INSUFFICIENT																	MANUAL REVIEW / UNPRICED	FALSE	FALSE	["exact_parallel_or_variation_not_verified","front_and_back_identity_not_verified","full_delivered_acquisition_cost_not_proven","identical_completed_sales_not_loaded","instacomp_exact_market_not_completed","owned_copy_exclusion_not_proven"]	{"endpoints":["ivan_demidov"],"candidateId":"ebay:v1|377193788480|0","listingItemId":"v1|377193788480|0","queryFamilyIds":["ivan-demidov.young-guns-parallels"],"buyingOptions":["FIXED_PRICE","BEST_OFFER"],"condition":"Ungraded","itemCreationDate":"2026-05-18T21:45:27.000Z","itemEndDate":null,"imageUrls":["https://i.ebayimg.com/images/g/jgAAAeSwJVVqC4e3/s-l225.jpg","https://i.ebayimg.com/images/g/jgAAAeSwJVVqC4e3/s-l1600.jpg"],"preliminaryScopeStatus":"DISCOVERY_SCOPE_PASS","preliminaryRisks":[]}
cand-s4-ebay-6046fc163980d37ca1	dh-20260730T170046Z-7d4c2a91	4	2026-07-30T17:05:44.524826+00:00	IVAN DEMIDOV / young_guns_parallels	Ivan Demidov	young_guns_rookie_parallel	eBay	ketelandgoose2026		v1|377365010955|0	https://www.ebay.com/itm/377365010955?_skw=Ivan+Demidov+Young+Guns+rookie+parallel&hash=item57dcb51a0b%3Ag%3AEJEAAeSwUr5qYk9d	LIVE	2025-26 Upper Deck Series 1 - Young Guns  Levshunov, Demidov #250 Outburst	{"title":"2025-26 Upper Deck Series 1 - Young Guns  Levshunov, Demidov #250 Outburst ","preliminaryScopeStatus":"DISCOVERY_SCOPE_PASS","queryFamilyIds":["ivan-demidov.young-guns-parallels"],"preliminaryRisks":[]}	{"status":"UNVERIFIED","verification":"native-browse-title-and-marketplace-images-only","frontVerified":false,"backVerified":false}	preliminary|6046fc163980d37ca1	ebay|ketelandgoose2026|v1|377365010955|0	https://i.ebayimg.com/images/g/EJEAAeSwUr5qYk9d/s-l225.jpg	https://i.ebayimg.com/images/g/EJEAAeSwUr5qYk9d/s-l1600.jpg	FALSE	FALSE	FALSE	FALSE	{}											UNASSESSED	[]	44.5																		INSUFFICIENT																	MANUAL REVIEW / UNPRICED	FALSE	FALSE	["exact_parallel_or_variation_not_verified","front_and_back_identity_not_verified","full_delivered_acquisition_cost_not_proven","identical_completed_sales_not_loaded","instacomp_exact_market_not_completed","owned_copy_exclusion_not_proven"]	{"endpoints":["ivan_demidov"],"candidateId":"ebay:v1|377365010955|0","listingItemId":"v1|377365010955|0","queryFamilyIds":["ivan-demidov.young-guns-parallels"],"buyingOptions":["FIXED_PRICE","BEST_OFFER"],"condition":"Graded","itemCreationDate":"2026-07-23T17:35:19.000Z","itemEndDate":null,"imageUrls":["https://i.ebayimg.com/images/g/EJEAAeSwUr5qYk9d/s-l225.jpg","https://i.ebayimg.com/images/g/EJEAAeSwUr5qYk9d/s-l1600.jpg"],"preliminaryScopeStatus":"DISCOVERY_SCOPE_PASS","preliminaryRisks":[]}
cand-s4-ebay-af6b16f54cd7ea2447	dh-20260730T170046Z-7d4c2a91	4	2026-07-30T17:05:44.524826+00:00	IVAN DEMIDOV / professional_rookies	Ivan Demidov	professional_nhl_rookie_card	eBay	hgillespie1174		v1|397861383468|0	https://www.ebay.com/itm/397861383468?_skw=Ivan+Demidov+NHL+rookie+card&hash=item5ca262ed2c%3Ag%3A9a8AAeSw0F5p5jvI	LIVE	Ivan Demidov Rookie Moments Canadiens NHL 2024-25 Sports Trading Card	{"title":"Ivan Demidov Rookie Moments Canadiens NHL 2024-25 Sports Trading Card","preliminaryScopeStatus":"DISCOVERY_SCOPE_PASS","queryFamilyIds":["ivan-demidov.professional-rookies"],"preliminaryRisks":[]}	{"status":"UNVERIFIED","verification":"native-browse-title-and-marketplace-images-only","frontVerified":false,"backVerified":false}	preliminary|af6b16f54cd7ea2447	ebay|hgillespie1174|v1|397861383468|0	https://i.ebayimg.com/images/g/9a8AAeSw0F5p5jvI/s-l225.jpg	https://i.ebayimg.com/images/g/9a8AAeSw0F5p5jvI/s-l1600.jpg	FALSE	FALSE	FALSE	FALSE	{}											UNASSESSED	[]	5																		INSUFFICIENT																	MANUAL REVIEW / UNPRICED	FALSE	FALSE	["exact_parallel_or_variation_not_verified","front_and_back_identity_not_verified","full_delivered_acquisition_cost_not_proven","identical_completed_sales_not_loaded","instacomp_exact_market_not_completed","owned_copy_exclusion_not_proven"]	{"endpoints":["ivan_demidov"],"candidateId":"ebay:v1|397861383468|0","listingItemId":"v1|397861383468|0","queryFamilyIds":["ivan-demidov.professional-rookies"],"buyingOptions":["FIXED_PRICE"],"condition":"Ungraded","itemCreationDate":"2026-04-20T14:47:39.000Z","itemEndDate":null,"imageUrls":["https://i.ebayimg.com/images/g/9a8AAeSw0F5p5jvI/s-l225.jpg","https://i.ebayimg.com/images/g/9a8AAeSw0F5p5jvI/s-l1600.jpg"],"preliminaryScopeStatus":"DISCOVERY_SCOPE_PASS","preliminaryRisks":[]}
cand-s4-ebay-bcb0c03de711a6682e	dh-20260730T170046Z-7d4c2a91	4	2026-07-30T17:05:44.524826+00:00	IVAN DEMIDOV / young_guns_parallels	Ivan Demidov	young_guns_rookie_parallel	eBay	brothers_kb_collectibles		v1|397881196152|0	https://www.ebay.com/itm/397881196152?_skw=Ivan+Demidov+Young+Guns+rookie+parallel&hash=item5ca3913e78%3Ag%3AFccAAeSwTU5p7X7s	LIVE	2025-26 Upper Deck Series 1 - Young Guns Ivan Demidov #205 (RC)	{"title":"2025-26 Upper Deck Series 1 - Young Guns Ivan Demidov #205 (RC)","preliminaryScopeStatus":"DISCOVERY_SCOPE_PASS","queryFamilyIds":["ivan-demidov.young-guns-parallels"],"preliminaryRisks":[]}	{"status":"UNVERIFIED","verification":"native-browse-title-and-marketplace-images-only","frontVerified":false,"backVerified":false}	preliminary|bcb0c03de711a6682e	ebay|brothers_kb_collectibles|v1|397881196152|0	https://i.ebayimg.com/images/g/FccAAeSwTU5p7X7s/s-l225.jpg	https://i.ebayimg.com/images/g/FccAAeSwTU5p7X7s/s-l1600.jpg	FALSE	FALSE	FALSE	FALSE	{}											UNASSESSED	[]	99.99																		INSUFFICIENT																	MANUAL REVIEW / UNPRICED	FALSE	FALSE	["exact_parallel_or_variation_not_verified","front_and_back_identity_not_verified","full_delivered_acquisition_cost_not_proven","identical_completed_sales_not_loaded","instacomp_exact_market_not_completed","owned_copy_exclusion_not_proven"]	{"endpoints":["ivan_demidov"],"candidateId":"ebay:v1|397881196152|0","listingItemId":"v1|397881196152|0","queryFamilyIds":["ivan-demidov.young-guns-parallels"],"buyingOptions":["FIXED_PRICE","BEST_OFFER"],"condition":"Ungraded","itemCreationDate":"2026-04-26T02:57:16.000Z","itemEndDate":null,"imageUrls":["https://i.ebayimg.com/images/g/FccAAeSwTU5p7X7s/s-l225.jpg","https://i.ebayimg.com/images/g/FccAAeSwTU5p7X7s/s-l1600.jpg"],"preliminaryScopeStatus":"DISCOVERY_SCOPE_PASS","preliminaryRisks":[]}
cand-s4-ebay-69f641077b6a80980f	dh-20260730T170046Z-7d4c2a91	4	2026-07-30T17:05:44.524826+00:00	IVAN DEMIDOV / autograph_memorabilia	Ivan Demidov	nhl_rookie_autograph_memorabilia	eBay	dayoma_ltd		v1|397898770917|0	https://www.ebay.com/itm/397898770917?_skw=Ivan+Demidov+NHL+rookie+autograph+patch+memorabilia&hash=item5ca49d69e5%3Ag%3AxekAAeSwPmNp9EhB	LIVE	2025-26 SP Game Used Ivan Demidov New Grooves Gold Patch RC #NG-13 /15	{"title":"2025-26 SP Game Used Ivan Demidov New Grooves Gold Patch RC #NG-13 /15","preliminaryScopeStatus":"DISCOVERY_SCOPE_PASS","queryFamilyIds":["ivan-demidov.autograph-memorabilia"],"preliminaryRisks":[]}	{"status":"UNVERIFIED","verification":"native-browse-title-and-marketplace-images-only","frontVerified":false,"backVerified":false}	preliminary|69f641077b6a80980f	ebay|dayoma_ltd|v1|397898770917|0	https://i.ebayimg.com/images/g/xekAAeSwPmNp9EhB/s-l225.jpg	https://i.ebayimg.com/images/g/xekAAeSwPmNp9EhB/s-l1600.jpg	FALSE	FALSE	FALSE	FALSE	{}											UNASSESSED	[]	95																		INSUFFICIENT																	MANUAL REVIEW / UNPRICED	FALSE	FALSE	["exact_parallel_or_variation_not_verified","front_and_back_identity_not_verified","full_delivered_acquisition_cost_not_proven","identical_completed_sales_not_loaded","instacomp_exact_market_not_completed","owned_copy_exclusion_not_proven"]	{"endpoints":["ivan_demidov"],"candidateId":"ebay:v1|397898770917|0","listingItemId":"v1|397898770917|0","queryFamilyIds":["ivan-demidov.autograph-memorabilia"],"buyingOptions":["FIXED_PRICE","BEST_OFFER"],"condition":"Ungraded","itemCreationDate":"2026-05-01T06:30:41.000Z","itemEndDate":null,"imageUrls":["https://i.ebayimg.com/images/g/xekAAeSwPmNp9EhB/s-l225.jpg","https://i.ebayimg.com/images/g/xekAAeSwPmNp9EhB/s-l1600.jpg"],"preliminaryScopeStatus":"DISCOVERY_SCOPE_PASS","preliminaryRisks":[]}
cand-s4-ebay-314410c61956bb0d39	dh-20260730T170046Z-7d4c2a91	4	2026-07-30T17:05:44.524826+00:00	IVAN DEMIDOV / professional_rookies	Ivan Demidov	professional_nhl_rookie_card	eBay	ixchelofthexcel		v1|398015897981|0	https://www.ebay.com/itm/398015897981?_skw=Ivan+Demidov+NHL+rookie+card&hash=item5cab98a17d%3Ag%3AqCoAAeSwZYRqHfOZ&amdata=enc%3AAQALAAABAACCtXRWQnOEpyOqnQQ8KGbxpzcFezj0%2Bdia6FdmOoGrTgGriCwuEWEU9or5K0q0HWZunmBbn2YKGjO%2Bd8aPA3UbsBmgDaUHqj1w8XO0%2FsKVB8WMXre2ftahEOjjx3wCUbQVc1gfob2NPCWFLi4nDoADAm049B7djXAKtXrbGfFmXFJ%2BIZ0gS1NU4f77pGn2gEyChfH%2B272DTW2MW8Pc5b%2BOUSZqTCSts97%2B8L%2FKtu1N7TwjtuNB1pFj6toriFoHGrxj1Pv06Eq20x4cwiomhnvXJwCJTcstzmk2Ska8qCcSCsD2NCHbr%2FdHsbyt5z5XOTUuMUT89FRak%2FC5%2FYzeGI4%3D	LIVE	Ivan Demidov Rookie Hockey Card Lot of 4 - Montreal Canadiens - NHL	{"title":"Ivan Demidov Rookie Hockey Card Lot of 4 - Montreal Canadiens - NHL","preliminaryScopeStatus":"DISCOVERY_SCOPE_PASS","queryFamilyIds":["ivan-demidov.professional-rookies"],"preliminaryRisks":[]}	{"status":"UNVERIFIED","verification":"native-browse-title-and-marketplace-images-only","frontVerified":false,"backVerified":false}	preliminary|314410c61956bb0d39	ebay|ixchelofthexcel|v1|398015897981|0	https://i.ebayimg.com/images/g/qCoAAeSwZYRqHfOZ/s-l225.jpg	https://i.ebayimg.com/images/g/qCoAAeSwZYRqHfOZ/s-l1600.jpg	FALSE	FALSE	FALSE	FALSE	{}											UNASSESSED	[]	19																		INSUFFICIENT																	MANUAL REVIEW / UNPRICED	FALSE	FALSE	["exact_parallel_or_variation_not_verified","front_and_back_identity_not_verified","full_delivered_acquisition_cost_not_proven","identical_completed_sales_not_loaded","instacomp_exact_market_not_completed","owned_copy_exclusion_not_proven"]	{"endpoints":["ivan_demidov"],"candidateId":"ebay:v1|398015897981|0","listingItemId":"v1|398015897981|0","queryFamilyIds":["ivan-demidov.professional-rookies"],"buyingOptions":["FIXED_PRICE","BEST_OFFER"],"condition":"New","itemCreationDate":"2026-06-01T21:03:31.000Z","itemEndDate":null,"imageUrls":["https://i.ebayimg.com/images/g/qCoAAeSwZYRqHfOZ/s-l225.jpg","https://i.ebayimg.com/images/g/qCoAAeSwZYRqHfOZ/s-l1600.jpg"],"preliminaryScopeStatus":"DISCOVERY_SCOPE_PASS","preliminaryRisks":[]}
cand-s4-ebay-10ea8e15fab23d7115	dh-20260730T170046Z-7d4c2a91	4	2026-07-30T17:05:44.524826+00:00	IVAN DEMIDOV / professional_rookies	Ivan Demidov	professional_nhl_rookie_card	eBay	threeb2923-0		v1|398179154870|0	https://www.ebay.com/itm/398179154870?_skw=Ivan+Demidov+NHL+rookie+card&hash=item5cb553bbb6%3Ag%3AsSAAAeSwGs1qWEWp	LIVE	2025-26 O-Pee-Chee Platinum - Retro Rookies Ivan Demidov #R-66 (RC)	{"title":"2025-26 O-Pee-Chee Platinum - Retro Rookies Ivan Demidov #R-66 (RC)","preliminaryScopeStatus":"DISCOVERY_SCOPE_PASS","queryFamilyIds":["ivan-demidov.professional-rookies"],"preliminaryRisks":[]}	{"status":"UNVERIFIED","verification":"native-browse-title-and-marketplace-images-only","frontVerified":false,"backVerified":false}	preliminary|10ea8e15fab23d7115	ebay|threeb2923-0|v1|398179154870|0	https://i.ebayimg.com/images/g/sSAAAeSwGs1qWEWp/s-l225.jpg	https://i.ebayimg.com/images/g/sSAAAeSwGs1qWEWp/s-l1600.jpg	FALSE	FALSE	FALSE	FALSE	{}											UNASSESSED	[]	7																		INSUFFICIENT																	MANUAL REVIEW / UNPRICED	FALSE	FALSE	["exact_parallel_or_variation_not_verified","front_and_back_identity_not_verified","full_delivered_acquisition_cost_not_proven","identical_completed_sales_not_loaded","instacomp_exact_market_not_completed","owned_copy_exclusion_not_proven"]	{"endpoints":["ivan_demidov"],"candidateId":"ebay:v1|398179154870|0","listingItemId":"v1|398179154870|0","queryFamilyIds":["ivan-demidov.professional-rookies"],"buyingOptions":["FIXED_PRICE","BEST_OFFER"],"condition":"Ungraded","itemCreationDate":"2026-07-16T02:45:35.000Z","itemEndDate":null,"imageUrls":["https://i.ebayimg.com/images/g/sSAAAeSwGs1qWEWp/s-l225.jpg","https://i.ebayimg.com/images/g/sSAAAeSwGs1qWEWp/s-l1600.jpg"],"preliminaryScopeStatus":"DISCOVERY_SCOPE_PASS","preliminaryRisks":[]}
cand-s4-ebay-917ad309beff44f76b	dh-20260730T170046Z-7d4c2a91	4	2026-07-30T17:05:44.524826+00:00	IVAN DEMIDOV / young_guns_parallels	Ivan Demidov	young_guns_rookie_parallel	eBay	cardempire4		v1|398197881178|0	https://www.ebay.com/itm/398197881178?_skw=Ivan+Demidov+Young+Guns+rookie+parallel&hash=item5cb671795a%3Ag%3A4LwAAeSwwvJqXvOk&amdata=enc%3AAQALAAABEACCtXRWQnOEpyOqnQQ8KGbr6NBQr3fkdScg0olgo%2Bxjtfv34SDF4xa7N088nErR21fviYNirAj89xq7BncHsw4AbGnPO%2Frl3imJuZhxSwmIdm9v1LQtXCVgytSSytJ8iJhm4M1Dwu%2Bsb0D%2BDMoMWzKE3hsb2mCtmQ4MI6qURS4lkqf6Ir2J%2BZnu62A2b59aSVMjlP7aMwomzSz07ApiFMAO7mbB7tnFce1%2Brn%2Bx%2F90sUoQflbVDCDGbGdMJEwnev4UPY9p3RqcVNkh5NnZ6oYQkZT4lE0exo%2BMuejUQuVufDeQcG3VQVAIBSmWrDlHE05fMj5ZDsluqfcyxXBaeGTxFmbUVhDn%2FUWUZQ4qlsjOU	LIVE	30 NHL Upper Deck Current/Previous Year Rookies Bundle (Misa, Schaefer, Demidov)	{"title":"30 NHL Upper Deck Current/Previous Year Rookies Bundle (Misa, Schaefer, Demidov)","preliminaryScopeStatus":"DISCOVERY_SCOPE_PASS","queryFamilyIds":["ivan-demidov.young-guns-parallels"],"preliminaryRisks":[]}	{"status":"UNVERIFIED","verification":"native-browse-title-and-marketplace-images-only","frontVerified":false,"backVerified":false}	preliminary|917ad309beff44f76b	ebay|cardempire4|v1|398197881178|0	https://i.ebayimg.com/images/g/4LwAAeSwwvJqXvOk/s-l225.jpg	https://i.ebayimg.com/images/g/4LwAAeSwwvJqXvOk/s-l1600.jpg	FALSE	FALSE	FALSE	FALSE	{}											UNASSESSED	[]	185																		INSUFFICIENT																	MANUAL REVIEW / UNPRICED	FALSE	FALSE	["exact_parallel_or_variation_not_verified","front_and_back_identity_not_verified","full_delivered_acquisition_cost_not_proven","identical_completed_sales_not_loaded","instacomp_exact_market_not_completed","owned_copy_exclusion_not_proven"]	{"endpoints":["ivan_demidov"],"candidateId":"ebay:v1|398197881178|0","listingItemId":"v1|398197881178|0","queryFamilyIds":["ivan-demidov.young-guns-parallels"],"buyingOptions":["FIXED_PRICE","BEST_OFFER"],"condition":"New","itemCreationDate":"2026-07-21T05:03:07.000Z","itemEndDate":null,"imageUrls":["https://i.ebayimg.com/images/g/4LwAAeSwwvJqXvOk/s-l225.jpg","https://i.ebayimg.com/images/g/4LwAAeSwwvJqXvOk/s-l1600.jpg"],"preliminaryScopeStatus":"DISCOVERY_SCOPE_PASS","preliminaryRisks":[]}
cand-s4-ebay-6d50f9635a2741cde7	dh-20260730T170046Z-7d4c2a91	4	2026-07-30T17:05:44.524826+00:00	IVAN DEMIDOV / young_guns_parallels	Ivan Demidov	young_guns_rookie_parallel	eBay	ghostdoublem		v1|406851356375|0	https://www.ebay.com/itm/406851356375?_skw=Ivan+Demidov+Young+Guns+rookie+parallel&hash=item5eba3b06d7%3Ag%3APKcAAeSwcCJp2-iK&amdata=enc%3AAQALAAABAACCtXRWQnOEpyOqnQQ8KGZ23CM0BkiopRpGm0p1AdNW5lA3GL%2FRKWejs65441WXBiQGBQ5KOvKWJuk524NNOxEGwsZuqGCXnqrqLMjFAcGe9p9AlnhzxtH2GX%2BE9AMr5funjExbs%2F7GFdTCJG4MIYb8bsIqlp5FY1s3uOXniAf1BAde9QdBA2UwbWateZkuTKNoJfysr8bY1T6GTSKwj0nE79VVR%2FYNyDnqDM3wsrCW3sG2655gZOtYoV%2F88vFK6hCdSEhVqo9nJjwLMK84pehRBaWCMlkzBOAJPgsnlHcYjsGSBMzIWCmRPOGjWE2irmv6B5p0PM%2Flwy1kFWDlw5M%3D	LIVE	Montreal Canadiens Lot 🔥 Demidov RC, Suzuki Yellow Taxi & Caufield Collab	{"title":"Montreal Canadiens Lot 🔥 Demidov RC, Suzuki Yellow Taxi & Caufield Collab ","preliminaryScopeStatus":"DISCOVERY_SCOPE_PASS","queryFamilyIds":["ivan-demidov.young-guns-parallels"],"preliminaryRisks":[]}	{"status":"UNVERIFIED","verification":"native-browse-title-and-marketplace-images-only","frontVerified":false,"backVerified":false}	preliminary|6d50f9635a2741cde7	ebay|ghostdoublem|v1|406851356375|0	https://i.ebayimg.com/images/g/PKcAAeSwcCJp2-iK/s-l225.jpg	https://i.ebayimg.com/images/g/PKcAAeSwcCJp2-iK/s-l1600.jpg	FALSE	FALSE	FALSE	FALSE	{}											UNASSESSED	[]	68.99																		INSUFFICIENT																	MANUAL REVIEW / UNPRICED	FALSE	FALSE	["exact_parallel_or_variation_not_verified","front_and_back_identity_not_verified","full_delivered_acquisition_cost_not_proven","identical_completed_sales_not_loaded","instacomp_exact_market_not_completed","owned_copy_exclusion_not_proven"]	{"endpoints":["ivan_demidov"],"candidateId":"ebay:v1|406851356375|0","listingItemId":"v1|406851356375|0","queryFamilyIds":["ivan-demidov.young-guns-parallels"],"buyingOptions":["FIXED_PRICE","BEST_OFFER"],"condition":"New","itemCreationDate":"2026-04-12T18:48:37.000Z","itemEndDate":null,"imageUrls":["https://i.ebayimg.com/images/g/PKcAAeSwcCJp2-iK/s-l225.jpg","https://i.ebayimg.com/images/g/PKcAAeSwcCJp2-iK/s-l1600.jpg"],"preliminaryScopeStatus":"DISCOVERY_SCOPE_PASS","preliminaryRisks":[]}
cand-s4-ebay-cd141aade62c5738e8	dh-20260730T170046Z-7d4c2a91	4	2026-07-30T17:05:44.524826+00:00	IVAN DEMIDOV / young_guns_parallels	Ivan Demidov	young_guns_rookie_parallel	eBay	chap1515		v1|407096174138|0	https://www.ebay.com/itm/407096174138?_skw=Ivan+Demidov+Young+Guns+rookie+parallel&hash=item5ec8d2a63a%3Ag%3ATKAAAeSwKzZqY7xX	LIVE	2025-26 Upper Deck Series 1 - Young Guns Ivan Demidov #205 Silver Foil (RC)	{"title":"2025-26 Upper Deck Series 1 - Young Guns Ivan Demidov #205 Silver Foil (RC)","preliminaryScopeStatus":"DISCOVERY_SCOPE_PASS","queryFamilyIds":["ivan-demidov.young-guns-parallels"],"preliminaryRisks":[]}	{"status":"UNVERIFIED","verification":"native-browse-title-and-marketplace-images-only","frontVerified":false,"backVerified":false}	preliminary|cd141aade62c5738e8	ebay|chap1515|v1|407096174138|0	https://i.ebayimg.com/images/g/TKAAAeSwKzZqY7xX/s-l225.jpg	https://i.ebayimg.com/images/g/TKAAAeSwKzZqY7xX/s-l1600.jpg	FALSE	FALSE	FALSE	FALSE	{}											UNASSESSED	[]	600																		INSUFFICIENT																	MANUAL REVIEW / UNPRICED	FALSE	FALSE	["exact_parallel_or_variation_not_verified","front_and_back_identity_not_verified","full_delivered_acquisition_cost_not_proven","identical_completed_sales_not_loaded","instacomp_exact_market_not_completed","owned_copy_exclusion_not_proven"]	{"endpoints":["ivan_demidov"],"candidateId":"ebay:v1|407096174138|0","listingItemId":"v1|407096174138|0","queryFamilyIds":["ivan-demidov.young-guns-parallels"],"buyingOptions":["FIXED_PRICE","BEST_OFFER"],"condition":"Graded","itemCreationDate":"2026-07-24T19:26:38.000Z","itemEndDate":null,"imageUrls":["https://i.ebayimg.com/images/g/TKAAAeSwKzZqY7xX/s-l225.jpg","https://i.ebayimg.com/images/g/TKAAAeSwKzZqY7xX/s-l1600.jpg"],"preliminaryScopeStatus":"DISCOVERY_SCOPE_PASS","preliminaryRisks":[]}
cand-s4-ebay-74c82f46e1a8beba59	dh-20260730T170046Z-7d4c2a91	4	2026-07-30T17:05:44.524826+00:00	IVAN DEMIDOV / autograph_memorabilia	Ivan Demidov	nhl_rookie_autograph_memorabilia	eBay	crimsoncloakcollectibles		v1|800361419621|0	https://www.ebay.com/itm/800361419621?_skw=Ivan+Demidov+NHL+rookie+autograph+patch+memorabilia&hash=itemba59421365%3Ag%3A7mkAAeSw8EFqWrNT	LIVE	2025-26 Parkhurst #236 Ivan Demidov Rookie Patch Auto #/25 Canadiens RC	{"title":"2025-26 Parkhurst #236 Ivan Demidov Rookie Patch Auto #/25 Canadiens RC","preliminaryScopeStatus":"DISCOVERY_SCOPE_PASS","queryFamilyIds":["ivan-demidov.autograph-memorabilia"],"preliminaryRisks":[]}	{"status":"UNVERIFIED","verification":"native-browse-title-and-marketplace-images-only","frontVerified":false,"backVerified":false}	preliminary|74c82f46e1a8beba59	ebay|crimsoncloakcollectibles|v1|800361419621|0	https://i.ebayimg.com/images/g/7mkAAeSw8EFqWrNT/s-l225.jpg	https://i.ebayimg.com/images/g/7mkAAeSw8EFqWrNT/s-l1600.jpg	FALSE	FALSE	FALSE	FALSE	{}											UNASSESSED	[]	1799.95	0.99																	INSUFFICIENT																	MANUAL REVIEW / UNPRICED	FALSE	FALSE	["exact_parallel_or_variation_not_verified","front_and_back_identity_not_verified","full_delivered_acquisition_cost_not_proven","identical_completed_sales_not_loaded","instacomp_exact_market_not_completed","owned_copy_exclusion_not_proven"]	{"endpoints":["ivan_demidov"],"candidateId":"ebay:v1|800361419621|0","listingItemId":"v1|800361419621|0","queryFamilyIds":["ivan-demidov.autograph-memorabilia"],"buyingOptions":["FIXED_PRICE","BEST_OFFER"],"condition":"Ungraded","itemCreationDate":"2026-07-17T22:53:31.000Z","itemEndDate":null,"imageUrls":["https://i.ebayimg.com/images/g/7mkAAeSw8EFqWrNT/s-l225.jpg","https://i.ebayimg.com/images/g/7mkAAeSw8EFqWrNT/s-l1600.jpg"],"preliminaryScopeStatus":"DISCOVERY_SCOPE_PASS","preliminaryRisks":[]}
cand-s4-ebay-2534e901e0a9d3b628	dh-20260730T170046Z-7d4c2a91	4	2026-07-30T17:05:44.524826+00:00	MATVEI MICHKOV OPC PLATINUM / opc_platinum_rookie_rainbow_or_better	Matvei Michkov	opc_platinum_rookie_parallel_or_autograph	eBay	dtmkyle		v1|116700938434|0	https://www.ebay.com/itm/116700938434?_skw=Matvey+Michkov+OPC+Platinum+Rainbow+rookie&hash=item1b2beb00c2%3Ag%3A0FoAAeSweGxofuoi	LIVE	🔥MATVEI MICHKOV🔥24/25 OPC Platinum RAINBOW Marquee Rookie Card	{"title":"🔥MATVEI MICHKOV🔥24/25 OPC Platinum RAINBOW Marquee Rookie Card","preliminaryScopeStatus":"DISCOVERY_SCOPE_PASS","queryFamilyIds":["matvei-michkov-opc-platinum.matvey-first-name"],"preliminaryRisks":[]}	{"status":"UNVERIFIED","verification":"native-browse-title-and-marketplace-images-only","frontVerified":false,"backVerified":false}	preliminary|2534e901e0a9d3b628	ebay|dtmkyle|v1|116700938434|0	https://i.ebayimg.com/images/g/0FoAAeSweGxofuoi/s-l225.jpg	https://i.ebayimg.com/images/g/0FoAAeSweGxofuoi/s-l1600.jpg	FALSE	FALSE	FALSE	FALSE	{}											UNASSESSED	[]	18.99																		INSUFFICIENT																	MANUAL REVIEW / UNPRICED	FALSE	FALSE	["exact_parallel_or_variation_not_verified","front_and_back_identity_not_verified","full_delivered_acquisition_cost_not_proven","identical_completed_sales_not_loaded","instacomp_exact_market_not_completed","owned_copy_exclusion_not_proven"]	{"endpoints":["matvei_michkov_opc_platinum"],"candidateId":"ebay:v1|116700938434|0","listingItemId":"v1|116700938434|0","queryFamilyIds":["matvei-michkov-opc-platinum.matvey-first-name"],"buyingOptions":["FIXED_PRICE","BEST_OFFER"],"condition":"Ungraded","itemCreationDate":"2025-07-22T01:33:43.000Z","itemEndDate":null,"imageUrls":["https://i.ebayimg.com/images/g/0FoAAeSweGxofuoi/s-l225.jpg","https://i.ebayimg.com/images/g/0FoAAeSweGxofuoi/s-l1600.jpg"],"preliminaryScopeStatus":"DISCOVERY_SCOPE_PASS","preliminaryRisks":[]}
cand-s4-ebay-138fad574c79915ca4	dh-20260730T170046Z-7d4c2a91	4	2026-07-30T17:05:44.524826+00:00	MATVEI MICHKOV OPC PLATINUM / opc_platinum_rookie_rainbow_or_better	Matvei Michkov	opc_platinum_rookie_parallel_or_autograph	eBay	svsportscardsllc		v1|127623778599|0	https://www.ebay.com/itm/127623778599?_skw=Matvei+Michkov+2024-25+O-Pee-Chee+Platinum+Rainbow+rookie&hash=item1db6f85127%3Ag%3ADF4AAeSwBqxpZ9jw	LIVE	2024-25 O-Pee-Chee Platinum Retro Rainbow #R92 Matvei Michkov	{"title":"2024-25 O-Pee-Chee Platinum Retro Rainbow #R92 Matvei Michkov","preliminaryScopeStatus":"IMAGE_OR_IDENTITY_REVIEW_REQUIRED","queryFamilyIds":["matvei-michkov-opc-platinum.exact-o-pee-chee-rainbow","matvei-michkov-opc-platinum.opc-rainbow","matvei-michkov-opc-platinum.o-pee-chee-no-punctuation","matvei-michkov-opc-platinum.matvey-first-name"],"preliminaryRisks":["rookie_status_not_explicit_verify_exact_card"]}	{"status":"UNVERIFIED","verification":"native-browse-title-and-marketplace-images-only","frontVerified":false,"backVerified":false}	preliminary|138fad574c79915ca4	ebay|svsportscardsllc|v1|127623778599|0	https://i.ebayimg.com/images/g/DF4AAeSwBqxpZ9jw/s-l225.jpg	https://i.ebayimg.com/images/g/DF4AAeSwBqxpZ9jw/s-l1200.jpg	FALSE	FALSE	FALSE	FALSE	{}											UNASSESSED	["rookie_status_not_explicit_verify_exact_card"]	14.95	0.85																	INSUFFICIENT																	MANUAL REVIEW / UNPRICED	FALSE	FALSE	["exact_parallel_or_variation_not_verified","front_and_back_identity_not_verified","full_delivered_acquisition_cost_not_proven","identical_completed_sales_not_loaded","instacomp_exact_market_not_completed","owned_copy_exclusion_not_proven","rookie_status_not_explicit_verify_exact_card"]	{"endpoints":["matvei_michkov_opc_platinum"],"candidateId":"ebay:v1|127623778599|0","listingItemId":"v1|127623778599|0","queryFamilyIds":["matvei-michkov-opc-platinum.exact-o-pee-chee-rainbow","matvei-michkov-opc-platinum.opc-rainbow","matvei-michkov-opc-platinum.o-pee-chee-no-punctuation","matvei-michkov-opc-platinum.matvey-first-name"],"buyingOptions":["FIXED_PRICE"],"condition":"Ungraded","itemCreationDate":"2026-01-14T17:59:23.000Z","itemEndDate":null,"imageUrls":["https://i.ebayimg.com/images/g/DF4AAeSwBqxpZ9jw/s-l225.jpg","https://i.ebayimg.com/images/g/DF4AAeSwBqxpZ9jw/s-l1200.jpg"],"preliminaryScopeStatus":"IMAGE_OR_IDENTITY_REVIEW_REQUIRED","preliminaryRisks":["rookie_status_not_explicit_verify_exact_card"]}
cand-s4-ebay-69305b07b6a76790bc	dh-20260730T170046Z-7d4c2a91	4	2026-07-30T17:05:44.524826+00:00	MATVEI MICHKOV OPC PLATINUM / opc_platinum_rookie_rainbow_or_better	Matvei Michkov	opc_platinum_rookie_parallel_or_autograph	eBay	zac_ford91		v1|127723870121|0	https://www.ebay.com/itm/127723870121?_skw=Matvey+Michkov+OPC+Platinum+Rainbow+rookie&hash=item1dbcef97a9%3Ag%3AYhcAAeSwNYFpq1aN	LIVE	636 2024-25 O-Pee-Chee Platinum - Retro Rookies Matvei Michkov #R92 Rainbow (RC)	{"title":"636 2024-25 O-Pee-Chee Platinum - Retro Rookies Matvei Michkov #R92 Rainbow (RC)","preliminaryScopeStatus":"DISCOVERY_SCOPE_PASS","queryFamilyIds":["matvei-michkov-opc-platinum.matvey-first-name"],"preliminaryRisks":[]}	{"status":"UNVERIFIED","verification":"native-browse-title-and-marketplace-images-only","frontVerified":false,"backVerified":false}	preliminary|69305b07b6a76790bc	ebay|zac_ford91|v1|127723870121|0	https://i.ebayimg.com/images/g/YhcAAeSwNYFpq1aN/s-l225.jpg	https://i.ebayimg.com/images/g/YhcAAeSwNYFpq1aN/s-l1600.jpg	FALSE	FALSE	FALSE	FALSE	{}											UNASSESSED	[]	9																		INSUFFICIENT																	MANUAL REVIEW / UNPRICED	FALSE	FALSE	["exact_parallel_or_variation_not_verified","front_and_back_identity_not_verified","full_delivered_acquisition_cost_not_proven","identical_completed_sales_not_loaded","instacomp_exact_market_not_completed","owned_copy_exclusion_not_proven"]	{"endpoints":["matvei_michkov_opc_platinum"],"candidateId":"ebay:v1|127723870121|0","listingItemId":"v1|127723870121|0","queryFamilyIds":["matvei-michkov-opc-platinum.matvey-first-name"],"buyingOptions":["FIXED_PRICE","BEST_OFFER"],"condition":"Ungraded","itemCreationDate":"2026-03-06T22:35:19.000Z","itemEndDate":null,"imageUrls":["https://i.ebayimg.com/images/g/YhcAAeSwNYFpq1aN/s-l225.jpg","https://i.ebayimg.com/images/g/YhcAAeSwNYFpq1aN/s-l1600.jpg"],"preliminaryScopeStatus":"DISCOVERY_SCOPE_PASS","preliminaryRisks":[]}
cand-s4-ebay-d8e5b8deb7f14ccfa3	dh-20260730T170046Z-7d4c2a91	4	2026-07-30T17:05:44.524826+00:00	MATVEI MICHKOV OPC PLATINUM / opc_platinum_rookie_rainbow_or_better	Matvei Michkov	opc_platinum_rookie_parallel_or_autograph	eBay	ultsportscards		v1|167864708311|0	https://www.ebay.com/itm/167864708311?_skw=Matvey+Michkov+OPC+Platinum+Rainbow+rookie&hash=item2715842cd7%3Ag%3Ar2YAAeSw5QFo8Ojr	LIVE	2024 2024-25 O-Pee-Chee Platinum Retro Rainbow Rookie #R92 Matvei Michkov Flyers	{"title":"2024 2024-25 O-Pee-Chee Platinum Retro Rainbow Rookie #R92 Matvei Michkov Flyers","preliminaryScopeStatus":"DISCOVERY_SCOPE_PASS","queryFamilyIds":["matvei-michkov-opc-platinum.matvey-first-name"],"preliminaryRisks":[]}	{"status":"UNVERIFIED","verification":"native-browse-title-and-marketplace-images-only","frontVerified":false,"backVerified":false}	preliminary|d8e5b8deb7f14ccfa3	ebay|ultsportscards|v1|167864708311|0	https://i.ebayimg.com/images/g/r2YAAeSw5QFo8Ojr/s-l225.jpg	https://i.ebayimg.com/images/g/r2YAAeSw5QFo8Ojr/s-l1200.jpg	FALSE	FALSE	FALSE	FALSE	{}											UNASSESSED	[]	24.99	14.99																	INSUFFICIENT																	MANUAL REVIEW / UNPRICED	FALSE	FALSE	["exact_parallel_or_variation_not_verified","front_and_back_identity_not_verified","full_delivered_acquisition_cost_not_proven","identical_completed_sales_not_loaded","instacomp_exact_market_not_completed","owned_copy_exclusion_not_proven"]	{"endpoints":["matvei_michkov_opc_platinum"],"candidateId":"ebay:v1|167864708311|0","listingItemId":"v1|167864708311|0","queryFamilyIds":["matvei-michkov-opc-platinum.matvey-first-name"],"buyingOptions":["FIXED_PRICE","BEST_OFFER"],"condition":"Ungraded","itemCreationDate":"2025-10-16T12:47:32.000Z","itemEndDate":null,"imageUrls":["https://i.ebayimg.com/images/g/r2YAAeSw5QFo8Ojr/s-l225.jpg","https://i.ebayimg.com/images/g/r2YAAeSw5QFo8Ojr/s-l1200.jpg"],"preliminaryScopeStatus":"DISCOVERY_SCOPE_PASS","preliminaryRisks":[]}
cand-s4-ebay-0bf1546570b56d1d9e	dh-20260730T170046Z-7d4c2a91	4	2026-07-30T17:05:44.524826+00:00	MATVEI MICHKOV OPC PLATINUM / opc_platinum_rookie_rainbow_or_better	Matvei Michkov	opc_platinum_rookie_parallel_or_autograph	eBay	samuel_roy_06		v1|188453942425|0	https://www.ebay.com/itm/188453942425?_skw=Matvei+Michkov+2024-25+O-Pee-Chee+Platinum+Rainbow+rookie&hash=item2be0baf499%3Ag%3AR18AAeSw-UlqHeXw	LIVE	Matvei Michkov 2024-25 O-Pee-Chee Platinum Marquee Rookie Rainbow #264 Flyers	{"title":"Matvei Michkov 2024-25 O-Pee-Chee Platinum Marquee Rookie Rainbow #264 Flyers","preliminaryScopeStatus":"DISCOVERY_SCOPE_PASS","queryFamilyIds":["matvei-michkov-opc-platinum.exact-o-pee-chee-rainbow","matvei-michkov-opc-platinum.opc-rainbow","matvei-michkov-opc-platinum.o-pee-chee-no-punctuation","matvei-michkov-opc-platinum.matvey-first-name"],"preliminaryRisks":[]}	{"status":"UNVERIFIED","verification":"native-browse-title-and-marketplace-images-only","frontVerified":false,"backVerified":false}	preliminary|0bf1546570b56d1d9e	ebay|samuel_roy_06|v1|188453942425|0	https://i.ebayimg.com/images/g/R18AAeSw-UlqHeXw/s-l225.jpg	https://i.ebayimg.com/images/g/R18AAeSw-UlqHeXw/s-l1600.jpg	FALSE	FALSE	FALSE	FALSE	{}											UNASSESSED	[]	6.97																		INSUFFICIENT																	MANUAL REVIEW / UNPRICED	FALSE	FALSE	["exact_parallel_or_variation_not_verified","front_and_back_identity_not_verified","full_delivered_acquisition_cost_not_proven","identical_completed_sales_not_loaded","instacomp_exact_market_not_completed","owned_copy_exclusion_not_proven"]	{"endpoints":["matvei_michkov_opc_platinum"],"candidateId":"ebay:v1|188453942425|0","listingItemId":"v1|188453942425|0","queryFamilyIds":["matvei-michkov-opc-platinum.exact-o-pee-chee-rainbow","matvei-michkov-opc-platinum.opc-rainbow","matvei-michkov-opc-platinum.o-pee-chee-no-punctuation","matvei-michkov-opc-platinum.matvey-first-name"],"buyingOptions":["FIXED_PRICE"],"condition":"Ungraded","itemCreationDate":"2026-06-01T20:05:34.000Z","itemEndDate":null,"imageUrls":["https://i.ebayimg.com/images/g/R18AAeSw-UlqHeXw/s-l225.jpg","https://i.ebayimg.com/images/g/R18AAeSw-UlqHeXw/s-l1600.jpg"],"preliminaryScopeStatus":"DISCOVERY_SCOPE_PASS","preliminaryRisks":[]}
cand-s4-ebay-1ce90d28074f3692f6	dh-20260730T170046Z-7d4c2a91	4	2026-07-30T17:05:44.524826+00:00	MATVEI MICHKOV OPC PLATINUM / opc_platinum_rookie_rainbow_or_better	Matvei Michkov	opc_platinum_rookie_parallel_or_autograph	eBay	mnwildroy		v1|188534742519|0	https://www.ebay.com/itm/188534742519?_skw=Matvei+Michkov+O-Pee-Chee+Platinum+rookie+autograph+auto&hash=item2be58bddf7%3Ag%3AMo0AAeSweeRqNai4	LIVE	Upper Deck 2024-25 O-Pee-Chee Platinum Matvei Michkov Auto RC /10 PSA 10	{"title":"Upper Deck 2024-25 O-Pee-Chee Platinum Matvei Michkov Auto RC /10 PSA 10","preliminaryScopeStatus":"DISCOVERY_SCOPE_PASS","queryFamilyIds":["matvei-michkov-opc-platinum.rookie-autographs"],"preliminaryRisks":[]}	{"status":"UNVERIFIED","verification":"native-browse-title-and-marketplace-images-only","frontVerified":false,"backVerified":false}	preliminary|1ce90d28074f3692f6	ebay|mnwildroy|v1|188534742519|0	https://i.ebayimg.com/images/g/Mo0AAeSweeRqNai4/s-l225.jpg	https://i.ebayimg.com/images/g/Mo0AAeSweeRqNai4/s-l1600.jpg	FALSE	FALSE	FALSE	FALSE	{}											UNASSESSED	[]	3500																		INSUFFICIENT																	MANUAL REVIEW / UNPRICED	FALSE	FALSE	["exact_parallel_or_variation_not_verified","front_and_back_identity_not_verified","full_delivered_acquisition_cost_not_proven","identical_completed_sales_not_loaded","instacomp_exact_market_not_completed","owned_copy_exclusion_not_proven"]	{"endpoints":["matvei_michkov_opc_platinum"],"candidateId":"ebay:v1|188534742519|0","listingItemId":"v1|188534742519|0","queryFamilyIds":["matvei-michkov-opc-platinum.rookie-autographs"],"buyingOptions":["FIXED_PRICE","BEST_OFFER"],"condition":"Graded","itemCreationDate":"2026-06-19T20:40:17.000Z","itemEndDate":null,"imageUrls":["https://i.ebayimg.com/images/g/Mo0AAeSweeRqNai4/s-l225.jpg","https://i.ebayimg.com/images/g/Mo0AAeSweeRqNai4/s-l1600.jpg"],"preliminaryScopeStatus":"DISCOVERY_SCOPE_PASS","preliminaryRisks":[]}
cand-s4-ebay-01c75e360042eff221	dh-20260730T170046Z-7d4c2a91	4	2026-07-30T17:05:44.524826+00:00	MATVEI MICHKOV OPC PLATINUM / opc_platinum_rookie_rainbow_or_better	Matvei Michkov	opc_platinum_rookie_parallel_or_autograph	eBay	samuel_roy_06		v1|188540323520|0	https://www.ebay.com/itm/188540323520?_skw=Matvei+Michkov+2024-25+O-Pee-Chee+Platinum+Rainbow+rookie&hash=item2be5e106c0%3Ag%3AKUEAAeSwh8lqN3KQ	LIVE	O-Pee-Chee Platinum 2024-25 Matvei Michkov Rookie Rainbow Retro R92 Flyers NHL	{"title":"O-Pee-Chee Platinum 2024-25 Matvei Michkov Rookie Rainbow Retro R92 Flyers NHL","preliminaryScopeStatus":"DISCOVERY_SCOPE_PASS","queryFamilyIds":["matvei-michkov-opc-platinum.exact-o-pee-chee-rainbow","matvei-michkov-opc-platinum.opc-rainbow","matvei-michkov-opc-platinum.o-pee-chee-no-punctuation","matvei-michkov-opc-platinum.matvey-first-name"],"preliminaryRisks":[]}	{"status":"UNVERIFIED","verification":"native-browse-title-and-marketplace-images-only","frontVerified":false,"backVerified":false}	preliminary|01c75e360042eff221	ebay|samuel_roy_06|v1|188540323520|0	https://i.ebayimg.com/images/g/KUEAAeSwh8lqN3KQ/s-l225.jpg	https://i.ebayimg.com/images/g/KUEAAeSwh8lqN3KQ/s-l1600.jpg	FALSE	FALSE	FALSE	FALSE	{}											UNASSESSED	[]	7.97																		INSUFFICIENT																	MANUAL REVIEW / UNPRICED	FALSE	FALSE	["exact_parallel_or_variation_not_verified","front_and_back_identity_not_verified","full_delivered_acquisition_cost_not_proven","identical_completed_sales_not_loaded","instacomp_exact_market_not_completed","owned_copy_exclusion_not_proven"]	{"endpoints":["matvei_michkov_opc_platinum"],"candidateId":"ebay:v1|188540323520|0","listingItemId":"v1|188540323520|0","queryFamilyIds":["matvei-michkov-opc-platinum.exact-o-pee-chee-rainbow","matvei-michkov-opc-platinum.opc-rainbow","matvei-michkov-opc-platinum.o-pee-chee-no-punctuation","matvei-michkov-opc-platinum.matvey-first-name"],"buyingOptions":["FIXED_PRICE"],"condition":"Ungraded","itemCreationDate":"2026-06-21T05:12:10.000Z","itemEndDate":null,"imageUrls":["https://i.ebayimg.com/images/g/KUEAAeSwh8lqN3KQ/s-l225.jpg","https://i.ebayimg.com/images/g/KUEAAeSwh8lqN3KQ/s-l1600.jpg"],"preliminaryScopeStatus":"DISCOVERY_SCOPE_PASS","preliminaryRisks":[]}
cand-s4-ebay-7eeb99ee006e0f553f	dh-20260730T170046Z-7d4c2a91	4	2026-07-30T17:05:44.524826+00:00	MATVEI MICHKOV OPC PLATINUM / opc_platinum_rookie_rainbow_or_better	Matvei Michkov	opc_platinum_rookie_parallel_or_autograph	eBay	flipm0de27		v1|227110301398|0	https://www.ebay.com/itm/227110301398?_skw=Matvei+Michkov+O-Pee-Chee+Platinum+rookie+autograph+auto&hash=item34e0d42ed6%3Ag%3AO3oAAeSwMIJpLN7b	LIVE	2024-25 O-PEE-CHEE PLATINUM - MATVEI MICHKOV COSMIC ROOKIE ON CARD AUTO 05/50	{"title":"2024-25 O-PEE-CHEE PLATINUM - MATVEI MICHKOV COSMIC ROOKIE ON CARD AUTO 05/50","preliminaryScopeStatus":"DISCOVERY_SCOPE_PASS","queryFamilyIds":["matvei-michkov-opc-platinum.rookie-autographs"],"preliminaryRisks":[]}	{"status":"UNVERIFIED","verification":"native-browse-title-and-marketplace-images-only","frontVerified":false,"backVerified":false}	preliminary|7eeb99ee006e0f553f	ebay|flipm0de27|v1|227110301398|0	https://i.ebayimg.com/images/g/O3oAAeSwMIJpLN7b/s-l225.jpg	https://i.ebayimg.com/images/g/O3oAAeSwMIJpLN7b/s-l1600.jpg	FALSE	FALSE	FALSE	FALSE	{}											UNASSESSED	[]	395	4.99																	INSUFFICIENT																	MANUAL REVIEW / UNPRICED	FALSE	FALSE	["exact_parallel_or_variation_not_verified","front_and_back_identity_not_verified","full_delivered_acquisition_cost_not_proven","identical_completed_sales_not_loaded","instacomp_exact_market_not_completed","owned_copy_exclusion_not_proven"]	{"endpoints":["matvei_michkov_opc_platinum"],"candidateId":"ebay:v1|227110301398|0","listingItemId":"v1|227110301398|0","queryFamilyIds":["matvei-michkov-opc-platinum.rookie-autographs"],"buyingOptions":["FIXED_PRICE","BEST_OFFER"],"condition":"Ungraded","itemCreationDate":"2025-12-01T00:34:31.000Z","itemEndDate":null,"imageUrls":["https://i.ebayimg.com/images/g/O3oAAeSwMIJpLN7b/s-l225.jpg","https://i.ebayimg.com/images/g/O3oAAeSwMIJpLN7b/s-l1600.jpg"],"preliminaryScopeStatus":"DISCOVERY_SCOPE_PASS","preliminaryRisks":[]}
cand-s4-ebay-a83951976ed34922c1	dh-20260730T170046Z-7d4c2a91	4	2026-07-30T17:05:44.524826+00:00	MATVEI MICHKOV OPC PLATINUM / opc_platinum_rookie_rainbow_or_better	Matvei Michkov	opc_platinum_rookie_parallel_or_autograph	eBay	newxon		v1|227341097578|0	https://www.ebay.com/itm/227341097578?_skw=Matvei+Michkov+2024-25+O-Pee-Chee+Platinum+Rainbow+rookie&hash=item34ee95da6a%3Ag%3AyKcAAeSwMCZqAyh1	LIVE	2024-25 OPC Platinum Marquee Rookie Rainbow Matvei Michkov 264 Flyers RC 7006	{"title":"2024-25 OPC Platinum Marquee Rookie Rainbow Matvei Michkov 264 Flyers RC 7006","preliminaryScopeStatus":"DISCOVERY_SCOPE_PASS","queryFamilyIds":["matvei-michkov-opc-platinum.exact-o-pee-chee-rainbow","matvei-michkov-opc-platinum.opc-rainbow"],"preliminaryRisks":[]}	{"status":"UNVERIFIED","verification":"native-browse-title-and-marketplace-images-only","frontVerified":false,"backVerified":false}	preliminary|a83951976ed34922c1	ebay|newxon|v1|227341097578|0	https://i.ebayimg.com/images/g/yKcAAeSwMCZqAyh1/s-l225.jpg	https://i.ebayimg.com/images/g/yKcAAeSwMCZqAyh1/s-l1200.jpg	FALSE	FALSE	FALSE	FALSE	{}											UNASSESSED	[]	7.11	7.57																	INSUFFICIENT																	MANUAL REVIEW / UNPRICED	FALSE	FALSE	["exact_parallel_or_variation_not_verified","front_and_back_identity_not_verified","full_delivered_acquisition_cost_not_proven","identical_completed_sales_not_loaded","instacomp_exact_market_not_completed","owned_copy_exclusion_not_proven"]	{"endpoints":["matvei_michkov_opc_platinum"],"candidateId":"ebay:v1|227341097578|0","listingItemId":"v1|227341097578|0","queryFamilyIds":["matvei-michkov-opc-platinum.exact-o-pee-chee-rainbow","matvei-michkov-opc-platinum.opc-rainbow"],"buyingOptions":["FIXED_PRICE"],"condition":"Ungraded","itemCreationDate":"2026-05-12T13:17:42.000Z","itemEndDate":null,"imageUrls":["https://i.ebayimg.com/images/g/yKcAAeSwMCZqAyh1/s-l225.jpg","https://i.ebayimg.com/images/g/yKcAAeSwMCZqAyh1/s-l1200.jpg"],"preliminaryScopeStatus":"DISCOVERY_SCOPE_PASS","preliminaryRisks":[]}
cand-s4-ebay-7fbe1520bdbd8b9471	dh-20260730T170046Z-7d4c2a91	4	2026-07-30T17:05:44.524826+00:00	MATVEI MICHKOV OPC PLATINUM / opc_platinum_rookie_rainbow_or_better	Matvei Michkov	opc_platinum_rookie_parallel_or_autograph	eBay	comc_consignment		v1|236915009027|0	https://www.ebay.com/itm/236915009027?_skw=Matvei+Michkov+O-Pee-Chee+Platinum+rookie+autograph+auto&hash=item37293c2603%3Ag%3AO2gAAeSwk8FqSBGg	LIVE	2024 O-Pee-Chee Platinum Rookie Red Prism 1/30 Matvei Michkov #R-MM Auto RC 0hw	{"title":"2024 O-Pee-Chee Platinum Rookie Red Prism 1/30 Matvei Michkov #R-MM Auto RC 0hw","preliminaryScopeStatus":"DISCOVERY_SCOPE_PASS","queryFamilyIds":["matvei-michkov-opc-platinum.rookie-autographs"],"preliminaryRisks":[]}	{"status":"UNVERIFIED","verification":"native-browse-title-and-marketplace-images-only","frontVerified":false,"backVerified":false}	preliminary|7fbe1520bdbd8b9471	ebay|comc_consignment|v1|236915009027|0	https://i.ebayimg.com/images/g/O2gAAeSwk8FqSBGg/s-l225.jpg	https://i.ebayimg.com/images/g/O2gAAeSwk8FqSBGg/s-l960.jpg	FALSE	FALSE	FALSE	FALSE	{}											UNASSESSED	[]	856.1	4.99																	INSUFFICIENT																	MANUAL REVIEW / UNPRICED	FALSE	FALSE	["exact_parallel_or_variation_not_verified","front_and_back_identity_not_verified","full_delivered_acquisition_cost_not_proven","identical_completed_sales_not_loaded","instacomp_exact_market_not_completed","owned_copy_exclusion_not_proven"]	{"endpoints":["matvei_michkov_opc_platinum"],"candidateId":"ebay:v1|236915009027|0","listingItemId":"v1|236915009027|0","queryFamilyIds":["matvei-michkov-opc-platinum.rookie-autographs"],"buyingOptions":["FIXED_PRICE"],"condition":"Ungraded","itemCreationDate":"2026-07-03T19:41:46.000Z","itemEndDate":null,"imageUrls":["https://i.ebayimg.com/images/g/O2gAAeSwk8FqSBGg/s-l225.jpg","https://i.ebayimg.com/images/g/O2gAAeSwk8FqSBGg/s-l960.jpg"],"preliminaryScopeStatus":"DISCOVERY_SCOPE_PASS","preliminaryRisks":[]}
cand-s4-ebay-294ee3b2d9e2e2033d	dh-20260730T170046Z-7d4c2a91	4	2026-07-30T17:05:44.524826+00:00	MATVEI MICHKOV OPC PLATINUM / opc_platinum_rookie_rainbow_or_better	Matvei Michkov	opc_platinum_rookie_parallel_or_autograph	eBay	comc_consignment		v1|236922821237|0	https://www.ebay.com/itm/236922821237?_skw=Matvei+Michkov+2024-25+O-Pee-Chee+Platinum+Rainbow+rookie&hash=item3729b35a75%3Ag%3AqrEAAeSwCOdqTPNK	LIVE	2024-25 O-Pee-Chee Platinum Retro Rookies Rainbow Matvei Michkov Rookie RC 08t3	{"title":"2024-25 O-Pee-Chee Platinum Retro Rookies Rainbow Matvei Michkov Rookie RC 08t3","preliminaryScopeStatus":"DISCOVERY_SCOPE_PASS","queryFamilyIds":["matvei-michkov-opc-platinum.exact-o-pee-chee-rainbow","matvei-michkov-opc-platinum.opc-rainbow","matvei-michkov-opc-platinum.o-pee-chee-no-punctuation","matvei-michkov-opc-platinum.matvey-first-name"],"preliminaryRisks":[]}	{"status":"UNVERIFIED","verification":"native-browse-title-and-marketplace-images-only","frontVerified":false,"backVerified":false}	preliminary|294ee3b2d9e2e2033d	ebay|comc_consignment|v1|236922821237|0	https://i.ebayimg.com/images/g/qrEAAeSwCOdqTPNK/s-l225.jpg	https://i.ebayimg.com/images/g/qrEAAeSwCOdqTPNK/s-l960.jpg	FALSE	FALSE	FALSE	FALSE	{}											UNASSESSED	[]	4.56	4.99																	INSUFFICIENT																	MANUAL REVIEW / UNPRICED	FALSE	FALSE	["exact_parallel_or_variation_not_verified","front_and_back_identity_not_verified","full_delivered_acquisition_cost_not_proven","identical_completed_sales_not_loaded","instacomp_exact_market_not_completed","owned_copy_exclusion_not_proven"]	{"endpoints":["matvei_michkov_opc_platinum"],"candidateId":"ebay:v1|236922821237|0","listingItemId":"v1|236922821237|0","queryFamilyIds":["matvei-michkov-opc-platinum.exact-o-pee-chee-rainbow","matvei-michkov-opc-platinum.opc-rainbow","matvei-michkov-opc-platinum.o-pee-chee-no-punctuation","matvei-michkov-opc-platinum.matvey-first-name"],"buyingOptions":["FIXED_PRICE"],"condition":"Ungraded","itemCreationDate":"2026-07-07T12:36:32.000Z","itemEndDate":null,"imageUrls":["https://i.ebayimg.com/images/g/qrEAAeSwCOdqTPNK/s-l225.jpg","https://i.ebayimg.com/images/g/qrEAAeSwCOdqTPNK/s-l960.jpg"],"preliminaryScopeStatus":"DISCOVERY_SCOPE_PASS","preliminaryRisks":[]}
cand-s4-ebay-b22cb3dbf0b3c73967	dh-20260730T170046Z-7d4c2a91	4	2026-07-30T17:05:44.524826+00:00	MATVEI MICHKOV OPC PLATINUM / opc_platinum_rookie_rainbow_or_better	Matvei Michkov	opc_platinum_rookie_parallel_or_autograph	eBay	comc_consignment		v1|236946073907|0	https://www.ebay.com/itm/236946073907?_skw=Matvei+Michkov+2024-25+O-Pee-Chee+Platinum+Rainbow+rookie&hash=item372b162933%3Ag%3ADW8AAeSwS0BqW3bD	LIVE	2024 O-Pee-Chee Platinum Retro Rainbow Matvei Michkov #R92 Rookie RC READ 0r0m	{"title":"2024 O-Pee-Chee Platinum Retro Rainbow Matvei Michkov #R92 Rookie RC READ 0r0m","preliminaryScopeStatus":"DISCOVERY_SCOPE_PASS","queryFamilyIds":["matvei-michkov-opc-platinum.exact-o-pee-chee-rainbow","matvei-michkov-opc-platinum.o-pee-chee-no-punctuation","matvei-michkov-opc-platinum.matvey-first-name"],"preliminaryRisks":[]}	{"status":"UNVERIFIED","verification":"native-browse-title-and-marketplace-images-only","frontVerified":false,"backVerified":false}	preliminary|b22cb3dbf0b3c73967	ebay|comc_consignment|v1|236946073907|0	https://i.ebayimg.com/images/g/DW8AAeSwS0BqW3bD/s-l225.jpg	https://i.ebayimg.com/images/g/DW8AAeSwS0BqW3bD/s-l960.jpg	FALSE	FALSE	FALSE	FALSE	{}											UNASSESSED	[]	5.43	4.99																	INSUFFICIENT																	MANUAL REVIEW / UNPRICED	FALSE	FALSE	["exact_parallel_or_variation_not_verified","front_and_back_identity_not_verified","full_delivered_acquisition_cost_not_proven","identical_completed_sales_not_loaded","instacomp_exact_market_not_completed","owned_copy_exclusion_not_proven"]	{"endpoints":["matvei_michkov_opc_platinum"],"candidateId":"ebay:v1|236946073907|0","listingItemId":"v1|236946073907|0","queryFamilyIds":["matvei-michkov-opc-platinum.exact-o-pee-chee-rainbow","matvei-michkov-opc-platinum.o-pee-chee-no-punctuation","matvei-michkov-opc-platinum.matvey-first-name"],"buyingOptions":["FIXED_PRICE"],"condition":"Ungraded","itemCreationDate":"2026-07-18T12:48:11.000Z","itemEndDate":null,"imageUrls":["https://i.ebayimg.com/images/g/DW8AAeSwS0BqW3bD/s-l225.jpg","https://i.ebayimg.com/images/g/DW8AAeSwS0BqW3bD/s-l960.jpg"],"preliminaryScopeStatus":"DISCOVERY_SCOPE_PASS","preliminaryRisks":[]}
cand-s4-ebay-404f427d2a50f705c8	dh-20260730T170046Z-7d4c2a91	4	2026-07-30T17:05:44.524826+00:00	MATVEI MICHKOV OPC PLATINUM / opc_platinum_rookie_rainbow_or_better	Matvei Michkov	opc_platinum_rookie_parallel_or_autograph	eBay	comc_consignment		v1|236946089175|0	https://www.ebay.com/itm/236946089175?_skw=Matvei+Michkov+2024-25+O-Pee-Chee+Platinum+Rainbow+rookie&hash=item372b1664d7%3Ag%3AcmsAAeSw1vZqW3h8	LIVE	2024-25 O-Pee-Chee Platinum Rainbow Matvei Michkov #264 Rookie RC READ l7p	{"title":"2024-25 O-Pee-Chee Platinum Rainbow Matvei Michkov #264 Rookie RC READ l7p","preliminaryScopeStatus":"DISCOVERY_SCOPE_PASS","queryFamilyIds":["matvei-michkov-opc-platinum.exact-o-pee-chee-rainbow","matvei-michkov-opc-platinum.o-pee-chee-no-punctuation"],"preliminaryRisks":[]}	{"status":"UNVERIFIED","verification":"native-browse-title-and-marketplace-images-only","frontVerified":false,"backVerified":false}	preliminary|404f427d2a50f705c8	ebay|comc_consignment|v1|236946089175|0	https://i.ebayimg.com/images/g/cmsAAeSw1vZqW3h8/s-l225.jpg	https://i.ebayimg.com/images/g/cmsAAeSw1vZqW3h8/s-l960.jpg	FALSE	FALSE	FALSE	FALSE	{}											UNASSESSED	[]	4.05	4.99																	INSUFFICIENT																	MANUAL REVIEW / UNPRICED	FALSE	FALSE	["exact_parallel_or_variation_not_verified","front_and_back_identity_not_verified","full_delivered_acquisition_cost_not_proven","identical_completed_sales_not_loaded","instacomp_exact_market_not_completed","owned_copy_exclusion_not_proven"]	{"endpoints":["matvei_michkov_opc_platinum"],"candidateId":"ebay:v1|236946089175|0","listingItemId":"v1|236946089175|0","queryFamilyIds":["matvei-michkov-opc-platinum.exact-o-pee-chee-rainbow","matvei-michkov-opc-platinum.o-pee-chee-no-punctuation"],"buyingOptions":["FIXED_PRICE"],"condition":"Ungraded","itemCreationDate":"2026-07-18T12:55:33.000Z","itemEndDate":null,"imageUrls":["https://i.ebayimg.com/images/g/cmsAAeSw1vZqW3h8/s-l225.jpg","https://i.ebayimg.com/images/g/cmsAAeSw1vZqW3h8/s-l960.jpg"],"preliminaryScopeStatus":"DISCOVERY_SCOPE_PASS","preliminaryRisks":[]}
cand-s4-ebay-bb3b2e747d7f44423a	dh-20260730T170046Z-7d4c2a91	4	2026-07-30T17:05:44.524826+00:00	MATVEI MICHKOV OPC PLATINUM / opc_platinum_rookie_rainbow_or_better	Matvei Michkov	opc_platinum_rookie_parallel_or_autograph	eBay	comc_consignment		v1|236956378982|0	https://www.ebay.com/itm/236956378982?_skw=Matvei+Michkov+2024-25+O-Pee-Chee+Platinum+Rainbow+rookie&hash=item372bb36766%3Ag%3ActYAAeSwUr5qYS8b	LIVE	2024 O-Pee-Chee Platinum Rainbow Color Wheel Matvei Michkov Rookie RC READ 0il7	{"title":"2024 O-Pee-Chee Platinum Rainbow Color Wheel Matvei Michkov Rookie RC READ 0il7","preliminaryScopeStatus":"DISCOVERY_SCOPE_PASS","queryFamilyIds":["matvei-michkov-opc-platinum.exact-o-pee-chee-rainbow","matvei-michkov-opc-platinum.opc-rainbow","matvei-michkov-opc-platinum.o-pee-chee-no-punctuation","matvei-michkov-opc-platinum.matvey-first-name"],"preliminaryRisks":[]}	{"status":"UNVERIFIED","verification":"native-browse-title-and-marketplace-images-only","frontVerified":false,"backVerified":false}	preliminary|bb3b2e747d7f44423a	ebay|comc_consignment|v1|236956378982|0	https://i.ebayimg.com/images/g/ctYAAeSwUr5qYS8b/s-l225.jpg	https://i.ebayimg.com/images/g/ctYAAeSwUr5qYS8b/s-l960.jpg	FALSE	FALSE	FALSE	FALSE	{}											UNASSESSED	[]	5.02	4.99																	INSUFFICIENT																	MANUAL REVIEW / UNPRICED	FALSE	FALSE	["exact_parallel_or_variation_not_verified","front_and_back_identity_not_verified","full_delivered_acquisition_cost_not_proven","identical_completed_sales_not_loaded","instacomp_exact_market_not_completed","owned_copy_exclusion_not_proven"]	{"endpoints":["matvei_michkov_opc_platinum"],"candidateId":"ebay:v1|236956378982|0","listingItemId":"v1|236956378982|0","queryFamilyIds":["matvei-michkov-opc-platinum.exact-o-pee-chee-rainbow","matvei-michkov-opc-platinum.opc-rainbow","matvei-michkov-opc-platinum.o-pee-chee-no-punctuation","matvei-michkov-opc-platinum.matvey-first-name"],"buyingOptions":["FIXED_PRICE"],"condition":"Ungraded","itemCreationDate":"2026-07-22T20:57:03.000Z","itemEndDate":null,"imageUrls":["https://i.ebayimg.com/images/g/ctYAAeSwUr5qYS8b/s-l225.jpg","https://i.ebayimg.com/images/g/ctYAAeSwUr5qYS8b/s-l960.jpg"],"preliminaryScopeStatus":"DISCOVERY_SCOPE_PASS","preliminaryRisks":[]}
cand-s4-ebay-1ee4e607051c8fe0fb	dh-20260730T170046Z-7d4c2a91	4	2026-07-30T17:05:44.524826+00:00	MATVEI MICHKOV OPC PLATINUM / opc_platinum_rookie_rainbow_or_better	Matvei Michkov	opc_platinum_rookie_parallel_or_autograph	eBay	mark.kersten		v1|257031988276|0	https://www.ebay.com/itm/257031988276?_skw=Matvei+Michkov+2024-25+OPC+Platinum+Rainbow+rookie&hash=item3bd84ce434%3Ag%3A%7EvwAAeSwNo1ogYwQ	LIVE	2024-25 OPC Platinum Matvei Michkov Marquee Rookie, Marquee  Rookie Showmanship	{"title":"2024-25 OPC Platinum Matvei Michkov Marquee Rookie, Marquee  Rookie Showmanship ","preliminaryScopeStatus":"IMAGE_OR_IDENTITY_REVIEW_REQUIRED","queryFamilyIds":["matvei-michkov-opc-platinum.opc-rainbow"],"preliminaryRisks":["rainbow_or_better_not_proven_from_title_verify_images"]}	{"status":"UNVERIFIED","verification":"native-browse-title-and-marketplace-images-only","frontVerified":false,"backVerified":false}	preliminary|1ee4e607051c8fe0fb	ebay|mark.kersten|v1|257031988276|0	https://i.ebayimg.com/images/g/~vwAAeSwNo1ogYwQ/s-l225.jpg	https://i.ebayimg.com/images/g/~vwAAeSwNo1ogYwQ/s-l1600.jpg	FALSE	FALSE	FALSE	FALSE	{}											UNASSESSED	["rainbow_or_better_not_proven_from_title_verify_images"]	24.92	10.68																	INSUFFICIENT																	MANUAL REVIEW / UNPRICED	FALSE	FALSE	["exact_parallel_or_variation_not_verified","front_and_back_identity_not_verified","full_delivered_acquisition_cost_not_proven","identical_completed_sales_not_loaded","instacomp_exact_market_not_completed","owned_copy_exclusion_not_proven","rainbow_or_better_not_proven_from_title_verify_images"]	{"endpoints":["matvei_michkov_opc_platinum"],"candidateId":"ebay:v1|257031988276|0","listingItemId":"v1|257031988276|0","queryFamilyIds":["matvei-michkov-opc-platinum.opc-rainbow"],"buyingOptions":["FIXED_PRICE","BEST_OFFER"],"condition":"Ungraded","itemCreationDate":"2025-07-24T01:29:01.000Z","itemEndDate":null,"imageUrls":["https://i.ebayimg.com/images/g/~vwAAeSwNo1ogYwQ/s-l225.jpg","https://i.ebayimg.com/images/g/~vwAAeSwNo1ogYwQ/s-l1600.jpg"],"preliminaryScopeStatus":"IMAGE_OR_IDENTITY_REVIEW_REQUIRED","preliminaryRisks":["rainbow_or_better_not_proven_from_title_verify_images"]}
cand-s4-ebay-5ef1e52d8f63d616d4	dh-20260730T170046Z-7d4c2a91	4	2026-07-30T17:05:44.524826+00:00	MATVEI MICHKOV OPC PLATINUM / opc_platinum_rookie_rainbow_or_better	Matvei Michkov	opc_platinum_rookie_parallel_or_autograph	eBay	comc_consignment		v1|257618405158|0	https://www.ebay.com/itm/257618405158?_skw=Matvei+Michkov+2024-25+O-Pee-Chee+Platinum+Rainbow+rookie&hash=item3bfb40e726%3Ag%3ACBoAAeSwQBhqU7UJ	LIVE	2024-25 O-Pee-Chee Platinum Rainbow Matvei Michkov #264 Rookie RC READ 8tn	{"title":"2024-25 O-Pee-Chee Platinum Rainbow Matvei Michkov #264 Rookie RC READ 8tn","preliminaryScopeStatus":"DISCOVERY_SCOPE_PASS","queryFamilyIds":["matvei-michkov-opc-platinum.exact-o-pee-chee-rainbow","matvei-michkov-opc-platinum.o-pee-chee-no-punctuation","matvei-michkov-opc-platinum.matvey-first-name"],"preliminaryRisks":[]}	{"status":"UNVERIFIED","verification":"native-browse-title-and-marketplace-images-only","frontVerified":false,"backVerified":false}	preliminary|5ef1e52d8f63d616d4	ebay|comc_consignment|v1|257618405158|0	https://i.ebayimg.com/images/g/CBoAAeSwQBhqU7UJ/s-l225.jpg	https://i.ebayimg.com/images/g/CBoAAeSwQBhqU7UJ/s-l960.jpg	FALSE	FALSE	FALSE	FALSE	{}											UNASSESSED	[]	4.83	4.99																	INSUFFICIENT																	MANUAL REVIEW / UNPRICED	FALSE	FALSE	["exact_parallel_or_variation_not_verified","front_and_back_identity_not_verified","full_delivered_acquisition_cost_not_proven","identical_completed_sales_not_loaded","instacomp_exact_market_not_completed","owned_copy_exclusion_not_proven"]	{"endpoints":["matvei_michkov_opc_platinum"],"candidateId":"ebay:v1|257618405158|0","listingItemId":"v1|257618405158|0","queryFamilyIds":["matvei-michkov-opc-platinum.exact-o-pee-chee-rainbow","matvei-michkov-opc-platinum.o-pee-chee-no-punctuation","matvei-michkov-opc-platinum.matvey-first-name"],"buyingOptions":["FIXED_PRICE"],"condition":"Ungraded","itemCreationDate":"2026-07-12T15:35:41.000Z","itemEndDate":null,"imageUrls":["https://i.ebayimg.com/images/g/CBoAAeSwQBhqU7UJ/s-l225.jpg","https://i.ebayimg.com/images/g/CBoAAeSwQBhqU7UJ/s-l960.jpg"],"preliminaryScopeStatus":"DISCOVERY_SCOPE_PASS","preliminaryRisks":[]}
cand-s4-ebay-b970e5cfa7d7a02497	dh-20260730T170046Z-7d4c2a91	4	2026-07-30T17:05:44.524826+00:00	MATVEI MICHKOV OPC PLATINUM / opc_platinum_rookie_rainbow_or_better	Matvei Michkov	opc_platinum_rookie_parallel_or_autograph	eBay	comc_consignment		v1|257628439669|0	https://www.ebay.com/itm/257628439669?_skw=Matvey+Michkov+OPC+Platinum+Rainbow+rookie&hash=item3bfbda0475%3Ag%3A%7EoMAAeSwGjJqW9ON	LIVE	2024 O-Pee-Chee Platinum Retro Rookies Rainbow Matvei Michkov Rookie RC READ 9jn	{"title":"2024 O-Pee-Chee Platinum Retro Rookies Rainbow Matvei Michkov Rookie RC READ 9jn","preliminaryScopeStatus":"DISCOVERY_SCOPE_PASS","queryFamilyIds":["matvei-michkov-opc-platinum.matvey-first-name"],"preliminaryRisks":[]}	{"status":"UNVERIFIED","verification":"native-browse-title-and-marketplace-images-only","frontVerified":false,"backVerified":false}	preliminary|b970e5cfa7d7a02497	ebay|comc_consignment|v1|257628439669|0	https://i.ebayimg.com/images/g/~oMAAeSwGjJqW9ON/s-l225.jpg	https://i.ebayimg.com/images/g/~oMAAeSwGjJqW9ON/s-l960.jpg	FALSE	FALSE	FALSE	FALSE	{}											UNASSESSED	[]	6	4.99																	INSUFFICIENT																	MANUAL REVIEW / UNPRICED	FALSE	FALSE	["exact_parallel_or_variation_not_verified","front_and_back_identity_not_verified","full_delivered_acquisition_cost_not_proven","identical_completed_sales_not_loaded","instacomp_exact_market_not_completed","owned_copy_exclusion_not_proven"]	{"endpoints":["matvei_michkov_opc_platinum"],"candidateId":"ebay:v1|257628439669|0","listingItemId":"v1|257628439669|0","queryFamilyIds":["matvei-michkov-opc-platinum.matvey-first-name"],"buyingOptions":["FIXED_PRICE"],"condition":"Ungraded","itemCreationDate":"2026-07-18T19:24:10.000Z","itemEndDate":null,"imageUrls":["https://i.ebayimg.com/images/g/~oMAAeSwGjJqW9ON/s-l225.jpg","https://i.ebayimg.com/images/g/~oMAAeSwGjJqW9ON/s-l960.jpg"],"preliminaryScopeStatus":"DISCOVERY_SCOPE_PASS","preliminaryRisks":[]}
cand-s4-ebay-0d6c8059c76ea3b70d	dh-20260730T170046Z-7d4c2a91	4	2026-07-30T17:05:44.524826+00:00	MATVEI MICHKOV OPC PLATINUM / opc_platinum_rookie_rainbow_or_better	Matvei Michkov	opc_platinum_rookie_parallel_or_autograph	eBay	lucianovinci7		v1|277816837429|0	https://www.ebay.com/itm/277816837429?_skw=Matvei+Michkov+2024-25+O-Pee-Chee+Platinum+Rainbow+rookie&hash=item40af2c8535%3Ag%3AkOIAAeSwIO1pu-1p	LIVE	Matvei Michkov 2024-25 O-Pee-Chee Platinum Marquee Rookie Rainbow #264 Flyers	{"title":"Matvei Michkov 2024-25 O-Pee-Chee Platinum Marquee Rookie Rainbow #264 Flyers","preliminaryScopeStatus":"DISCOVERY_SCOPE_PASS","queryFamilyIds":["matvei-michkov-opc-platinum.exact-o-pee-chee-rainbow","matvei-michkov-opc-platinum.opc-rainbow","matvei-michkov-opc-platinum.o-pee-chee-no-punctuation","matvei-michkov-opc-platinum.matvey-first-name"],"preliminaryRisks":[]}	{"status":"UNVERIFIED","verification":"native-browse-title-and-marketplace-images-only","frontVerified":false,"backVerified":false}	preliminary|0d6c8059c76ea3b70d	ebay|lucianovinci7|v1|277816837429|0	https://i.ebayimg.com/images/g/kOIAAeSwIO1pu-1p/s-l225.jpg	https://i.ebayimg.com/images/g/kOIAAeSwIO1pu-1p/s-l1600.jpg	FALSE	FALSE	FALSE	FALSE	{}											UNASSESSED	[]	10	1.5																	INSUFFICIENT																	MANUAL REVIEW / UNPRICED	FALSE	FALSE	["exact_parallel_or_variation_not_verified","front_and_back_identity_not_verified","full_delivered_acquisition_cost_not_proven","identical_completed_sales_not_loaded","instacomp_exact_market_not_completed","owned_copy_exclusion_not_proven"]	{"endpoints":["matvei_michkov_opc_platinum"],"candidateId":"ebay:v1|277816837429|0","listingItemId":"v1|277816837429|0","queryFamilyIds":["matvei-michkov-opc-platinum.exact-o-pee-chee-rainbow","matvei-michkov-opc-platinum.opc-rainbow","matvei-michkov-opc-platinum.o-pee-chee-no-punctuation","matvei-michkov-opc-platinum.matvey-first-name"],"buyingOptions":["FIXED_PRICE","BEST_OFFER"],"condition":"Ungraded","itemCreationDate":"2026-03-19T12:35:13.000Z","itemEndDate":null,"imageUrls":["https://i.ebayimg.com/images/g/kOIAAeSwIO1pu-1p/s-l225.jpg","https://i.ebayimg.com/images/g/kOIAAeSwIO1pu-1p/s-l1600.jpg"],"preliminaryScopeStatus":"DISCOVERY_SCOPE_PASS","preliminaryRisks":[]}
cand-s4-ebay-a698d066ab0f1e95b8	dh-20260730T170046Z-7d4c2a91	4	2026-07-30T17:05:44.524826+00:00	MATVEI MICHKOV OPC PLATINUM / opc_platinum_rookie_rainbow_or_better	Matvei Michkov	opc_platinum_rookie_parallel_or_autograph	eBay	lorenzmancin2		v1|286717752088|0	https://www.ebay.com/itm/286717752088?_skw=Matvei+Michkov+O-Pee-Chee+Platinum+rookie+autograph+auto&hash=item42c1b5b318%3Ag%3AH3sAAeSwHp5oe9uF	LIVE	Matvei Michkov Pink Magma Rookie Auto SP 2024-25 O-Pee-Chee Platinum	{"title":"Matvei Michkov Pink Magma Rookie Auto SP 2024-25 O-Pee-Chee Platinum","preliminaryScopeStatus":"DISCOVERY_SCOPE_PASS","queryFamilyIds":["matvei-michkov-opc-platinum.rookie-autographs"],"preliminaryRisks":[]}	{"status":"UNVERIFIED","verification":"native-browse-title-and-marketplace-images-only","frontVerified":false,"backVerified":false}	preliminary|a698d066ab0f1e95b8	ebay|lorenzmancin2|v1|286717752088|0	https://i.ebayimg.com/images/g/H3sAAeSwHp5oe9uF/s-l225.jpg	https://i.ebayimg.com/images/g/H3sAAeSwHp5oe9uF/s-l1600.jpg	FALSE	FALSE	FALSE	FALSE	{}											UNASSESSED	[]	1138.32	14.23																	INSUFFICIENT																	MANUAL REVIEW / UNPRICED	FALSE	FALSE	["exact_parallel_or_variation_not_verified","front_and_back_identity_not_verified","full_delivered_acquisition_cost_not_proven","identical_completed_sales_not_loaded","instacomp_exact_market_not_completed","owned_copy_exclusion_not_proven"]	{"endpoints":["matvei_michkov_opc_platinum"],"candidateId":"ebay:v1|286717752088|0","listingItemId":"v1|286717752088|0","queryFamilyIds":["matvei-michkov-opc-platinum.rookie-autographs"],"buyingOptions":["FIXED_PRICE","BEST_OFFER"],"condition":"Ungraded","itemCreationDate":"2025-07-19T18:02:23.000Z","itemEndDate":null,"imageUrls":["https://i.ebayimg.com/images/g/H3sAAeSwHp5oe9uF/s-l225.jpg","https://i.ebayimg.com/images/g/H3sAAeSwHp5oe9uF/s-l1600.jpg"],"preliminaryScopeStatus":"DISCOVERY_SCOPE_PASS","preliminaryRisks":[]}
cand-s4-ebay-7aeef810e490611572	dh-20260730T170046Z-7d4c2a91	4	2026-07-30T17:05:44.524826+00:00	MATVEI MICHKOV OPC PLATINUM / opc_platinum_rookie_rainbow_or_better	Matvei Michkov	opc_platinum_rookie_parallel_or_autograph	eBay	johnnyhockey1976		v1|287196448337|0	https://www.ebay.com/itm/287196448337?_skw=Matvei+Michkov+2024-25+O-Pee-Chee+Platinum+Rainbow+rookie&hash=item42de3e0651%3Ag%3AQNAAAeSwPxdpb8KA	LIVE	2024 O-PEE-CHEE PLATINUM #264 MATVEI MICHKOV RC MARQUEE ROOKIE ROOKIE	{"title":"2024 O-PEE-CHEE PLATINUM #264 MATVEI MICHKOV RC MARQUEE ROOKIE ROOKIE","preliminaryScopeStatus":"IMAGE_OR_IDENTITY_REVIEW_REQUIRED","queryFamilyIds":["matvei-michkov-opc-platinum.exact-o-pee-chee-rainbow","matvei-michkov-opc-platinum.opc-rainbow","matvei-michkov-opc-platinum.o-pee-chee-no-punctuation","matvei-michkov-opc-platinum.matvey-first-name"],"preliminaryRisks":["rainbow_or_better_not_proven_from_title_verify_images"]}	{"status":"UNVERIFIED","verification":"native-browse-title-and-marketplace-images-only","frontVerified":false,"backVerified":false}	preliminary|7aeef810e490611572	ebay|johnnyhockey1976|v1|287196448337|0	https://i.ebayimg.com/images/g/QNAAAeSwPxdpb8KA/s-l225.jpg	https://i.ebayimg.com/images/g/QNAAAeSwPxdpb8KA/s-l1600.jpg	FALSE	FALSE	FALSE	FALSE	{}											UNASSESSED	["rainbow_or_better_not_proven_from_title_verify_images"]	3.75																		INSUFFICIENT																	MANUAL REVIEW / UNPRICED	FALSE	FALSE	["exact_parallel_or_variation_not_verified","front_and_back_identity_not_verified","full_delivered_acquisition_cost_not_proven","identical_completed_sales_not_loaded","instacomp_exact_market_not_completed","owned_copy_exclusion_not_proven","rainbow_or_better_not_proven_from_title_verify_images"]	{"endpoints":["matvei_michkov_opc_platinum"],"candidateId":"ebay:v1|287196448337|0","listingItemId":"v1|287196448337|0","queryFamilyIds":["matvei-michkov-opc-platinum.exact-o-pee-chee-rainbow","matvei-michkov-opc-platinum.opc-rainbow","matvei-michkov-opc-platinum.o-pee-chee-no-punctuation","matvei-michkov-opc-platinum.matvey-first-name"],"buyingOptions":["FIXED_PRICE"],"condition":"Ungraded","itemCreationDate":"2026-03-12T03:02:40.000Z","itemEndDate":null,"imageUrls":["https://i.ebayimg.com/images/g/QNAAAeSwPxdpb8KA/s-l225.jpg","https://i.ebayimg.com/images/g/QNAAAeSwPxdpb8KA/s-l1600.jpg"],"preliminaryScopeStatus":"IMAGE_OR_IDENTITY_REVIEW_REQUIRED","preliminaryRisks":["rainbow_or_better_not_proven_from_title_verify_images"]}
cand-s4-ebay-74618d25feb3902d90	dh-20260730T170046Z-7d4c2a91	4	2026-07-30T17:05:44.524826+00:00	MATVEI MICHKOV OPC PLATINUM / opc_platinum_rookie_rainbow_or_better	Matvei Michkov	opc_platinum_rookie_parallel_or_autograph	eBay	joeshillings		v1|287485450395|0	https://www.ebay.com/itm/287485450395?_skw=Matvei+Michkov+2024-25+O-Pee-Chee+Platinum+Rainbow+rookie&hash=item42ef77d89b%3Ag%3AcRAAAeSw-jdqZjhG	LIVE	2024-25 O-Pee-Chee Platinum Retro Rookies Matvei Michkov #R92 Rainbow (RC)	{"title":"2024-25 O-Pee-Chee Platinum Retro Rookies Matvei Michkov #R92 Rainbow (RC)","preliminaryScopeStatus":"DISCOVERY_SCOPE_PASS","queryFamilyIds":["matvei-michkov-opc-platinum.exact-o-pee-chee-rainbow","matvei-michkov-opc-platinum.opc-rainbow","matvei-michkov-opc-platinum.o-pee-chee-no-punctuation","matvei-michkov-opc-platinum.matvey-first-name"],"preliminaryRisks":[]}	{"status":"UNVERIFIED","verification":"native-browse-title-and-marketplace-images-only","frontVerified":false,"backVerified":false}	preliminary|74618d25feb3902d90	ebay|joeshillings|v1|287485450395|0	https://i.ebayimg.com/images/g/cRAAAeSw-jdqZjhG/s-l225.jpg	https://i.ebayimg.com/images/g/cRAAAeSw-jdqZjhG/s-l1600.jpg	FALSE	FALSE	FALSE	FALSE	{}											UNASSESSED	[]	10																		INSUFFICIENT																	MANUAL REVIEW / UNPRICED	FALSE	FALSE	["exact_parallel_or_variation_not_verified","front_and_back_identity_not_verified","full_delivered_acquisition_cost_not_proven","identical_completed_sales_not_loaded","instacomp_exact_market_not_completed","owned_copy_exclusion_not_proven"]	{"endpoints":["matvei_michkov_opc_platinum"],"candidateId":"ebay:v1|287485450395|0","listingItemId":"v1|287485450395|0","queryFamilyIds":["matvei-michkov-opc-platinum.exact-o-pee-chee-rainbow","matvei-michkov-opc-platinum.opc-rainbow","matvei-michkov-opc-platinum.o-pee-chee-no-punctuation","matvei-michkov-opc-platinum.matvey-first-name"],"buyingOptions":["FIXED_PRICE","BEST_OFFER"],"condition":"Ungraded","itemCreationDate":"2026-07-26T16:40:43.000Z","itemEndDate":null,"imageUrls":["https://i.ebayimg.com/images/g/cRAAAeSw-jdqZjhG/s-l225.jpg","https://i.ebayimg.com/images/g/cRAAAeSw-jdqZjhG/s-l1600.jpg"],"preliminaryScopeStatus":"DISCOVERY_SCOPE_PASS","preliminaryRisks":[]}
cand-s4-ebay-2a4a3798fcaaa20ab0	dh-20260730T170046Z-7d4c2a91	4	2026-07-30T17:05:44.524826+00:00	MATVEI MICHKOV OPC PLATINUM / opc_platinum_rookie_rainbow_or_better	Matvei Michkov	opc_platinum_rookie_parallel_or_autograph	eBay	psa		v1|298545038736|0	https://www.ebay.com/itm/298545038736?_skw=Matvei+Michkov+O-Pee-Chee+Platinum+rookie+autograph+auto&hash=item4582abc590%3Ag%3A8AgAAeSwgWRpXoER	LIVE	2024 UD O-PEE-CHEE PLATINUM ROOKIE AUTOS SEISMIC GOLD MATVEI MICHKOV 18/25 PSA 9	{"title":"2024 UD O-PEE-CHEE PLATINUM ROOKIE AUTOS SEISMIC GOLD MATVEI MICHKOV 18/25 PSA 9","preliminaryScopeStatus":"DISCOVERY_SCOPE_PASS","queryFamilyIds":["matvei-michkov-opc-platinum.rookie-autographs"],"preliminaryRisks":[]}	{"status":"UNVERIFIED","verification":"native-browse-title-and-marketplace-images-only","frontVerified":false,"backVerified":false}	preliminary|2a4a3798fcaaa20ab0	ebay|psa|v1|298545038736|0	https://i.ebayimg.com/images/g/8AgAAeSwgWRpXoER/s-l225.jpg	https://i.ebayimg.com/images/g/8AgAAeSwgWRpXoER/s-l1600.jpg	FALSE	FALSE	FALSE	FALSE	{}											UNASSESSED	[]	1000	5.99																	INSUFFICIENT																	MANUAL REVIEW / UNPRICED	FALSE	FALSE	["exact_parallel_or_variation_not_verified","front_and_back_identity_not_verified","full_delivered_acquisition_cost_not_proven","identical_completed_sales_not_loaded","instacomp_exact_market_not_completed","owned_copy_exclusion_not_proven"]	{"endpoints":["matvei_michkov_opc_platinum"],"candidateId":"ebay:v1|298545038736|0","listingItemId":"v1|298545038736|0","queryFamilyIds":["matvei-michkov-opc-platinum.rookie-autographs"],"buyingOptions":["FIXED_PRICE"],"condition":"Graded","itemCreationDate":"2026-07-30T14:32:37.000Z","itemEndDate":null,"imageUrls":["https://i.ebayimg.com/images/g/8AgAAeSwgWRpXoER/s-l225.jpg","https://i.ebayimg.com/images/g/8AgAAeSwgWRpXoER/s-l1600.jpg"],"preliminaryScopeStatus":"DISCOVERY_SCOPE_PASS","preliminaryRisks":[]}
cand-s4-ebay-99832afc27e79772a4	dh-20260730T170046Z-7d4c2a91	4	2026-07-30T17:05:44.524826+00:00	MATVEI MICHKOV OPC PLATINUM / opc_platinum_rookie_rainbow_or_better	Matvei Michkov	opc_platinum_rookie_parallel_or_autograph	eBay	vancitytr-85		v1|306933531830|0	https://www.ebay.com/itm/306933531830?_skw=Matvei+Michkov+2024-25+OPC+Platinum+Rainbow+rookie&hash=item4776aa04b6%3Ag%3AKocAAeSwpZhqArGz	LIVE	2024-25 O-Pee-Chee Platinum #264 Matvei Michkov Rookie Rainbow 🌈 Mint	{"title":"2024-25 O-Pee-Chee Platinum #264 Matvei Michkov Rookie Rainbow 🌈 Mint","preliminaryScopeStatus":"DISCOVERY_SCOPE_PASS","queryFamilyIds":["matvei-michkov-opc-platinum.opc-rainbow","matvei-michkov-opc-platinum.o-pee-chee-no-punctuation"],"preliminaryRisks":[]}	{"status":"UNVERIFIED","verification":"native-browse-title-and-marketplace-images-only","frontVerified":false,"backVerified":false}	preliminary|99832afc27e79772a4	ebay|vancitytr-85|v1|306933531830|0	https://i.ebayimg.com/images/g/KocAAeSwpZhqArGz/s-l225.jpg	https://i.ebayimg.com/images/g/KocAAeSwpZhqArGz/s-l1600.jpg	FALSE	FALSE	FALSE	FALSE	{}											UNASSESSED	[]	9.97	5.66																	INSUFFICIENT																	MANUAL REVIEW / UNPRICED	FALSE	FALSE	["exact_parallel_or_variation_not_verified","front_and_back_identity_not_verified","full_delivered_acquisition_cost_not_proven","identical_completed_sales_not_loaded","instacomp_exact_market_not_completed","owned_copy_exclusion_not_proven"]	{"endpoints":["matvei_michkov_opc_platinum"],"candidateId":"ebay:v1|306933531830|0","listingItemId":"v1|306933531830|0","queryFamilyIds":["matvei-michkov-opc-platinum.opc-rainbow","matvei-michkov-opc-platinum.o-pee-chee-no-punctuation"],"buyingOptions":["FIXED_PRICE","BEST_OFFER"],"condition":"Ungraded","itemCreationDate":"2026-05-12T04:51:32.000Z","itemEndDate":null,"imageUrls":["https://i.ebayimg.com/images/g/KocAAeSwpZhqArGz/s-l225.jpg","https://i.ebayimg.com/images/g/KocAAeSwpZhqArGz/s-l1600.jpg"],"preliminaryScopeStatus":"DISCOVERY_SCOPE_PASS","preliminaryRisks":[]}
cand-s4-ebay-d7ed28f5dd6c3a28f6	dh-20260730T170046Z-7d4c2a91	4	2026-07-30T17:05:44.524826+00:00	MATVEI MICHKOV OPC PLATINUM / opc_platinum_rookie_rainbow_or_better	Matvei Michkov	opc_platinum_rookie_parallel_or_autograph	eBay	sulleycollects		v1|318010432611|0	https://www.ebay.com/itm/318010432611?_skw=Matvei+Michkov+2024-25+O-Pee-Chee+Platinum+Rainbow+rookie&hash=item4a0ae61c63%3Ag%3APuYAAeSwezhpt1Eo	LIVE	2024-25 O-Pee-Chee Platinum Rainbow Rookie Matvei Michkov #R92 Flyers Retro	{"title":"2024-25 O-Pee-Chee Platinum Rainbow Rookie Matvei Michkov #R92 Flyers Retro","preliminaryScopeStatus":"DISCOVERY_SCOPE_PASS","queryFamilyIds":["matvei-michkov-opc-platinum.exact-o-pee-chee-rainbow","matvei-michkov-opc-platinum.opc-rainbow","matvei-michkov-opc-platinum.o-pee-chee-no-punctuation","matvei-michkov-opc-platinum.matvey-first-name"],"preliminaryRisks":[]}	{"status":"UNVERIFIED","verification":"native-browse-title-and-marketplace-images-only","frontVerified":false,"backVerified":false}	preliminary|d7ed28f5dd6c3a28f6	ebay|sulleycollects|v1|318010432611|0	https://i.ebayimg.com/images/g/PuYAAeSwezhpt1Eo/s-l225.jpg	https://i.ebayimg.com/images/g/PuYAAeSwezhpt1Eo/s-l1600.jpg	FALSE	FALSE	FALSE	FALSE	{}											UNASSESSED	[]	6.71																		INSUFFICIENT																	MANUAL REVIEW / UNPRICED	FALSE	FALSE	["exact_parallel_or_variation_not_verified","front_and_back_identity_not_verified","full_delivered_acquisition_cost_not_proven","identical_completed_sales_not_loaded","instacomp_exact_market_not_completed","owned_copy_exclusion_not_proven"]	{"endpoints":["matvei_michkov_opc_platinum"],"candidateId":"ebay:v1|318010432611|0","listingItemId":"v1|318010432611|0","queryFamilyIds":["matvei-michkov-opc-platinum.exact-o-pee-chee-rainbow","matvei-michkov-opc-platinum.opc-rainbow","matvei-michkov-opc-platinum.o-pee-chee-no-punctuation","matvei-michkov-opc-platinum.matvey-first-name"],"buyingOptions":["FIXED_PRICE","BEST_OFFER"],"condition":"Ungraded","itemCreationDate":"2026-03-16T00:40:18.000Z","itemEndDate":null,"imageUrls":["https://i.ebayimg.com/images/g/PuYAAeSwezhpt1Eo/s-l225.jpg","https://i.ebayimg.com/images/g/PuYAAeSwezhpt1Eo/s-l1600.jpg"],"preliminaryScopeStatus":"DISCOVERY_SCOPE_PASS","preliminaryRisks":[]}
cand-s4-ebay-4dc57ad0a2971d333a	dh-20260730T170046Z-7d4c2a91	4	2026-07-30T17:05:44.524826+00:00	MATVEI MICHKOV OPC PLATINUM / opc_platinum_rookie_rainbow_or_better	Matvei Michkov	opc_platinum_rookie_parallel_or_autograph	eBay	sulleycollects		v1|318406257341|0	https://www.ebay.com/itm/318406257341?_skw=Matvei+Michkov+2024-25+O-Pee-Chee+Platinum+Rainbow+rookie&hash=item4a227deabd%3Ag%3A4yoAAeSwS89qH29S	LIVE	Matvei Michkov 2024-25 O-Pee-Chee Platinum Marquee Rookie Rainbow #264 Flyers	{"title":"Matvei Michkov 2024-25 O-Pee-Chee Platinum Marquee Rookie Rainbow #264 Flyers","preliminaryScopeStatus":"DISCOVERY_SCOPE_PASS","queryFamilyIds":["matvei-michkov-opc-platinum.exact-o-pee-chee-rainbow","matvei-michkov-opc-platinum.opc-rainbow","matvei-michkov-opc-platinum.o-pee-chee-no-punctuation","matvei-michkov-opc-platinum.matvey-first-name"],"preliminaryRisks":[]}	{"status":"UNVERIFIED","verification":"native-browse-title-and-marketplace-images-only","frontVerified":false,"backVerified":false}	preliminary|4dc57ad0a2971d333a	ebay|sulleycollects|v1|318406257341|0	https://i.ebayimg.com/images/g/4yoAAeSwS89qH29S/s-l225.jpg	https://i.ebayimg.com/images/g/4yoAAeSwS89qH29S/s-l1600.jpg	FALSE	FALSE	FALSE	FALSE	{}											UNASSESSED	[]	6.99	1.36																	INSUFFICIENT																	MANUAL REVIEW / UNPRICED	FALSE	FALSE	["exact_parallel_or_variation_not_verified","front_and_back_identity_not_verified","full_delivered_acquisition_cost_not_proven","identical_completed_sales_not_loaded","instacomp_exact_market_not_completed","owned_copy_exclusion_not_proven"]	{"endpoints":["matvei_michkov_opc_platinum"],"candidateId":"ebay:v1|318406257341|0","listingItemId":"v1|318406257341|0","queryFamilyIds":["matvei-michkov-opc-platinum.exact-o-pee-chee-rainbow","matvei-michkov-opc-platinum.opc-rainbow","matvei-michkov-opc-platinum.o-pee-chee-no-punctuation","matvei-michkov-opc-platinum.matvey-first-name"],"buyingOptions":["FIXED_PRICE","BEST_OFFER"],"condition":"Ungraded","itemCreationDate":"2026-06-04T00:44:11.000Z","itemEndDate":null,"imageUrls":["https://i.ebayimg.com/images/g/4yoAAeSwS89qH29S/s-l225.jpg","https://i.ebayimg.com/images/g/4yoAAeSwS89qH29S/s-l1600.jpg"],"preliminaryScopeStatus":"DISCOVERY_SCOPE_PASS","preliminaryRisks":[]}
cand-s4-ebay-4defb86cb7fcae535b	dh-20260730T170046Z-7d4c2a91	4	2026-07-30T17:05:44.524826+00:00	MATVEI MICHKOV OPC PLATINUM / opc_platinum_rookie_rainbow_or_better	Matvei Michkov	opc_platinum_rookie_parallel_or_autograph	eBay	dr.tooth		v1|336052535217|0	https://www.ebay.com/itm/336052535217?_skw=Matvei+Michkov+2024-25+O-Pee-Chee+Platinum+Rainbow+rookie&hash=item4e3e4abfb1%3Ag%3AbzUAAeSwmd5oano9&amdata=enc%3AAQALAAABEACCtXRWQnOEpyOqnQQ8KGYkyAZF%2BCKHW4GHspgAOEntCA0PpYVI8%2Bdf%2BOw957hd%2BpWPToosLpAmc8ZaJShNv3pdruY8ZL4Ddxk8KlrzclAJ8vb0eSXlJCD0dB6cSSLu79f9mC4KP%2BR7EmmaHM%2FfMLH5YuN43CgH536w7RpsIYSrGAr7XY0klCLm6Ara02N5%2FreysDNheBFPfOQbMkCVdeTCZ69xszl9B9bGiw1C5lrPg5zvm%2BR942JNBkVZhE44k2eLCSr5%2FPQIkkbTvVulCk%2FQ1U%2FMt0Pr%2BnK9UEzIUKN97Shwr6DO6nVV8Y2j0wWKCxnBDZCeOEgthRnCn0fQXU0MxysePyqGV0fCAoSS2Nyo	LIVE	Matvei Michkov 2024-25  OPC  Platinum SP RC Rainbow	{"title":"Matvei Michkov 2024-25  OPC  Platinum SP RC Rainbow","preliminaryScopeStatus":"DISCOVERY_SCOPE_PASS","queryFamilyIds":["matvei-michkov-opc-platinum.exact-o-pee-chee-rainbow","matvei-michkov-opc-platinum.opc-rainbow","matvei-michkov-opc-platinum.o-pee-chee-no-punctuation","matvei-michkov-opc-platinum.matvey-first-name"],"preliminaryRisks":[]}	{"status":"UNVERIFIED","verification":"native-browse-title-and-marketplace-images-only","frontVerified":false,"backVerified":false}	preliminary|4defb86cb7fcae535b	ebay|dr.tooth|v1|336052535217|0	https://i.ebayimg.com/images/g/bzUAAeSwmd5oano9/s-l225.jpg	https://i.ebayimg.com/images/g/bzUAAeSwmd5oano9/s-l1600.jpg	FALSE	FALSE	FALSE	FALSE	{}											UNASSESSED	[]	65.99	8.5																	INSUFFICIENT																	MANUAL REVIEW / UNPRICED	FALSE	FALSE	["exact_parallel_or_variation_not_verified","front_and_back_identity_not_verified","full_delivered_acquisition_cost_not_proven","identical_completed_sales_not_loaded","instacomp_exact_market_not_completed","owned_copy_exclusion_not_proven"]	{"endpoints":["matvei_michkov_opc_platinum"],"candidateId":"ebay:v1|336052535217|0","listingItemId":"v1|336052535217|0","queryFamilyIds":["matvei-michkov-opc-platinum.exact-o-pee-chee-rainbow","matvei-michkov-opc-platinum.opc-rainbow","matvei-michkov-opc-platinum.o-pee-chee-no-punctuation","matvei-michkov-opc-platinum.matvey-first-name"],"buyingOptions":["FIXED_PRICE","BEST_OFFER"],"condition":"Ungraded","itemCreationDate":"2025-07-06T13:30:24.000Z","itemEndDate":null,"imageUrls":["https://i.ebayimg.com/images/g/bzUAAeSwmd5oano9/s-l225.jpg","https://i.ebayimg.com/images/g/bzUAAeSwmd5oano9/s-l1600.jpg"],"preliminaryScopeStatus":"DISCOVERY_SCOPE_PASS","preliminaryRisks":[]}
cand-s4-ebay-3294a1473fb45cf0a3	dh-20260730T170046Z-7d4c2a91	4	2026-07-30T17:05:44.524826+00:00	MATVEI MICHKOV OPC PLATINUM / opc_platinum_rookie_rainbow_or_better	Matvei Michkov	opc_platinum_rookie_parallel_or_autograph	eBay	mattsdugoutfl		v1|336388497232|0	https://www.ebay.com/itm/336388497232?_skw=Matvei+Michkov+O-Pee-Chee+Platinum+rookie+autograph+auto&hash=item4e52511f50%3Ag%3Ao7UAAeSw21ZpZrF4	LIVE	2024 OPC  Platinum Matvei Michkov Rookie Auto Cosmic /50 PSA 8	{"title":"2024 OPC  Platinum Matvei Michkov Rookie Auto Cosmic /50 PSA 8","preliminaryScopeStatus":"DISCOVERY_SCOPE_PASS","queryFamilyIds":["matvei-michkov-opc-platinum.rookie-autographs"],"preliminaryRisks":[]}	{"status":"UNVERIFIED","verification":"native-browse-title-and-marketplace-images-only","frontVerified":false,"backVerified":false}	preliminary|3294a1473fb45cf0a3	ebay|mattsdugoutfl|v1|336388497232|0	https://i.ebayimg.com/images/g/o7UAAeSw21ZpZrF4/s-l225.jpg	https://i.ebayimg.com/images/g/o7UAAeSw21ZpZrF4/s-l1600.jpg	FALSE	FALSE	FALSE	FALSE	{}											UNASSESSED	[]	495	4.99																	INSUFFICIENT																	MANUAL REVIEW / UNPRICED	FALSE	FALSE	["exact_parallel_or_variation_not_verified","front_and_back_identity_not_verified","full_delivered_acquisition_cost_not_proven","identical_completed_sales_not_loaded","instacomp_exact_market_not_completed","owned_copy_exclusion_not_proven"]	{"endpoints":["matvei_michkov_opc_platinum"],"candidateId":"ebay:v1|336388497232|0","listingItemId":"v1|336388497232|0","queryFamilyIds":["matvei-michkov-opc-platinum.rookie-autographs"],"buyingOptions":["FIXED_PRICE"],"condition":"Graded","itemCreationDate":"2026-01-13T20:56:45.000Z","itemEndDate":null,"imageUrls":["https://i.ebayimg.com/images/g/o7UAAeSw21ZpZrF4/s-l225.jpg","https://i.ebayimg.com/images/g/o7UAAeSw21ZpZrF4/s-l1600.jpg"],"preliminaryScopeStatus":"DISCOVERY_SCOPE_PASS","preliminaryRisks":[]}
cand-s4-ebay-93c70381aa79e9d879	dh-20260730T170046Z-7d4c2a91	4	2026-07-30T17:05:44.524826+00:00	MATVEI MICHKOV OPC PLATINUM / opc_platinum_rookie_rainbow_or_better	Matvei Michkov	opc_platinum_rookie_parallel_or_autograph	eBay	comc_consignment		v1|336683918296|0	https://www.ebay.com/itm/336683918296?_skw=Matvei+Michkov+O-Pee-Chee+Platinum+rookie+autograph+auto&hash=item4e63ece3d8%3Ag%3AhvQAAeSwZlJqUtNK	LIVE	2024-25 O-Pee-Chee Platinum Rookie Matvei Michkov #R-MM Auto RC 0iv9	{"title":"2024-25 O-Pee-Chee Platinum Rookie Matvei Michkov #R-MM Auto RC 0iv9","preliminaryScopeStatus":"DISCOVERY_SCOPE_PASS","queryFamilyIds":["matvei-michkov-opc-platinum.rookie-autographs"],"preliminaryRisks":[]}	{"status":"UNVERIFIED","verification":"native-browse-title-and-marketplace-images-only","frontVerified":false,"backVerified":false}	preliminary|93c70381aa79e9d879	ebay|comc_consignment|v1|336683918296|0	https://i.ebayimg.com/images/g/hvQAAeSwZlJqUtNK/s-l225.jpg	https://i.ebayimg.com/images/g/hvQAAeSwZlJqUtNK/s-l1200.jpg	FALSE	FALSE	FALSE	FALSE	{}											UNASSESSED	[]	287.2	4.99																	INSUFFICIENT																	MANUAL REVIEW / UNPRICED	FALSE	FALSE	["exact_parallel_or_variation_not_verified","front_and_back_identity_not_verified","full_delivered_acquisition_cost_not_proven","identical_completed_sales_not_loaded","instacomp_exact_market_not_completed","owned_copy_exclusion_not_proven"]	{"endpoints":["matvei_michkov_opc_platinum"],"candidateId":"ebay:v1|336683918296|0","listingItemId":"v1|336683918296|0","queryFamilyIds":["matvei-michkov-opc-platinum.rookie-autographs"],"buyingOptions":["FIXED_PRICE"],"condition":"Graded","itemCreationDate":"2026-07-11T23:33:34.000Z","itemEndDate":null,"imageUrls":["https://i.ebayimg.com/images/g/hvQAAeSwZlJqUtNK/s-l225.jpg","https://i.ebayimg.com/images/g/hvQAAeSwZlJqUtNK/s-l1200.jpg"],"preliminaryScopeStatus":"DISCOVERY_SCOPE_PASS","preliminaryRisks":[]}
cand-s4-ebay-1864d16d63aa3e57e5	dh-20260730T170046Z-7d4c2a91	4	2026-07-30T17:05:44.524826+00:00	MATVEI MICHKOV OPC PLATINUM / opc_platinum_rookie_rainbow_or_better	Matvei Michkov	opc_platinum_rookie_parallel_or_autograph	eBay	comc_consignment		v1|336683918454|0	https://www.ebay.com/itm/336683918454?_skw=Matvei+Michkov+O-Pee-Chee+Platinum+rookie+autograph+auto&hash=item4e63ece476%3Ag%3AT34AAeSwPxJqUtNU	LIVE	2024 O-Pee-Chee Platinum Rookie Cosmic 40/50 Matvei Michkov #R-MM Auto RC 15sc	{"title":"2024 O-Pee-Chee Platinum Rookie Cosmic 40/50 Matvei Michkov #R-MM Auto RC 15sc","preliminaryScopeStatus":"DISCOVERY_SCOPE_PASS","queryFamilyIds":["matvei-michkov-opc-platinum.rookie-autographs"],"preliminaryRisks":[]}	{"status":"UNVERIFIED","verification":"native-browse-title-and-marketplace-images-only","frontVerified":false,"backVerified":false}	preliminary|1864d16d63aa3e57e5	ebay|comc_consignment|v1|336683918454|0	https://i.ebayimg.com/images/g/T34AAeSwPxJqUtNU/s-l225.jpg	https://i.ebayimg.com/images/g/T34AAeSwPxJqUtNU/s-l1200.jpg	FALSE	FALSE	FALSE	FALSE	{}											UNASSESSED	[]	637.2	4.99																	INSUFFICIENT																	MANUAL REVIEW / UNPRICED	FALSE	FALSE	["exact_parallel_or_variation_not_verified","front_and_back_identity_not_verified","full_delivered_acquisition_cost_not_proven","identical_completed_sales_not_loaded","instacomp_exact_market_not_completed","owned_copy_exclusion_not_proven"]	{"endpoints":["matvei_michkov_opc_platinum"],"candidateId":"ebay:v1|336683918454|0","listingItemId":"v1|336683918454|0","queryFamilyIds":["matvei-michkov-opc-platinum.rookie-autographs"],"buyingOptions":["FIXED_PRICE"],"condition":"Graded","itemCreationDate":"2026-07-11T23:33:45.000Z","itemEndDate":null,"imageUrls":["https://i.ebayimg.com/images/g/T34AAeSwPxJqUtNU/s-l225.jpg","https://i.ebayimg.com/images/g/T34AAeSwPxJqUtNU/s-l1200.jpg"],"preliminaryScopeStatus":"DISCOVERY_SCOPE_PASS","preliminaryRisks":[]}
cand-s4-ebay-0b2ca4ed3043c18078	dh-20260730T170046Z-7d4c2a91	4	2026-07-30T17:05:44.524826+00:00	MATVEI MICHKOV OPC PLATINUM / opc_platinum_rookie_rainbow_or_better	Matvei Michkov	opc_platinum_rookie_parallel_or_autograph	eBay	comc_consignment		v1|336694298077|0	https://www.ebay.com/itm/336694298077?_skw=Matvei+Michkov+2024-25+O-Pee-Chee+Platinum+Rainbow+rookie&hash=item4e648b45dd%3Ag%3Aa04AAeSwPFVqWyge	LIVE	2024-25 O-Pee-Chee Platinum Rainbow Matvei Michkov #264 Rookie RC READ 11f7	{"title":"2024-25 O-Pee-Chee Platinum Rainbow Matvei Michkov #264 Rookie RC READ 11f7","preliminaryScopeStatus":"DISCOVERY_SCOPE_PASS","queryFamilyIds":["matvei-michkov-opc-platinum.exact-o-pee-chee-rainbow","matvei-michkov-opc-platinum.o-pee-chee-no-punctuation","matvei-michkov-opc-platinum.matvey-first-name"],"preliminaryRisks":[]}	{"status":"UNVERIFIED","verification":"native-browse-title-and-marketplace-images-only","frontVerified":false,"backVerified":false}	preliminary|0b2ca4ed3043c18078	ebay|comc_consignment|v1|336694298077|0	https://i.ebayimg.com/images/g/a04AAeSwPFVqWyge/s-l225.jpg	https://i.ebayimg.com/images/g/a04AAeSwPFVqWyge/s-l960.jpg	FALSE	FALSE	FALSE	FALSE	{}											UNASSESSED	[]	6.29	4.99																	INSUFFICIENT																	MANUAL REVIEW / UNPRICED	FALSE	FALSE	["exact_parallel_or_variation_not_verified","front_and_back_identity_not_verified","full_delivered_acquisition_cost_not_proven","identical_completed_sales_not_loaded","instacomp_exact_market_not_completed","owned_copy_exclusion_not_proven"]	{"endpoints":["matvei_michkov_opc_platinum"],"candidateId":"ebay:v1|336694298077|0","listingItemId":"v1|336694298077|0","queryFamilyIds":["matvei-michkov-opc-platinum.exact-o-pee-chee-rainbow","matvei-michkov-opc-platinum.o-pee-chee-no-punctuation","matvei-michkov-opc-platinum.matvey-first-name"],"buyingOptions":["FIXED_PRICE"],"condition":"Ungraded","itemCreationDate":"2026-07-18T07:12:37.000Z","itemEndDate":null,"imageUrls":["https://i.ebayimg.com/images/g/a04AAeSwPFVqWyge/s-l225.jpg","https://i.ebayimg.com/images/g/a04AAeSwPFVqWyge/s-l960.jpg"],"preliminaryScopeStatus":"DISCOVERY_SCOPE_PASS","preliminaryRisks":[]}
cand-s4-ebay-af68822a81c41f0aa4	dh-20260730T170046Z-7d4c2a91	4	2026-07-30T17:05:44.524826+00:00	MATVEI MICHKOV OPC PLATINUM / opc_platinum_rookie_rainbow_or_better	Matvei Michkov	opc_platinum_rookie_parallel_or_autograph	eBay	comc_consignment		v1|336694805001|0	https://www.ebay.com/itm/336694805001?_skw=Matvei+Michkov+2024-25+O-Pee-Chee+Platinum+Rainbow+rookie&hash=item4e64930209%3Ag%3Ab0EAAeSw3QtqW3h8	LIVE	2024-25 O-Pee-Chee Platinum Rainbow Matvei Michkov #264 Rookie RC READ 1t5g	{"title":"2024-25 O-Pee-Chee Platinum Rainbow Matvei Michkov #264 Rookie RC READ 1t5g","preliminaryScopeStatus":"DISCOVERY_SCOPE_PASS","queryFamilyIds":["matvei-michkov-opc-platinum.exact-o-pee-chee-rainbow","matvei-michkov-opc-platinum.o-pee-chee-no-punctuation"],"preliminaryRisks":[]}	{"status":"UNVERIFIED","verification":"native-browse-title-and-marketplace-images-only","frontVerified":false,"backVerified":false}	preliminary|af68822a81c41f0aa4	ebay|comc_consignment|v1|336694805001|0	https://i.ebayimg.com/images/g/b0EAAeSw3QtqW3h8/s-l225.jpg	https://i.ebayimg.com/images/g/b0EAAeSw3QtqW3h8/s-l960.jpg	FALSE	FALSE	FALSE	FALSE	{}											UNASSESSED	[]	6.58	4.99																	INSUFFICIENT																	MANUAL REVIEW / UNPRICED	FALSE	FALSE	["exact_parallel_or_variation_not_verified","front_and_back_identity_not_verified","full_delivered_acquisition_cost_not_proven","identical_completed_sales_not_loaded","instacomp_exact_market_not_completed","owned_copy_exclusion_not_proven"]	{"endpoints":["matvei_michkov_opc_platinum"],"candidateId":"ebay:v1|336694805001|0","listingItemId":"v1|336694805001|0","queryFamilyIds":["matvei-michkov-opc-platinum.exact-o-pee-chee-rainbow","matvei-michkov-opc-platinum.o-pee-chee-no-punctuation"],"buyingOptions":["FIXED_PRICE"],"condition":"Ungraded","itemCreationDate":"2026-07-18T12:55:33.000Z","itemEndDate":null,"imageUrls":["https://i.ebayimg.com/images/g/b0EAAeSw3QtqW3h8/s-l225.jpg","https://i.ebayimg.com/images/g/b0EAAeSw3QtqW3h8/s-l960.jpg"],"preliminaryScopeStatus":"DISCOVERY_SCOPE_PASS","preliminaryRisks":[]}
cand-s4-ebay-e8c6d1c1557ecf8630	dh-20260730T170046Z-7d4c2a91	4	2026-07-30T17:05:44.524826+00:00	MATVEI MICHKOV OPC PLATINUM / opc_platinum_rookie_rainbow_or_better	Matvei Michkov	opc_platinum_rookie_parallel_or_autograph	eBay	comc_consignment		v1|336709861177|0	https://www.ebay.com/itm/336709861177?_skw=Matvei+Michkov+2024-25+O-Pee-Chee+Platinum+Rainbow+rookie&hash=item4e6578bf39%3Ag%3A1dsAAeSwc5lqZp3y	LIVE	2024 O-Pee-Chee Platinum Retro Rainbow Matvei Michkov #R92 Rookie RC READ 1tf5	{"title":"2024 O-Pee-Chee Platinum Retro Rainbow Matvei Michkov #R92 Rookie RC READ 1tf5","preliminaryScopeStatus":"DISCOVERY_SCOPE_PASS","queryFamilyIds":["matvei-michkov-opc-platinum.exact-o-pee-chee-rainbow","matvei-michkov-opc-platinum.opc-rainbow","matvei-michkov-opc-platinum.o-pee-chee-no-punctuation","matvei-michkov-opc-platinum.matvey-first-name"],"preliminaryRisks":[]}	{"status":"UNVERIFIED","verification":"native-browse-title-and-marketplace-images-only","frontVerified":false,"backVerified":false}	preliminary|e8c6d1c1557ecf8630	ebay|comc_consignment|v1|336709861177|0	https://i.ebayimg.com/images/g/1dsAAeSwc5lqZp3y/s-l225.jpg	https://i.ebayimg.com/images/g/1dsAAeSwc5lqZp3y/s-l960.jpg	FALSE	FALSE	FALSE	FALSE	{}											UNASSESSED	[]	5.43	4.99																	INSUFFICIENT																	MANUAL REVIEW / UNPRICED	FALSE	FALSE	["exact_parallel_or_variation_not_verified","front_and_back_identity_not_verified","full_delivered_acquisition_cost_not_proven","identical_completed_sales_not_loaded","instacomp_exact_market_not_completed","owned_copy_exclusion_not_proven"]	{"endpoints":["matvei_michkov_opc_platinum"],"candidateId":"ebay:v1|336709861177|0","listingItemId":"v1|336709861177|0","queryFamilyIds":["matvei-michkov-opc-platinum.exact-o-pee-chee-rainbow","matvei-michkov-opc-platinum.opc-rainbow","matvei-michkov-opc-platinum.o-pee-chee-no-punctuation","matvei-michkov-opc-platinum.matvey-first-name"],"buyingOptions":["FIXED_PRICE"],"condition":"Ungraded","itemCreationDate":"2026-07-26T23:50:23.000Z","itemEndDate":null,"imageUrls":["https://i.ebayimg.com/images/g/1dsAAeSwc5lqZp3y/s-l225.jpg","https://i.ebayimg.com/images/g/1dsAAeSwc5lqZp3y/s-l960.jpg"],"preliminaryScopeStatus":"DISCOVERY_SCOPE_PASS","preliminaryRisks":[]}
cand-s4-ebay-bbb46cdb0d5809c5e0	dh-20260730T170046Z-7d4c2a91	4	2026-07-30T17:05:44.524826+00:00	MATVEI MICHKOV OPC PLATINUM / opc_platinum_rookie_rainbow_or_better	Matvei Michkov	opc_platinum_rookie_parallel_or_autograph	eBay	tmg_collectables		v1|376981668645|0	https://www.ebay.com/itm/376981668645?_skw=Matvei+Michkov+O-Pee-Chee+Platinum+rookie+autograph+auto&hash=item57c5dbc325%3Ag%3AMm0AAeSwzGxpmjjV	LIVE	2024-25 O-Pee Chee Platinum Matvei Michkov Seismic Gold 49/50 MARQUEE ROOKIE RC	{"title":"2024-25 O-Pee Chee Platinum Matvei Michkov Seismic Gold 49/50 MARQUEE ROOKIE RC","preliminaryScopeStatus":"DISCOVERY_SCOPE_PASS","queryFamilyIds":["matvei-michkov-opc-platinum.rookie-autographs"],"preliminaryRisks":[]}	{"status":"UNVERIFIED","verification":"native-browse-title-and-marketplace-images-only","frontVerified":false,"backVerified":false}	preliminary|bbb46cdb0d5809c5e0	ebay|tmg_collectables|v1|376981668645|0	https://i.ebayimg.com/images/g/Mm0AAeSwzGxpmjjV/s-l225.jpg	https://i.ebayimg.com/images/g/Mm0AAeSwzGxpmjjV/s-l1600.jpg	FALSE	FALSE	FALSE	FALSE	{}											UNASSESSED	[]	569.51	14.23																	INSUFFICIENT																	MANUAL REVIEW / UNPRICED	FALSE	FALSE	["exact_parallel_or_variation_not_verified","front_and_back_identity_not_verified","full_delivered_acquisition_cost_not_proven","identical_completed_sales_not_loaded","instacomp_exact_market_not_completed","owned_copy_exclusion_not_proven"]	{"endpoints":["matvei_michkov_opc_platinum"],"candidateId":"ebay:v1|376981668645|0","listingItemId":"v1|376981668645|0","queryFamilyIds":["matvei-michkov-opc-platinum.rookie-autographs"],"buyingOptions":["FIXED_PRICE","BEST_OFFER"],"condition":"Ungraded","itemCreationDate":"2026-02-21T23:03:43.000Z","itemEndDate":null,"imageUrls":["https://i.ebayimg.com/images/g/Mm0AAeSwzGxpmjjV/s-l225.jpg","https://i.ebayimg.com/images/g/Mm0AAeSwzGxpmjjV/s-l1600.jpg"],"preliminaryScopeStatus":"DISCOVERY_SCOPE_PASS","preliminaryRisks":[]}
cand-s4-ebay-93f1125f6fcd75bef2	dh-20260730T170046Z-7d4c2a91	4	2026-07-30T17:05:44.524826+00:00	MATVEI MICHKOV OPC PLATINUM / opc_platinum_rookie_rainbow_or_better	Matvei Michkov	opc_platinum_rookie_parallel_or_autograph	eBay	tmg_collectables		v1|377209057958|0	https://www.ebay.com/itm/377209057958?_skw=Matvei+Michkov+O-Pee-Chee+Platinum+rookie+autograph+auto&hash=item57d36972a6%3Ag%3AXOIAAeSwE7locpFS	LIVE	2024-25 O-Pee-Chee Platinum MARQUEE ROOKIE SILVER FOIL Matvei Michkov Mint RC	{"title":"2024-25 O-Pee-Chee Platinum MARQUEE ROOKIE SILVER FOIL Matvei Michkov Mint RC","preliminaryScopeStatus":"IMAGE_OR_IDENTITY_REVIEW_REQUIRED","queryFamilyIds":["matvei-michkov-opc-platinum.rookie-autographs"],"preliminaryRisks":["rainbow_or_better_not_proven_from_title_verify_images"]}	{"status":"UNVERIFIED","verification":"native-browse-title-and-marketplace-images-only","frontVerified":false,"backVerified":false}	preliminary|93f1125f6fcd75bef2	ebay|tmg_collectables|v1|377209057958|0	https://i.ebayimg.com/images/g/XOIAAeSwE7locpFS/s-l225.jpg	https://i.ebayimg.com/images/g/XOIAAeSwE7locpFS/s-l1600.jpg	FALSE	FALSE	FALSE	FALSE	{}											UNASSESSED	["rainbow_or_better_not_proven_from_title_verify_images"]	14.23	4.26																	INSUFFICIENT																	MANUAL REVIEW / UNPRICED	FALSE	FALSE	["exact_parallel_or_variation_not_verified","front_and_back_identity_not_verified","full_delivered_acquisition_cost_not_proven","identical_completed_sales_not_loaded","instacomp_exact_market_not_completed","owned_copy_exclusion_not_proven","rainbow_or_better_not_proven_from_title_verify_images"]	{"endpoints":["matvei_michkov_opc_platinum"],"candidateId":"ebay:v1|377209057958|0","listingItemId":"v1|377209057958|0","queryFamilyIds":["matvei-michkov-opc-platinum.rookie-autographs"],"buyingOptions":["FIXED_PRICE","BEST_OFFER"],"condition":"Ungraded","itemCreationDate":"2026-05-25T02:34:07.000Z","itemEndDate":null,"imageUrls":["https://i.ebayimg.com/images/g/XOIAAeSwE7locpFS/s-l225.jpg","https://i.ebayimg.com/images/g/XOIAAeSwE7locpFS/s-l1600.jpg"],"preliminaryScopeStatus":"IMAGE_OR_IDENTITY_REVIEW_REQUIRED","preliminaryRisks":["rainbow_or_better_not_proven_from_title_verify_images"]}
cand-s4-ebay-a5c6c53881891f7603	dh-20260730T170046Z-7d4c2a91	4	2026-07-30T17:05:44.524826+00:00	MATVEI MICHKOV OPC PLATINUM / opc_platinum_rookie_rainbow_or_better	Matvei Michkov	opc_platinum_rookie_parallel_or_autograph	eBay	tmg_collectables		v1|377324246629|0	https://www.ebay.com/itm/377324246629?_skw=Matvei+Michkov+O-Pee-Chee+Platinum+rookie+autograph+auto&hash=item57da471665%3Ag%3Ay48AAeSwuORocpKQ	LIVE	2024-25 O-Pee-Chee Platinum Matvei Michkov ROOKIE CARD Sweet Selections Mint RC.	{"title":"2024-25 O-Pee-Chee Platinum Matvei Michkov ROOKIE CARD Sweet Selections Mint RC.","preliminaryScopeStatus":"IMAGE_OR_IDENTITY_REVIEW_REQUIRED","queryFamilyIds":["matvei-michkov-opc-platinum.rookie-autographs"],"preliminaryRisks":["rainbow_or_better_not_proven_from_title_verify_images"]}	{"status":"UNVERIFIED","verification":"native-browse-title-and-marketplace-images-only","frontVerified":false,"backVerified":false}	preliminary|a5c6c53881891f7603	ebay|tmg_collectables|v1|377324246629|0	https://i.ebayimg.com/images/g/y48AAeSwuORocpKQ/s-l225.jpg	https://i.ebayimg.com/images/g/y48AAeSwuORocpKQ/s-l1600.jpg	FALSE	FALSE	FALSE	FALSE	{}											UNASSESSED	["rainbow_or_better_not_proven_from_title_verify_images"]	11.35	4.26																	INSUFFICIENT																	MANUAL REVIEW / UNPRICED	FALSE	FALSE	["exact_parallel_or_variation_not_verified","front_and_back_identity_not_verified","full_delivered_acquisition_cost_not_proven","identical_completed_sales_not_loaded","instacomp_exact_market_not_completed","owned_copy_exclusion_not_proven","rainbow_or_better_not_proven_from_title_verify_images"]	{"endpoints":["matvei_michkov_opc_platinum"],"candidateId":"ebay:v1|377324246629|0","listingItemId":"v1|377324246629|0","queryFamilyIds":["matvei-michkov-opc-platinum.rookie-autographs"],"buyingOptions":["FIXED_PRICE","BEST_OFFER"],"condition":"Ungraded","itemCreationDate":"2026-07-07T02:15:14.000Z","itemEndDate":null,"imageUrls":["https://i.ebayimg.com/images/g/y48AAeSwuORocpKQ/s-l225.jpg","https://i.ebayimg.com/images/g/y48AAeSwuORocpKQ/s-l1600.jpg"],"preliminaryScopeStatus":"IMAGE_OR_IDENTITY_REVIEW_REQUIRED","preliminaryRisks":["rainbow_or_better_not_proven_from_title_verify_images"]}
cand-s4-ebay-f045496b8593f4a8c3	dh-20260730T170046Z-7d4c2a91	4	2026-07-30T17:05:44.524826+00:00	MATVEI MICHKOV OPC PLATINUM / opc_platinum_rookie_rainbow_or_better	Matvei Michkov	opc_platinum_rookie_parallel_or_autograph	eBay	tmg_collectables		v1|377329056982|0	https://www.ebay.com/itm/377329056982?_skw=Matvei+Michkov+O-Pee-Chee+Platinum+rookie+autograph+auto&hash=item57da907cd6%3Ag%3ApfsAAeSwPHBocpH6	LIVE	2024-25 O-Pee-Chee Platinum Matvei Michkov ROOKIE CARD SILVER FOIL Showmanship	{"title":"2024-25 O-Pee-Chee Platinum Matvei Michkov ROOKIE CARD SILVER FOIL Showmanship","preliminaryScopeStatus":"IMAGE_OR_IDENTITY_REVIEW_REQUIRED","queryFamilyIds":["matvei-michkov-opc-platinum.rookie-autographs"],"preliminaryRisks":["rainbow_or_better_not_proven_from_title_verify_images"]}	{"status":"UNVERIFIED","verification":"native-browse-title-and-marketplace-images-only","frontVerified":false,"backVerified":false}	preliminary|f045496b8593f4a8c3	ebay|tmg_collectables|v1|377329056982|0	https://i.ebayimg.com/images/g/pfsAAeSwPHBocpH6/s-l225.jpg	https://i.ebayimg.com/images/g/pfsAAeSwPHBocpH6/s-l1600.jpg	FALSE	FALSE	FALSE	FALSE	{}											UNASSESSED	["rainbow_or_better_not_proven_from_title_verify_images"]	14.2	4.26																	INSUFFICIENT																	MANUAL REVIEW / UNPRICED	FALSE	FALSE	["exact_parallel_or_variation_not_verified","front_and_back_identity_not_verified","full_delivered_acquisition_cost_not_proven","identical_completed_sales_not_loaded","instacomp_exact_market_not_completed","owned_copy_exclusion_not_proven","rainbow_or_better_not_proven_from_title_verify_images"]	{"endpoints":["matvei_michkov_opc_platinum"],"candidateId":"ebay:v1|377329056982|0","listingItemId":"v1|377329056982|0","queryFamilyIds":["matvei-michkov-opc-platinum.rookie-autographs"],"buyingOptions":["FIXED_PRICE","BEST_OFFER"],"condition":"Ungraded","itemCreationDate":"2026-07-08T16:22:26.000Z","itemEndDate":null,"imageUrls":["https://i.ebayimg.com/images/g/pfsAAeSwPHBocpH6/s-l225.jpg","https://i.ebayimg.com/images/g/pfsAAeSwPHBocpH6/s-l1600.jpg"],"preliminaryScopeStatus":"IMAGE_OR_IDENTITY_REVIEW_REQUIRED","preliminaryRisks":["rainbow_or_better_not_proven_from_title_verify_images"]}
cand-s4-ebay-0e9a1fcf10ae6c09a3	dh-20260730T170046Z-7d4c2a91	4	2026-07-30T17:05:44.524826+00:00	MATVEI MICHKOV OPC PLATINUM / opc_platinum_rookie_rainbow_or_better	Matvei Michkov	opc_platinum_rookie_parallel_or_autograph	eBay	nickscardshack24		v1|389526595416|0	https://www.ebay.com/itm/389526595416?_skw=Matvei+Michkov+2024-25+OPC+Platinum+Rainbow+rookie&hash=item5ab1982758%3Ag%3AStgAAeSwzfNpVFWI	LIVE	11x 2024-25 OPC Platinum NHL Lot - Matvei Michkov RC + Kovalenko Neon Yellow	{"title":"11x 2024-25 OPC Platinum NHL Lot - Matvei Michkov RC + Kovalenko Neon Yellow","preliminaryScopeStatus":"DISCOVERY_SCOPE_PASS","queryFamilyIds":["matvei-michkov-opc-platinum.opc-rainbow"],"preliminaryRisks":[]}	{"status":"UNVERIFIED","verification":"native-browse-title-and-marketplace-images-only","frontVerified":false,"backVerified":false}	preliminary|0e9a1fcf10ae6c09a3	ebay|nickscardshack24|v1|389526595416|0	https://i.ebayimg.com/images/g/StgAAeSwzfNpVFWI/s-l225.jpg	https://i.ebayimg.com/images/g/StgAAeSwzfNpVFWI/s-l1600.jpg	FALSE	FALSE	FALSE	FALSE	{}											UNASSESSED	[]	7.99																		INSUFFICIENT																	MANUAL REVIEW / UNPRICED	FALSE	FALSE	["exact_parallel_or_variation_not_verified","front_and_back_identity_not_verified","full_delivered_acquisition_cost_not_proven","identical_completed_sales_not_loaded","instacomp_exact_market_not_completed","owned_copy_exclusion_not_proven"]	{"endpoints":["matvei_michkov_opc_platinum"],"candidateId":"ebay:v1|389526595416|0","listingItemId":"v1|389526595416|0","queryFamilyIds":["matvei-michkov-opc-platinum.opc-rainbow"],"buyingOptions":["FIXED_PRICE","BEST_OFFER"],"condition":"Used","itemCreationDate":"2026-01-22T22:04:27.000Z","itemEndDate":null,"imageUrls":["https://i.ebayimg.com/images/g/StgAAeSwzfNpVFWI/s-l225.jpg","https://i.ebayimg.com/images/g/StgAAeSwzfNpVFWI/s-l1600.jpg"],"preliminaryScopeStatus":"DISCOVERY_SCOPE_PASS","preliminaryRisks":[]}
cand-s4-ebay-762888e8b65317e805	dh-20260730T170046Z-7d4c2a91	4	2026-07-30T17:05:44.524826+00:00	MATVEI MICHKOV OPC PLATINUM / opc_platinum_rookie_rainbow_or_better	Matvei Michkov	opc_platinum_rookie_parallel_or_autograph	eBay	carlsonkard		v1|397536090189|0	https://www.ebay.com/itm/397536090189?_skw=Matvei+Michkov+O-Pee-Chee+Platinum+rookie+autograph+auto&hash=item5c8eff584d%3Ag%3Aa%7EMAAeSw-Jdpdrhv	LIVE	2024-25 O-Pee-Chee Platinum Rookie Violet Pixels /65 Matvei Michkov #R-MM Auto	{"title":"2024-25 O-Pee-Chee Platinum Rookie Violet Pixels /65 Matvei Michkov #R-MM Auto","preliminaryScopeStatus":"DISCOVERY_SCOPE_PASS","queryFamilyIds":["matvei-michkov-opc-platinum.rookie-autographs"],"preliminaryRisks":[]}	{"status":"UNVERIFIED","verification":"native-browse-title-and-marketplace-images-only","frontVerified":false,"backVerified":false}	preliminary|762888e8b65317e805	ebay|carlsonkard|v1|397536090189|0	https://i.ebayimg.com/images/g/a~MAAeSw-Jdpdrhv/s-l225.jpg	https://i.ebayimg.com/images/g/a~MAAeSw-Jdpdrhv/s-l1600.jpg	FALSE	FALSE	FALSE	FALSE	{}											UNASSESSED	[]	300	5																	INSUFFICIENT																	MANUAL REVIEW / UNPRICED	FALSE	FALSE	["exact_parallel_or_variation_not_verified","front_and_back_identity_not_verified","full_delivered_acquisition_cost_not_proven","identical_completed_sales_not_loaded","instacomp_exact_market_not_completed","owned_copy_exclusion_not_proven"]	{"endpoints":["matvei_michkov_opc_platinum"],"candidateId":"ebay:v1|397536090189|0","listingItemId":"v1|397536090189|0","queryFamilyIds":["matvei-michkov-opc-platinum.rookie-autographs"],"buyingOptions":["FIXED_PRICE","BEST_OFFER"],"condition":"Ungraded","itemCreationDate":"2026-01-26T00:42:48.000Z","itemEndDate":null,"imageUrls":["https://i.ebayimg.com/images/g/a~MAAeSw-Jdpdrhv/s-l225.jpg","https://i.ebayimg.com/images/g/a~MAAeSw-Jdpdrhv/s-l1600.jpg"],"preliminaryScopeStatus":"DISCOVERY_SCOPE_PASS","preliminaryRisks":[]}
cand-s4-ebay-9a9ac7fdb1e3b34c3e	dh-20260730T170046Z-7d4c2a91	4	2026-07-30T17:05:44.524826+00:00	MATVEI MICHKOV OPC PLATINUM / opc_platinum_rookie_rainbow_or_better	Matvei Michkov	opc_platinum_rookie_parallel_or_autograph	eBay	kingpinsportscards		v1|406436666279|0	https://www.ebay.com/itm/406436666279?_skw=Matvei+Michkov+2024-25+O-Pee-Chee+Platinum+Rainbow+rookie&hash=item5ea1835ba7%3Ag%3A2C8AAeSw8%7EppLJXb	LIVE	2024-25 O-Pee-Chee Platinum Matvei Michkov Rainbow Rookie Retro PSA 8 Pop 1	{"title":"2024-25 O-Pee-Chee Platinum Matvei Michkov Rainbow Rookie Retro PSA 8 Pop 1","preliminaryScopeStatus":"DISCOVERY_SCOPE_PASS","queryFamilyIds":["matvei-michkov-opc-platinum.exact-o-pee-chee-rainbow","matvei-michkov-opc-platinum.opc-rainbow","matvei-michkov-opc-platinum.o-pee-chee-no-punctuation"],"preliminaryRisks":[]}	{"status":"UNVERIFIED","verification":"native-browse-title-and-marketplace-images-only","frontVerified":false,"backVerified":false}	preliminary|9a9ac7fdb1e3b34c3e	ebay|kingpinsportscards|v1|406436666279|0	https://i.ebayimg.com/images/g/2C8AAeSw8~ppLJXb/s-l225.jpg	https://i.ebayimg.com/images/g/2C8AAeSw8~ppLJXb/s-l1600.jpg	FALSE	FALSE	FALSE	FALSE	{}											UNASSESSED	[]	35.59	14.23																	INSUFFICIENT																	MANUAL REVIEW / UNPRICED	FALSE	FALSE	["exact_parallel_or_variation_not_verified","front_and_back_identity_not_verified","full_delivered_acquisition_cost_not_proven","identical_completed_sales_not_loaded","instacomp_exact_market_not_completed","owned_copy_exclusion_not_proven"]	{"endpoints":["matvei_michkov_opc_platinum"],"candidateId":"ebay:v1|406436666279|0","listingItemId":"v1|406436666279|0","queryFamilyIds":["matvei-michkov-opc-platinum.exact-o-pee-chee-rainbow","matvei-michkov-opc-platinum.opc-rainbow","matvei-michkov-opc-platinum.o-pee-chee-no-punctuation"],"buyingOptions":["FIXED_PRICE","BEST_OFFER"],"condition":"Graded","itemCreationDate":"2025-11-30T19:08:49.000Z","itemEndDate":null,"imageUrls":["https://i.ebayimg.com/images/g/2C8AAeSw8~ppLJXb/s-l225.jpg","https://i.ebayimg.com/images/g/2C8AAeSw8~ppLJXb/s-l1600.jpg"],"preliminaryScopeStatus":"DISCOVERY_SCOPE_PASS","preliminaryRisks":[]}
cand-s4-ebay-fc14e8cc929e5f9cad	dh-20260730T170046Z-7d4c2a91	4	2026-07-30T17:05:44.524826+00:00	MATVEI MICHKOV OPC PLATINUM / opc_platinum_rookie_rainbow_or_better	Matvei Michkov	opc_platinum_rookie_parallel_or_autograph	eBay	87pensfan66		v1|407036948104|0	https://www.ebay.com/itm/407036948104?_skw=Matvei+Michkov+2024-25+OPC+Platinum+Rainbow+rookie&hash=item5ec54aee88%3Ag%3AqH4AAeSwp21qQy3v	LIVE	24-25 UD OPC PLATINUM MATVEI MICHKOV RC LOT OF 4 SUNSET RETRO RAINBOW #264 2024	{"title":"24-25 UD OPC PLATINUM MATVEI MICHKOV RC LOT OF 4 SUNSET RETRO RAINBOW #264 2024","preliminaryScopeStatus":"DISCOVERY_SCOPE_PASS","queryFamilyIds":["matvei-michkov-opc-platinum.opc-rainbow"],"preliminaryRisks":[]}	{"status":"UNVERIFIED","verification":"native-browse-title-and-marketplace-images-only","frontVerified":false,"backVerified":false}	preliminary|fc14e8cc929e5f9cad	ebay|87pensfan66|v1|407036948104|0	https://i.ebayimg.com/images/g/qH4AAeSwp21qQy3v/s-l225.jpg	https://i.ebayimg.com/images/g/qH4AAeSwp21qQy3v/s-l1600.jpg	FALSE	FALSE	FALSE	FALSE	{}											UNASSESSED	[]	17.79	9.25																	INSUFFICIENT																	MANUAL REVIEW / UNPRICED	FALSE	FALSE	["exact_parallel_or_variation_not_verified","front_and_back_identity_not_verified","full_delivered_acquisition_cost_not_proven","identical_completed_sales_not_loaded","instacomp_exact_market_not_completed","owned_copy_exclusion_not_proven"]	{"endpoints":["matvei_michkov_opc_platinum"],"candidateId":"ebay:v1|407036948104|0","listingItemId":"v1|407036948104|0","queryFamilyIds":["matvei-michkov-opc-platinum.opc-rainbow"],"buyingOptions":["FIXED_PRICE","BEST_OFFER"],"condition":"Ungraded","itemCreationDate":"2026-06-30T02:48:01.000Z","itemEndDate":null,"imageUrls":["https://i.ebayimg.com/images/g/qH4AAeSwp21qQy3v/s-l225.jpg","https://i.ebayimg.com/images/g/qH4AAeSwp21qQy3v/s-l1600.jpg"],"preliminaryScopeStatus":"DISCOVERY_SCOPE_PASS","preliminaryRisks":[]}
cand-s4-ebay-4bc151d016d59b7382	dh-20260730T170046Z-7d4c2a91	4	2026-07-30T17:05:44.524826+00:00	MATVEI MICHKOV OPC PLATINUM / opc_platinum_rookie_rainbow_or_better	Matvei Michkov	opc_platinum_rookie_parallel_or_autograph	eBay	111gold		v1|800167451245|0	https://www.ebay.com/itm/800167451245?_skw=Matvei+Michkov+2024-25+O-Pee-Chee+Platinum+Rainbow+rookie&hash=itemba4db25a6d%3Ag%3AeW0AAeSwoDpqJJ9a	LIVE	2024-25  O-Pee-Chee Platinum #R92 Matvei Michkov Rookie Rainbow Retro R/C	{"title":"2024-25  O-Pee-Chee Platinum #R92 Matvei Michkov Rookie Rainbow Retro R/C","preliminaryScopeStatus":"DISCOVERY_SCOPE_PASS","queryFamilyIds":["matvei-michkov-opc-platinum.exact-o-pee-chee-rainbow","matvei-michkov-opc-platinum.opc-rainbow","matvei-michkov-opc-platinum.o-pee-chee-no-punctuation","matvei-michkov-opc-platinum.matvey-first-name"],"preliminaryRisks":[]}	{"status":"UNVERIFIED","verification":"native-browse-title-and-marketplace-images-only","frontVerified":false,"backVerified":false}	preliminary|4bc151d016d59b7382	ebay|111gold|v1|800167451245|0	https://i.ebayimg.com/images/g/eW0AAeSwoDpqJJ9a/s-l225.jpg	https://i.ebayimg.com/images/g/eW0AAeSwoDpqJJ9a/s-l1200.jpg	FALSE	FALSE	FALSE	FALSE	{}											UNASSESSED	[]	5.99	0.89																	INSUFFICIENT																	MANUAL REVIEW / UNPRICED	FALSE	FALSE	["exact_parallel_or_variation_not_verified","front_and_back_identity_not_verified","full_delivered_acquisition_cost_not_proven","identical_completed_sales_not_loaded","instacomp_exact_market_not_completed","owned_copy_exclusion_not_proven"]	{"endpoints":["matvei_michkov_opc_platinum"],"candidateId":"ebay:v1|800167451245|0","listingItemId":"v1|800167451245|0","queryFamilyIds":["matvei-michkov-opc-platinum.exact-o-pee-chee-rainbow","matvei-michkov-opc-platinum.opc-rainbow","matvei-michkov-opc-platinum.o-pee-chee-no-punctuation","matvei-michkov-opc-platinum.matvey-first-name"],"buyingOptions":["FIXED_PRICE"],"condition":"Ungraded","itemCreationDate":"2026-06-12T16:40:34.000Z","itemEndDate":null,"imageUrls":["https://i.ebayimg.com/images/g/eW0AAeSwoDpqJJ9a/s-l225.jpg","https://i.ebayimg.com/images/g/eW0AAeSwoDpqJJ9a/s-l1200.jpg"],"preliminaryScopeStatus":"DISCOVERY_SCOPE_PASS","preliminaryRisks":[]}
cand-s4-ebay-3e504ca2a259ff24f6	dh-20260730T170046Z-7d4c2a91	4	2026-07-30T17:05:44.524826+00:00	MATVEI MICHKOV YOUNG GUNS / young_guns_deal_and_misspelling	Matvei Michkov	young_guns_rookie_card	eBay	pjcinc192		v1|127359366330|0	https://www.ebay.com/itm/127359366330?_skw=Matvei+Michkov+YG+Philadelphia+Flyers&hash=item1da735b4ba%3Ag%3AnaUAAeSwH6Zovzkq	LIVE	2024-25 Upper Deck Series 2 - Young Guns Matvei Michkov, Ivan Fedotov #496 (RC)	{"title":"2024-25 Upper Deck Series 2 - Young Guns Matvei Michkov, Ivan Fedotov #496 (RC)","preliminaryScopeStatus":"DISCOVERY_SCOPE_PASS","queryFamilyIds":["matvei-michkov.yg-abbreviation"],"preliminaryRisks":[]}	{"status":"UNVERIFIED","verification":"native-browse-title-and-marketplace-images-only","frontVerified":false,"backVerified":false}	preliminary|3e504ca2a259ff24f6	ebay|pjcinc192|v1|127359366330|0	https://i.ebayimg.com/images/g/naUAAeSwH6Zovzkq/s-l225.jpg	https://i.ebayimg.com/images/g/naUAAeSwH6Zovzkq/s-l1600.jpg	FALSE	FALSE	FALSE	FALSE	{}											UNASSESSED	[]	4.99	0																	INSUFFICIENT																	MANUAL REVIEW / UNPRICED	FALSE	FALSE	["exact_parallel_or_variation_not_verified","front_and_back_identity_not_verified","full_delivered_acquisition_cost_not_proven","identical_completed_sales_not_loaded","instacomp_exact_market_not_completed","owned_copy_exclusion_not_proven"]	{"endpoints":["matvei_michkov_young_guns"],"candidateId":"ebay:v1|127359366330|0","listingItemId":"v1|127359366330|0","queryFamilyIds":["matvei-michkov.yg-abbreviation"],"buyingOptions":["FIXED_PRICE"],"condition":"Ungraded","itemCreationDate":"2025-09-08T20:16:10.000Z","itemEndDate":null,"imageUrls":["https://i.ebayimg.com/images/g/naUAAeSwH6Zovzkq/s-l225.jpg","https://i.ebayimg.com/images/g/naUAAeSwH6Zovzkq/s-l1600.jpg"],"preliminaryScopeStatus":"DISCOVERY_SCOPE_PASS","preliminaryRisks":[]}
cand-s4-ebay-a50109ca9f43f64ca7	dh-20260730T170046Z-7d4c2a91	4	2026-07-30T17:05:44.524826+00:00	MATVEI MICHKOV YOUNG GUNS / young_guns_deal_and_misspelling	Matvei Michkov	young_guns_rookie_card	eBay	usa-breaks		v1|127658262931|0	https://www.ebay.com/itm/127658262931?_skw=Matvei+Michkov+YG+Philadelphia+Flyers&hash=item1db9068193%3Ag%3AgwkAAeSwmNdpfzNq	LIVE	2024-25 Upper Deck #496 Matvei Michkov / Ivan Fedotov YG, UER	{"title":"2024-25 Upper Deck #496 Matvei Michkov / Ivan Fedotov YG, UER","preliminaryScopeStatus":"DISCOVERY_SCOPE_PASS","queryFamilyIds":["matvei-michkov.yg-abbreviation"],"preliminaryRisks":[]}	{"status":"UNVERIFIED","verification":"native-browse-title-and-marketplace-images-only","frontVerified":false,"backVerified":false}	preliminary|a50109ca9f43f64ca7	ebay|usa-breaks|v1|127658262931|0	https://i.ebayimg.com/images/g/gwkAAeSwmNdpfzNq/s-l225.jpg	https://i.ebayimg.com/images/g/gwkAAeSwmNdpfzNq/s-l1200.jpg	FALSE	FALSE	FALSE	FALSE	{}											UNASSESSED	[]	1.61	1.32																	INSUFFICIENT																	MANUAL REVIEW / UNPRICED	FALSE	FALSE	["exact_parallel_or_variation_not_verified","front_and_back_identity_not_verified","full_delivered_acquisition_cost_not_proven","identical_completed_sales_not_loaded","instacomp_exact_market_not_completed","owned_copy_exclusion_not_proven"]	{"endpoints":["matvei_michkov_young_guns"],"candidateId":"ebay:v1|127658262931|0","listingItemId":"v1|127658262931|0","queryFamilyIds":["matvei-michkov.yg-abbreviation"],"buyingOptions":["FIXED_PRICE"],"condition":"Ungraded","itemCreationDate":"2026-02-01T11:03:13.000Z","itemEndDate":null,"imageUrls":["https://i.ebayimg.com/images/g/gwkAAeSwmNdpfzNq/s-l225.jpg","https://i.ebayimg.com/images/g/gwkAAeSwmNdpfzNq/s-l1200.jpg"],"preliminaryScopeStatus":"DISCOVERY_SCOPE_PASS","preliminaryRisks":[]}
cand-s4-ebay-fd47b0af93c6e3c54d	dh-20260730T170046Z-7d4c2a91	4	2026-07-30T17:05:44.524826+00:00	MATVEI MICHKOV YOUNG GUNS / young_guns_deal_and_misspelling	Matvei Michkov	young_guns_rookie_card	eBay	nashercards		v1|128001464354|0	https://www.ebay.com/itm/128001464354?_skw=Matvei+Michkov+Young+Guns+rookie&hash=item1dcd7b5822%3Ag%3A3Y4AAeSwkB5qatRc	LIVE	Upper Deck Young Guns #492 Matvei Michkov Rookie Philadelphia Flyers 2024-25 S2	{"title":"Upper Deck Young Guns #492 Matvei Michkov Rookie Philadelphia Flyers 2024-25 S2","preliminaryScopeStatus":"DISCOVERY_SCOPE_PASS","queryFamilyIds":["matvei-michkov.exact-young-guns","matvei-michkov.matvey-first-name"],"preliminaryRisks":[]}	{"status":"UNVERIFIED","verification":"native-browse-title-and-marketplace-images-only","frontVerified":false,"backVerified":false}	preliminary|fd47b0af93c6e3c54d	ebay|nashercards|v1|128001464354|0	https://i.ebayimg.com/images/g/3Y4AAeSwkB5qatRc/s-l225.jpg	https://i.ebayimg.com/images/g/3Y4AAeSwkB5qatRc/s-l1200.jpg	FALSE	FALSE	FALSE	FALSE	{}											UNASSESSED	[]	17																		INSUFFICIENT																	MANUAL REVIEW / UNPRICED	FALSE	FALSE	["exact_parallel_or_variation_not_verified","front_and_back_identity_not_verified","full_delivered_acquisition_cost_not_proven","identical_completed_sales_not_loaded","instacomp_exact_market_not_completed","owned_copy_exclusion_not_proven"]	{"endpoints":["matvei_michkov_young_guns"],"candidateId":"ebay:v1|128001464354|0","listingItemId":"v1|128001464354|0","queryFamilyIds":["matvei-michkov.exact-young-guns","matvei-michkov.matvey-first-name"],"buyingOptions":["FIXED_PRICE","BEST_OFFER"],"condition":"Ungraded","itemCreationDate":"2026-07-30T04:36:07.000Z","itemEndDate":null,"imageUrls":["https://i.ebayimg.com/images/g/3Y4AAeSwkB5qatRc/s-l225.jpg","https://i.ebayimg.com/images/g/3Y4AAeSwkB5qatRc/s-l1200.jpg"],"preliminaryScopeStatus":"DISCOVERY_SCOPE_PASS","preliminaryRisks":[]}
cand-s4-ebay-e1c3a5aa6dc87e888c	dh-20260730T170046Z-7d4c2a91	4	2026-07-30T17:05:44.524826+00:00	MATVEI MICHKOV YOUNG GUNS / young_guns_deal_and_misspelling	Matvei Michkov	young_guns_rookie_card	eBay	nashercards		v1|128001468207|0	https://www.ebay.com/itm/128001468207?_skw=Matvei+Michkov+Young+Guns+rookie&hash=item1dcd7b672f%3Ag%3ArvwAAeSwxUxqatV0	LIVE	Upper Deck Young Guns #492 Matvei Michkov Rookie Philadelphia Flyers 2024-25 S2	{"title":"Upper Deck Young Guns #492 Matvei Michkov Rookie Philadelphia Flyers 2024-25 S2","preliminaryScopeStatus":"DISCOVERY_SCOPE_PASS","queryFamilyIds":["matvei-michkov.exact-young-guns","matvei-michkov.matvey-first-name"],"preliminaryRisks":[]}	{"status":"UNVERIFIED","verification":"native-browse-title-and-marketplace-images-only","frontVerified":false,"backVerified":false}	preliminary|e1c3a5aa6dc87e888c	ebay|nashercards|v1|128001468207|0	https://i.ebayimg.com/images/g/rvwAAeSwxUxqatV0/s-l225.jpg	https://i.ebayimg.com/images/g/rvwAAeSwxUxqatV0/s-l1200.jpg	FALSE	FALSE	FALSE	FALSE	{}											UNASSESSED	[]	17																		INSUFFICIENT																	MANUAL REVIEW / UNPRICED	FALSE	FALSE	["exact_parallel_or_variation_not_verified","front_and_back_identity_not_verified","full_delivered_acquisition_cost_not_proven","identical_completed_sales_not_loaded","instacomp_exact_market_not_completed","owned_copy_exclusion_not_proven"]	{"endpoints":["matvei_michkov_young_guns"],"candidateId":"ebay:v1|128001468207|0","listingItemId":"v1|128001468207|0","queryFamilyIds":["matvei-michkov.exact-young-guns","matvei-michkov.matvey-first-name"],"buyingOptions":["FIXED_PRICE","BEST_OFFER"],"condition":"Ungraded","itemCreationDate":"2026-07-30T04:40:06.000Z","itemEndDate":null,"imageUrls":["https://i.ebayimg.com/images/g/rvwAAeSwxUxqatV0/s-l225.jpg","https://i.ebayimg.com/images/g/rvwAAeSwxUxqatV0/s-l1200.jpg"],"preliminaryScopeStatus":"DISCOVERY_SCOPE_PASS","preliminaryRisks":[]}
cand-s4-ebay-355827087f08c8360a	dh-20260730T170046Z-7d4c2a91	4	2026-07-30T17:05:44.524826+00:00	MATVEI MICHKOV YOUNG GUNS / young_guns_deal_and_misspelling	Matvei Michkov	young_guns_rookie_card	eBay	abianchini23		v1|137218028773|0	https://www.ebay.com/itm/137218028773?_skw=Matvei+Michkov+Young+Guns+rookie&hash=item1ff2d4f4e5%3Ag%3AGqsAAeSwYJFpokh2&amdata=enc%3AAQALAAABAACCtXRWQnOEpyOqnQQ8KGYKK21nBSouPEIE1ebOmhwZc%2BIzgcstdh63%2BdNc8Y0BNRfzd%2Fg7HypfmrCWUAOvdxXqDbCryxk5P8Rc1yZXQx13dCtPx5sbXRevb11Y742XAZu2aFnr%2FWKb%2BmK8po4xdSYB3XPCICTnPjp45sHCrKkUIbvH%2BB8H4StniT45cs7fu1ha2FGr9F3ZK6ywVmP8SIkSCZesq9l6AQ2uYsdxh92ZF%2FgrOHeArhyg0IS8bQx3qWw9C0ssu8eI1PdwsgPiSAgDGk1FfiHHZKf7ZCBaPRNewR0h%2BnHI4YjGD7322Bo912wpdF%2F4E%2FYykRjnNGakvsI%3D	LIVE	2024-25 Upper Deck Series 2 - Young Guns Matvei Michkov #492 Rookie RC	{"title":"2024-25 Upper Deck Series 2 - Young Guns Matvei Michkov #492 Rookie RC","preliminaryScopeStatus":"DISCOVERY_SCOPE_PASS","queryFamilyIds":["matvei-michkov.exact-young-guns","matvei-michkov.matvey-first-name"],"preliminaryRisks":[]}	{"status":"UNVERIFIED","verification":"native-browse-title-and-marketplace-images-only","frontVerified":false,"backVerified":false}	preliminary|355827087f08c8360a	ebay|abianchini23|v1|137218028773|0	https://i.ebayimg.com/images/g/GqsAAeSwYJFpokh2/s-l225.jpg	https://i.ebayimg.com/images/g/GqsAAeSwYJFpokh2/s-l1600.jpg	FALSE	FALSE	FALSE	FALSE	{}											UNASSESSED	[]	39.99																		INSUFFICIENT																	MANUAL REVIEW / UNPRICED	FALSE	FALSE	["exact_parallel_or_variation_not_verified","front_and_back_identity_not_verified","full_delivered_acquisition_cost_not_proven","identical_completed_sales_not_loaded","instacomp_exact_market_not_completed","owned_copy_exclusion_not_proven"]	{"endpoints":["matvei_michkov_young_guns"],"candidateId":"ebay:v1|137218028773|0","listingItemId":"v1|137218028773|0","queryFamilyIds":["matvei-michkov.exact-young-guns","matvei-michkov.matvey-first-name"],"buyingOptions":["FIXED_PRICE","BEST_OFFER"],"condition":"Graded","itemCreationDate":"2026-04-11T18:33:40.000Z","itemEndDate":null,"imageUrls":["https://i.ebayimg.com/images/g/GqsAAeSwYJFpokh2/s-l225.jpg","https://i.ebayimg.com/images/g/GqsAAeSwYJFpokh2/s-l1600.jpg"],"preliminaryScopeStatus":"DISCOVERY_SCOPE_PASS","preliminaryRisks":[]}
cand-s4-ebay-dbad5e64a4574d433f	dh-20260730T170046Z-7d4c2a91	4	2026-07-30T17:05:44.524826+00:00	MATVEI MICHKOV YOUNG GUNS / young_guns_deal_and_misspelling	Matvei Michkov	young_guns_rookie_card	eBay	x_trading		v1|137261802484|0	https://www.ebay.com/itm/137261802484?_skw=Matvei+Michkov+YG+Philadelphia+Flyers&hash=item1ff570e3f4%3Ag%3AlRsAAeSwm6Zp7-mD	LIVE	2024-25 UD Series 2 - Matvei Michkov #492 - Young Guns YG Rookie RC - Flyers	{"title":"2024-25 UD Series 2 - Matvei Michkov #492 - Young Guns YG Rookie RC - Flyers","preliminaryScopeStatus":"DISCOVERY_SCOPE_PASS","queryFamilyIds":["matvei-michkov.yg-abbreviation"],"preliminaryRisks":[]}	{"status":"UNVERIFIED","verification":"native-browse-title-and-marketplace-images-only","frontVerified":false,"backVerified":false}	preliminary|dbad5e64a4574d433f	ebay|x_trading|v1|137261802484|0	https://i.ebayimg.com/images/g/lRsAAeSwm6Zp7-mD/s-l225.jpg	https://i.ebayimg.com/images/g/lRsAAeSwm6Zp7-mD/s-l1600.jpg	FALSE	FALSE	FALSE	FALSE	{}											UNASSESSED	[]	21.36	11.38																	INSUFFICIENT																	MANUAL REVIEW / UNPRICED	FALSE	FALSE	["exact_parallel_or_variation_not_verified","front_and_back_identity_not_verified","full_delivered_acquisition_cost_not_proven","identical_completed_sales_not_loaded","instacomp_exact_market_not_completed","owned_copy_exclusion_not_proven"]	{"endpoints":["matvei_michkov_young_guns"],"candidateId":"ebay:v1|137261802484|0","listingItemId":"v1|137261802484|0","queryFamilyIds":["matvei-michkov.yg-abbreviation"],"buyingOptions":["FIXED_PRICE"],"condition":"Non gradé","itemCreationDate":"2026-04-27T22:58:17.000Z","itemEndDate":null,"imageUrls":["https://i.ebayimg.com/images/g/lRsAAeSwm6Zp7-mD/s-l225.jpg","https://i.ebayimg.com/images/g/lRsAAeSwm6Zp7-mD/s-l1600.jpg"],"preliminaryScopeStatus":"DISCOVERY_SCOPE_PASS","preliminaryRisks":[]}
cand-s4-ebay-b0bbc4959a32b385c8	dh-20260730T170046Z-7d4c2a91	4	2026-07-30T17:05:44.524826+00:00	MATVEI MICHKOV YOUNG GUNS / young_guns_deal_and_misspelling	Matvei Michkov	young_guns_rookie_card	eBay	rangers2337		v1|137436210002|0	https://www.ebay.com/itm/137436210002?_skw=Matvei+Michkov+Young+Guns+parallel&hash=item1fffd62352%3Ag%3AzaMAAeSwBsFqNr5W	LIVE	2024-25 Upper Deck Series 2 - Young Guns Matvei Michkov #492 Outburst RC	{"title":"2024-25 Upper Deck Series 2 - Young Guns Matvei Michkov #492 Outburst RC","preliminaryScopeStatus":"DISCOVERY_SCOPE_PASS","queryFamilyIds":["matvei-michkov.young-guns-parallels","matvei-michkov.matvey-first-name"],"preliminaryRisks":[]}	{"status":"UNVERIFIED","verification":"native-browse-title-and-marketplace-images-only","frontVerified":false,"backVerified":false}	preliminary|b0bbc4959a32b385c8	ebay|rangers2337|v1|137436210002|0	https://i.ebayimg.com/images/g/zaMAAeSwBsFqNr5W/s-l225.jpg	https://i.ebayimg.com/images/g/zaMAAeSwBsFqNr5W/s-l1600.jpg	FALSE	FALSE	FALSE	FALSE	{}											UNASSESSED	[]	168	9.99																	INSUFFICIENT																	MANUAL REVIEW / UNPRICED	FALSE	FALSE	["exact_parallel_or_variation_not_verified","front_and_back_identity_not_verified","full_delivered_acquisition_cost_not_proven","identical_completed_sales_not_loaded","instacomp_exact_market_not_completed","owned_copy_exclusion_not_proven"]	{"endpoints":["matvei_michkov_young_guns"],"candidateId":"ebay:v1|137436210002|0","listingItemId":"v1|137436210002|0","queryFamilyIds":["matvei-michkov.young-guns-parallels","matvei-michkov.matvey-first-name"],"buyingOptions":["FIXED_PRICE","BEST_OFFER"],"condition":"Ungraded","itemCreationDate":"2026-06-20T16:23:25.000Z","itemEndDate":null,"imageUrls":["https://i.ebayimg.com/images/g/zaMAAeSwBsFqNr5W/s-l225.jpg","https://i.ebayimg.com/images/g/zaMAAeSwBsFqNr5W/s-l1600.jpg"],"preliminaryScopeStatus":"DISCOVERY_SCOPE_PASS","preliminaryRisks":[]}
cand-s4-ebay-3ceabdedf4b02e1a4d	dh-20260730T170046Z-7d4c2a91	4	2026-07-30T17:05:44.524826+00:00	MATVEI MICHKOV YOUNG GUNS / young_guns_deal_and_misspelling	Matvei Michkov	young_guns_rookie_card	eBay	sonicblue87lx		v1|147289900286|0	https://www.ebay.com/itm/147289900286?_skw=Matvei+Michkov+Young+Guns+parallel&hash=item224b2984fe%3Ag%3ACj0AAeSwI-lp9gSo	LIVE	2024-25 Upper Deck S2 - Outburst Young Guns MATVEI MICHKOV #492 (RC)	{"title":"2024-25 Upper Deck S2 - Outburst Young Guns MATVEI MICHKOV #492 (RC)","preliminaryScopeStatus":"DISCOVERY_SCOPE_PASS","queryFamilyIds":["matvei-michkov.young-guns-parallels"],"preliminaryRisks":[]}	{"status":"UNVERIFIED","verification":"native-browse-title-and-marketplace-images-only","frontVerified":false,"backVerified":false}	preliminary|3ceabdedf4b02e1a4d	ebay|sonicblue87lx|v1|147289900286|0	https://i.ebayimg.com/images/g/Cj0AAeSwI-lp9gSo/s-l225.jpg	https://i.ebayimg.com/images/g/Cj0AAeSwI-lp9gSo/s-l1600.jpg	FALSE	FALSE	FALSE	FALSE	{}											UNASSESSED	[]	199.99																		INSUFFICIENT																	MANUAL REVIEW / UNPRICED	FALSE	FALSE	["exact_parallel_or_variation_not_verified","front_and_back_identity_not_verified","full_delivered_acquisition_cost_not_proven","identical_completed_sales_not_loaded","instacomp_exact_market_not_completed","owned_copy_exclusion_not_proven"]	{"endpoints":["matvei_michkov_young_guns"],"candidateId":"ebay:v1|147289900286|0","listingItemId":"v1|147289900286|0","queryFamilyIds":["matvei-michkov.young-guns-parallels"],"buyingOptions":["FIXED_PRICE","BEST_OFFER"],"condition":"Ungraded","itemCreationDate":"2026-05-02T14:06:17.000Z","itemEndDate":null,"imageUrls":["https://i.ebayimg.com/images/g/Cj0AAeSwI-lp9gSo/s-l225.jpg","https://i.ebayimg.com/images/g/Cj0AAeSwI-lp9gSo/s-l1600.jpg"],"preliminaryScopeStatus":"DISCOVERY_SCOPE_PASS","preliminaryRisks":[]}
cand-s4-ebay-a0cde254d01de47232	dh-20260730T170046Z-7d4c2a91	4	2026-07-30T17:05:44.524826+00:00	MATVEI MICHKOV YOUNG GUNS / young_guns_deal_and_misspelling	Matvei Michkov	young_guns_rookie_card	eBay	wagdog97		v1|167919678095|0	https://www.ebay.com/itm/167919678095?_skw=Matvei+Michkov+YG+Philadelphia+Flyers&hash=item2718caf28f%3Ag%3A7hkAAeSwh79pEs0M	LIVE	2024-25 Upper Deck #496 Matvei Michkov / Ivan Fedotov Young Guns CL	{"title":"2024-25 Upper Deck #496 Matvei Michkov / Ivan Fedotov Young Guns CL","preliminaryScopeStatus":"DISCOVERY_SCOPE_PASS","queryFamilyIds":["matvei-michkov.yg-abbreviation"],"preliminaryRisks":[]}	{"status":"UNVERIFIED","verification":"native-browse-title-and-marketplace-images-only","frontVerified":false,"backVerified":false}	preliminary|a0cde254d01de47232	ebay|wagdog97|v1|167919678095|0	https://i.ebayimg.com/images/g/7hkAAeSwh79pEs0M/s-l225.jpg	https://i.ebayimg.com/images/g/7hkAAeSwh79pEs0M/s-l1600.jpg	FALSE	FALSE	FALSE	FALSE	{}											UNASSESSED	[]	3.49	1.49																	INSUFFICIENT																	MANUAL REVIEW / UNPRICED	FALSE	FALSE	["exact_parallel_or_variation_not_verified","front_and_back_identity_not_verified","full_delivered_acquisition_cost_not_proven","identical_completed_sales_not_loaded","instacomp_exact_market_not_completed","owned_copy_exclusion_not_proven"]	{"endpoints":["matvei_michkov_young_guns"],"candidateId":"ebay:v1|167919678095|0","listingItemId":"v1|167919678095|0","queryFamilyIds":["matvei-michkov.yg-abbreviation"],"buyingOptions":["FIXED_PRICE","BEST_OFFER"],"condition":"Ungraded","itemCreationDate":"2025-11-11T05:38:39.000Z","itemEndDate":null,"imageUrls":["https://i.ebayimg.com/images/g/7hkAAeSwh79pEs0M/s-l225.jpg","https://i.ebayimg.com/images/g/7hkAAeSwh79pEs0M/s-l1600.jpg"],"preliminaryScopeStatus":"DISCOVERY_SCOPE_PASS","preliminaryRisks":[]}
cand-s4-ebay-347e31f73d171f5d44	dh-20260730T170046Z-7d4c2a91	4	2026-07-30T17:05:44.524826+00:00	MATVEI MICHKOV YOUNG GUNS / young_guns_deal_and_misspelling	Matvei Michkov	young_guns_rookie_card	eBay	txslabcardshop		v1|177866313196|0	https://www.ebay.com/itm/177866313196?_skw=Matvei+Michkov+Young+Guns+parallel&hash=item2969a88dec%3Ag%3AHpgAAeSwIpVpkkbV&amdata=enc%3AAQALAAABAACCtXRWQnOEpyOqnQQ8KGYdRISpmXzvS9GfowuC5jD34pUbxPHmq0RLMj3cKPbiCtpXHcHrq1i%2FdjpufA1RvVUWihV5BRfowWQuL%2FtciZSkGGGMyUO%2FpcAha0FZB0%2B9Hvjj3F%2FJRMmXofd5SeHOL0tNlo5e26nWPPSMwv52RUEzzmdAQjsLrW65MSD7pEErzhetWAM%2F9H%2FhABV9D0Vz1N6ncQSSYqCOo9c9mqr58aIu4x31HuacDGXPHPcMdf7lzo%2FH8BF3t4VZ3MNz0XEQuYB0EuAczgiYNC0bwEzEjXC6zZc9MmgzN8vFwUflRlO%2FdSB0xnaygUN8p6%2F%2BX7ItFOc%3D	LIVE	2024-25 UD SERIES 2 MATVEI MICHKOV YOUNG GUNS #492 PSA 9	{"title":"2024-25 UD SERIES 2 MATVEI MICHKOV YOUNG GUNS #492 PSA 9","preliminaryScopeStatus":"DISCOVERY_SCOPE_PASS","queryFamilyIds":["matvei-michkov.young-guns-parallels"],"preliminaryRisks":[]}	{"status":"UNVERIFIED","verification":"native-browse-title-and-marketplace-images-only","frontVerified":false,"backVerified":false}	preliminary|347e31f73d171f5d44	ebay|txslabcardshop|v1|177866313196|0	https://i.ebayimg.com/images/g/HpgAAeSwIpVpkkbV/s-l225.jpg	https://i.ebayimg.com/images/g/HpgAAeSwIpVpkkbV/s-l1600.jpg	FALSE	FALSE	FALSE	FALSE	{}											UNASSESSED	[]	79.99	0																	INSUFFICIENT																	MANUAL REVIEW / UNPRICED	FALSE	FALSE	["exact_parallel_or_variation_not_verified","front_and_back_identity_not_verified","full_delivered_acquisition_cost_not_proven","identical_completed_sales_not_loaded","instacomp_exact_market_not_completed","owned_copy_exclusion_not_proven"]	{"endpoints":["matvei_michkov_young_guns"],"candidateId":"ebay:v1|177866313196|0","listingItemId":"v1|177866313196|0","queryFamilyIds":["matvei-michkov.young-guns-parallels"],"buyingOptions":["FIXED_PRICE","BEST_OFFER"],"condition":"Graded","itemCreationDate":"2026-02-15T22:22:44.000Z","itemEndDate":null,"imageUrls":["https://i.ebayimg.com/images/g/HpgAAeSwIpVpkkbV/s-l225.jpg","https://i.ebayimg.com/images/g/HpgAAeSwIpVpkkbV/s-l1600.jpg"],"preliminaryScopeStatus":"DISCOVERY_SCOPE_PASS","preliminaryRisks":[]}
cand-s4-ebay-fbfcdfbb9370642fbc	dh-20260730T170046Z-7d4c2a91	4	2026-07-30T17:05:44.524826+00:00	MATVEI MICHKOV YOUNG GUNS / young_guns_deal_and_misspelling	Matvei Michkov	young_guns_rookie_card	eBay	gopens0878		v1|187945375079|0	https://www.ebay.com/itm/187945375079?_skw=Matvei+Michkov+YG+Philadelphia+Flyers&hash=item2bc26ad567%3Ag%3AY1IAAeSwBS5pZVRP&amdata=enc%3AAQALAAABAACCtXRWQnOEpyOqnQQ8KGaWDocrAoSyTECKGmVwrq0hR7Z%2FrKZpoyN1C3FSbVHxy0LXjJAADw1pAB%2BQkoUrJiqqjl1%2F1mEeHjorMnlidCvND5ofCqRRwIhzJ3CU7jZGfcfzKeDqfzEQijOZhr0JxK6B8y6QGrle1N9G%2Bby9WQ2xVxhVL2d7E6O7pSWJEPRdx2%2FjWEe%2BhAlI6WDIo4A4OzGg3LIchPeFxwpqLYlRc9scDvcTbKzxOrdnNS%2B8pRvnMx%2BvavzBrW1%2Fsv%2Bptknu3ZujUajNlv4KfgQMi4%2BmP035T6nqQXDogsg69%2BKfbZAdEZciBqNUtmuJTnZHkxJzZTI%3D	LIVE	2024-25 Upper Deck #496 Matvei Michkov / Ivan Fedotov YG	{"title":"2024-25 Upper Deck #496 Matvei Michkov / Ivan Fedotov YG","preliminaryScopeStatus":"DISCOVERY_SCOPE_PASS","queryFamilyIds":["matvei-michkov.yg-abbreviation"],"preliminaryRisks":[]}	{"status":"UNVERIFIED","verification":"native-browse-title-and-marketplace-images-only","frontVerified":false,"backVerified":false}	preliminary|fbfcdfbb9370642fbc	ebay|gopens0878|v1|187945375079|0	https://i.ebayimg.com/images/g/Y1IAAeSwBS5pZVRP/s-l225.jpg	https://i.ebayimg.com/images/g/Y1IAAeSwBS5pZVRP/s-l1600.jpg	FALSE	FALSE	FALSE	FALSE	{}											UNASSESSED	[]	4.99	1.99																	INSUFFICIENT																	MANUAL REVIEW / UNPRICED	FALSE	FALSE	["exact_parallel_or_variation_not_verified","front_and_back_identity_not_verified","full_delivered_acquisition_cost_not_proven","identical_completed_sales_not_loaded","instacomp_exact_market_not_completed","owned_copy_exclusion_not_proven"]	{"endpoints":["matvei_michkov_young_guns"],"candidateId":"ebay:v1|187945375079|0","listingItemId":"v1|187945375079|0","queryFamilyIds":["matvei-michkov.yg-abbreviation"],"buyingOptions":["FIXED_PRICE"],"condition":"Ungraded","itemCreationDate":"2026-01-12T20:04:37.000Z","itemEndDate":null,"imageUrls":["https://i.ebayimg.com/images/g/Y1IAAeSwBS5pZVRP/s-l225.jpg","https://i.ebayimg.com/images/g/Y1IAAeSwBS5pZVRP/s-l1600.jpg"],"preliminaryScopeStatus":"DISCOVERY_SCOPE_PASS","preliminaryRisks":[]}
cand-s4-ebay-9d73420dddbaf215ae	dh-20260730T170046Z-7d4c2a91	4	2026-07-30T17:05:44.524826+00:00	MATVEI MICHKOV YOUNG GUNS / young_guns_deal_and_misspelling	Matvei Michkov	young_guns_rookie_card	eBay	keatingscards		v1|188390045750|0	https://www.ebay.com/itm/188390045750?_skw=Matvei+Michkov+Young+Guns+parallel&hash=item2bdcebf836%3Ag%3AaG8AAeSwSQRqCKsR&amdata=enc%3AAQALAAABAACCtXRWQnOEpyOqnQQ8KGYcywTuV1cNUT3XmpJAXwlJcB3pyy%2BHaRWm%2B1KTVhtNzxqYzNoJKDR4s5cYuA%2Bybf17FJx5iqMTu7AYo3UZkiOYbWFce5ivc3qTNXkHSZe1ueQzc%2Bsa6Qlosxo3Vkd%2BkI%2Bl9RiE9cu20eYF%2FY4JIkEPfSz2VRyJyaG4TfiuC6OAiegVsK4II%2BDeaoAAy7RnlTNN6HFDG6yqBaS02iaHKHf2%2FKjPU17NkY%2BfWXpjjZVYxEoywECIwzeimgg5weji1JlIg0i1AN01%2F8D6S6OxH1eyFb%2BXq7n2GAbUOD%2FpBMcXgnrShZfRa7MMTa--2Jsoa6E%3D	LIVE	2024-25 Upper Deck Series 2 Young Guns Matvei Michkov #492 Exclusives /100 PSA 9	{"title":"2024-25 Upper Deck Series 2 Young Guns Matvei Michkov #492 Exclusives /100 PSA 9","preliminaryScopeStatus":"DISCOVERY_SCOPE_PASS","queryFamilyIds":["matvei-michkov.young-guns-parallels"],"preliminaryRisks":[]}	{"status":"UNVERIFIED","verification":"native-browse-title-and-marketplace-images-only","frontVerified":false,"backVerified":false}	preliminary|9d73420dddbaf215ae	ebay|keatingscards|v1|188390045750|0	https://i.ebayimg.com/images/g/aG8AAeSwSQRqCKsR/s-l225.jpg	https://i.ebayimg.com/images/g/aG8AAeSwSQRqCKsR/s-l1600.jpg	FALSE	FALSE	FALSE	FALSE	{}											UNASSESSED	[]	1295																		INSUFFICIENT																	MANUAL REVIEW / UNPRICED	FALSE	FALSE	["exact_parallel_or_variation_not_verified","front_and_back_identity_not_verified","full_delivered_acquisition_cost_not_proven","identical_completed_sales_not_loaded","instacomp_exact_market_not_completed","owned_copy_exclusion_not_proven"]	{"endpoints":["matvei_michkov_young_guns"],"candidateId":"ebay:v1|188390045750|0","listingItemId":"v1|188390045750|0","queryFamilyIds":["matvei-michkov.young-guns-parallels"],"buyingOptions":["FIXED_PRICE","BEST_OFFER"],"condition":"Graded","itemCreationDate":"2026-05-16T17:37:49.000Z","itemEndDate":null,"imageUrls":["https://i.ebayimg.com/images/g/aG8AAeSwSQRqCKsR/s-l225.jpg","https://i.ebayimg.com/images/g/aG8AAeSwSQRqCKsR/s-l1600.jpg"],"preliminaryScopeStatus":"DISCOVERY_SCOPE_PASS","preliminaryRisks":[]}
cand-s4-ebay-83f4ea70ee8e67f98e	dh-20260730T170046Z-7d4c2a91	4	2026-07-30T17:05:44.524826+00:00	MATVEI MICHKOV YOUNG GUNS / young_guns_deal_and_misspelling	Matvei Michkov	young_guns_rookie_card	eBay	braunde-77		v1|197604231694|0	https://www.ebay.com/itm/197604231694?_skw=Mitchkov+Young+Guns+Philadelphia+Flyers&hash=item2e02214a0e%3Ag%3Ad6sAAeSwumFol-mi	LIVE	MATVEI MICHKOV 2024-25 UD SERIES 2 Young Guns Teammates MITCHKOV/FEDETOV	{"title":"MATVEI MICHKOV 2024-25 UD SERIES 2 Young Guns Teammates MITCHKOV/FEDETOV","preliminaryScopeStatus":"DISCOVERY_SCOPE_PASS","queryFamilyIds":["matvei-michkov.mitchkov-surname"],"preliminaryRisks":[]}	{"status":"UNVERIFIED","verification":"native-browse-title-and-marketplace-images-only","frontVerified":false,"backVerified":false}	preliminary|83f4ea70ee8e67f98e	ebay|braunde-77|v1|197604231694|0	https://i.ebayimg.com/images/g/d6sAAeSwumFol-mi/s-l225.jpg	https://i.ebayimg.com/images/g/d6sAAeSwumFol-mi/s-l1600.jpg	FALSE	FALSE	FALSE	FALSE	{}											UNASSESSED	[]	5.99																		INSUFFICIENT																	MANUAL REVIEW / UNPRICED	FALSE	FALSE	["exact_parallel_or_variation_not_verified","front_and_back_identity_not_verified","full_delivered_acquisition_cost_not_proven","identical_completed_sales_not_loaded","instacomp_exact_market_not_completed","owned_copy_exclusion_not_proven"]	{"endpoints":["matvei_michkov_young_guns"],"candidateId":"ebay:v1|197604231694|0","listingItemId":"v1|197604231694|0","queryFamilyIds":["matvei-michkov.mitchkov-surname"],"buyingOptions":["FIXED_PRICE"],"condition":"Ungraded","itemCreationDate":"2025-08-10T00:38:06.000Z","itemEndDate":null,"imageUrls":["https://i.ebayimg.com/images/g/d6sAAeSwumFol-mi/s-l225.jpg","https://i.ebayimg.com/images/g/d6sAAeSwumFol-mi/s-l1600.jpg"],"preliminaryScopeStatus":"DISCOVERY_SCOPE_PASS","preliminaryRisks":[]}
cand-s4-ebay-e563425d067992d21a	dh-20260730T170046Z-7d4c2a91	4	2026-07-30T17:05:44.524826+00:00	MATVEI MICHKOV YOUNG GUNS / young_guns_deal_and_misspelling	Matvei Michkov	young_guns_rookie_card	eBay	chasethehitcardstradinginc		v1|198090596160|0	https://www.ebay.com/itm/198090596160?_skw=Mitchkov+Young+Guns+Philadelphia+Flyers&hash=item2e1f1e9f40%3Ag%3AuHEAAeSwBEJpiW-V	LIVE	2024-25 Macklin Celebrini/Matvei Mitchkov UD Series 2 Young Guns #50 - Copy 2	{"title":"2024-25 Macklin Celebrini/Matvei Mitchkov UD Series 2 Young Guns #50 - Copy 2","preliminaryScopeStatus":"IMAGE_OR_IDENTITY_REVIEW_REQUIRED","queryFamilyIds":["matvei-michkov.mitchkov-surname"],"preliminaryRisks":["seller_name_variant_or_misspelling_detected_verify_images"]}	{"status":"UNVERIFIED","verification":"native-browse-title-and-marketplace-images-only","frontVerified":false,"backVerified":false}	preliminary|e563425d067992d21a	ebay|chasethehitcardstradinginc|v1|198090596160|0	https://i.ebayimg.com/images/g/uHEAAeSwBEJpiW-V/s-l225.jpg	https://i.ebayimg.com/images/g/uHEAAeSwBEJpiW-V/s-l1600.jpg	FALSE	FALSE	FALSE	FALSE	{}											UNASSESSED	["seller_name_variant_or_misspelling_detected_verify_images"]	10.68																		INSUFFICIENT																	MANUAL REVIEW / UNPRICED	FALSE	FALSE	["exact_parallel_or_variation_not_verified","front_and_back_identity_not_verified","full_delivered_acquisition_cost_not_proven","identical_completed_sales_not_loaded","instacomp_exact_market_not_completed","owned_copy_exclusion_not_proven","seller_name_variant_or_misspelling_detected_verify_images"]	{"endpoints":["matvei_michkov_young_guns"],"candidateId":"ebay:v1|198090596160|0","listingItemId":"v1|198090596160|0","queryFamilyIds":["matvei-michkov.mitchkov-surname"],"buyingOptions":["FIXED_PRICE","BEST_OFFER"],"condition":"Ungraded","itemCreationDate":"2026-02-09T05:25:06.000Z","itemEndDate":null,"imageUrls":["https://i.ebayimg.com/images/g/uHEAAeSwBEJpiW-V/s-l225.jpg","https://i.ebayimg.com/images/g/uHEAAeSwBEJpiW-V/s-l1600.jpg"],"preliminaryScopeStatus":"IMAGE_OR_IDENTITY_REVIEW_REQUIRED","preliminaryRisks":["seller_name_variant_or_misspelling_detected_verify_images"]}
cand-s4-ebay-932580e9e2b6d8e10a	dh-20260730T170046Z-7d4c2a91	4	2026-07-30T17:05:44.524826+00:00	MATVEI MICHKOV YOUNG GUNS / young_guns_deal_and_misspelling	Matvei Michkov	young_guns_rookie_card	eBay	dugout2		v1|198504425626|0	https://www.ebay.com/itm/198504425626?_skw=Matvei+Michkov+Young+Guns+rookie&hash=item2e37c9289a%3Ag%3Adm8AAeSwfwRqWkXu	LIVE	2024-25 Upper Deck #492 Matvei Michkov Rookie RC Young Guns	{"title":"2024-25 Upper Deck #492 Matvei Michkov Rookie RC Young Guns","preliminaryScopeStatus":"DISCOVERY_SCOPE_PASS","queryFamilyIds":["matvei-michkov.exact-young-guns","matvei-michkov.matvey-first-name"],"preliminaryRisks":[]}	{"status":"UNVERIFIED","verification":"native-browse-title-and-marketplace-images-only","frontVerified":false,"backVerified":false}	preliminary|932580e9e2b6d8e10a	ebay|dugout2|v1|198504425626|0	https://i.ebayimg.com/images/g/dm8AAeSwfwRqWkXu/s-l225.jpg	https://i.ebayimg.com/images/g/dm8AAeSwfwRqWkXu/s-l1200.jpg	FALSE	FALSE	FALSE	FALSE	{}											UNASSESSED	[]	26	1.75																	INSUFFICIENT																	MANUAL REVIEW / UNPRICED	FALSE	FALSE	["exact_parallel_or_variation_not_verified","front_and_back_identity_not_verified","full_delivered_acquisition_cost_not_proven","identical_completed_sales_not_loaded","instacomp_exact_market_not_completed","owned_copy_exclusion_not_proven"]	{"endpoints":["matvei_michkov_young_guns"],"candidateId":"ebay:v1|198504425626|0","listingItemId":"v1|198504425626|0","queryFamilyIds":["matvei-michkov.exact-young-guns","matvei-michkov.matvey-first-name"],"buyingOptions":["FIXED_PRICE","BEST_OFFER"],"condition":"Ungraded","itemCreationDate":"2026-07-17T15:09:30.000Z","itemEndDate":null,"imageUrls":["https://i.ebayimg.com/images/g/dm8AAeSwfwRqWkXu/s-l225.jpg","https://i.ebayimg.com/images/g/dm8AAeSwfwRqWkXu/s-l1200.jpg"],"preliminaryScopeStatus":"DISCOVERY_SCOPE_PASS","preliminaryRisks":[]}
cand-s4-ebay-65715bffa64bb965c0	dh-20260730T170046Z-7d4c2a91	4	2026-07-30T17:05:44.524826+00:00	MATVEI MICHKOV YOUNG GUNS / young_guns_deal_and_misspelling	Matvei Michkov	young_guns_rookie_card	eBay	zigzags824		v1|206351709906|0	https://www.ebay.com/itm/206351709906?_skw=Matvei+Michkov+Young+Guns+parallel&hash=item300b8536d2%3Ag%3AhokAAeSwqV1qMWof	LIVE	2024-25 Upper Deck Series 2 Matvei Michkov Young Guns #492 SGC 9.5	{"title":"2024-25 Upper Deck Series 2 Matvei Michkov Young Guns #492 SGC 9.5","preliminaryScopeStatus":"DISCOVERY_SCOPE_PASS","queryFamilyIds":["matvei-michkov.young-guns-parallels"],"preliminaryRisks":[]}	{"status":"UNVERIFIED","verification":"native-browse-title-and-marketplace-images-only","frontVerified":false,"backVerified":false}	preliminary|65715bffa64bb965c0	ebay|zigzags824|v1|206351709906|0	https://i.ebayimg.com/images/g/hokAAeSwqV1qMWof/s-l225.jpg	https://i.ebayimg.com/images/g/hokAAeSwqV1qMWof/s-l1600.jpg	FALSE	FALSE	FALSE	FALSE	{}											UNASSESSED	[]	45																		INSUFFICIENT																	MANUAL REVIEW / UNPRICED	FALSE	FALSE	["exact_parallel_or_variation_not_verified","front_and_back_identity_not_verified","full_delivered_acquisition_cost_not_proven","identical_completed_sales_not_loaded","instacomp_exact_market_not_completed","owned_copy_exclusion_not_proven"]	{"endpoints":["matvei_michkov_young_guns"],"candidateId":"ebay:v1|206351709906|0","listingItemId":"v1|206351709906|0","queryFamilyIds":["matvei-michkov.young-guns-parallels"],"buyingOptions":["FIXED_PRICE","BEST_OFFER"],"condition":"Graded","itemCreationDate":"2026-06-16T15:28:04.000Z","itemEndDate":null,"imageUrls":["https://i.ebayimg.com/images/g/hokAAeSwqV1qMWof/s-l225.jpg","https://i.ebayimg.com/images/g/hokAAeSwqV1qMWof/s-l1600.jpg"],"preliminaryScopeStatus":"DISCOVERY_SCOPE_PASS","preliminaryRisks":[]}
cand-s4-ebay-66e890bd010df30a9b	dh-20260730T170046Z-7d4c2a91	4	2026-07-30T17:05:44.524826+00:00	MATVEI MICHKOV YOUNG GUNS / young_guns_deal_and_misspelling	Matvei Michkov	young_guns_rookie_card	eBay	viking1193		v1|206421267744|0	https://www.ebay.com/itm/206421267744?_skw=Matvei+Michkov+Young+Guns+rookie&hash=item300faa9520%3Ag%3AWFoAAeSwtPhqWig4	LIVE	MATVEI MICHKOV - 2024 Upper Deck Young Guns #492, PSA 8	{"title":"MATVEI MICHKOV - 2024 Upper Deck Young Guns #492, PSA 8","preliminaryScopeStatus":"DISCOVERY_SCOPE_PASS","queryFamilyIds":["matvei-michkov.exact-young-guns","matvei-michkov.matvey-first-name"],"preliminaryRisks":[]}	{"status":"UNVERIFIED","verification":"native-browse-title-and-marketplace-images-only","frontVerified":false,"backVerified":false}	preliminary|66e890bd010df30a9b	ebay|viking1193|v1|206421267744|0	https://i.ebayimg.com/images/g/WFoAAeSwtPhqWig4/s-l225.jpg	https://i.ebayimg.com/images/g/WFoAAeSwtPhqWig4/s-l1600.jpg	FALSE	FALSE	FALSE	FALSE	{}											UNASSESSED	[]	20																		INSUFFICIENT																	MANUAL REVIEW / UNPRICED	FALSE	FALSE	["exact_parallel_or_variation_not_verified","front_and_back_identity_not_verified","full_delivered_acquisition_cost_not_proven","identical_completed_sales_not_loaded","instacomp_exact_market_not_completed","owned_copy_exclusion_not_proven"]	{"endpoints":["matvei_michkov_young_guns"],"candidateId":"ebay:v1|206421267744|0","listingItemId":"v1|206421267744|0","queryFamilyIds":["matvei-michkov.exact-young-guns","matvei-michkov.matvey-first-name"],"buyingOptions":["FIXED_PRICE"],"condition":"Graded","itemCreationDate":"2026-07-17T13:04:19.000Z","itemEndDate":null,"imageUrls":["https://i.ebayimg.com/images/g/WFoAAeSwtPhqWig4/s-l225.jpg","https://i.ebayimg.com/images/g/WFoAAeSwtPhqWig4/s-l1600.jpg"],"preliminaryScopeStatus":"DISCOVERY_SCOPE_PASS","preliminaryRisks":[]}
cand-s4-ebay-d65700f494e63d1ff7	dh-20260730T170046Z-7d4c2a91	4	2026-07-30T17:05:44.524826+00:00	MATVEI MICHKOV YOUNG GUNS / young_guns_deal_and_misspelling	Matvei Michkov	young_guns_rookie_card	eBay	1stroundcollectibles		v1|226996053840|0	https://www.ebay.com/itm/226996053840?_skw=Matvei+Michkov+YG+Philadelphia+Flyers&hash=item34da04e750%3Ag%3AW6EAAeSwYFFo2ES3&amdata=enc%3AAQALAAABAACCtXRWQnOEpyOqnQQ8KGb56jKtolphC7AuZuK5ds%2F26p7atwDUj%2Brh0IVVCT8eaAs%2BDqriwuF1T%2FHQRysiBC%2FNeleqT8mtPNMN9o64PrbAhIVShCseI4cXGbXjZtPD6OTpxPrGd6DxvqvLW4EMf1Dd3eC6tSPkup%2BrDpiM%2Fpxo8ZDSxKpFRWAO5wvMQAyOUSuEM8JVJCM78QmZYlLu1ZQoimRKSpTu9piRUWSXDS%2B%2BBOgxaWPPSVNAk3NElI4uBoC%2FVRuVc4%2BlMR7LNvrnQ5r6Mv%2FQTxIbAL0C6Sm4GGxXxpcmbT8OS%2Bk37y%2FmgZ%2F3jQ0odcKDrBPNFzMc%2F8hiNXw%3D	LIVE	Matvei Michkov Ivan Fedetov BGS 9.5: 2024-25 Upper Deck YG Teammates #496 POP 4	{"title":"Matvei Michkov Ivan Fedetov BGS 9.5: 2024-25 Upper Deck YG Teammates #496 POP 4","preliminaryScopeStatus":"DISCOVERY_SCOPE_PASS","queryFamilyIds":["matvei-michkov.yg-abbreviation"],"preliminaryRisks":[]}	{"status":"UNVERIFIED","verification":"native-browse-title-and-marketplace-images-only","frontVerified":false,"backVerified":false}	preliminary|d65700f494e63d1ff7	ebay|1stroundcollectibles|v1|226996053840|0	https://i.ebayimg.com/images/g/W6EAAeSwYFFo2ES3/s-l225.jpg	https://i.ebayimg.com/images/g/W6EAAeSwYFFo2ES3/s-l640.jpg	FALSE	FALSE	FALSE	FALSE	{}											UNASSESSED	[]	32.49	5.95																	INSUFFICIENT																	MANUAL REVIEW / UNPRICED	FALSE	FALSE	["exact_parallel_or_variation_not_verified","front_and_back_identity_not_verified","full_delivered_acquisition_cost_not_proven","identical_completed_sales_not_loaded","instacomp_exact_market_not_completed","owned_copy_exclusion_not_proven"]	{"endpoints":["matvei_michkov_young_guns"],"candidateId":"ebay:v1|226996053840|0","listingItemId":"v1|226996053840|0","queryFamilyIds":["matvei-michkov.yg-abbreviation"],"buyingOptions":["FIXED_PRICE","BEST_OFFER"],"condition":"Graded","itemCreationDate":"2025-09-27T20:17:07.000Z","itemEndDate":null,"imageUrls":["https://i.ebayimg.com/images/g/W6EAAeSwYFFo2ES3/s-l225.jpg","https://i.ebayimg.com/images/g/W6EAAeSwYFFo2ES3/s-l640.jpg"],"preliminaryScopeStatus":"DISCOVERY_SCOPE_PASS","preliminaryRisks":[]}
cand-s4-ebay-81a191d12a88b07c4a	dh-20260730T170046Z-7d4c2a91	4	2026-07-30T17:05:44.524826+00:00	MATVEI MICHKOV YOUNG GUNS / young_guns_deal_and_misspelling	Matvei Michkov	young_guns_rookie_card	eBay	card-depot		v1|227175766557|0	https://www.ebay.com/itm/227175766557?_skw=Matvei+Michkov+YG+Philadelphia+Flyers&hash=item34e4bb1a1d%3Ag%3A1n4AAeSwmwNpaUv2	LIVE	2024-25 Upper Deck Exclusives #496 Matvei Michkov / Ivan Fedotov YG 88/100	{"title":"2024-25 Upper Deck Exclusives #496 Matvei Michkov / Ivan Fedotov YG 88/100","preliminaryScopeStatus":"DISCOVERY_SCOPE_PASS","queryFamilyIds":["matvei-michkov.yg-abbreviation"],"preliminaryRisks":[]}	{"status":"UNVERIFIED","verification":"native-browse-title-and-marketplace-images-only","frontVerified":false,"backVerified":false}	preliminary|81a191d12a88b07c4a	ebay|card-depot|v1|227175766557|0	https://i.ebayimg.com/images/g/1n4AAeSwmwNpaUv2/s-l225.jpg	https://i.ebayimg.com/images/g/1n4AAeSwmwNpaUv2/s-l1600.jpg	FALSE	FALSE	FALSE	FALSE	{}											UNASSESSED	[]	35.56	8.9																	INSUFFICIENT																	MANUAL REVIEW / UNPRICED	FALSE	FALSE	["exact_parallel_or_variation_not_verified","front_and_back_identity_not_verified","full_delivered_acquisition_cost_not_proven","identical_completed_sales_not_loaded","instacomp_exact_market_not_completed","owned_copy_exclusion_not_proven"]	{"endpoints":["matvei_michkov_young_guns"],"candidateId":"ebay:v1|227175766557|0","listingItemId":"v1|227175766557|0","queryFamilyIds":["matvei-michkov.yg-abbreviation"],"buyingOptions":["FIXED_PRICE","BEST_OFFER"],"condition":"Ungraded","itemCreationDate":"2026-01-15T20:48:25.000Z","itemEndDate":null,"imageUrls":["https://i.ebayimg.com/images/g/1n4AAeSwmwNpaUv2/s-l225.jpg","https://i.ebayimg.com/images/g/1n4AAeSwmwNpaUv2/s-l1600.jpg"],"preliminaryScopeStatus":"DISCOVERY_SCOPE_PASS","preliminaryRisks":[]}
cand-s4-ebay-0ed00d4170f237efb9	dh-20260730T170046Z-7d4c2a91	4	2026-07-30T17:05:44.524826+00:00	MATVEI MICHKOV YOUNG GUNS / young_guns_deal_and_misspelling	Matvei Michkov	young_guns_rookie_card	eBay	dauminator1215		v1|227326866804|0	https://www.ebay.com/itm/227326866804?_skw=Matvei+Michkov+Young+Guns+parallel&hash=item34edbcb574%3Ag%3Au7AAAeSwANFp9jTI	LIVE	24-25 UD Series 2 Hockey Deluxe Parallel Young Guns 492 Matvei Michkov /250	{"title":"24-25 UD Series 2 Hockey Deluxe Parallel Young Guns 492 Matvei Michkov /250","preliminaryScopeStatus":"DISCOVERY_SCOPE_PASS","queryFamilyIds":["matvei-michkov.young-guns-parallels"],"preliminaryRisks":[]}	{"status":"UNVERIFIED","verification":"native-browse-title-and-marketplace-images-only","frontVerified":false,"backVerified":false}	preliminary|0ed00d4170f237efb9	ebay|dauminator1215|v1|227326866804|0	https://i.ebayimg.com/images/g/u7AAAeSwANFp9jTI/s-l225.jpg	https://i.ebayimg.com/images/g/u7AAAeSwANFp9jTI/s-l1600.jpg	FALSE	FALSE	FALSE	FALSE	{}											UNASSESSED	[]	399.99	9.99																	INSUFFICIENT																	MANUAL REVIEW / UNPRICED	FALSE	FALSE	["exact_parallel_or_variation_not_verified","front_and_back_identity_not_verified","full_delivered_acquisition_cost_not_proven","identical_completed_sales_not_loaded","instacomp_exact_market_not_completed","owned_copy_exclusion_not_proven"]	{"endpoints":["matvei_michkov_young_guns"],"candidateId":"ebay:v1|227326866804|0","listingItemId":"v1|227326866804|0","queryFamilyIds":["matvei-michkov.young-guns-parallels"],"buyingOptions":["FIXED_PRICE","BEST_OFFER"],"condition":"Ungraded","itemCreationDate":"2026-05-02T17:32:48.000Z","itemEndDate":null,"imageUrls":["https://i.ebayimg.com/images/g/u7AAAeSwANFp9jTI/s-l225.jpg","https://i.ebayimg.com/images/g/u7AAAeSwANFp9jTI/s-l1600.jpg"],"preliminaryScopeStatus":"DISCOVERY_SCOPE_PASS","preliminaryRisks":[]}
cand-s4-ebay-b2c757edc33d6d7eee	dh-20260730T170046Z-7d4c2a91	4	2026-07-30T17:05:44.524826+00:00	MATVEI MICHKOV YOUNG GUNS / young_guns_deal_and_misspelling	Matvei Michkov	young_guns_rookie_card	eBay	candmsports		v1|227338350454|0	https://www.ebay.com/itm/227338350454?_skw=Matvei+Michkov+YG+Philadelphia+Flyers&hash=item34ee6bef76%3Ag%3A3fwAAeSw6YZqAKTt	LIVE	2024-25 Upper Deck #492 Matvei Michkov YG RC PSA 8	{"title":"2024-25 Upper Deck #492 Matvei Michkov YG RC PSA 8","preliminaryScopeStatus":"DISCOVERY_SCOPE_PASS","queryFamilyIds":["matvei-michkov.yg-abbreviation"],"preliminaryRisks":[]}	{"status":"UNVERIFIED","verification":"native-browse-title-and-marketplace-images-only","frontVerified":false,"backVerified":false}	preliminary|b2c757edc33d6d7eee	ebay|candmsports|v1|227338350454|0	https://i.ebayimg.com/images/g/3fwAAeSw6YZqAKTt/s-l225.jpg	https://i.ebayimg.com/images/g/3fwAAeSw6YZqAKTt/s-l1600.jpg	FALSE	FALSE	FALSE	FALSE	{}											UNASSESSED	[]	40																		INSUFFICIENT																	MANUAL REVIEW / UNPRICED	FALSE	FALSE	["exact_parallel_or_variation_not_verified","front_and_back_identity_not_verified","full_delivered_acquisition_cost_not_proven","identical_completed_sales_not_loaded","instacomp_exact_market_not_completed","owned_copy_exclusion_not_proven"]	{"endpoints":["matvei_michkov_young_guns"],"candidateId":"ebay:v1|227338350454|0","listingItemId":"v1|227338350454|0","queryFamilyIds":["matvei-michkov.yg-abbreviation"],"buyingOptions":["FIXED_PRICE","BEST_OFFER"],"condition":"Graded","itemCreationDate":"2026-05-10T15:36:51.000Z","itemEndDate":null,"imageUrls":["https://i.ebayimg.com/images/g/3fwAAeSw6YZqAKTt/s-l225.jpg","https://i.ebayimg.com/images/g/3fwAAeSw6YZqAKTt/s-l1600.jpg"],"preliminaryScopeStatus":"DISCOVERY_SCOPE_PASS","preliminaryRisks":[]}
cand-s4-ebay-de6d4bf6f6499d0163	dh-20260730T170046Z-7d4c2a91	4	2026-07-30T17:05:44.524826+00:00	MATVEI MICHKOV YOUNG GUNS / young_guns_deal_and_misspelling	Matvei Michkov	young_guns_rookie_card	eBay	comc_consignment		v1|236919072995|0	https://www.ebay.com/itm/236919072995?_skw=Matvei+Michkov+Young+Guns+parallel&hash=item37297a28e3%3Ag%3An4AAAeSwxARqSsav	LIVE	2024-25 Upper Deck Series 2 Young Guns Silver Foil Matvei Michkov Rookie RC 5x5	{"title":"2024-25 Upper Deck Series 2 Young Guns Silver Foil Matvei Michkov Rookie RC 5x5","preliminaryScopeStatus":"DISCOVERY_SCOPE_PASS","queryFamilyIds":["matvei-michkov.young-guns-parallels"],"preliminaryRisks":[]}	{"status":"UNVERIFIED","verification":"native-browse-title-and-marketplace-images-only","frontVerified":false,"backVerified":false}	preliminary|de6d4bf6f6499d0163	ebay|comc_consignment|v1|236919072995|0	https://i.ebayimg.com/images/g/n4AAAeSwxARqSsav/s-l225.jpg	https://i.ebayimg.com/images/g/n4AAAeSwxARqSsav/s-l960.jpg	FALSE	FALSE	FALSE	FALSE	{}											UNASSESSED	[]	203.03	4.99																	INSUFFICIENT																	MANUAL REVIEW / UNPRICED	FALSE	FALSE	["exact_parallel_or_variation_not_verified","front_and_back_identity_not_verified","full_delivered_acquisition_cost_not_proven","identical_completed_sales_not_loaded","instacomp_exact_market_not_completed","owned_copy_exclusion_not_proven"]	{"endpoints":["matvei_michkov_young_guns"],"candidateId":"ebay:v1|236919072995|0","listingItemId":"v1|236919072995|0","queryFamilyIds":["matvei-michkov.young-guns-parallels"],"buyingOptions":["FIXED_PRICE"],"condition":"Ungraded","itemCreationDate":"2026-07-05T21:01:39.000Z","itemEndDate":null,"imageUrls":["https://i.ebayimg.com/images/g/n4AAAeSwxARqSsav/s-l225.jpg","https://i.ebayimg.com/images/g/n4AAAeSwxARqSsav/s-l960.jpg"],"preliminaryScopeStatus":"DISCOVERY_SCOPE_PASS","preliminaryRisks":[]}
cand-s4-ebay-7691cbc4f332dbd1d5	dh-20260730T170046Z-7d4c2a91	4	2026-07-30T17:05:44.524826+00:00	MATVEI MICHKOV YOUNG GUNS / young_guns_deal_and_misspelling	Matvei Michkov	young_guns_rookie_card	eBay	therealhbk28		v1|236925644398|0	https://www.ebay.com/itm/236925644398?_skw=Matvey+Michkov+Young+Guns&hash=item3729de6e6e%3Ag%3A0ZsAAeSwFy9qTrP4	LIVE	2024-25 Upper Deck Series 2 Young Guns CLEAR CUT Matvei Michkov RC #492 Flyers	{"title":"2024-25 Upper Deck Series 2 Young Guns CLEAR CUT Matvei Michkov RC #492 Flyers","preliminaryScopeStatus":"DISCOVERY_SCOPE_PASS","queryFamilyIds":["matvei-michkov.matvey-first-name"],"preliminaryRisks":[]}	{"status":"UNVERIFIED","verification":"native-browse-title-and-marketplace-images-only","frontVerified":false,"backVerified":false}	preliminary|7691cbc4f332dbd1d5	ebay|therealhbk28|v1|236925644398|0	https://i.ebayimg.com/images/g/0ZsAAeSwFy9qTrP4/s-l225.jpg	https://i.ebayimg.com/images/g/0ZsAAeSwFy9qTrP4/s-l1600.jpg	FALSE	FALSE	FALSE	FALSE	{}											UNASSESSED	[]	300																		INSUFFICIENT																	MANUAL REVIEW / UNPRICED	FALSE	FALSE	["exact_parallel_or_variation_not_verified","front_and_back_identity_not_verified","full_delivered_acquisition_cost_not_proven","identical_completed_sales_not_loaded","instacomp_exact_market_not_completed","owned_copy_exclusion_not_proven"]	{"endpoints":["matvei_michkov_young_guns"],"candidateId":"ebay:v1|236925644398|0","listingItemId":"v1|236925644398|0","queryFamilyIds":["matvei-michkov.matvey-first-name"],"buyingOptions":["FIXED_PRICE","BEST_OFFER"],"condition":"Ungraded","itemCreationDate":"2026-07-08T20:36:06.000Z","itemEndDate":null,"imageUrls":["https://i.ebayimg.com/images/g/0ZsAAeSwFy9qTrP4/s-l225.jpg","https://i.ebayimg.com/images/g/0ZsAAeSwFy9qTrP4/s-l1600.jpg"],"preliminaryScopeStatus":"DISCOVERY_SCOPE_PASS","preliminaryRisks":[]}
cand-s4-ebay-e9839aa429aa1d74bd	dh-20260730T170046Z-7d4c2a91	4	2026-07-30T17:05:44.524826+00:00	MATVEI MICHKOV YOUNG GUNS / young_guns_deal_and_misspelling	Matvei Michkov	young_guns_rookie_card	eBay	comc_consignment		v1|236935845800|0	https://www.ebay.com/itm/236935845800?_skw=Matvei+Michkov+Young+Guns+rookie&hash=item372a7a17a8%3Ag%3AmbMAAeSwEFNqVzW%7E	LIVE	2024 Series 2 Young Guns Outburst Red 25/25 Matvei Michkov #492 Rookie RC 1j6p	{"title":"2024 Series 2 Young Guns Outburst Red 25/25 Matvei Michkov #492 Rookie RC 1j6p","preliminaryScopeStatus":"IMAGE_OR_IDENTITY_REVIEW_REQUIRED","queryFamilyIds":["matvei-michkov.exact-young-guns","matvei-michkov.young-guns-parallels","matvei-michkov.matvey-first-name"],"preliminaryRisks":["upper_deck_not_explicit_verify_product"]}	{"status":"UNVERIFIED","verification":"native-browse-title-and-marketplace-images-only","frontVerified":false,"backVerified":false}	preliminary|e9839aa429aa1d74bd	ebay|comc_consignment|v1|236935845800|0	https://i.ebayimg.com/images/g/mbMAAeSwEFNqVzW~/s-l225.jpg	https://i.ebayimg.com/images/g/mbMAAeSwEFNqVzW~/s-l960.jpg	FALSE	FALSE	FALSE	FALSE	{}											UNASSESSED	["upper_deck_not_explicit_verify_product"]	2175	4.99																	INSUFFICIENT																	MANUAL REVIEW / UNPRICED	FALSE	FALSE	["exact_parallel_or_variation_not_verified","front_and_back_identity_not_verified","full_delivered_acquisition_cost_not_proven","identical_completed_sales_not_loaded","instacomp_exact_market_not_completed","owned_copy_exclusion_not_proven","upper_deck_not_explicit_verify_product"]	{"endpoints":["matvei_michkov_young_guns"],"candidateId":"ebay:v1|236935845800|0","listingItemId":"v1|236935845800|0","queryFamilyIds":["matvei-michkov.exact-young-guns","matvei-michkov.young-guns-parallels","matvei-michkov.matvey-first-name"],"buyingOptions":["FIXED_PRICE"],"condition":"Ungraded","itemCreationDate":"2026-07-13T18:36:38.000Z","itemEndDate":null,"imageUrls":["https://i.ebayimg.com/images/g/mbMAAeSwEFNqVzW~/s-l225.jpg","https://i.ebayimg.com/images/g/mbMAAeSwEFNqVzW~/s-l960.jpg"],"preliminaryScopeStatus":"IMAGE_OR_IDENTITY_REVIEW_REQUIRED","preliminaryRisks":["upper_deck_not_explicit_verify_product"]}
cand-s4-ebay-5ffb78b92f5bbd7b3a	dh-20260730T170046Z-7d4c2a91	4	2026-07-30T17:05:44.524826+00:00	MATVEI MICHKOV YOUNG GUNS / young_guns_deal_and_misspelling	Matvei Michkov	young_guns_rookie_card	eBay	comc_consignment		v1|236936657003|0	https://www.ebay.com/itm/236936657003?_skw=Matvei+Michkov+Young+Guns+rookie&hash=item372a86786b%3Ag%3Al00AAeSwstBqVarU	LIVE	2024 Upper Deck Series 2 Young Guns Deluxe 184/250 Matvei Michkov Rookie RC 09br	{"title":"2024 Upper Deck Series 2 Young Guns Deluxe 184/250 Matvei Michkov Rookie RC 09br","preliminaryScopeStatus":"DISCOVERY_SCOPE_PASS","queryFamilyIds":["matvei-michkov.exact-young-guns","matvei-michkov.young-guns-parallels"],"preliminaryRisks":[]}	{"status":"UNVERIFIED","verification":"native-browse-title-and-marketplace-images-only","frontVerified":false,"backVerified":false}	preliminary|5ffb78b92f5bbd7b3a	ebay|comc_consignment|v1|236936657003|0	https://i.ebayimg.com/images/g/l00AAeSwstBqVarU/s-l225.jpg	https://i.ebayimg.com/images/g/l00AAeSwstBqVarU/s-l1200.jpg	FALSE	FALSE	FALSE	FALSE	{}											UNASSESSED	[]	342.2	4.99																	INSUFFICIENT																	MANUAL REVIEW / UNPRICED	FALSE	FALSE	["exact_parallel_or_variation_not_verified","front_and_back_identity_not_verified","full_delivered_acquisition_cost_not_proven","identical_completed_sales_not_loaded","instacomp_exact_market_not_completed","owned_copy_exclusion_not_proven"]	{"endpoints":["matvei_michkov_young_guns"],"candidateId":"ebay:v1|236936657003|0","listingItemId":"v1|236936657003|0","queryFamilyIds":["matvei-michkov.exact-young-guns","matvei-michkov.young-guns-parallels"],"buyingOptions":["FIXED_PRICE"],"condition":"Graded","itemCreationDate":"2026-07-14T03:17:44.000Z","itemEndDate":null,"imageUrls":["https://i.ebayimg.com/images/g/l00AAeSwstBqVarU/s-l225.jpg","https://i.ebayimg.com/images/g/l00AAeSwstBqVarU/s-l1200.jpg"],"preliminaryScopeStatus":"DISCOVERY_SCOPE_PASS","preliminaryRisks":[]}
cand-s4-ebay-f0f2ba1a45165feca6	dh-20260730T170046Z-7d4c2a91	4	2026-07-30T17:05:44.524826+00:00	MATVEI MICHKOV YOUNG GUNS / young_guns_deal_and_misspelling	Matvei Michkov	young_guns_rookie_card	eBay	central_texas_baseball_and_more		v1|257232182916|0	https://www.ebay.com/itm/257232182916?_skw=Matvei+Michkov+YG+Philadelphia+Flyers&hash=item3be43b9e84%3Ag%3AxbEAAeSwITNpKH5O	LIVE	2024-25 Upper Deck Matvei Michkov / Ivan Fedotov YG, UER #496	{"title":"2024-25 Upper Deck Matvei Michkov / Ivan Fedotov YG, UER #496","preliminaryScopeStatus":"DISCOVERY_SCOPE_PASS","queryFamilyIds":["matvei-michkov.yg-abbreviation"],"preliminaryRisks":[]}	{"status":"UNVERIFIED","verification":"native-browse-title-and-marketplace-images-only","frontVerified":false,"backVerified":false}	preliminary|f0f2ba1a45165feca6	ebay|central_texas_baseball_and_more|v1|257232182916|0	https://i.ebayimg.com/images/g/xbEAAeSwITNpKH5O/s-l225.jpg	https://i.ebayimg.com/images/g/xbEAAeSwITNpKH5O/s-l1200.jpg	FALSE	FALSE	FALSE	FALSE	{}											UNASSESSED	[]	2.99	1.99																	INSUFFICIENT																	MANUAL REVIEW / UNPRICED	FALSE	FALSE	["exact_parallel_or_variation_not_verified","front_and_back_identity_not_verified","full_delivered_acquisition_cost_not_proven","identical_completed_sales_not_loaded","instacomp_exact_market_not_completed","owned_copy_exclusion_not_proven"]	{"endpoints":["matvei_michkov_young_guns"],"candidateId":"ebay:v1|257232182916|0","listingItemId":"v1|257232182916|0","queryFamilyIds":["matvei-michkov.yg-abbreviation"],"buyingOptions":["FIXED_PRICE","BEST_OFFER"],"condition":"Ungraded","itemCreationDate":"2025-11-27T16:35:28.000Z","itemEndDate":null,"imageUrls":["https://i.ebayimg.com/images/g/xbEAAeSwITNpKH5O/s-l225.jpg","https://i.ebayimg.com/images/g/xbEAAeSwITNpKH5O/s-l1200.jpg"],"preliminaryScopeStatus":"DISCOVERY_SCOPE_PASS","preliminaryRisks":[]}
cand-s4-ebay-317861c373b8163b53	dh-20260730T170046Z-7d4c2a91	4	2026-07-30T17:05:44.524826+00:00	MATVEI MICHKOV YOUNG GUNS / young_guns_deal_and_misspelling	Matvei Michkov	young_guns_rookie_card	eBay	kickgamez		v1|257257691731|0	https://www.ebay.com/itm/257257691731?_skw=Matvei+Michkov+Young+Guns+rookie&hash=item3be5c0da53%3Ag%3Ay18AAeSwrGVpPXXF&amdata=enc%3AAQALAAABAACCtXRWQnOEpyOqnQQ8KGZqvtftpaEKAl8jHIdI2AGDuk9QACGJfl2nHxAsvKhh6fIefWi8bZ6lkz23QejY1bC%2BUEI5%2F96CqO3K1naqTj5hWIa1Am9%2FEGJMBWEMyL2Bf5OWeGLTNOm2nGHIEBx695lPpxQHbff8nhH1Cunhj3vahEzoI5Phbo8Ul0btWchArwa5wvIHDHG987ieRpzCJnYVEBP3abPNuCQbB3fmxsQkVy3ml%2BOEgylvvVZWAm53wShrw1elB1k8CKY4uBidD3LLvgzRFfXwlxyD5xo2Yv3phwspHnUITZ4cBG1oAm5EUoG9yVoK9Sw2X8X8qlSRSmM%3D	LIVE	MATVEI MICHKOV YOUNG GUNS CANVAS BLACK & WHITE Rookie PSA 10 CARD 2024 #C353 RC	{"title":"MATVEI MICHKOV YOUNG GUNS CANVAS BLACK & WHITE Rookie PSA 10 CARD 2024 #C353 RC","preliminaryScopeStatus":"IMAGE_OR_IDENTITY_REVIEW_REQUIRED","queryFamilyIds":["matvei-michkov.exact-young-guns"],"preliminaryRisks":["upper_deck_not_explicit_verify_product"]}	{"status":"UNVERIFIED","verification":"native-browse-title-and-marketplace-images-only","frontVerified":false,"backVerified":false}	preliminary|317861c373b8163b53	ebay|kickgamez|v1|257257691731|0	https://i.ebayimg.com/images/g/y18AAeSwrGVpPXXF/s-l225.jpg	https://i.ebayimg.com/images/g/y18AAeSwrGVpPXXF/s-l1600.jpg	FALSE	FALSE	FALSE	FALSE	{}											UNASSESSED	["upper_deck_not_explicit_verify_product"]	277.64	19.93																	INSUFFICIENT																	MANUAL REVIEW / UNPRICED	FALSE	FALSE	["exact_parallel_or_variation_not_verified","front_and_back_identity_not_verified","full_delivered_acquisition_cost_not_proven","identical_completed_sales_not_loaded","instacomp_exact_market_not_completed","owned_copy_exclusion_not_proven","upper_deck_not_explicit_verify_product"]	{"endpoints":["matvei_michkov_young_guns"],"candidateId":"ebay:v1|257257691731|0","listingItemId":"v1|257257691731|0","queryFamilyIds":["matvei-michkov.exact-young-guns"],"buyingOptions":["FIXED_PRICE"],"condition":"Graded","itemCreationDate":"2025-12-13T14:18:58.000Z","itemEndDate":null,"imageUrls":["https://i.ebayimg.com/images/g/y18AAeSwrGVpPXXF/s-l225.jpg","https://i.ebayimg.com/images/g/y18AAeSwrGVpPXXF/s-l1600.jpg"],"preliminaryScopeStatus":"IMAGE_OR_IDENTITY_REVIEW_REQUIRED","preliminaryRisks":["upper_deck_not_explicit_verify_product"]}
cand-s4-ebay-6eb63b5d6e87a0055c	dh-20260730T170046Z-7d4c2a91	4	2026-07-30T17:05:44.524826+00:00	MATVEI MICHKOV YOUNG GUNS / young_guns_deal_and_misspelling	Matvei Michkov	young_guns_rookie_card	eBay	comc_consignment		v1|257641466698|0	https://www.ebay.com/itm/257641466698?_skw=Matvei+Michkov+Young+Guns+rookie&hash=item3bfca0cb4a%3Ag%3AdNAAAeSw8KNqZF2W	LIVE	2024-25 Upper Deck Series 2 Young Guns Matvei Michkov #492 PSA 8 Rookie RC 5d9	{"title":"2024-25 Upper Deck Series 2 Young Guns Matvei Michkov #492 PSA 8 Rookie RC 5d9","preliminaryScopeStatus":"DISCOVERY_SCOPE_PASS","queryFamilyIds":["matvei-michkov.exact-young-guns","matvei-michkov.matvey-first-name"],"preliminaryRisks":[]}	{"status":"UNVERIFIED","verification":"native-browse-title-and-marketplace-images-only","frontVerified":false,"backVerified":false}	preliminary|6eb63b5d6e87a0055c	ebay|comc_consignment|v1|257641466698|0	https://i.ebayimg.com/images/g/dNAAAeSw8KNqZF2W/s-l225.jpg	https://i.ebayimg.com/images/g/dNAAAeSw8KNqZF2W/s-l1200.jpg	FALSE	FALSE	FALSE	FALSE	{}											UNASSESSED	[]	31.3	4.99																	INSUFFICIENT																	MANUAL REVIEW / UNPRICED	FALSE	FALSE	["exact_parallel_or_variation_not_verified","front_and_back_identity_not_verified","full_delivered_acquisition_cost_not_proven","identical_completed_sales_not_loaded","instacomp_exact_market_not_completed","owned_copy_exclusion_not_proven"]	{"endpoints":["matvei_michkov_young_guns"],"candidateId":"ebay:v1|257641466698|0","listingItemId":"v1|257641466698|0","queryFamilyIds":["matvei-michkov.exact-young-guns","matvei-michkov.matvey-first-name"],"buyingOptions":["FIXED_PRICE"],"condition":"Graded","itemCreationDate":"2026-07-25T06:49:12.000Z","itemEndDate":null,"imageUrls":["https://i.ebayimg.com/images/g/dNAAAeSw8KNqZF2W/s-l225.jpg","https://i.ebayimg.com/images/g/dNAAAeSw8KNqZF2W/s-l1200.jpg"],"preliminaryScopeStatus":"DISCOVERY_SCOPE_PASS","preliminaryRisks":[]}
cand-s4-ebay-1424b2d31aa5cc565f	dh-20260730T170046Z-7d4c2a91	4	2026-07-30T17:05:44.524826+00:00	MATVEI MICHKOV YOUNG GUNS / young_guns_deal_and_misspelling	Matvei Michkov	young_guns_rookie_card	eBay	comc_consignment		v1|257650398661|0	https://www.ebay.com/itm/257650398661?_skw=Matvei+Michkov+Young+Guns+rookie&hash=item3bfd2915c5%3Ag%3Aq-IAAeSwR-dqas0U	LIVE	2024 Upper Deck Series 2 Young Guns Outburst Matvei Michkov #492 Rookie RC 0c7a	{"title":"2024 Upper Deck Series 2 Young Guns Outburst Matvei Michkov #492 Rookie RC 0c7a","preliminaryScopeStatus":"DISCOVERY_SCOPE_PASS","queryFamilyIds":["matvei-michkov.exact-young-guns"],"preliminaryRisks":[]}	{"status":"UNVERIFIED","verification":"native-browse-title-and-marketplace-images-only","frontVerified":false,"backVerified":false}	preliminary|1424b2d31aa5cc565f	ebay|comc_consignment|v1|257650398661|0	https://i.ebayimg.com/images/g/q-IAAeSwR-dqas0U/s-l225.jpg	https://i.ebayimg.com/images/g/q-IAAeSwR-dqas0U/s-l960.jpg	FALSE	FALSE	FALSE	FALSE	{}											UNASSESSED	[]	191.5	4.99																	INSUFFICIENT																	MANUAL REVIEW / UNPRICED	FALSE	FALSE	["exact_parallel_or_variation_not_verified","front_and_back_identity_not_verified","full_delivered_acquisition_cost_not_proven","identical_completed_sales_not_loaded","instacomp_exact_market_not_completed","owned_copy_exclusion_not_proven"]	{"endpoints":["matvei_michkov_young_guns"],"candidateId":"ebay:v1|257650398661|0","listingItemId":"v1|257650398661|0","queryFamilyIds":["matvei-michkov.exact-young-guns"],"buyingOptions":["FIXED_PRICE"],"condition":"Ungraded","itemCreationDate":"2026-07-30T03:59:29.000Z","itemEndDate":null,"imageUrls":["https://i.ebayimg.com/images/g/q-IAAeSwR-dqas0U/s-l225.jpg","https://i.ebayimg.com/images/g/q-IAAeSwR-dqas0U/s-l960.jpg"],"preliminaryScopeStatus":"DISCOVERY_SCOPE_PASS","preliminaryRisks":[]}
cand-s4-ebay-5cfd742790b4d5a725	dh-20260730T170046Z-7d4c2a91	4	2026-07-30T17:05:44.524826+00:00	MATVEI MICHKOV YOUNG GUNS / young_guns_deal_and_misspelling	Matvei Michkov	young_guns_rookie_card	eBay	96tommy96		v1|267192431401|0	https://www.ebay.com/itm/267192431401?_skw=Matvei+Michov+Young+Guns&hash=item3e35e8f329%3Ag%3A3AYAAeSw-JRn2MHT	LIVE	Matvei Michkov 2024-25 Upper Deck Series 2 UD Portraits Red Young Guns RC /99	{"title":"Matvei Michkov 2024-25 Upper Deck Series 2 UD Portraits Red Young Guns RC /99","preliminaryScopeStatus":"DISCOVERY_SCOPE_PASS","queryFamilyIds":["matvei-michkov.michov-surname"],"preliminaryRisks":[]}	{"status":"UNVERIFIED","verification":"native-browse-title-and-marketplace-images-only","frontVerified":false,"backVerified":false}	preliminary|5cfd742790b4d5a725	ebay|96tommy96|v1|267192431401|0	https://i.ebayimg.com/images/g/3AYAAeSw-JRn2MHT/s-l225.jpg		FALSE	FALSE	FALSE	FALSE	{}											UNASSESSED	[]	128.13	7.12																	INSUFFICIENT																	MANUAL REVIEW / UNPRICED	FALSE	FALSE	["exact_parallel_or_variation_not_verified","front_and_back_identity_not_verified","full_delivered_acquisition_cost_not_proven","identical_completed_sales_not_loaded","instacomp_exact_market_not_completed","owned_copy_exclusion_not_proven"]	{"endpoints":["matvei_michkov_young_guns"],"candidateId":"ebay:v1|267192431401|0","listingItemId":"v1|267192431401|0","queryFamilyIds":["matvei-michkov.michov-surname"],"buyingOptions":["FIXED_PRICE","BEST_OFFER"],"condition":"Ungraded","itemCreationDate":"2025-03-18T00:46:05.000Z","itemEndDate":null,"imageUrls":["https://i.ebayimg.com/images/g/3AYAAeSw-JRn2MHT/s-l225.jpg"],"preliminaryScopeStatus":"DISCOVERY_SCOPE_PASS","preliminaryRisks":[]}
cand-s4-ebay-05a6f4c255540efb52	dh-20260730T170046Z-7d4c2a91	4	2026-07-30T17:05:44.524826+00:00	MATVEI MICHKOV YOUNG GUNS / young_guns_deal_and_misspelling	Matvei Michkov	young_guns_rookie_card	eBay	breakaway_evolution		v1|267629630194|0	https://www.ebay.com/itm/267629630194?_skw=Matvei+Michkov+Young+Guns+parallel&hash=item3e4ff812f2%3Ag%3AV9MAAeSwFqRp0FhI	LIVE	2024-25 Upper Deck Young Guns DAZZLERS #DZ-121 DZ121 MATVEI MICHKOV PINK PSA 9	{"title":"2024-25 Upper Deck Young Guns DAZZLERS #DZ-121 DZ121 MATVEI MICHKOV PINK PSA 9","preliminaryScopeStatus":"DISCOVERY_SCOPE_PASS","queryFamilyIds":["matvei-michkov.young-guns-parallels"],"preliminaryRisks":[]}	{"status":"UNVERIFIED","verification":"native-browse-title-and-marketplace-images-only","frontVerified":false,"backVerified":false}	preliminary|05a6f4c255540efb52	ebay|breakaway_evolution|v1|267629630194|0	https://i.ebayimg.com/images/g/V9MAAeSwFqRp0FhI/s-l225.jpg	https://i.ebayimg.com/images/g/V9MAAeSwFqRp0FhI/s-l1600.jpg	FALSE	FALSE	FALSE	FALSE	{}											UNASSESSED	[]	40																		INSUFFICIENT																	MANUAL REVIEW / UNPRICED	FALSE	FALSE	["exact_parallel_or_variation_not_verified","front_and_back_identity_not_verified","full_delivered_acquisition_cost_not_proven","identical_completed_sales_not_loaded","instacomp_exact_market_not_completed","owned_copy_exclusion_not_proven"]	{"endpoints":["matvei_michkov_young_guns"],"candidateId":"ebay:v1|267629630194|0","listingItemId":"v1|267629630194|0","queryFamilyIds":["matvei-michkov.young-guns-parallels"],"buyingOptions":["FIXED_PRICE","BEST_OFFER"],"condition":"Graded","itemCreationDate":"2026-04-04T13:42:52.000Z","itemEndDate":null,"imageUrls":["https://i.ebayimg.com/images/g/V9MAAeSwFqRp0FhI/s-l225.jpg","https://i.ebayimg.com/images/g/V9MAAeSwFqRp0FhI/s-l1600.jpg"],"preliminaryScopeStatus":"DISCOVERY_SCOPE_PASS","preliminaryRisks":[]}
cand-s4-ebay-35706f2b2981791693	dh-20260730T170046Z-7d4c2a91	4	2026-07-30T17:05:44.524826+00:00	MATVEI MICHKOV YOUNG GUNS / young_guns_deal_and_misspelling	Matvei Michkov	young_guns_rookie_card	eBay	lcarr6		v1|267649633292|0	https://www.ebay.com/itm/267649633292?_skw=Matvei+Michkov+YG+Philadelphia+Flyers&hash=item3e51294c0c%3Ag%3AmbgAAeSw1Clp661z	LIVE	2024-25 Matvei Michkov UD YG Teammates Deluxe /250 & OPC Plat Neon Yellow Surge	{"title":"2024-25 Matvei Michkov UD YG Teammates Deluxe /250 & OPC Plat Neon Yellow Surge ","preliminaryScopeStatus":"DISCOVERY_SCOPE_PASS","queryFamilyIds":["matvei-michkov.yg-abbreviation"],"preliminaryRisks":[]}	{"status":"UNVERIFIED","verification":"native-browse-title-and-marketplace-images-only","frontVerified":false,"backVerified":false}	preliminary|35706f2b2981791693	ebay|lcarr6|v1|267649633292|0	https://i.ebayimg.com/images/g/mbgAAeSw1Clp661z/s-l225.jpg	https://i.ebayimg.com/images/g/mbgAAeSw1Clp661z/s-l1600.jpg	FALSE	FALSE	FALSE	FALSE	{}											UNASSESSED	[]	53.39	14.23																	INSUFFICIENT																	MANUAL REVIEW / UNPRICED	FALSE	FALSE	["exact_parallel_or_variation_not_verified","front_and_back_identity_not_verified","full_delivered_acquisition_cost_not_proven","identical_completed_sales_not_loaded","instacomp_exact_market_not_completed","owned_copy_exclusion_not_proven"]	{"endpoints":["matvei_michkov_young_guns"],"candidateId":"ebay:v1|267649633292|0","listingItemId":"v1|267649633292|0","queryFamilyIds":["matvei-michkov.yg-abbreviation"],"buyingOptions":["FIXED_PRICE","BEST_OFFER"],"condition":"Ungraded","itemCreationDate":"2026-04-24T18:00:18.000Z","itemEndDate":null,"imageUrls":["https://i.ebayimg.com/images/g/mbgAAeSw1Clp661z/s-l225.jpg","https://i.ebayimg.com/images/g/mbgAAeSw1Clp661z/s-l1600.jpg"],"preliminaryScopeStatus":"DISCOVERY_SCOPE_PASS","preliminaryRisks":[]}
cand-s4-ebay-378b52b82ee96892d0	dh-20260730T170046Z-7d4c2a91	4	2026-07-30T17:05:44.524826+00:00	MATVEI MICHKOV YOUNG GUNS / young_guns_deal_and_misspelling	Matvei Michkov	young_guns_rookie_card	eBay	gallosportscards		v1|287349414108|0	https://www.ebay.com/itm/287349414108?_skw=Matvei+Michkov+Young+Guns+rookie&hash=item42e75c18dc%3Ag%3A9oQAAeSwa5xqEhc9	LIVE	2024-25 Upper Deck Series 2 Young Guns Matvei Michkov #492 RC PSA 9	{"title":"2024-25 Upper Deck Series 2 Young Guns Matvei Michkov #492 RC PSA 9","preliminaryScopeStatus":"DISCOVERY_SCOPE_PASS","queryFamilyIds":["matvei-michkov.exact-young-guns","matvei-michkov.matvey-first-name"],"preliminaryRisks":[]}	{"status":"UNVERIFIED","verification":"native-browse-title-and-marketplace-images-only","frontVerified":false,"backVerified":false}	preliminary|378b52b82ee96892d0	ebay|gallosportscards|v1|287349414108|0	https://i.ebayimg.com/images/g/9oQAAeSwa5xqEhc9/s-l225.jpg	https://i.ebayimg.com/images/g/9oQAAeSwa5xqEhc9/s-l1600.jpg	FALSE	FALSE	FALSE	FALSE	{}											UNASSESSED	[]	39.99	6																	INSUFFICIENT																	MANUAL REVIEW / UNPRICED	FALSE	FALSE	["exact_parallel_or_variation_not_verified","front_and_back_identity_not_verified","full_delivered_acquisition_cost_not_proven","identical_completed_sales_not_loaded","instacomp_exact_market_not_completed","owned_copy_exclusion_not_proven"]	{"endpoints":["matvei_michkov_young_guns"],"candidateId":"ebay:v1|287349414108|0","listingItemId":"v1|287349414108|0","queryFamilyIds":["matvei-michkov.exact-young-guns","matvei-michkov.matvey-first-name"],"buyingOptions":["FIXED_PRICE"],"condition":"Graded","itemCreationDate":"2026-05-23T21:08:24.000Z","itemEndDate":null,"imageUrls":["https://i.ebayimg.com/images/g/9oQAAeSwa5xqEhc9/s-l225.jpg","https://i.ebayimg.com/images/g/9oQAAeSwa5xqEhc9/s-l1600.jpg"],"preliminaryScopeStatus":"DISCOVERY_SCOPE_PASS","preliminaryRisks":[]}
cand-s4-ebay-50dc34f6e876083227	dh-20260730T170046Z-7d4c2a91	4	2026-07-30T17:05:44.524826+00:00	MATVEI MICHKOV YOUNG GUNS / young_guns_deal_and_misspelling	Matvei Michkov	young_guns_rookie_card	eBay	dk1007trader		v1|287440881858|0	https://www.ebay.com/itm/287440881858?_skw=Mitchkov+Young+Guns+Philadelphia+Flyers&hash=item42eccfc8c2%3Ag%3APjIAAeSwrthqSx6T	LIVE	MATVEI MITCHKOV💥 2024-25 UD SERIES 2💥ROOKIE / YOUNG GUNS #492 RC	{"title":"MATVEI MITCHKOV💥 2024-25 UD SERIES 2💥ROOKIE / YOUNG GUNS #492 RC","preliminaryScopeStatus":"IMAGE_OR_IDENTITY_REVIEW_REQUIRED","queryFamilyIds":["matvei-michkov.mitchkov-surname"],"preliminaryRisks":["seller_name_variant_or_misspelling_detected_verify_images"]}	{"status":"UNVERIFIED","verification":"native-browse-title-and-marketplace-images-only","frontVerified":false,"backVerified":false}	preliminary|50dc34f6e876083227	ebay|dk1007trader|v1|287440881858|0	https://i.ebayimg.com/images/g/PjIAAeSwrthqSx6T/s-l225.jpg	https://i.ebayimg.com/images/g/PjIAAeSwrthqSx6T/s-l1600.jpg	FALSE	FALSE	FALSE	FALSE	{}											UNASSESSED	["seller_name_variant_or_misspelling_detected_verify_images"]	24.99																		INSUFFICIENT																	MANUAL REVIEW / UNPRICED	FALSE	FALSE	["exact_parallel_or_variation_not_verified","front_and_back_identity_not_verified","full_delivered_acquisition_cost_not_proven","identical_completed_sales_not_loaded","instacomp_exact_market_not_completed","owned_copy_exclusion_not_proven","seller_name_variant_or_misspelling_detected_verify_images"]	{"endpoints":["matvei_michkov_young_guns"],"candidateId":"ebay:v1|287440881858|0","listingItemId":"v1|287440881858|0","queryFamilyIds":["matvei-michkov.mitchkov-surname"],"buyingOptions":["FIXED_PRICE","BEST_OFFER"],"condition":"Ungraded","itemCreationDate":"2026-07-06T03:19:15.000Z","itemEndDate":null,"imageUrls":["https://i.ebayimg.com/images/g/PjIAAeSwrthqSx6T/s-l225.jpg","https://i.ebayimg.com/images/g/PjIAAeSwrthqSx6T/s-l1600.jpg"],"preliminaryScopeStatus":"IMAGE_OR_IDENTITY_REVIEW_REQUIRED","preliminaryRisks":["seller_name_variant_or_misspelling_detected_verify_images"]}
cand-s4-ebay-3ebd91c6710eb7ae79	dh-20260730T170046Z-7d4c2a91	4	2026-07-30T17:05:44.524826+00:00	MATVEI MICHKOV YOUNG GUNS / young_guns_deal_and_misspelling	Matvei Michkov	young_guns_rookie_card	eBay	ky_hockey_girl		v1|297687805834|0	https://www.ebay.com/itm/297687805834?_skw=Matvei+Michkov+Young+Guns+parallel&hash=item454f936f8a%3Ag%3Akt0AAeSwobNo8Fui	LIVE	2024-25 Young Guns Speckled Rainbow Foil Matvei Michkov #492 Rookie PSA 9	{"title":"2024-25 Young Guns Speckled Rainbow Foil Matvei Michkov #492 Rookie PSA 9","preliminaryScopeStatus":"IMAGE_OR_IDENTITY_REVIEW_REQUIRED","queryFamilyIds":["matvei-michkov.young-guns-parallels"],"preliminaryRisks":["upper_deck_not_explicit_verify_product"]}	{"status":"UNVERIFIED","verification":"native-browse-title-and-marketplace-images-only","frontVerified":false,"backVerified":false}	preliminary|3ebd91c6710eb7ae79	ebay|ky_hockey_girl|v1|297687805834|0	https://i.ebayimg.com/images/g/kt0AAeSwobNo8Fui/s-l225.jpg	https://i.ebayimg.com/images/g/kt0AAeSwobNo8Fui/s-l1600.jpg	FALSE	FALSE	FALSE	FALSE	{}											UNASSESSED	["upper_deck_not_explicit_verify_product"]	1150	6.99																	INSUFFICIENT																	MANUAL REVIEW / UNPRICED	FALSE	FALSE	["exact_parallel_or_variation_not_verified","front_and_back_identity_not_verified","full_delivered_acquisition_cost_not_proven","identical_completed_sales_not_loaded","instacomp_exact_market_not_completed","owned_copy_exclusion_not_proven","upper_deck_not_explicit_verify_product"]	{"endpoints":["matvei_michkov_young_guns"],"candidateId":"ebay:v1|297687805834|0","listingItemId":"v1|297687805834|0","queryFamilyIds":["matvei-michkov.young-guns-parallels"],"buyingOptions":["FIXED_PRICE","BEST_OFFER"],"condition":"Graded","itemCreationDate":"2025-10-16T02:45:31.000Z","itemEndDate":null,"imageUrls":["https://i.ebayimg.com/images/g/kt0AAeSwobNo8Fui/s-l225.jpg","https://i.ebayimg.com/images/g/kt0AAeSwobNo8Fui/s-l1600.jpg"],"preliminaryScopeStatus":"IMAGE_OR_IDENTITY_REVIEW_REQUIRED","preliminaryRisks":["upper_deck_not_explicit_verify_product"]}
cand-s4-ebay-445b01c97d92e43625	dh-20260730T170046Z-7d4c2a91	4	2026-07-30T17:05:44.524826+00:00	MATVEI MICHKOV YOUNG GUNS / young_guns_deal_and_misspelling	Matvei Michkov	young_guns_rookie_card	eBay	matbukowsk-7		v1|298240922941|0	https://www.ebay.com/itm/298240922941?_skw=Matvei+Michkov+Young+Guns+rookie&hash=item45708b553d%3Ag%3A88QAAeSw7ztp5EJ9&amdata=enc%3AAQALAAABAACCtXRWQnOEpyOqnQQ8KGa80gP%2B4wpr6hHinLQta1d8GX4j%2FmfhYaG8snAZfILiEVDD7Km66i1cr9NZ7hKNZX4XeBf8cdOHb%2FfBajixh46SzBnBhha%2BlnoM6opD7GJ0RKyKqQYaQvtR9Vw12F0AcgwkPVjqnOSnninG0Bc1bSTrl6pluVPkO%2FPB7wG3JA1qf0c4KiNOoKGRpKX74TCYvh9lrhcA6pkJiq7dw%2Be1YAYsbT9NUeHmu1GRDnhAXieOZGn0N78luVwcz5SgNXTg4KQ60Bj4%2BpWkuj0AzGPbO9j%2FyPZ7MJ9NNvT%2FAjIaomPupPcwn8rLSoUM6ur3DvD4XOY%3D	LIVE	2024-25 Upper Deck Series 2 - Young Guns Matvei Michkov #492 Outburst (RC)	{"title":"2024-25 Upper Deck Series 2 - Young Guns Matvei Michkov #492 Outburst (RC)","preliminaryScopeStatus":"DISCOVERY_SCOPE_PASS","queryFamilyIds":["matvei-michkov.exact-young-guns","matvei-michkov.young-guns-parallels","matvei-michkov.matvey-first-name"],"preliminaryRisks":[]}	{"status":"UNVERIFIED","verification":"native-browse-title-and-marketplace-images-only","frontVerified":false,"backVerified":false}	preliminary|445b01c97d92e43625	ebay|matbukowsk-7|v1|298240922941|0	https://i.ebayimg.com/images/g/88QAAeSw7ztp5EJ9/s-l225.jpg	https://i.ebayimg.com/images/g/88QAAeSw7ztp5EJ9/s-l1600.jpg	FALSE	FALSE	FALSE	FALSE	{}											UNASSESSED	[]	250																		INSUFFICIENT																	MANUAL REVIEW / UNPRICED	FALSE	FALSE	["exact_parallel_or_variation_not_verified","front_and_back_identity_not_verified","full_delivered_acquisition_cost_not_proven","identical_completed_sales_not_loaded","instacomp_exact_market_not_completed","owned_copy_exclusion_not_proven"]	{"endpoints":["matvei_michkov_young_guns"],"candidateId":"ebay:v1|298240922941|0","listingItemId":"v1|298240922941|0","queryFamilyIds":["matvei-michkov.exact-young-guns","matvei-michkov.young-guns-parallels","matvei-michkov.matvey-first-name"],"buyingOptions":["FIXED_PRICE","BEST_OFFER"],"condition":"Graded","itemCreationDate":"2026-04-19T02:49:37.000Z","itemEndDate":null,"imageUrls":["https://i.ebayimg.com/images/g/88QAAeSw7ztp5EJ9/s-l225.jpg","https://i.ebayimg.com/images/g/88QAAeSw7ztp5EJ9/s-l1600.jpg"],"preliminaryScopeStatus":"DISCOVERY_SCOPE_PASS","preliminaryRisks":[]}
cand-s4-ebay-05d05d7062ba0eb8fb	dh-20260730T170046Z-7d4c2a91	4	2026-07-30T17:05:44.524826+00:00	MATVEI MICHKOV YOUNG GUNS / young_guns_deal_and_misspelling	Matvei Michkov	young_guns_rookie_card	eBay	81jimmy		v1|298534522086|0	https://www.ebay.com/itm/298534522086?_skw=Matvei+Michkov+Young+Guns+rookie&hash=item45820b4ce6%3Ag%3ALlEAAeSw-ABqZkB%7E	LIVE	2024 Upper Deck Matvei Michkov Young Guns Outburst PSA 9 Flyers RC	{"title":"2024 Upper Deck Matvei Michkov Young Guns Outburst PSA 9 Flyers RC","preliminaryScopeStatus":"DISCOVERY_SCOPE_PASS","queryFamilyIds":["matvei-michkov.exact-young-guns","matvei-michkov.young-guns-parallels","matvei-michkov.matvey-first-name"],"preliminaryRisks":[]}	{"status":"UNVERIFIED","verification":"native-browse-title-and-marketplace-images-only","frontVerified":false,"backVerified":false}	preliminary|05d05d7062ba0eb8fb	ebay|81jimmy|v1|298534522086|0	https://i.ebayimg.com/images/g/LlEAAeSw-ABqZkB~/s-l225.jpg	https://i.ebayimg.com/images/g/LlEAAeSw-ABqZkB~/s-l1600.jpg	FALSE	FALSE	FALSE	FALSE	{}											UNASSESSED	[]	240	0																	INSUFFICIENT																	MANUAL REVIEW / UNPRICED	FALSE	FALSE	["exact_parallel_or_variation_not_verified","front_and_back_identity_not_verified","full_delivered_acquisition_cost_not_proven","identical_completed_sales_not_loaded","instacomp_exact_market_not_completed","owned_copy_exclusion_not_proven"]	{"endpoints":["matvei_michkov_young_guns"],"candidateId":"ebay:v1|298534522086|0","listingItemId":"v1|298534522086|0","queryFamilyIds":["matvei-michkov.exact-young-guns","matvei-michkov.young-guns-parallels","matvei-michkov.matvey-first-name"],"buyingOptions":["FIXED_PRICE","BEST_OFFER"],"condition":"Graded","itemCreationDate":"2026-07-26T17:17:56.000Z","itemEndDate":null,"imageUrls":["https://i.ebayimg.com/images/g/LlEAAeSw-ABqZkB~/s-l225.jpg","https://i.ebayimg.com/images/g/LlEAAeSw-ABqZkB~/s-l1600.jpg"],"preliminaryScopeStatus":"DISCOVERY_SCOPE_PASS","preliminaryRisks":[]}
cand-s4-ebay-62eefdee387b1fd8a2	dh-20260730T170046Z-7d4c2a91	4	2026-07-30T17:05:44.524826+00:00	MATVEI MICHKOV YOUNG GUNS / young_guns_deal_and_misspelling	Matvei Michkov	young_guns_rookie_card	eBay	patlal_72		v1|306172617559|0	https://www.ebay.com/itm/306172617559?_skw=Mitchkov+Young+Guns+Philadelphia+Flyers&hash=item47494f6357%3Ag%3AeY0AAeSwkVhnz-1a	LIVE	Young Guns Teammates Matvei Mitchkov And Ivan Fedotov Upper Deck Series 2	{"title":"Young Guns Teammates Matvei Mitchkov And Ivan Fedotov Upper Deck Series 2","preliminaryScopeStatus":"IMAGE_OR_IDENTITY_REVIEW_REQUIRED","queryFamilyIds":["matvei-michkov.mitchkov-surname"],"preliminaryRisks":["seller_name_variant_or_misspelling_detected_verify_images"]}	{"status":"UNVERIFIED","verification":"native-browse-title-and-marketplace-images-only","frontVerified":false,"backVerified":false}	preliminary|62eefdee387b1fd8a2	ebay|patlal_72|v1|306172617559|0	https://i.ebayimg.com/images/g/eY0AAeSwkVhnz-1a/s-l225.jpg		FALSE	FALSE	FALSE	FALSE	{}											UNASSESSED	["seller_name_variant_or_misspelling_detected_verify_images"]	9.25																		INSUFFICIENT																	MANUAL REVIEW / UNPRICED	FALSE	FALSE	["exact_parallel_or_variation_not_verified","front_and_back_identity_not_verified","full_delivered_acquisition_cost_not_proven","identical_completed_sales_not_loaded","instacomp_exact_market_not_completed","owned_copy_exclusion_not_proven","seller_name_variant_or_misspelling_detected_verify_images"]	{"endpoints":["matvei_michkov_young_guns"],"candidateId":"ebay:v1|306172617559|0","listingItemId":"v1|306172617559|0","queryFamilyIds":["matvei-michkov.mitchkov-surname"],"buyingOptions":["FIXED_PRICE","BEST_OFFER"],"condition":"Ungraded","itemCreationDate":"2025-03-11T08:02:25.000Z","itemEndDate":null,"imageUrls":["https://i.ebayimg.com/images/g/eY0AAeSwkVhnz-1a/s-l225.jpg"],"preliminaryScopeStatus":"IMAGE_OR_IDENTITY_REVIEW_REQUIRED","preliminaryRisks":["seller_name_variant_or_misspelling_detected_verify_images"]}
cand-s4-ebay-cf5178ae6aef90bb33	dh-20260730T170046Z-7d4c2a91	4	2026-07-30T17:05:44.524826+00:00	MATVEI MICHKOV YOUNG GUNS / young_guns_deal_and_misspelling	Matvei Michkov	young_guns_rookie_card	eBay	ricco238		v1|306999906684|0	https://www.ebay.com/itm/306999906684?_skw=Matvei+Michkov+YG+Philadelphia+Flyers&hash=item477a9ed17c%3Ag%3AUAQAAeSwwlRqLVKY	LIVE	2024-2025 Upper Deck Series 2 Macklin Celebrini Matvei Michkov Ivan Fedetov YG	{"title":"2024-2025 Upper Deck Series 2 Macklin Celebrini Matvei Michkov Ivan Fedetov YG","preliminaryScopeStatus":"DISCOVERY_SCOPE_PASS","queryFamilyIds":["matvei-michkov.yg-abbreviation"],"preliminaryRisks":[]}	{"status":"UNVERIFIED","verification":"native-browse-title-and-marketplace-images-only","frontVerified":false,"backVerified":false}	preliminary|cf5178ae6aef90bb33	ebay|ricco238|v1|306999906684|0	https://i.ebayimg.com/images/g/UAQAAeSwwlRqLVKY/s-l225.jpg	https://i.ebayimg.com/images/g/UAQAAeSwwlRqLVKY/s-l1600.jpg	FALSE	FALSE	FALSE	FALSE	{}											UNASSESSED	[]	20																		INSUFFICIENT																	MANUAL REVIEW / UNPRICED	FALSE	FALSE	["exact_parallel_or_variation_not_verified","front_and_back_identity_not_verified","full_delivered_acquisition_cost_not_proven","identical_completed_sales_not_loaded","instacomp_exact_market_not_completed","owned_copy_exclusion_not_proven"]	{"endpoints":["matvei_michkov_young_guns"],"candidateId":"ebay:v1|306999906684|0","listingItemId":"v1|306999906684|0","queryFamilyIds":["matvei-michkov.yg-abbreviation"],"buyingOptions":["FIXED_PRICE","BEST_OFFER"],"condition":"Used","itemCreationDate":"2026-06-13T12:56:50.000Z","itemEndDate":null,"imageUrls":["https://i.ebayimg.com/images/g/UAQAAeSwwlRqLVKY/s-l225.jpg","https://i.ebayimg.com/images/g/UAQAAeSwwlRqLVKY/s-l1600.jpg"],"preliminaryScopeStatus":"DISCOVERY_SCOPE_PASS","preliminaryRisks":[]}
cand-s4-ebay-379f27d7a12091a064	dh-20260730T170046Z-7d4c2a91	4	2026-07-30T17:05:44.524826+00:00	MATVEI MICHKOV YOUNG GUNS / young_guns_deal_and_misspelling	Matvei Michkov	young_guns_rookie_card	eBay	tleo96		v1|307029455323|0	https://www.ebay.com/itm/307029455323?_skw=Matvey+Michkov+Young+Guns&hash=item477c61b1db%3Ag%3Ads4AAeSwzqVqQHiK	LIVE	2024-25 Upper Deck Series 2 - Young Guns Matvei Michkov #492 (RC)- PSA 9	{"title":"2024-25 Upper Deck Series 2 - Young Guns Matvei Michkov #492 (RC)- PSA 9","preliminaryScopeStatus":"DISCOVERY_SCOPE_PASS","queryFamilyIds":["matvei-michkov.matvey-first-name"],"preliminaryRisks":[]}	{"status":"UNVERIFIED","verification":"native-browse-title-and-marketplace-images-only","frontVerified":false,"backVerified":false}	preliminary|379f27d7a12091a064	ebay|tleo96|v1|307029455323|0	https://i.ebayimg.com/images/g/ds4AAeSwzqVqQHiK/s-l225.jpg	https://i.ebayimg.com/images/g/ds4AAeSwzqVqQHiK/s-l1600.jpg	FALSE	FALSE	FALSE	FALSE	{}											UNASSESSED	[]	45	5.25																	INSUFFICIENT																	MANUAL REVIEW / UNPRICED	FALSE	FALSE	["exact_parallel_or_variation_not_verified","front_and_back_identity_not_verified","full_delivered_acquisition_cost_not_proven","identical_completed_sales_not_loaded","instacomp_exact_market_not_completed","owned_copy_exclusion_not_proven"]	{"endpoints":["matvei_michkov_young_guns"],"candidateId":"ebay:v1|307029455323|0","listingItemId":"v1|307029455323|0","queryFamilyIds":["matvei-michkov.matvey-first-name"],"buyingOptions":["FIXED_PRICE","BEST_OFFER"],"condition":"Graded","itemCreationDate":"2026-06-28T01:28:23.000Z","itemEndDate":null,"imageUrls":["https://i.ebayimg.com/images/g/ds4AAeSwzqVqQHiK/s-l225.jpg","https://i.ebayimg.com/images/g/ds4AAeSwzqVqQHiK/s-l1600.jpg"],"preliminaryScopeStatus":"DISCOVERY_SCOPE_PASS","preliminaryRisks":[]}
cand-s4-ebay-ae271880fbcfa0ba1a	dh-20260730T170046Z-7d4c2a91	4	2026-07-30T17:05:44.524826+00:00	MATVEI MICHKOV YOUNG GUNS / young_guns_deal_and_misspelling	Matvei Michkov	young_guns_rookie_card	eBay	onegreatebuyer		v1|307042772808|0	https://www.ebay.com/itm/307042772808?_skw=Matvei+Michkov+Young+Guns+rookie&hash=item477d2ce748%3Ag%3AXKQAAeSw9wNqSFob&amdata=enc%3AAQALAAABAACCtXRWQnOEpyOqnQQ8KGYGHwWSHougCY8faVYVFxKXyR8NoTuIWQgPpHunE2raU6QMLUX3rpCtrff%2Fh0ZHtLj8QSBmifEWtXHMkiKOQv1eNIo7k7a4HYpppAZ2ByOW4ajbNyLtdwHhlBiSNFMza6uruJxIjU2mGR8zwefrZvv6j%2BZVSwKc0T6EMHTrxbOCIDUYKvRnBJ5Qcv6QCS1QQoMFafwJxTDqCLicIA4I7zMg6fPpkCDrCl14559YuvM%2Fs0YFUVvueIE7jlMXo8r%2FaVAUw0tIlcYs0VwIdmfn054ZdOhphHo4pZQuHf6CrECHpbmtVYFNGiG96Tv8R9ZQUBs%3D	LIVE	2024-25 Upper Deck Series 2 - Young Guns Matvei Michkov #492 (RC)  AC 9.5 MINT+	{"title":"2024-25 Upper Deck Series 2 - Young Guns Matvei Michkov #492 (RC)  AC 9.5 MINT+","preliminaryScopeStatus":"DISCOVERY_SCOPE_PASS","queryFamilyIds":["matvei-michkov.exact-young-guns","matvei-michkov.matvey-first-name"],"preliminaryRisks":[]}	{"status":"UNVERIFIED","verification":"native-browse-title-and-marketplace-images-only","frontVerified":false,"backVerified":false}	preliminary|ae271880fbcfa0ba1a	ebay|onegreatebuyer|v1|307042772808|0	https://i.ebayimg.com/images/g/XKQAAeSw9wNqSFob/s-l225.jpg	https://i.ebayimg.com/images/g/XKQAAeSw9wNqSFob/s-l1600.jpg	FALSE	FALSE	FALSE	FALSE	{}											UNASSESSED	[]	249.99	5.99																	INSUFFICIENT																	MANUAL REVIEW / UNPRICED	FALSE	FALSE	["exact_parallel_or_variation_not_verified","front_and_back_identity_not_verified","full_delivered_acquisition_cost_not_proven","identical_completed_sales_not_loaded","instacomp_exact_market_not_completed","owned_copy_exclusion_not_proven"]	{"endpoints":["matvei_michkov_young_guns"],"candidateId":"ebay:v1|307042772808|0","listingItemId":"v1|307042772808|0","queryFamilyIds":["matvei-michkov.exact-young-guns","matvei-michkov.matvey-first-name"],"buyingOptions":["FIXED_PRICE","BEST_OFFER"],"condition":"Graded","itemCreationDate":"2026-07-04T21:51:41.000Z","itemEndDate":null,"imageUrls":["https://i.ebayimg.com/images/g/XKQAAeSw9wNqSFob/s-l225.jpg","https://i.ebayimg.com/images/g/XKQAAeSw9wNqSFob/s-l1600.jpg"],"preliminaryScopeStatus":"DISCOVERY_SCOPE_PASS","preliminaryRisks":[]}
cand-s4-ebay-c2c7c82f02d45c90d7	dh-20260730T170046Z-7d4c2a91	4	2026-07-30T17:05:44.524826+00:00	MATVEI MICHKOV YOUNG GUNS / young_guns_deal_and_misspelling	Matvei Michkov	young_guns_rookie_card	eBay	marbeaumon_8		v1|317769028449|0	https://www.ebay.com/itm/317769028449?_skw=Matvei+Michkov+YG+Philadelphia+Flyers&hash=item49fc829361%3Ag%3AUWsAAeSwAkppaZ2p	LIVE	2024-25 Upper Deck Series 2 - Matvei Michkov Young Guns #492 Outburst (YG / RC)	{"title":"2024-25 Upper Deck Series 2 - Matvei Michkov Young Guns #492 Outburst (YG / RC)","preliminaryScopeStatus":"DISCOVERY_SCOPE_PASS","queryFamilyIds":["matvei-michkov.yg-abbreviation"],"preliminaryRisks":[]}	{"status":"UNVERIFIED","verification":"native-browse-title-and-marketplace-images-only","frontVerified":false,"backVerified":false}	preliminary|c2c7c82f02d45c90d7	ebay|marbeaumon_8|v1|317769028449|0	https://i.ebayimg.com/images/g/UWsAAeSwAkppaZ2p/s-l225.jpg	https://i.ebayimg.com/images/g/UWsAAeSwAkppaZ2p/s-l1600.jpg	FALSE	FALSE	FALSE	FALSE	{}											UNASSESSED	[]	450																		INSUFFICIENT																	MANUAL REVIEW / UNPRICED	FALSE	FALSE	["exact_parallel_or_variation_not_verified","front_and_back_identity_not_verified","full_delivered_acquisition_cost_not_proven","identical_completed_sales_not_loaded","instacomp_exact_market_not_completed","owned_copy_exclusion_not_proven"]	{"endpoints":["matvei_michkov_young_guns"],"candidateId":"ebay:v1|317769028449|0","listingItemId":"v1|317769028449|0","queryFamilyIds":["matvei-michkov.yg-abbreviation"],"buyingOptions":["FIXED_PRICE","BEST_OFFER"],"condition":"Graded","itemCreationDate":"2026-01-16T02:30:43.000Z","itemEndDate":null,"imageUrls":["https://i.ebayimg.com/images/g/UWsAAeSwAkppaZ2p/s-l225.jpg","https://i.ebayimg.com/images/g/UWsAAeSwAkppaZ2p/s-l1600.jpg"],"preliminaryScopeStatus":"DISCOVERY_SCOPE_PASS","preliminaryRisks":[]}
cand-s4-ebay-351af698b2d502e845	dh-20260730T170046Z-7d4c2a91	4	2026-07-30T17:05:44.524826+00:00	MATVEI MICHKOV YOUNG GUNS / young_guns_deal_and_misspelling	Matvei Michkov	young_guns_rookie_card	eBay	card_collectors_vault		v1|317942680727|0	https://www.ebay.com/itm/317942680727?_skw=Mitchkov+Young+Guns+Philadelphia+Flyers&hash=item4a06dc4c97%3Ag%3AhwcAAeSwEXNppQ5A	LIVE	2024-25 Upper Deck Series 2 - Young Guns -Matvei Michkov RC Philadelphia Flyers	{"title":"2024-25 Upper Deck Series 2 - Young Guns -Matvei Michkov RC Philadelphia Flyers","preliminaryScopeStatus":"DISCOVERY_SCOPE_PASS","queryFamilyIds":["matvei-michkov.mitchkov-surname"],"preliminaryRisks":[]}	{"status":"UNVERIFIED","verification":"native-browse-title-and-marketplace-images-only","frontVerified":false,"backVerified":false}	preliminary|351af698b2d502e845	ebay|card_collectors_vault|v1|317942680727|0	https://i.ebayimg.com/images/g/hwcAAeSwEXNppQ5A/s-l225.jpg	https://i.ebayimg.com/images/g/hwcAAeSwEXNppQ5A/s-l1600.jpg	FALSE	FALSE	FALSE	FALSE	{}											UNASSESSED	[]	53.39																		INSUFFICIENT																	MANUAL REVIEW / UNPRICED	FALSE	FALSE	["exact_parallel_or_variation_not_verified","front_and_back_identity_not_verified","full_delivered_acquisition_cost_not_proven","identical_completed_sales_not_loaded","instacomp_exact_market_not_completed","owned_copy_exclusion_not_proven"]	{"endpoints":["matvei_michkov_young_guns"],"candidateId":"ebay:v1|317942680727|0","listingItemId":"v1|317942680727|0","queryFamilyIds":["matvei-michkov.mitchkov-surname"],"buyingOptions":["FIXED_PRICE","BEST_OFFER"],"condition":"Ungraded","itemCreationDate":"2026-03-02T04:12:58.000Z","itemEndDate":null,"imageUrls":["https://i.ebayimg.com/images/g/hwcAAeSwEXNppQ5A/s-l225.jpg","https://i.ebayimg.com/images/g/hwcAAeSwEXNppQ5A/s-l1600.jpg"],"preliminaryScopeStatus":"DISCOVERY_SCOPE_PASS","preliminaryRisks":[]}
cand-s4-ebay-1841964996d5f3a1c8	dh-20260730T170046Z-7d4c2a91	4	2026-07-30T17:05:44.524826+00:00	MATVEI MICHKOV YOUNG GUNS / young_guns_deal_and_misspelling	Matvei Michkov	young_guns_rookie_card	eBay	erob3535		v1|318568194497|0	https://www.ebay.com/itm/318568194497?_skw=Matvei+Michkov+Young+Guns+rookie&hash=item4a2c24e1c1%3Ag%3A1DQAAeSwf-pqUTjz	LIVE	2024 Upper Deck Series 2 #492 Matvei Michkov Young Guns RC Rookie Flyers	{"title":"2024 Upper Deck Series 2 #492 Matvei Michkov Young Guns RC Rookie Flyers","preliminaryScopeStatus":"DISCOVERY_SCOPE_PASS","queryFamilyIds":["matvei-michkov.exact-young-guns","matvei-michkov.matvey-first-name"],"preliminaryRisks":[]}	{"status":"UNVERIFIED","verification":"native-browse-title-and-marketplace-images-only","frontVerified":false,"backVerified":false}	preliminary|1841964996d5f3a1c8	ebay|erob3535|v1|318568194497|0	https://i.ebayimg.com/images/g/1DQAAeSwf-pqUTjz/s-l225.jpg	https://i.ebayimg.com/images/g/1DQAAeSwf-pqUTjz/s-l1600.jpg	FALSE	FALSE	FALSE	FALSE	{}											UNASSESSED	[]	20																		INSUFFICIENT																	MANUAL REVIEW / UNPRICED	FALSE	FALSE	["exact_parallel_or_variation_not_verified","front_and_back_identity_not_verified","full_delivered_acquisition_cost_not_proven","identical_completed_sales_not_loaded","instacomp_exact_market_not_completed","owned_copy_exclusion_not_proven"]	{"endpoints":["matvei_michkov_young_guns"],"candidateId":"ebay:v1|318568194497|0","listingItemId":"v1|318568194497|0","queryFamilyIds":["matvei-michkov.exact-young-guns","matvei-michkov.matvey-first-name"],"buyingOptions":["FIXED_PRICE","BEST_OFFER"],"condition":"Ungraded","itemCreationDate":"2026-07-10T18:26:18.000Z","itemEndDate":null,"imageUrls":["https://i.ebayimg.com/images/g/1DQAAeSwf-pqUTjz/s-l225.jpg","https://i.ebayimg.com/images/g/1DQAAeSwf-pqUTjz/s-l1600.jpg"],"preliminaryScopeStatus":"DISCOVERY_SCOPE_PASS","preliminaryRisks":[]}
cand-s4-ebay-797591955d008c4175	dh-20260730T170046Z-7d4c2a91	4	2026-07-30T17:05:44.524826+00:00	MATVEI MICHKOV YOUNG GUNS / young_guns_deal_and_misspelling	Matvei Michkov	young_guns_rookie_card	eBay	sj21shop		v1|318655552341|0	https://www.ebay.com/itm/318655552341?_skw=Matvey+Michkov+Young+Guns&hash=item4a3159db55%3Ag%3Aip0AAeSwJy5qEng0&amdata=enc%3AAQALAAABAACCtXRWQnOEpyOqnQQ8KGY5M%2F4pyuoJtWsblgT9dqLLlUbmQE%2BjVK06AOLIB27d4zr33pDiKdm5zuS6SBANVtx1RnXD6iPsJDi6Kqy%2BIkwTV4109WsrMyshXjFsZ9ZbKudw6ksDNloaOoRxF4FQkYcSzvWch%2FHbMa5wmJiS2Z1Q2ZwSmA8IYL5dymx1m33YBZr2sRyFjCL2BFFOnJEe0X6Mtg8y6zrVaSCueLhzFShtp5Q6SCv%2BbWy%2FRkpWaeRfgt1hYlWlGTTVWZhuUTue8%2BuaENNI3pPdZOlY4g5EsnUFrhI0BTuhh4fsj2X9hN9LuKnAHh9tPK3gg%2Bs%2Bi16uJYQ%3D	LIVE	Upper Deck 2024-25 Series 2 Young Guns Matvei Michkov #492 Flyers King Mint 9	{"title":"Upper Deck 2024-25 Series 2 Young Guns Matvei Michkov #492 Flyers King Mint 9","preliminaryScopeStatus":"DISCOVERY_SCOPE_PASS","queryFamilyIds":["matvei-michkov.matvey-first-name"],"preliminaryRisks":[]}	{"status":"UNVERIFIED","verification":"native-browse-title-and-marketplace-images-only","frontVerified":false,"backVerified":false}	preliminary|797591955d008c4175	ebay|sj21shop|v1|318655552341|0	https://i.ebayimg.com/images/g/ip0AAeSwJy5qEng0/s-l225.jpg	https://i.ebayimg.com/images/g/ip0AAeSwJy5qEng0/s-l1600.jpg	FALSE	FALSE	FALSE	FALSE	{}											UNASSESSED	[]	105																		INSUFFICIENT																	MANUAL REVIEW / UNPRICED	FALSE	FALSE	["exact_parallel_or_variation_not_verified","front_and_back_identity_not_verified","full_delivered_acquisition_cost_not_proven","identical_completed_sales_not_loaded","instacomp_exact_market_not_completed","owned_copy_exclusion_not_proven"]	{"endpoints":["matvei_michkov_young_guns"],"candidateId":"ebay:v1|318655552341|0","listingItemId":"v1|318655552341|0","queryFamilyIds":["matvei-michkov.matvey-first-name"],"buyingOptions":["FIXED_PRICE","BEST_OFFER"],"condition":"Graded","itemCreationDate":"2026-07-30T14:59:17.000Z","itemEndDate":null,"imageUrls":["https://i.ebayimg.com/images/g/ip0AAeSwJy5qEng0/s-l225.jpg","https://i.ebayimg.com/images/g/ip0AAeSwJy5qEng0/s-l1600.jpg"],"preliminaryScopeStatus":"DISCOVERY_SCOPE_PASS","preliminaryRisks":[]}
cand-s4-ebay-981cf1117cee2a05f8	dh-20260730T170046Z-7d4c2a91	4	2026-07-30T17:05:44.524826+00:00	MATVEI MICHKOV YOUNG GUNS / young_guns_deal_and_misspelling	Matvei Michkov	young_guns_rookie_card	eBay	pasmic_8310		v1|336243868123|0	https://www.ebay.com/itm/336243868123?_skw=Matvei+Michkov+YG+Philadelphia+Flyers&hash=item4e49b241db%3Ag%3AluMAAeSwYrBo9w2F	LIVE	2024-25 Upper Deck Oversized Jumbo **Young Guns**#492 Matvei Michkov YG NM	{"title":"2024-25 Upper Deck Oversized Jumbo **Young Guns**#492 Matvei Michkov YG NM","preliminaryScopeStatus":"DISCOVERY_SCOPE_PASS","queryFamilyIds":["matvei-michkov.yg-abbreviation"],"preliminaryRisks":[]}	{"status":"UNVERIFIED","verification":"native-browse-title-and-marketplace-images-only","frontVerified":false,"backVerified":false}	preliminary|981cf1117cee2a05f8	ebay|pasmic_8310|v1|336243868123|0	https://i.ebayimg.com/images/g/luMAAeSwYrBo9w2F/s-l225.jpg	https://i.ebayimg.com/images/g/luMAAeSwYrBo9w2F/s-l1600.jpg	FALSE	FALSE	FALSE	FALSE	{}											UNASSESSED	[]	17	8																	INSUFFICIENT																	MANUAL REVIEW / UNPRICED	FALSE	FALSE	["exact_parallel_or_variation_not_verified","front_and_back_identity_not_verified","full_delivered_acquisition_cost_not_proven","identical_completed_sales_not_loaded","instacomp_exact_market_not_completed","owned_copy_exclusion_not_proven"]	{"endpoints":["matvei_michkov_young_guns"],"candidateId":"ebay:v1|336243868123|0","listingItemId":"v1|336243868123|0","queryFamilyIds":["matvei-michkov.yg-abbreviation"],"buyingOptions":["FIXED_PRICE","BEST_OFFER"],"condition":"Ungraded","itemCreationDate":"2025-10-21T04:37:29.000Z","itemEndDate":null,"imageUrls":["https://i.ebayimg.com/images/g/luMAAeSwYrBo9w2F/s-l225.jpg","https://i.ebayimg.com/images/g/luMAAeSwYrBo9w2F/s-l1600.jpg"],"preliminaryScopeStatus":"DISCOVERY_SCOPE_PASS","preliminaryRisks":[]}
cand-s4-ebay-aacc0110f594f0bdc3	dh-20260730T170046Z-7d4c2a91	4	2026-07-30T17:05:44.524826+00:00	MATVEI MICHKOV YOUNG GUNS / young_guns_deal_and_misspelling	Matvei Michkov	young_guns_rookie_card	eBay	onenonlyjohn		v1|336534816362|0	https://www.ebay.com/itm/336534816362?_skw=Mitchkov+Young+Guns+Philadelphia+Flyers&hash=item4e5b09c66a%3Ag%3AHHwAAeSwqOdqBsJ1	LIVE	Matvei Mitchkov 2024-25 UD Hockey Series 2 Young Guns and Flyers card lot of 7	{"title":"Matvei Mitchkov 2024-25 UD Hockey Series 2 Young Guns and Flyers card lot of 7","preliminaryScopeStatus":"IMAGE_OR_IDENTITY_REVIEW_REQUIRED","queryFamilyIds":["matvei-michkov.mitchkov-surname"],"preliminaryRisks":["seller_name_variant_or_misspelling_detected_verify_images"]}	{"status":"UNVERIFIED","verification":"native-browse-title-and-marketplace-images-only","frontVerified":false,"backVerified":false}	preliminary|aacc0110f594f0bdc3	ebay|onenonlyjohn|v1|336534816362|0	https://i.ebayimg.com/images/g/HHwAAeSwqOdqBsJ1/s-l225.jpg	https://i.ebayimg.com/images/g/HHwAAeSwqOdqBsJ1/s-l1600.jpg	FALSE	FALSE	FALSE	FALSE	{}											UNASSESSED	["seller_name_variant_or_misspelling_detected_verify_images"]	100	22																	INSUFFICIENT																	MANUAL REVIEW / UNPRICED	FALSE	FALSE	["exact_parallel_or_variation_not_verified","front_and_back_identity_not_verified","full_delivered_acquisition_cost_not_proven","identical_completed_sales_not_loaded","instacomp_exact_market_not_completed","owned_copy_exclusion_not_proven","seller_name_variant_or_misspelling_detected_verify_images"]	{"endpoints":["matvei_michkov_young_guns"],"candidateId":"ebay:v1|336534816362|0","listingItemId":"v1|336534816362|0","queryFamilyIds":["matvei-michkov.mitchkov-surname"],"buyingOptions":["FIXED_PRICE","BEST_OFFER"],"condition":null,"itemCreationDate":"2026-04-15T07:14:08.000Z","itemEndDate":null,"imageUrls":["https://i.ebayimg.com/images/g/HHwAAeSwqOdqBsJ1/s-l225.jpg","https://i.ebayimg.com/images/g/HHwAAeSwqOdqBsJ1/s-l1600.jpg"],"preliminaryScopeStatus":"IMAGE_OR_IDENTITY_REVIEW_REQUIRED","preliminaryRisks":["seller_name_variant_or_misspelling_detected_verify_images"]}
cand-s4-ebay-3cd1364b853183d11a	dh-20260730T170046Z-7d4c2a91	4	2026-07-30T17:05:44.524826+00:00	MATVEI MICHKOV YOUNG GUNS / young_guns_deal_and_misspelling	Matvei Michkov	young_guns_rookie_card	eBay	comc_consignment		v1|336671772645|0	https://www.ebay.com/itm/336671772645?_skw=Matvei+Michkov+Young+Guns+parallel&hash=item4e63338fe5%3Ag%3ASk4AAeSwJAVqSVfz	LIVE	2024-25 Series 2 Young Guns Exclusives 50/100 Matvei Michkov #492 Rookie RC 0h7p	{"title":"2024-25 Series 2 Young Guns Exclusives 50/100 Matvei Michkov #492 Rookie RC 0h7p","preliminaryScopeStatus":"IMAGE_OR_IDENTITY_REVIEW_REQUIRED","queryFamilyIds":["matvei-michkov.young-guns-parallels"],"preliminaryRisks":["upper_deck_not_explicit_verify_product"]}	{"status":"UNVERIFIED","verification":"native-browse-title-and-marketplace-images-only","frontVerified":false,"backVerified":false}	preliminary|3cd1364b853183d11a	ebay|comc_consignment|v1|336671772645|0	https://i.ebayimg.com/images/g/Sk4AAeSwJAVqSVfz/s-l225.jpg	https://i.ebayimg.com/images/g/Sk4AAeSwJAVqSVfz/s-l960.jpg	FALSE	FALSE	FALSE	FALSE	{}											UNASSESSED	["upper_deck_not_explicit_verify_product"]	611.9	4.99																	INSUFFICIENT																	MANUAL REVIEW / UNPRICED	FALSE	FALSE	["exact_parallel_or_variation_not_verified","front_and_back_identity_not_verified","full_delivered_acquisition_cost_not_proven","identical_completed_sales_not_loaded","instacomp_exact_market_not_completed","owned_copy_exclusion_not_proven","upper_deck_not_explicit_verify_product"]	{"endpoints":["matvei_michkov_young_guns"],"candidateId":"ebay:v1|336671772645|0","listingItemId":"v1|336671772645|0","queryFamilyIds":["matvei-michkov.young-guns-parallels"],"buyingOptions":["FIXED_PRICE"],"condition":"Ungraded","itemCreationDate":"2026-07-04T18:56:56.000Z","itemEndDate":null,"imageUrls":["https://i.ebayimg.com/images/g/Sk4AAeSwJAVqSVfz/s-l225.jpg","https://i.ebayimg.com/images/g/Sk4AAeSwJAVqSVfz/s-l960.jpg"],"preliminaryScopeStatus":"IMAGE_OR_IDENTITY_REVIEW_REQUIRED","preliminaryRisks":["upper_deck_not_explicit_verify_product"]}
cand-s4-ebay-e09b440b19cdcfe959	dh-20260730T170046Z-7d4c2a91	4	2026-07-30T17:05:44.524826+00:00	MATVEI MICHKOV YOUNG GUNS / young_guns_deal_and_misspelling	Matvei Michkov	young_guns_rookie_card	eBay	comc_consignment		v1|336690104218|0	https://www.ebay.com/itm/336690104218?_skw=Matvei+Michkov+Young+Guns+rookie&hash=item4e644b479a%3Ag%3A0pAAAeSw1uFqV62l	LIVE	2024 Upper Deck Series 2 Young Guns Outburst Matvei Michkov #492 Rookie RC 1j6p	{"title":"2024 Upper Deck Series 2 Young Guns Outburst Matvei Michkov #492 Rookie RC 1j6p","preliminaryScopeStatus":"DISCOVERY_SCOPE_PASS","queryFamilyIds":["matvei-michkov.exact-young-guns","matvei-michkov.young-guns-parallels"],"preliminaryRisks":[]}	{"status":"UNVERIFIED","verification":"native-browse-title-and-marketplace-images-only","frontVerified":false,"backVerified":false}	preliminary|e09b440b19cdcfe959	ebay|comc_consignment|v1|336690104218|0	https://i.ebayimg.com/images/g/0pAAAeSw1uFqV62l/s-l225.jpg	https://i.ebayimg.com/images/g/0pAAAeSw1uFqV62l/s-l960.jpg	FALSE	FALSE	FALSE	FALSE	{}											UNASSESSED	[]	163.45	4.99																	INSUFFICIENT																	MANUAL REVIEW / UNPRICED	FALSE	FALSE	["exact_parallel_or_variation_not_verified","front_and_back_identity_not_verified","full_delivered_acquisition_cost_not_proven","identical_completed_sales_not_loaded","instacomp_exact_market_not_completed","owned_copy_exclusion_not_proven"]	{"endpoints":["matvei_michkov_young_guns"],"candidateId":"ebay:v1|336690104218|0","listingItemId":"v1|336690104218|0","queryFamilyIds":["matvei-michkov.exact-young-guns","matvei-michkov.young-guns-parallels"],"buyingOptions":["FIXED_PRICE"],"condition":"Ungraded","itemCreationDate":"2026-07-15T15:52:17.000Z","itemEndDate":null,"imageUrls":["https://i.ebayimg.com/images/g/0pAAAeSw1uFqV62l/s-l225.jpg","https://i.ebayimg.com/images/g/0pAAAeSw1uFqV62l/s-l960.jpg"],"preliminaryScopeStatus":"DISCOVERY_SCOPE_PASS","preliminaryRisks":[]}
cand-s4-ebay-06f3506ff0df7f9e2e	dh-20260730T170046Z-7d4c2a91	4	2026-07-30T17:05:44.524826+00:00	MATVEI MICHKOV YOUNG GUNS / young_guns_deal_and_misspelling	Matvei Michkov	young_guns_rookie_card	eBay	rapberg_0		v1|356709755163|0	https://www.ebay.com/itm/356709755163?_skw=Mitchkov+Young+Guns+Philadelphia+Flyers&hash=item530d8ee91b%3Ag%3AqJwAAOSwhWln42Ur	LIVE	2024-25 Upper Deck serie 2 Matvei Mitchkov young guns #492	{"title":"2024-25 Upper Deck serie 2 Matvei Mitchkov young guns #492","preliminaryScopeStatus":"IMAGE_OR_IDENTITY_REVIEW_REQUIRED","queryFamilyIds":["matvei-michkov.mitchkov-surname"],"preliminaryRisks":["seller_name_variant_or_misspelling_detected_verify_images"]}	{"status":"UNVERIFIED","verification":"native-browse-title-and-marketplace-images-only","frontVerified":false,"backVerified":false}	preliminary|06f3506ff0df7f9e2e	ebay|rapberg_0|v1|356709755163|0	https://i.ebayimg.com/images/g/qJwAAOSwhWln42Ur/s-l225.jpg	https://i.ebayimg.com/images/g/qJwAAOSwhWln42Ur/s-l1600.jpg	FALSE	FALSE	FALSE	FALSE	{}											UNASSESSED	["seller_name_variant_or_misspelling_detected_verify_images"]	88.99																		INSUFFICIENT																	MANUAL REVIEW / UNPRICED	FALSE	FALSE	["exact_parallel_or_variation_not_verified","front_and_back_identity_not_verified","full_delivered_acquisition_cost_not_proven","identical_completed_sales_not_loaded","instacomp_exact_market_not_completed","owned_copy_exclusion_not_proven","seller_name_variant_or_misspelling_detected_verify_images"]	{"endpoints":["matvei_michkov_young_guns"],"candidateId":"ebay:v1|356709755163|0","listingItemId":"v1|356709755163|0","queryFamilyIds":["matvei-michkov.mitchkov-surname"],"buyingOptions":["FIXED_PRICE","BEST_OFFER"],"condition":"Ungraded","itemCreationDate":"2025-03-26T02:24:45.000Z","itemEndDate":null,"imageUrls":["https://i.ebayimg.com/images/g/qJwAAOSwhWln42Ur/s-l225.jpg","https://i.ebayimg.com/images/g/qJwAAOSwhWln42Ur/s-l1600.jpg"],"preliminaryScopeStatus":"IMAGE_OR_IDENTITY_REVIEW_REQUIRED","preliminaryRisks":["seller_name_variant_or_misspelling_detected_verify_images"]}
cand-s4-ebay-65d9ed8adf952cb180	dh-20260730T170046Z-7d4c2a91	4	2026-07-30T17:05:44.524826+00:00	MATVEI MICHKOV YOUNG GUNS / young_guns_deal_and_misspelling	Matvei Michkov	young_guns_rookie_card	eBay	yeaaahso		v1|358125114499|0	https://www.ebay.com/itm/358125114499?_skw=Mitchkov+Young+Guns+Philadelphia+Flyers&hash=item5361eb9483%3Ag%3AkQ0AAeSwHkFpawtB	LIVE	Matvei Michkov Young Guns - 2024-25 Upper Deck Series 2 RC #492 Flyers	{"title":"Matvei Michkov Young Guns - 2024-25 Upper Deck Series 2 RC #492 Flyers","preliminaryScopeStatus":"DISCOVERY_SCOPE_PASS","queryFamilyIds":["matvei-michkov.mitchkov-surname"],"preliminaryRisks":[]}	{"status":"UNVERIFIED","verification":"native-browse-title-and-marketplace-images-only","frontVerified":false,"backVerified":false}	preliminary|65d9ed8adf952cb180	ebay|yeaaahso|v1|358125114499|0	https://i.ebayimg.com/images/g/kQ0AAeSwHkFpawtB/s-l225.jpg	https://i.ebayimg.com/images/g/kQ0AAeSwHkFpawtB/s-l1600.jpg	FALSE	FALSE	FALSE	FALSE	{}											UNASSESSED	[]	42.71																		INSUFFICIENT																	MANUAL REVIEW / UNPRICED	FALSE	FALSE	["exact_parallel_or_variation_not_verified","front_and_back_identity_not_verified","full_delivered_acquisition_cost_not_proven","identical_completed_sales_not_loaded","instacomp_exact_market_not_completed","owned_copy_exclusion_not_proven"]	{"endpoints":["matvei_michkov_young_guns"],"candidateId":"ebay:v1|358125114499|0","listingItemId":"v1|358125114499|0","queryFamilyIds":["matvei-michkov.mitchkov-surname"],"buyingOptions":["FIXED_PRICE","BEST_OFFER"],"condition":"Ungraded","itemCreationDate":"2026-01-17T04:08:44.000Z","itemEndDate":null,"imageUrls":["https://i.ebayimg.com/images/g/kQ0AAeSwHkFpawtB/s-l225.jpg","https://i.ebayimg.com/images/g/kQ0AAeSwHkFpawtB/s-l1600.jpg"],"preliminaryScopeStatus":"DISCOVERY_SCOPE_PASS","preliminaryRisks":[]}
cand-s4-ebay-a1d29faf81e54f94a1	dh-20260730T170046Z-7d4c2a91	4	2026-07-30T17:05:44.524826+00:00	MATVEI MICHKOV YOUNG GUNS / young_guns_deal_and_misspelling	Matvei Michkov	young_guns_rookie_card	eBay	cardperfectllc		v1|358501353251|0	https://www.ebay.com/itm/358501353251?_skw=Matvei+Michov+Young+Guns&hash=item5378588723%3Ag%3AXVgAAeSwM4Zp8jRQ	LIVE	2024-25 Upper Deck Series 2 Matvei Michkov Young Guns - Portraits - O-Pee-Chee	{"title":"2024-25 Upper Deck Series 2 Matvei Michkov Young Guns - Portraits - O-Pee-Chee","preliminaryScopeStatus":"DISCOVERY_SCOPE_PASS","queryFamilyIds":["matvei-michkov.michov-surname"],"preliminaryRisks":[]}	{"status":"UNVERIFIED","verification":"native-browse-title-and-marketplace-images-only","frontVerified":false,"backVerified":false}	preliminary|a1d29faf81e54f94a1	ebay|cardperfectllc|v1|358501353251|0	https://i.ebayimg.com/images/g/XVgAAeSwM4Zp8jRQ/s-l225.jpg	https://i.ebayimg.com/images/g/XVgAAeSwM4Zp8jRQ/s-l1600.jpg	FALSE	FALSE	FALSE	FALSE	{}											UNASSESSED	[]	29																		INSUFFICIENT																	MANUAL REVIEW / UNPRICED	FALSE	FALSE	["exact_parallel_or_variation_not_verified","front_and_back_identity_not_verified","full_delivered_acquisition_cost_not_proven","identical_completed_sales_not_loaded","instacomp_exact_market_not_completed","owned_copy_exclusion_not_proven"]	{"endpoints":["matvei_michkov_young_guns"],"candidateId":"ebay:v1|358501353251|0","listingItemId":"v1|358501353251|0","queryFamilyIds":["matvei-michkov.michov-surname"],"buyingOptions":["FIXED_PRICE","BEST_OFFER"],"condition":"New","itemCreationDate":"2026-04-29T16:47:06.000Z","itemEndDate":null,"imageUrls":["https://i.ebayimg.com/images/g/XVgAAeSwM4Zp8jRQ/s-l225.jpg","https://i.ebayimg.com/images/g/XVgAAeSwM4Zp8jRQ/s-l1600.jpg"],"preliminaryScopeStatus":"DISCOVERY_SCOPE_PASS","preliminaryRisks":[]}
cand-s4-ebay-e788d95b51a21a40b6	dh-20260730T170046Z-7d4c2a91	4	2026-07-30T17:05:44.524826+00:00	MATVEI MICHKOV YOUNG GUNS / young_guns_deal_and_misspelling	Matvei Michkov	young_guns_rookie_card	eBay	josdeo_87		v1|358534510614|0	https://www.ebay.com/itm/358534510614?_skw=Matvei+Michkov+Young+Guns+parallel&hash=item537a527816%3Ag%3AjrwAAeSwrIhp%7EkE2&amdata=enc%3AAQALAAABAACCtXRWQnOEpyOqnQQ8KGZmle6GgL4xNcxQLyptZk5lR8e5uIAXEvb%2FktH9kB7%2FGZO2Hwc0M7qcWttnN8jOT7Tt0fvNLrvH8sOi6jT8I%2BaJsLF2LgTh71sHizmtaWeUmcoiYjANnZ9awun5OVDXlWoocJ4%2B42ulUE0psrkUv8VNDgYq5WeOVejqo6uUpYVE4wGcfptDnrh5EypuQaWJPP3CCnmgu4i5jGXowySUcJT42n8AHEDuzb5n76Wada5DITxY5Ro%2F5FfiKGcbFWNjR1NUbvlRk48aFhUcxzB2OK7%2F49%2FZaX45TqNQhdnvrf3mAIj17Z87E7xyCXdedO%2Bjk%2B4%3D	LIVE	Upper Deck 2024-25 Series 2 Young Guns Clear Cut Matvei Michkov #492 RC PSA 10	{"title":"Upper Deck 2024-25 Series 2 Young Guns Clear Cut Matvei Michkov #492 RC PSA 10","preliminaryScopeStatus":"DISCOVERY_SCOPE_PASS","queryFamilyIds":["matvei-michkov.young-guns-parallels"],"preliminaryRisks":[]}	{"status":"UNVERIFIED","verification":"native-browse-title-and-marketplace-images-only","frontVerified":false,"backVerified":false}	preliminary|e788d95b51a21a40b6	ebay|josdeo_87|v1|358534510614|0	https://i.ebayimg.com/images/g/jrwAAeSwrIhp~kE2/s-l225.jpg	https://i.ebayimg.com/images/g/jrwAAeSwrIhp~kE2/s-l1600.jpg	FALSE	FALSE	FALSE	FALSE	{}											UNASSESSED	[]	1350																		INSUFFICIENT																	MANUAL REVIEW / UNPRICED	FALSE	FALSE	["exact_parallel_or_variation_not_verified","front_and_back_identity_not_verified","full_delivered_acquisition_cost_not_proven","identical_completed_sales_not_loaded","instacomp_exact_market_not_completed","owned_copy_exclusion_not_proven"]	{"endpoints":["matvei_michkov_young_guns"],"candidateId":"ebay:v1|358534510614|0","listingItemId":"v1|358534510614|0","queryFamilyIds":["matvei-michkov.young-guns-parallels"],"buyingOptions":["FIXED_PRICE","BEST_OFFER"],"condition":"Graded","itemCreationDate":"2026-05-08T20:03:42.000Z","itemEndDate":null,"imageUrls":["https://i.ebayimg.com/images/g/jrwAAeSwrIhp~kE2/s-l225.jpg","https://i.ebayimg.com/images/g/jrwAAeSwrIhp~kE2/s-l1600.jpg"],"preliminaryScopeStatus":"DISCOVERY_SCOPE_PASS","preliminaryRisks":[]}
cand-s4-ebay-e25fcc5cc872cab428	dh-20260730T170046Z-7d4c2a91	4	2026-07-30T17:05:44.524826+00:00	MATVEI MICHKOV YOUNG GUNS / young_guns_deal_and_misspelling	Matvei Michkov	young_guns_rookie_card	eBay	atcardsaz		v1|358537805756|0	https://www.ebay.com/itm/358537805756?_skw=Matvei+Michkov+Young+Guns+parallel&hash=item537a84bfbc%3Ag%3A2Z4AAeSwZoxp%7E6Pe	LIVE	2024 Upper Deck Matvei Michkov Young Guns Outburst PSA 9 Flyers RC	{"title":"2024 Upper Deck Matvei Michkov Young Guns Outburst PSA 9 Flyers RC","preliminaryScopeStatus":"DISCOVERY_SCOPE_PASS","queryFamilyIds":["matvei-michkov.young-guns-parallels"],"preliminaryRisks":[]}	{"status":"UNVERIFIED","verification":"native-browse-title-and-marketplace-images-only","frontVerified":false,"backVerified":false}	preliminary|e25fcc5cc872cab428	ebay|atcardsaz|v1|358537805756|0	https://i.ebayimg.com/images/g/2Z4AAeSwZoxp~6Pe/s-l225.jpg	https://i.ebayimg.com/images/g/2Z4AAeSwZoxp~6Pe/s-l1600.jpg	FALSE	FALSE	FALSE	FALSE	{}											UNASSESSED	[]	199.99																		INSUFFICIENT																	MANUAL REVIEW / UNPRICED	FALSE	FALSE	["exact_parallel_or_variation_not_verified","front_and_back_identity_not_verified","full_delivered_acquisition_cost_not_proven","identical_completed_sales_not_loaded","instacomp_exact_market_not_completed","owned_copy_exclusion_not_proven"]	{"endpoints":["matvei_michkov_young_guns"],"candidateId":"ebay:v1|358537805756|0","listingItemId":"v1|358537805756|0","queryFamilyIds":["matvei-michkov.young-guns-parallels"],"buyingOptions":["FIXED_PRICE","BEST_OFFER"],"condition":"Graded","itemCreationDate":"2026-05-09T21:17:43.000Z","itemEndDate":null,"imageUrls":["https://i.ebayimg.com/images/g/2Z4AAeSwZoxp~6Pe/s-l225.jpg","https://i.ebayimg.com/images/g/2Z4AAeSwZoxp~6Pe/s-l1600.jpg"],"preliminaryScopeStatus":"DISCOVERY_SCOPE_PASS","preliminaryRisks":[]}
cand-s4-ebay-63109666ca393fc14c	dh-20260730T170046Z-7d4c2a91	4	2026-07-30T17:05:44.524826+00:00	MATVEI MICHKOV YOUNG GUNS / young_guns_deal_and_misspelling	Matvei Michkov	young_guns_rookie_card	eBay	phillyphillycards1_ig		v1|366558204285|0	https://www.ebay.com/itm/366558204285?_skw=Matvei+Michkov+Young+Guns+parallel&hash=item555892517d%3Ag%3AmcAAAeSwKzZqYJzW	LIVE	MATVEI MICHKOV 2024-25 Upper Deck Series 2 Young Guns Outburst Flyers RC #492	{"title":"MATVEI MICHKOV 2024-25 Upper Deck Series 2 Young Guns Outburst Flyers RC #492","preliminaryScopeStatus":"DISCOVERY_SCOPE_PASS","queryFamilyIds":["matvei-michkov.young-guns-parallels","matvei-michkov.matvey-first-name"],"preliminaryRisks":[]}	{"status":"UNVERIFIED","verification":"native-browse-title-and-marketplace-images-only","frontVerified":false,"backVerified":false}	preliminary|63109666ca393fc14c	ebay|phillyphillycards1_ig|v1|366558204285|0	https://i.ebayimg.com/images/g/mcAAAeSwKzZqYJzW/s-l225.jpg	https://i.ebayimg.com/images/g/mcAAAeSwKzZqYJzW/s-l1600.jpg	FALSE	FALSE	FALSE	FALSE	{}											UNASSESSED	[]	200	6																	INSUFFICIENT																	MANUAL REVIEW / UNPRICED	FALSE	FALSE	["exact_parallel_or_variation_not_verified","front_and_back_identity_not_verified","full_delivered_acquisition_cost_not_proven","identical_completed_sales_not_loaded","instacomp_exact_market_not_completed","owned_copy_exclusion_not_proven"]	{"endpoints":["matvei_michkov_young_guns"],"candidateId":"ebay:v1|366558204285|0","listingItemId":"v1|366558204285|0","queryFamilyIds":["matvei-michkov.young-guns-parallels","matvei-michkov.matvey-first-name"],"buyingOptions":["FIXED_PRICE","BEST_OFFER"],"condition":"Ungraded","itemCreationDate":"2026-07-22T10:36:39.000Z","itemEndDate":null,"imageUrls":["https://i.ebayimg.com/images/g/mcAAAeSwKzZqYJzW/s-l225.jpg","https://i.ebayimg.com/images/g/mcAAAeSwKzZqYJzW/s-l1600.jpg"],"preliminaryScopeStatus":"DISCOVERY_SCOPE_PASS","preliminaryRisks":[]}
cand-s4-ebay-7c25fb8833c453988b	dh-20260730T170046Z-7d4c2a91	4	2026-07-30T17:05:44.524826+00:00	MATVEI MICHKOV YOUNG GUNS / young_guns_deal_and_misspelling	Matvei Michkov	young_guns_rookie_card	eBay	mn-sportscards		v1|377338063102|0	https://www.ebay.com/itm/377338063102?_skw=Matvey+Michkov+Young+Guns&hash=item57db19e8fe%3Ag%3A7egAAeSwl85qU9ld	LIVE	2024-25 Upper Deck Hockey Matvei Michkov #492 Young Guns PSA 9	{"title":"2024-25 Upper Deck Hockey Matvei Michkov #492 Young Guns PSA 9","preliminaryScopeStatus":"DISCOVERY_SCOPE_PASS","queryFamilyIds":["matvei-michkov.matvey-first-name"],"preliminaryRisks":[]}	{"status":"UNVERIFIED","verification":"native-browse-title-and-marketplace-images-only","frontVerified":false,"backVerified":false}	preliminary|7c25fb8833c453988b	ebay|mn-sportscards|v1|377338063102|0	https://i.ebayimg.com/images/g/7egAAeSwl85qU9ld/s-l225.jpg	https://i.ebayimg.com/images/g/7egAAeSwl85qU9ld/s-l1600.jpg	FALSE	FALSE	FALSE	FALSE	{}											UNASSESSED	[]	39.99	6																	INSUFFICIENT																	MANUAL REVIEW / UNPRICED	FALSE	FALSE	["exact_parallel_or_variation_not_verified","front_and_back_identity_not_verified","full_delivered_acquisition_cost_not_proven","identical_completed_sales_not_loaded","instacomp_exact_market_not_completed","owned_copy_exclusion_not_proven"]	{"endpoints":["matvei_michkov_young_guns"],"candidateId":"ebay:v1|377338063102|0","listingItemId":"v1|377338063102|0","queryFamilyIds":["matvei-michkov.matvey-first-name"],"buyingOptions":["FIXED_PRICE","BEST_OFFER"],"condition":"Graded","itemCreationDate":"2026-07-12T18:11:36.000Z","itemEndDate":null,"imageUrls":["https://i.ebayimg.com/images/g/7egAAeSwl85qU9ld/s-l225.jpg","https://i.ebayimg.com/images/g/7egAAeSwl85qU9ld/s-l1600.jpg"],"preliminaryScopeStatus":"DISCOVERY_SCOPE_PASS","preliminaryRisks":[]}
cand-s4-ebay-f3c27ec4492aca51f8	dh-20260730T170046Z-7d4c2a91	4	2026-07-30T17:05:44.524826+00:00	MATVEI MICHKOV YOUNG GUNS / young_guns_deal_and_misspelling	Matvei Michkov	young_guns_rookie_card	eBay	mdgoulet		v1|389022686341|0	https://www.ebay.com/itm/389022686341?_skw=Mitchkov+Young+Guns+Philadelphia+Flyers&hash=item5a938f1c85%3Ag%3ALbwAAeSwWfxo2D8h	LIVE	2024-25 Upper Deck Series 2 Matvei Michkov / Fedetov Young Guns Teammates #496	{"title":"2024-25 Upper Deck Series 2 Matvei Michkov / Fedetov Young Guns Teammates #496","preliminaryScopeStatus":"DISCOVERY_SCOPE_PASS","queryFamilyIds":["matvei-michkov.mitchkov-surname"],"preliminaryRisks":[]}	{"status":"UNVERIFIED","verification":"native-browse-title-and-marketplace-images-only","frontVerified":false,"backVerified":false}	preliminary|f3c27ec4492aca51f8	ebay|mdgoulet|v1|389022686341|0	https://i.ebayimg.com/images/g/LbwAAeSwWfxo2D8h/s-l225.jpg	https://i.ebayimg.com/images/g/LbwAAeSwWfxo2D8h/s-l1600.jpg	FALSE	FALSE	FALSE	FALSE	{}											UNASSESSED	[]	4.99																		INSUFFICIENT																	MANUAL REVIEW / UNPRICED	FALSE	FALSE	["exact_parallel_or_variation_not_verified","front_and_back_identity_not_verified","full_delivered_acquisition_cost_not_proven","identical_completed_sales_not_loaded","instacomp_exact_market_not_completed","owned_copy_exclusion_not_proven"]	{"endpoints":["matvei_michkov_young_guns"],"candidateId":"ebay:v1|389022686341|0","listingItemId":"v1|389022686341|0","queryFamilyIds":["matvei-michkov.mitchkov-surname"],"buyingOptions":["FIXED_PRICE","BEST_OFFER"],"condition":"Ungraded","itemCreationDate":"2025-09-27T19:47:12.000Z","itemEndDate":null,"imageUrls":["https://i.ebayimg.com/images/g/LbwAAeSwWfxo2D8h/s-l225.jpg","https://i.ebayimg.com/images/g/LbwAAeSwWfxo2D8h/s-l1600.jpg"],"preliminaryScopeStatus":"DISCOVERY_SCOPE_PASS","preliminaryRisks":[]}
cand-s4-ebay-11644c5d793ca89ee8	dh-20260730T170046Z-7d4c2a91	4	2026-07-30T17:05:44.524826+00:00	MATVEI MICHKOV YOUNG GUNS / young_guns_deal_and_misspelling	Matvei Michkov	young_guns_rookie_card	eBay	villainhockeycard		v1|396359932547|0	https://www.ebay.com/itm/396359932547?_skw=Mitchkov+Young+Guns+Philadelphia+Flyers&hash=item5c48e49a83%3Ag%3AfeUAAeSwIIZn4h59	LIVE	2024-25 UD Series 2  Matvei Michkov / Fedetov  Young Guns Teammates RC #496	{"title":"2024-25 UD Series 2  Matvei Michkov / Fedetov  Young Guns Teammates RC #496","preliminaryScopeStatus":"DISCOVERY_SCOPE_PASS","queryFamilyIds":["matvei-michkov.mitchkov-surname"],"preliminaryRisks":[]}	{"status":"UNVERIFIED","verification":"native-browse-title-and-marketplace-images-only","frontVerified":false,"backVerified":false}	preliminary|11644c5d793ca89ee8	ebay|villainhockeycard|v1|396359932547|0	https://i.ebayimg.com/images/g/feUAAeSwIIZn4h59/s-l225.jpg		FALSE	FALSE	FALSE	FALSE	{}											UNASSESSED	[]	9.99																		INSUFFICIENT																	MANUAL REVIEW / UNPRICED	FALSE	FALSE	["exact_parallel_or_variation_not_verified","front_and_back_identity_not_verified","full_delivered_acquisition_cost_not_proven","identical_completed_sales_not_loaded","instacomp_exact_market_not_completed","owned_copy_exclusion_not_proven"]	{"endpoints":["matvei_michkov_young_guns"],"candidateId":"ebay:v1|396359932547|0","listingItemId":"v1|396359932547|0","queryFamilyIds":["matvei-michkov.mitchkov-surname"],"buyingOptions":["FIXED_PRICE","BEST_OFFER"],"condition":"Ungraded","itemCreationDate":"2025-03-25T03:10:44.000Z","itemEndDate":null,"imageUrls":["https://i.ebayimg.com/images/g/feUAAeSwIIZn4h59/s-l225.jpg"],"preliminaryScopeStatus":"DISCOVERY_SCOPE_PASS","preliminaryRisks":[]}
cand-s4-ebay-e61c4cc97271883f89	dh-20260730T170046Z-7d4c2a91	4	2026-07-30T17:05:44.524826+00:00	MATVEI MICHKOV YOUNG GUNS / young_guns_deal_and_misspelling	Matvei Michkov	young_guns_rookie_card	eBay	junior_cards		v1|397607327252|0	https://www.ebay.com/itm/397607327252?_skw=Matvei+Michkov+YG+Philadelphia+Flyers&hash=item5c933e5614%3Ag%3AEZ0AAeSwzMJpkCvY&amdata=enc%3AAQALAAABAACCtXRWQnOEpyOqnQQ8KGal4nhp3FNcrXEPgK8BgjstZUUy%2BkL2xz2fHUCe3RONz1GBNIwbNs%2BsamHiaOPnw8ghcJoGru%2BPnyHFFB54qaJ7pKNBbGKknuFxhZ222bagVEjtUjuKriUazyZmKNbuzdzXLKPcfFG%2FCwsDrjzMIctJoaPofbplwqOqMdQE8uImhsQSmpaOcjfsz7Zx4rWMhb2BquoQgczVVLYi4%2FK75lf7IR97qItW8HJyccJWdtqHiRPHuXT8iovdVkCyBL7vnGmEPK71%2BsYyGZBiFrmpu2HGfKBzIjydji5ezTefGPHFS%2Bh%2Bm0vY1FVhHXPvlTDJyfU%3D	LIVE	2024-25 Upper Deck Serie 2 Matvei Michkov YG Young Guns RC #492 Rookie	{"title":"2024-25 Upper Deck Serie 2 Matvei Michkov YG Young Guns RC #492 Rookie ","preliminaryScopeStatus":"DISCOVERY_SCOPE_PASS","queryFamilyIds":["matvei-michkov.yg-abbreviation"],"preliminaryRisks":[]}	{"status":"UNVERIFIED","verification":"native-browse-title-and-marketplace-images-only","frontVerified":false,"backVerified":false}	preliminary|e61c4cc97271883f89	ebay|junior_cards|v1|397607327252|0	https://i.ebayimg.com/images/g/EZ0AAeSwzMJpkCvY/s-l225.jpg	https://i.ebayimg.com/images/g/EZ0AAeSwzMJpkCvY/s-l1600.jpg	FALSE	FALSE	FALSE	FALSE	{}											UNASSESSED	[]	35.59	21.35																	INSUFFICIENT																	MANUAL REVIEW / UNPRICED	FALSE	FALSE	["exact_parallel_or_variation_not_verified","front_and_back_identity_not_verified","full_delivered_acquisition_cost_not_proven","identical_completed_sales_not_loaded","instacomp_exact_market_not_completed","owned_copy_exclusion_not_proven"]	{"endpoints":["matvei_michkov_young_guns"],"candidateId":"ebay:v1|397607327252|0","listingItemId":"v1|397607327252|0","queryFamilyIds":["matvei-michkov.yg-abbreviation"],"buyingOptions":["FIXED_PRICE","BEST_OFFER"],"condition":"Ungraded","itemCreationDate":"2026-02-14T08:02:11.000Z","itemEndDate":null,"imageUrls":["https://i.ebayimg.com/images/g/EZ0AAeSwzMJpkCvY/s-l225.jpg","https://i.ebayimg.com/images/g/EZ0AAeSwzMJpkCvY/s-l1600.jpg"],"preliminaryScopeStatus":"DISCOVERY_SCOPE_PASS","preliminaryRisks":[]}
cand-s4-ebay-90a9f369b34c0b4daa	dh-20260730T170046Z-7d4c2a91	4	2026-07-30T17:05:44.524826+00:00	MATVEI MICHKOV YOUNG GUNS / young_guns_deal_and_misspelling	Matvei Michkov	young_guns_rookie_card	eBay	balt_9110		v1|398221383873|0	https://www.ebay.com/itm/398221383873?_skw=Matvei+Michov+Young+Guns&hash=item5cb7d818c1%3Ag%3AhfsAAeSwqNVqXZBB	LIVE	2024-25 Upper Deck Series 2 - Young Guns Matvei Michkov #492 (RC)	{"title":"2024-25 Upper Deck Series 2 - Young Guns Matvei Michkov #492 (RC)","preliminaryScopeStatus":"DISCOVERY_SCOPE_PASS","queryFamilyIds":["matvei-michkov.michov-surname"],"preliminaryRisks":[]}	{"status":"UNVERIFIED","verification":"native-browse-title-and-marketplace-images-only","frontVerified":false,"backVerified":false}	preliminary|90a9f369b34c0b4daa	ebay|balt_9110|v1|398221383873|0	https://i.ebayimg.com/images/g/hfsAAeSwqNVqXZBB/s-l225.jpg	https://i.ebayimg.com/images/g/hfsAAeSwqNVqXZBB/s-l960.jpg	FALSE	FALSE	FALSE	FALSE	{}											UNASSESSED	[]	35	3.5																	INSUFFICIENT																	MANUAL REVIEW / UNPRICED	FALSE	FALSE	["exact_parallel_or_variation_not_verified","front_and_back_identity_not_verified","full_delivered_acquisition_cost_not_proven","identical_completed_sales_not_loaded","instacomp_exact_market_not_completed","owned_copy_exclusion_not_proven"]	{"endpoints":["matvei_michkov_young_guns"],"candidateId":"ebay:v1|398221383873|0","listingItemId":"v1|398221383873|0","queryFamilyIds":["matvei-michkov.michov-surname"],"buyingOptions":["FIXED_PRICE","BEST_OFFER"],"condition":"Ungraded","itemCreationDate":"2026-07-27T22:11:45.000Z","itemEndDate":null,"imageUrls":["https://i.ebayimg.com/images/g/hfsAAeSwqNVqXZBB/s-l225.jpg","https://i.ebayimg.com/images/g/hfsAAeSwqNVqXZBB/s-l960.jpg"],"preliminaryScopeStatus":"DISCOVERY_SCOPE_PASS","preliminaryRisks":[]}
cand-s4-ebay-0c933dbd7efc10b732	dh-20260730T170046Z-7d4c2a91	4	2026-07-30T17:05:44.524826+00:00	MATVEI MICHKOV YOUNG GUNS / young_guns_deal_and_misspelling	Matvei Michkov	young_guns_rookie_card	eBay	alber_3921		v1|398221523667|0	https://www.ebay.com/itm/398221523667?_skw=Matvei+Michkov+Young+Guns+rookie&hash=item5cb7da3ad3%3Ag%3A2noAAeSwRT1qZ-XQ	LIVE	Matvei Michkov/Ivan Fedetov Upper Deck Young Guns Teammates Rookie Card #496	{"title":"Matvei Michkov/Ivan Fedetov Upper Deck Young Guns Teammates Rookie Card #496","preliminaryScopeStatus":"DISCOVERY_SCOPE_PASS","queryFamilyIds":["matvei-michkov.exact-young-guns"],"preliminaryRisks":[]}	{"status":"UNVERIFIED","verification":"native-browse-title-and-marketplace-images-only","frontVerified":false,"backVerified":false}	preliminary|0c933dbd7efc10b732	ebay|alber_3921|v1|398221523667|0	https://i.ebayimg.com/images/g/2noAAeSwRT1qZ-XQ/s-l225.jpg	https://i.ebayimg.com/images/g/2noAAeSwRT1qZ-XQ/s-l1600.jpg	FALSE	FALSE	FALSE	FALSE	{}											UNASSESSED	[]	1.13																		INSUFFICIENT																	MANUAL REVIEW / UNPRICED	FALSE	FALSE	["exact_parallel_or_variation_not_verified","front_and_back_identity_not_verified","full_delivered_acquisition_cost_not_proven","identical_completed_sales_not_loaded","instacomp_exact_market_not_completed","owned_copy_exclusion_not_proven"]	{"endpoints":["matvei_michkov_young_guns"],"candidateId":"ebay:v1|398221523667|0","listingItemId":"v1|398221523667|0","queryFamilyIds":["matvei-michkov.exact-young-guns"],"buyingOptions":["FIXED_PRICE","BEST_OFFER"],"condition":"Ungraded","itemCreationDate":"2026-07-27T23:13:14.000Z","itemEndDate":null,"imageUrls":["https://i.ebayimg.com/images/g/2noAAeSwRT1qZ-XQ/s-l225.jpg","https://i.ebayimg.com/images/g/2noAAeSwRT1qZ-XQ/s-l1600.jpg"],"preliminaryScopeStatus":"DISCOVERY_SCOPE_PASS","preliminaryRisks":[]}
cand-s4-ebay-40eca33b1864d797cd	dh-20260730T170046Z-7d4c2a91	4	2026-07-30T17:05:44.524826+00:00	MATVEI MICHKOV YOUNG GUNS / young_guns_deal_and_misspelling	Matvei Michkov	young_guns_rookie_card	eBay	east.sac.cards		v1|406372944399|0	https://www.ebay.com/itm/406372944399?_skw=Matvei+Michkov+YG+Philadelphia+Flyers&hash=item5e9db70a0f%3Ag%3AxxYAAeSwP19qZPGv	LIVE	2024-25 Upper Deck: Matvei Michkov / Ivan Fedotov YG, UER - #496	{"title":"2024-25 Upper Deck: Matvei Michkov / Ivan Fedotov YG, UER - #496","preliminaryScopeStatus":"DISCOVERY_SCOPE_PASS","queryFamilyIds":["matvei-michkov.yg-abbreviation"],"preliminaryRisks":[]}	{"status":"UNVERIFIED","verification":"native-browse-title-and-marketplace-images-only","frontVerified":false,"backVerified":false}	preliminary|40eca33b1864d797cd	ebay|east.sac.cards|v1|406372944399|0	https://i.ebayimg.com/images/g/xxYAAeSwP19qZPGv/s-l225.jpg	https://i.ebayimg.com/images/g/xxYAAeSwP19qZPGv/s-l1600.jpg	FALSE	FALSE	FALSE	FALSE	{}											UNASSESSED	[]	3.99	0																	INSUFFICIENT																	MANUAL REVIEW / UNPRICED	FALSE	FALSE	["exact_parallel_or_variation_not_verified","front_and_back_identity_not_verified","full_delivered_acquisition_cost_not_proven","identical_completed_sales_not_loaded","instacomp_exact_market_not_completed","owned_copy_exclusion_not_proven"]	{"endpoints":["matvei_michkov_young_guns"],"candidateId":"ebay:v1|406372944399|0","listingItemId":"v1|406372944399|0","queryFamilyIds":["matvei-michkov.yg-abbreviation"],"buyingOptions":["FIXED_PRICE"],"condition":"Ungraded","itemCreationDate":"2025-11-11T20:01:06.000Z","itemEndDate":null,"imageUrls":["https://i.ebayimg.com/images/g/xxYAAeSwP19qZPGv/s-l225.jpg","https://i.ebayimg.com/images/g/xxYAAeSwP19qZPGv/s-l1600.jpg"],"preliminaryScopeStatus":"DISCOVERY_SCOPE_PASS","preliminaryRisks":[]}
cand-s4-ebay-3dec6aa66670b38bff	dh-20260730T170046Z-7d4c2a91	4	2026-07-30T17:05:44.524826+00:00	MATVEI MICHKOV YOUNG GUNS / young_guns_deal_and_misspelling	Matvei Michkov	young_guns_rookie_card	eBay	usa-breaks		v1|406674039202|0	https://www.ebay.com/itm/406674039202?_skw=Matvei+Michkov+YG+Philadelphia+Flyers&hash=item5eafa961a2%3Ag%3AdlAAAeSwUBJphc5J	LIVE	2024-25 Upper Deck #496 Matvei Michkov / Ivan Fedotov YG, RC	{"title":"2024-25 Upper Deck #496 Matvei Michkov / Ivan Fedotov YG, RC","preliminaryScopeStatus":"DISCOVERY_SCOPE_PASS","queryFamilyIds":["matvei-michkov.yg-abbreviation"],"preliminaryRisks":[]}	{"status":"UNVERIFIED","verification":"native-browse-title-and-marketplace-images-only","frontVerified":false,"backVerified":false}	preliminary|3dec6aa66670b38bff	ebay|usa-breaks|v1|406674039202|0	https://i.ebayimg.com/images/g/dlAAAeSwUBJphc5J/s-l225.jpg	https://i.ebayimg.com/images/g/dlAAAeSwUBJphc5J/s-l1200.jpg	FALSE	FALSE	FALSE	FALSE	{}											UNASSESSED	[]	1.61	1.32																	INSUFFICIENT																	MANUAL REVIEW / UNPRICED	FALSE	FALSE	["exact_parallel_or_variation_not_verified","front_and_back_identity_not_verified","full_delivered_acquisition_cost_not_proven","identical_completed_sales_not_loaded","instacomp_exact_market_not_completed","owned_copy_exclusion_not_proven"]	{"endpoints":["matvei_michkov_young_guns"],"candidateId":"ebay:v1|406674039202|0","listingItemId":"v1|406674039202|0","queryFamilyIds":["matvei-michkov.yg-abbreviation"],"buyingOptions":["FIXED_PRICE"],"condition":"Ungraded","itemCreationDate":"2026-02-06T11:14:34.000Z","itemEndDate":null,"imageUrls":["https://i.ebayimg.com/images/g/dlAAAeSwUBJphc5J/s-l225.jpg","https://i.ebayimg.com/images/g/dlAAAeSwUBJphc5J/s-l1200.jpg"],"preliminaryScopeStatus":"DISCOVERY_SCOPE_PASS","preliminaryRisks":[]}
cand-s4-ebay-3cfb070c254baeca7a	dh-20260730T170046Z-7d4c2a91	4	2026-07-30T17:05:44.524826+00:00	MATVEI MICHKOV YOUNG GUNS / young_guns_deal_and_misspelling	Matvei Michkov	young_guns_rookie_card	eBay	noahv75		v1|407094436069|0	https://www.ebay.com/itm/407094436069?_skw=Matvei+Michkov+Young+Guns+rookie&hash=item5ec8b820e5%3Ag%3Ay5MAAeSw9ZVqYsGT	LIVE	2024-25 Upper Deck Series 2 - Young Guns Matvei Michkov #492 (RC) PSA 10	{"title":"2024-25 Upper Deck Series 2 - Young Guns Matvei Michkov #492 (RC) PSA 10","preliminaryScopeStatus":"DISCOVERY_SCOPE_PASS","queryFamilyIds":["matvei-michkov.exact-young-guns","matvei-michkov.matvey-first-name"],"preliminaryRisks":[]}	{"status":"UNVERIFIED","verification":"native-browse-title-and-marketplace-images-only","frontVerified":false,"backVerified":false}	preliminary|3cfb070c254baeca7a	ebay|noahv75|v1|407094436069|0	https://i.ebayimg.com/images/g/y5MAAeSw9ZVqYsGT/s-l225.jpg	https://i.ebayimg.com/images/g/y5MAAeSw9ZVqYsGT/s-l1600.jpg	FALSE	FALSE	FALSE	FALSE	{}											UNASSESSED	[]	190																		INSUFFICIENT																	MANUAL REVIEW / UNPRICED	FALSE	FALSE	["exact_parallel_or_variation_not_verified","front_and_back_identity_not_verified","full_delivered_acquisition_cost_not_proven","identical_completed_sales_not_loaded","instacomp_exact_market_not_completed","owned_copy_exclusion_not_proven"]	{"endpoints":["matvei_michkov_young_guns"],"candidateId":"ebay:v1|407094436069|0","listingItemId":"v1|407094436069|0","queryFamilyIds":["matvei-michkov.exact-young-guns","matvei-michkov.matvey-first-name"],"buyingOptions":["FIXED_PRICE","BEST_OFFER"],"condition":"Graded","itemCreationDate":"2026-07-24T01:39:17.000Z","itemEndDate":null,"imageUrls":["https://i.ebayimg.com/images/g/y5MAAeSw9ZVqYsGT/s-l225.jpg","https://i.ebayimg.com/images/g/y5MAAeSw9ZVqYsGT/s-l1600.jpg"],"preliminaryScopeStatus":"DISCOVERY_SCOPE_PASS","preliminaryRisks":[]}
cand-s4-ebay-1db64423e2c762ce61	dh-20260730T170046Z-7d4c2a91	4	2026-07-30T17:05:44.524826+00:00	MATVEI MICHKOV YOUNG GUNS / young_guns_deal_and_misspelling	Matvei Michkov	young_guns_rookie_card	eBay	salehub770		v1|800417216868|0	https://www.ebay.com/itm/800417216868?_skw=Matvei+Michkov+Young+Guns+rookie&hash=itemba5c957964%3Ag%3AbrgAAeSwObdqT8Cl	LIVE	2024-25 Upper Deck Series 2 Young Guns Matvei Michkov #492 RC	{"title":"2024-25 Upper Deck Series 2 Young Guns Matvei Michkov #492 RC","preliminaryScopeStatus":"DISCOVERY_SCOPE_PASS","queryFamilyIds":["matvei-michkov.exact-young-guns","matvei-michkov.matvey-first-name"],"preliminaryRisks":[]}	{"status":"UNVERIFIED","verification":"native-browse-title-and-marketplace-images-only","frontVerified":false,"backVerified":false}	preliminary|1db64423e2c762ce61	ebay|salehub770|v1|800417216868|0	https://i.ebayimg.com/images/g/brgAAeSwObdqT8Cl/s-l225.jpg	https://i.ebayimg.com/images/g/brgAAeSwObdqT8Cl/s-l1600.jpg	FALSE	FALSE	FALSE	FALSE	{}											UNASSESSED	[]	19.99	1.69																	INSUFFICIENT																	MANUAL REVIEW / UNPRICED	FALSE	FALSE	["exact_parallel_or_variation_not_verified","front_and_back_identity_not_verified","full_delivered_acquisition_cost_not_proven","identical_completed_sales_not_loaded","instacomp_exact_market_not_completed","owned_copy_exclusion_not_proven"]	{"endpoints":["matvei_michkov_young_guns"],"candidateId":"ebay:v1|800417216868|0","listingItemId":"v1|800417216868|0","queryFamilyIds":["matvei-michkov.exact-young-guns","matvei-michkov.matvey-first-name"],"buyingOptions":["FIXED_PRICE","BEST_OFFER"],"condition":"Ungraded","itemCreationDate":"2026-07-27T16:34:03.000Z","itemEndDate":null,"imageUrls":["https://i.ebayimg.com/images/g/brgAAeSwObdqT8Cl/s-l225.jpg","https://i.ebayimg.com/images/g/brgAAeSwObdqT8Cl/s-l1600.jpg"],"preliminaryScopeStatus":"DISCOVERY_SCOPE_PASS","preliminaryRisks":[]}
cand-s4-ebay-5cae73b120aca10634	dh-20260730T170046Z-7d4c2a91	4	2026-07-30T17:05:44.524826+00:00	SIGNED PROSPECT BASEBALLS / signed_prospect_baseball	Franklin Arias	signed_prospect_baseball	eBay	baltimoregraphs		v1|117212970653|0	https://www.ebay.com/itm/117212970653?_skw=Franklin+Arias+signed+baseball+autograph&hash=item1b4a6ffe9d%3Ag%3ApdIAAeSwr9dqEydI	LIVE	Franklin Arias Signed Baseball Boston Red Sox Autographed Auto Prova	{"title":"Franklin Arias Signed Baseball Boston Red Sox Autographed Auto Prova","preliminaryScopeStatus":"DISCOVERY_SCOPE_PASS","queryFamilyIds":["signed-baseball.franklin-arias"],"preliminaryRisks":[]}	{"status":"UNVERIFIED","verification":"native-browse-title-and-marketplace-images-only","frontVerified":false,"backVerified":false}	preliminary|5cae73b120aca10634	ebay|baltimoregraphs|v1|117212970653|0	https://i.ebayimg.com/images/g/pdIAAeSwr9dqEydI/s-l225.jpg	https://i.ebayimg.com/images/g/pdIAAeSwr9dqEydI/s-l1600.jpg	FALSE	FALSE	FALSE	FALSE	{}											UNASSESSED	[]	79.99	0																	INSUFFICIENT																	MANUAL REVIEW / UNPRICED	FALSE	FALSE	["exact_parallel_or_variation_not_verified","front_and_back_identity_not_verified","full_delivered_acquisition_cost_not_proven","identical_completed_sales_not_loaded","instacomp_exact_market_not_completed","owned_copy_exclusion_not_proven"]	{"endpoints":["signed_baseballs"],"candidateId":"ebay:v1|117212970653|0","listingItemId":"v1|117212970653|0","queryFamilyIds":["signed-baseball.franklin-arias"],"buyingOptions":["FIXED_PRICE"],"condition":null,"itemCreationDate":"2026-05-24T16:30:00.000Z","itemEndDate":null,"imageUrls":["https://i.ebayimg.com/images/g/pdIAAeSwr9dqEydI/s-l225.jpg","https://i.ebayimg.com/images/g/pdIAAeSwr9dqEydI/s-l1600.jpg"],"preliminaryScopeStatus":"DISCOVERY_SCOPE_PASS","preliminaryRisks":[]}
cand-s4-ebay-8f1a41fbf605d19482	dh-20260730T170046Z-7d4c2a91	4	2026-07-30T17:05:44.524826+00:00	SIGNED PROSPECT BASEBALLS / signed_prospect_baseball	Franklin Arias	signed_prospect_baseball	eBay	baltimoregraphs		v1|117212976609|0	https://www.ebay.com/itm/117212976609?_skw=Franklin+Arias+signed+baseball+autograph&hash=item1b4a7015e1%3Ag%3AacgAAeSwi69qEyhz	LIVE	Franklin Arias Signed Baseball Boston Red Sox Autographed Auto Prova	{"title":"Franklin Arias Signed Baseball Boston Red Sox Autographed Auto Prova","preliminaryScopeStatus":"DISCOVERY_SCOPE_PASS","queryFamilyIds":["signed-baseball.franklin-arias"],"preliminaryRisks":[]}	{"status":"UNVERIFIED","verification":"native-browse-title-and-marketplace-images-only","frontVerified":false,"backVerified":false}	preliminary|8f1a41fbf605d19482	ebay|baltimoregraphs|v1|117212976609|0	https://i.ebayimg.com/images/g/acgAAeSwi69qEyhz/s-l225.jpg	https://i.ebayimg.com/images/g/acgAAeSwi69qEyhz/s-l1600.jpg	FALSE	FALSE	FALSE	FALSE	{}											UNASSESSED	[]	79.99	0																	INSUFFICIENT																	MANUAL REVIEW / UNPRICED	FALSE	FALSE	["exact_parallel_or_variation_not_verified","front_and_back_identity_not_verified","full_delivered_acquisition_cost_not_proven","identical_completed_sales_not_loaded","instacomp_exact_market_not_completed","owned_copy_exclusion_not_proven"]	{"endpoints":["signed_baseballs"],"candidateId":"ebay:v1|117212976609|0","listingItemId":"v1|117212976609|0","queryFamilyIds":["signed-baseball.franklin-arias"],"buyingOptions":["FIXED_PRICE"],"condition":null,"itemCreationDate":"2026-05-24T16:34:24.000Z","itemEndDate":null,"imageUrls":["https://i.ebayimg.com/images/g/acgAAeSwi69qEyhz/s-l225.jpg","https://i.ebayimg.com/images/g/acgAAeSwi69qEyhz/s-l1600.jpg"],"preliminaryScopeStatus":"DISCOVERY_SCOPE_PASS","preliminaryRisks":[]}
cand-s4-ebay-1dc5c38525fe5215df	dh-20260730T170046Z-7d4c2a91	4	2026-07-30T17:05:44.524826+00:00	SIGNED PROSPECT BASEBALLS / signed_prospect_baseball	Franklin Arias	signed_prospect_baseball	eBay	baltimoregraphs		v1|117212977065|0	https://www.ebay.com/itm/117212977065?_skw=Franklin+Arias+signed+baseball+autograph&hash=item1b4a7017a9%3Ag%3A9B4AAeSwg6BqEyi6	LIVE	Franklin Arias Signed Baseball Boston Red Sox Autographed Auto Prova	{"title":"Franklin Arias Signed Baseball Boston Red Sox Autographed Auto Prova","preliminaryScopeStatus":"DISCOVERY_SCOPE_PASS","queryFamilyIds":["signed-baseball.franklin-arias"],"preliminaryRisks":[]}	{"status":"UNVERIFIED","verification":"native-browse-title-and-marketplace-images-only","frontVerified":false,"backVerified":false}	preliminary|1dc5c38525fe5215df	ebay|baltimoregraphs|v1|117212977065|0	https://i.ebayimg.com/images/g/9B4AAeSwg6BqEyi6/s-l225.jpg	https://i.ebayimg.com/images/g/9B4AAeSwg6BqEyi6/s-l1200.jpg	FALSE	FALSE	FALSE	FALSE	{}											UNASSESSED	[]	79.99	0																	INSUFFICIENT																	MANUAL REVIEW / UNPRICED	FALSE	FALSE	["exact_parallel_or_variation_not_verified","front_and_back_identity_not_verified","full_delivered_acquisition_cost_not_proven","identical_completed_sales_not_loaded","instacomp_exact_market_not_completed","owned_copy_exclusion_not_proven"]	{"endpoints":["signed_baseballs"],"candidateId":"ebay:v1|117212977065|0","listingItemId":"v1|117212977065|0","queryFamilyIds":["signed-baseball.franklin-arias"],"buyingOptions":["FIXED_PRICE"],"condition":null,"itemCreationDate":"2026-05-24T16:35:18.000Z","itemEndDate":null,"imageUrls":["https://i.ebayimg.com/images/g/9B4AAeSwg6BqEyi6/s-l225.jpg","https://i.ebayimg.com/images/g/9B4AAeSwg6BqEyi6/s-l1200.jpg"],"preliminaryScopeStatus":"DISCOVERY_SCOPE_PASS","preliminaryRisks":[]}
cand-s4-ebay-2f5eab0f2a16ccf780	dh-20260730T170046Z-7d4c2a91	4	2026-07-30T17:05:44.524826+00:00	SIGNED PROSPECT BASEBALLS / signed_prospect_baseball	Franklin Arias	signed_prospect_baseball	eBay	baltimoregraphs		v1|117245414152|0	https://www.ebay.com/itm/117245414152?_skw=Franklin+Arias+signed+baseball+autograph&hash=item1b4c5f0b08%3Ag%3A-a8AAeSwbyJqLCm7	LIVE	Franklin Arias Signed Baseball Boston Red Sox Autographed Auto Prova	{"title":"Franklin Arias Signed Baseball Boston Red Sox Autographed Auto Prova","preliminaryScopeStatus":"DISCOVERY_SCOPE_PASS","queryFamilyIds":["signed-baseball.franklin-arias"],"preliminaryRisks":[]}	{"status":"UNVERIFIED","verification":"native-browse-title-and-marketplace-images-only","frontVerified":false,"backVerified":false}	preliminary|2f5eab0f2a16ccf780	ebay|baltimoregraphs|v1|117245414152|0	https://i.ebayimg.com/images/g/-a8AAeSwbyJqLCm7/s-l225.jpg	https://i.ebayimg.com/images/g/-a8AAeSwbyJqLCm7/s-l1600.jpg	FALSE	FALSE	FALSE	FALSE	{}											UNASSESSED	[]	119.99	0																	INSUFFICIENT																	MANUAL REVIEW / UNPRICED	FALSE	FALSE	["exact_parallel_or_variation_not_verified","front_and_back_identity_not_verified","full_delivered_acquisition_cost_not_proven","identical_completed_sales_not_loaded","instacomp_exact_market_not_completed","owned_copy_exclusion_not_proven"]	{"endpoints":["signed_baseballs"],"candidateId":"ebay:v1|117245414152|0","listingItemId":"v1|117245414152|0","queryFamilyIds":["signed-baseball.franklin-arias"],"buyingOptions":["FIXED_PRICE"],"condition":null,"itemCreationDate":"2026-06-12T15:46:20.000Z","itemEndDate":null,"imageUrls":["https://i.ebayimg.com/images/g/-a8AAeSwbyJqLCm7/s-l225.jpg","https://i.ebayimg.com/images/g/-a8AAeSwbyJqLCm7/s-l1600.jpg"],"preliminaryScopeStatus":"DISCOVERY_SCOPE_PASS","preliminaryRisks":[]}
cand-s4-ebay-7f852242e53cf5fbe2	dh-20260730T170046Z-7d4c2a91	4	2026-07-30T17:05:44.524826+00:00	SIGNED PROSPECT BASEBALLS / signed_prospect_baseball	Franklin Arias	signed_prospect_baseball	eBay	baltimoregraphs		v1|117245416778|0	https://www.ebay.com/itm/117245416778?_skw=Franklin+Arias+signed+baseball+autograph&hash=item1b4c5f154a%3Ag%3AM14AAeSw%7EDVqLDCt	LIVE	Franklin Arias Signed Baseball Boston Red Sox Autographed Auto Full Name Prova	{"title":"Franklin Arias Signed Baseball Boston Red Sox Autographed Auto Full Name Prova","preliminaryScopeStatus":"DISCOVERY_SCOPE_PASS","queryFamilyIds":["signed-baseball.franklin-arias"],"preliminaryRisks":[]}	{"status":"UNVERIFIED","verification":"native-browse-title-and-marketplace-images-only","frontVerified":false,"backVerified":false}	preliminary|7f852242e53cf5fbe2	ebay|baltimoregraphs|v1|117245416778|0	https://i.ebayimg.com/images/g/M14AAeSw~DVqLDCt/s-l225.jpg	https://i.ebayimg.com/images/g/M14AAeSw~DVqLDCt/s-l1600.jpg	FALSE	FALSE	FALSE	FALSE	{}											UNASSESSED	[]	139.99	0																	INSUFFICIENT																	MANUAL REVIEW / UNPRICED	FALSE	FALSE	["exact_parallel_or_variation_not_verified","front_and_back_identity_not_verified","full_delivered_acquisition_cost_not_proven","identical_completed_sales_not_loaded","instacomp_exact_market_not_completed","owned_copy_exclusion_not_proven"]	{"endpoints":["signed_baseballs"],"candidateId":"ebay:v1|117245416778|0","listingItemId":"v1|117245416778|0","queryFamilyIds":["signed-baseball.franklin-arias"],"buyingOptions":["FIXED_PRICE"],"condition":null,"itemCreationDate":"2026-06-12T15:48:37.000Z","itemEndDate":null,"imageUrls":["https://i.ebayimg.com/images/g/M14AAeSw~DVqLDCt/s-l225.jpg","https://i.ebayimg.com/images/g/M14AAeSw~DVqLDCt/s-l1600.jpg"],"preliminaryScopeStatus":"DISCOVERY_SCOPE_PASS","preliminaryRisks":[]}
cand-s4-ebay-d89bcce2ff51030f73	dh-20260730T170046Z-7d4c2a91	4	2026-07-30T17:05:44.524826+00:00	SIGNED PROSPECT BASEBALLS / signed_prospect_baseball	Franklin Arias	signed_prospect_baseball	eBay	baltimoregraphs		v1|117313236908|0	https://www.ebay.com/itm/117313236908?_skw=Franklin+Arias+signed+baseball+autograph&hash=item1b5069efac%3Ag%3A1LkAAeSw%7E4xqLCmM	LIVE	Franklin Arias Signed Baseball Boston Red Sox Autographed Auto Prova	{"title":"Franklin Arias Signed Baseball Boston Red Sox Autographed Auto Prova","preliminaryScopeStatus":"DISCOVERY_SCOPE_PASS","queryFamilyIds":["signed-baseball.franklin-arias"],"preliminaryRisks":[]}	{"status":"UNVERIFIED","verification":"native-browse-title-and-marketplace-images-only","frontVerified":false,"backVerified":false}	preliminary|d89bcce2ff51030f73	ebay|baltimoregraphs|v1|117313236908|0	https://i.ebayimg.com/images/g/1LkAAeSw~4xqLCmM/s-l225.jpg	https://i.ebayimg.com/images/g/1LkAAeSw~4xqLCmM/s-l1600.jpg	FALSE	FALSE	FALSE	FALSE	{}											UNASSESSED	[]	119.99	0																	INSUFFICIENT																	MANUAL REVIEW / UNPRICED	FALSE	FALSE	["exact_parallel_or_variation_not_verified","front_and_back_identity_not_verified","full_delivered_acquisition_cost_not_proven","identical_completed_sales_not_loaded","instacomp_exact_market_not_completed","owned_copy_exclusion_not_proven"]	{"endpoints":["signed_baseballs"],"candidateId":"ebay:v1|117313236908|0","listingItemId":"v1|117313236908|0","queryFamilyIds":["signed-baseball.franklin-arias"],"buyingOptions":["FIXED_PRICE"],"condition":null,"itemCreationDate":"2026-07-20T20:19:31.000Z","itemEndDate":null,"imageUrls":["https://i.ebayimg.com/images/g/1LkAAeSw~4xqLCmM/s-l225.jpg","https://i.ebayimg.com/images/g/1LkAAeSw~4xqLCmM/s-l1600.jpg"],"preliminaryScopeStatus":"DISCOVERY_SCOPE_PASS","preliminaryRisks":[]}
cand-s4-ebay-62684d4aaa5fa239af	dh-20260730T170046Z-7d4c2a91	4	2026-07-30T17:05:44.524826+00:00	SIGNED PROSPECT BASEBALLS / signed_prospect_baseball	Franklin Arias	signed_prospect_baseball	eBay	baltimoregraphs		v1|117320618559|0	https://www.ebay.com/itm/117320618559?_skw=Franklin+Arias+signed+baseball+autograph&hash=item1b50da923f%3Ag%3AJPMAAeSw0-1qLC%7E-	LIVE	Franklin Arias Signed Baseball Boston Red Sox Autographed Auto Full Name Prova	{"title":"Franklin Arias Signed Baseball Boston Red Sox Autographed Auto Full Name Prova","preliminaryScopeStatus":"DISCOVERY_SCOPE_PASS","queryFamilyIds":["signed-baseball.franklin-arias"],"preliminaryRisks":[]}	{"status":"UNVERIFIED","verification":"native-browse-title-and-marketplace-images-only","frontVerified":false,"backVerified":false}	preliminary|62684d4aaa5fa239af	ebay|baltimoregraphs|v1|117320618559|0	https://i.ebayimg.com/images/g/JPMAAeSw0-1qLC~-/s-l225.jpg	https://i.ebayimg.com/images/g/JPMAAeSw0-1qLC~-/s-l1600.jpg	FALSE	FALSE	FALSE	FALSE	{}											UNASSESSED	[]	139.99	0																	INSUFFICIENT																	MANUAL REVIEW / UNPRICED	FALSE	FALSE	["exact_parallel_or_variation_not_verified","front_and_back_identity_not_verified","full_delivered_acquisition_cost_not_proven","identical_completed_sales_not_loaded","instacomp_exact_market_not_completed","owned_copy_exclusion_not_proven"]	{"endpoints":["signed_baseballs"],"candidateId":"ebay:v1|117320618559|0","listingItemId":"v1|117320618559|0","queryFamilyIds":["signed-baseball.franklin-arias"],"buyingOptions":["FIXED_PRICE"],"condition":null,"itemCreationDate":"2026-07-24T21:19:09.000Z","itemEndDate":null,"imageUrls":["https://i.ebayimg.com/images/g/JPMAAeSw0-1qLC~-/s-l225.jpg","https://i.ebayimg.com/images/g/JPMAAeSw0-1qLC~-/s-l1600.jpg"],"preliminaryScopeStatus":"DISCOVERY_SCOPE_PASS","preliminaryRisks":[]}
cand-s4-ebay-c4e7243089ff75e2b9	dh-20260730T170046Z-7d4c2a91	4	2026-07-30T17:05:44.524826+00:00	SIGNED PROSPECT BASEBALLS / signed_prospect_baseball	Franklin Arias	signed_prospect_baseball	eBay	flowercityautographs		v1|168427811959|0	https://www.ebay.com/itm/168427811959?_skw=Franklin+Arias+signed+baseball+autograph&hash=item2737147477%3Ag%3A0FAAAeSwCpVqIGaA	LIVE	Franklin Arias Boston Red Sox signed autographed omlb Baseball #1 Prospect	{"title":"Franklin Arias Boston Red Sox signed autographed omlb Baseball #1 Prospect","preliminaryScopeStatus":"DISCOVERY_SCOPE_PASS","queryFamilyIds":["signed-baseball.franklin-arias"],"preliminaryRisks":[]}	{"status":"UNVERIFIED","verification":"native-browse-title-and-marketplace-images-only","frontVerified":false,"backVerified":false}	preliminary|c4e7243089ff75e2b9	ebay|flowercityautographs|v1|168427811959|0	https://i.ebayimg.com/images/g/0FAAAeSwCpVqIGaA/s-l225.jpg	https://i.ebayimg.com/images/g/0FAAAeSwCpVqIGaA/s-l1600.jpg	FALSE	FALSE	FALSE	FALSE	{}											UNASSESSED	[]	69.99	0																	INSUFFICIENT																	MANUAL REVIEW / UNPRICED	FALSE	FALSE	["exact_parallel_or_variation_not_verified","front_and_back_identity_not_verified","full_delivered_acquisition_cost_not_proven","identical_completed_sales_not_loaded","instacomp_exact_market_not_completed","owned_copy_exclusion_not_proven"]	{"endpoints":["signed_baseballs"],"candidateId":"ebay:v1|168427811959|0","listingItemId":"v1|168427811959|0","queryFamilyIds":["signed-baseball.franklin-arias"],"buyingOptions":["FIXED_PRICE","BEST_OFFER"],"condition":null,"itemCreationDate":"2026-06-03T17:38:21.000Z","itemEndDate":null,"imageUrls":["https://i.ebayimg.com/images/g/0FAAAeSwCpVqIGaA/s-l225.jpg","https://i.ebayimg.com/images/g/0FAAAeSwCpVqIGaA/s-l1600.jpg"],"preliminaryScopeStatus":"DISCOVERY_SCOPE_PASS","preliminaryRisks":[]}
cand-s4-ebay-d341318ef93dbc9701	dh-20260730T170046Z-7d4c2a91	4	2026-07-30T17:05:44.524826+00:00	SIGNED PROSPECT BASEBALLS / signed_prospect_baseball	Franklin Arias	signed_prospect_baseball	eBay	smileysports		v1|178186260549|0	https://www.ebay.com/itm/178186260549?_skw=Franklin+Arias+signed+baseball+autograph&hash=item297cba9045%3Ag%3ABJ4AAeSwCitqHsWP	LIVE	Franklin Arias Signed Baseball Boston Red Sox Autographed Top Prospect	{"title":"Franklin Arias Signed Baseball Boston Red Sox Autographed Top Prospect","preliminaryScopeStatus":"DISCOVERY_SCOPE_PASS","queryFamilyIds":["signed-baseball.franklin-arias"],"preliminaryRisks":[]}	{"status":"UNVERIFIED","verification":"native-browse-title-and-marketplace-images-only","frontVerified":false,"backVerified":false}	preliminary|d341318ef93dbc9701	ebay|smileysports|v1|178186260549|0	https://i.ebayimg.com/images/g/BJ4AAeSwCitqHsWP/s-l225.jpg	https://i.ebayimg.com/images/g/BJ4AAeSwCitqHsWP/s-l1600.jpg	FALSE	FALSE	FALSE	FALSE	{}											UNASSESSED	[]	74.99																		INSUFFICIENT																	MANUAL REVIEW / UNPRICED	FALSE	FALSE	["exact_parallel_or_variation_not_verified","front_and_back_identity_not_verified","full_delivered_acquisition_cost_not_proven","identical_completed_sales_not_loaded","instacomp_exact_market_not_completed","owned_copy_exclusion_not_proven"]	{"endpoints":["signed_baseballs"],"candidateId":"ebay:v1|178186260549|0","listingItemId":"v1|178186260549|0","queryFamilyIds":["signed-baseball.franklin-arias"],"buyingOptions":["FIXED_PRICE","BEST_OFFER"],"condition":null,"itemCreationDate":"2026-06-02T11:59:33.000Z","itemEndDate":null,"imageUrls":["https://i.ebayimg.com/images/g/BJ4AAeSwCitqHsWP/s-l225.jpg","https://i.ebayimg.com/images/g/BJ4AAeSwCitqHsWP/s-l1600.jpg"],"preliminaryScopeStatus":"DISCOVERY_SCOPE_PASS","preliminaryRisks":[]}
cand-s4-ebay-88a8865e9517e73d55	dh-20260730T170046Z-7d4c2a91	4	2026-07-30T17:05:44.524826+00:00	SIGNED PROSPECT BASEBALLS / signed_prospect_baseball	Franklin Arias	signed_prospect_baseball	eBay	jkpecollectibles		v1|178316993272|0	https://www.ebay.com/itm/178316993272?_skw=Franklin+Arias+signed+baseball+autograph&hash=item29848562f8%3Ag%3A73sAAeSwMndqWUh%7E	LIVE	FRANKLIN ARIAS SIGNED 2026 MLB FUTURES GAME ALL STAR BASEBALL RED SOX AUTOGRAPH	{"title":"FRANKLIN ARIAS SIGNED 2026 MLB FUTURES GAME ALL STAR BASEBALL RED SOX AUTOGRAPH","preliminaryScopeStatus":"DISCOVERY_SCOPE_PASS","queryFamilyIds":["signed-baseball.franklin-arias"],"preliminaryRisks":[]}	{"status":"UNVERIFIED","verification":"native-browse-title-and-marketplace-images-only","frontVerified":false,"backVerified":false}	preliminary|88a8865e9517e73d55	ebay|jkpecollectibles|v1|178316993272|0	https://i.ebayimg.com/images/g/73sAAeSwMndqWUh~/s-l225.jpg	https://i.ebayimg.com/images/g/73sAAeSwMndqWUh~/s-l640.jpg	FALSE	FALSE	FALSE	FALSE	{}											UNASSESSED	[]	99.99	0																	INSUFFICIENT																	MANUAL REVIEW / UNPRICED	FALSE	FALSE	["exact_parallel_or_variation_not_verified","front_and_back_identity_not_verified","full_delivered_acquisition_cost_not_proven","identical_completed_sales_not_loaded","instacomp_exact_market_not_completed","owned_copy_exclusion_not_proven"]	{"endpoints":["signed_baseballs"],"candidateId":"ebay:v1|178316993272|0","listingItemId":"v1|178316993272|0","queryFamilyIds":["signed-baseball.franklin-arias"],"buyingOptions":["FIXED_PRICE","BEST_OFFER"],"condition":null,"itemCreationDate":"2026-07-16T21:20:26.000Z","itemEndDate":null,"imageUrls":["https://i.ebayimg.com/images/g/73sAAeSwMndqWUh~/s-l225.jpg","https://i.ebayimg.com/images/g/73sAAeSwMndqWUh~/s-l640.jpg"],"preliminaryScopeStatus":"DISCOVERY_SCOPE_PASS","preliminaryRisks":[]}
cand-s4-ebay-b4912a0495df5a2411	dh-20260730T170046Z-7d4c2a91	4	2026-07-30T17:05:44.524826+00:00	SIGNED PROSPECT BASEBALLS / signed_prospect_baseball	Franklin Arias	signed_prospect_baseball	eBay	topsportvalues		v1|188046493268|0	https://www.ebay.com/itm/188046493268?_skw=Franklin+Arias+signed+baseball+autograph&hash=item2bc871c654%3Ag%3AdjAAAeSwsAFpi6gV	LIVE	FRANKLIN ARIAS SIGNED OFFICIAL MLB BASEBALL #1 PROSPECT RED SOX AUTOGRAPH	{"title":"FRANKLIN ARIAS SIGNED OFFICIAL MLB BASEBALL #1 PROSPECT RED SOX AUTOGRAPH","preliminaryScopeStatus":"DISCOVERY_SCOPE_PASS","queryFamilyIds":["signed-baseball.franklin-arias"],"preliminaryRisks":[]}	{"status":"UNVERIFIED","verification":"native-browse-title-and-marketplace-images-only","frontVerified":false,"backVerified":false}	preliminary|b4912a0495df5a2411	ebay|topsportvalues|v1|188046493268|0	https://i.ebayimg.com/images/g/djAAAeSwsAFpi6gV/s-l225.jpg	https://i.ebayimg.com/images/g/djAAAeSwsAFpi6gV/s-l1600.jpg	FALSE	FALSE	FALSE	FALSE	{}											UNASSESSED	[]	74.99	12																	INSUFFICIENT																	MANUAL REVIEW / UNPRICED	FALSE	FALSE	["exact_parallel_or_variation_not_verified","front_and_back_identity_not_verified","full_delivered_acquisition_cost_not_proven","identical_completed_sales_not_loaded","instacomp_exact_market_not_completed","owned_copy_exclusion_not_proven"]	{"endpoints":["signed_baseballs"],"candidateId":"ebay:v1|188046493268|0","listingItemId":"v1|188046493268|0","queryFamilyIds":["signed-baseball.franklin-arias"],"buyingOptions":["FIXED_PRICE","BEST_OFFER"],"condition":null,"itemCreationDate":"2026-02-10T21:52:57.000Z","itemEndDate":null,"imageUrls":["https://i.ebayimg.com/images/g/djAAAeSwsAFpi6gV/s-l225.jpg","https://i.ebayimg.com/images/g/djAAAeSwsAFpi6gV/s-l1600.jpg"],"preliminaryScopeStatus":"DISCOVERY_SCOPE_PASS","preliminaryRisks":[]}
cand-s4-ebay-5a2543352785e015ef	dh-20260730T170046Z-7d4c2a91	4	2026-07-30T17:05:44.524826+00:00	SIGNED PROSPECT BASEBALLS / signed_prospect_baseball	Franklin Arias	signed_prospect_baseball	eBay	best2everdoit		v1|287368582091|0	https://www.ebay.com/itm/287368582091?_skw=Franklin+Arias+signed+baseball+autograph&hash=item42e88093cb%3Ag%3Aa4AAAeSwlGBqHjBQ	LIVE	Franklin Arias Signed Baseball Boston Red Sox Autographed Auto #	{"title":"Franklin Arias Signed Baseball Boston Red Sox Autographed Auto #","preliminaryScopeStatus":"DISCOVERY_SCOPE_PASS","queryFamilyIds":["signed-baseball.franklin-arias"],"preliminaryRisks":[]}	{"status":"UNVERIFIED","verification":"native-browse-title-and-marketplace-images-only","frontVerified":false,"backVerified":false}	preliminary|5a2543352785e015ef	ebay|best2everdoit|v1|287368582091|0	https://i.ebayimg.com/images/g/a4AAAeSwlGBqHjBQ/s-l225.jpg	https://i.ebayimg.com/images/g/a4AAAeSwlGBqHjBQ/s-l1600.jpg	FALSE	FALSE	FALSE	FALSE	{}											UNASSESSED	[]	88.88	0																	INSUFFICIENT																	MANUAL REVIEW / UNPRICED	FALSE	FALSE	["exact_parallel_or_variation_not_verified","front_and_back_identity_not_verified","full_delivered_acquisition_cost_not_proven","identical_completed_sales_not_loaded","instacomp_exact_market_not_completed","owned_copy_exclusion_not_proven"]	{"endpoints":["signed_baseballs"],"candidateId":"ebay:v1|287368582091|0","listingItemId":"v1|287368582091|0","queryFamilyIds":["signed-baseball.franklin-arias"],"buyingOptions":["FIXED_PRICE","BEST_OFFER"],"condition":null,"itemCreationDate":"2026-06-02T01:23:07.000Z","itemEndDate":null,"imageUrls":["https://i.ebayimg.com/images/g/a4AAAeSwlGBqHjBQ/s-l225.jpg","https://i.ebayimg.com/images/g/a4AAAeSwlGBqHjBQ/s-l1600.jpg"],"preliminaryScopeStatus":"DISCOVERY_SCOPE_PASS","preliminaryRisks":[]}
cand-s4-ebay-b4815021d6738b76f9	dh-20260730T170046Z-7d4c2a91	4	2026-07-30T17:05:44.524826+00:00	SIGNED PROSPECT BASEBALLS / signed_prospect_baseball	Franklin Arias	signed_prospect_baseball	eBay	fitgcollectibles		v1|317999780850|0	https://www.ebay.com/itm/317999780850?_skw=Franklin+Arias+signed+baseball+autograph&hash=item4a0a4393f2%3Ag%3A4dgAAeSwCTFptH%7EX&amdata=enc%3AAQALAAABAACCtXRWQnOEpyOqnQQ8KGa01e%2BdIE34b0jXHAFQHvy0iKtSdzMIvwBG4LrZV0qcGHm%2BiU%2B%2F9ksJ%2FSSaLYbWoamcNtDEDy6H4T7hp1SysT8%2BPfwRLaBinRZNnp5yiyonPXk9OgsBFt3RgtAErYmF7NsHmq6GhubbxwtmcpWW3g7UwdEWl6poOp5PqJ6Quc8r0eVm6l6%2B7n%2F2US9qx8p76p2egencSDJynna5%2BGAqEhEVQEsuTUEEfUnoQ4W8AbDb2zw3KGlx7BqzXvGJOvvVoMzcCiMDd%2BXIkell59dETNEsg588O%2FnonR804ZqM6Wpv7hx%2B3%2FWDdm0s6lmoFEWYjF8%3D	LIVE	Franklin Arias Signed Baseball Boston Red Sox Autographed Auto Prova	{"title":"Franklin Arias Signed Baseball Boston Red Sox Autographed Auto Prova","preliminaryScopeStatus":"DISCOVERY_SCOPE_PASS","queryFamilyIds":["signed-baseball.franklin-arias"],"preliminaryRisks":[]}	{"status":"UNVERIFIED","verification":"native-browse-title-and-marketplace-images-only","frontVerified":false,"backVerified":false}	preliminary|b4815021d6738b76f9	ebay|fitgcollectibles|v1|317999780850|0	https://i.ebayimg.com/images/g/4dgAAeSwCTFptH~X/s-l225.jpg	https://i.ebayimg.com/images/g/4dgAAeSwCTFptH~X/s-l1600.jpg	FALSE	FALSE	FALSE	FALSE	{}											UNASSESSED	[]	85	9																	INSUFFICIENT																	MANUAL REVIEW / UNPRICED	FALSE	FALSE	["exact_parallel_or_variation_not_verified","front_and_back_identity_not_verified","full_delivered_acquisition_cost_not_proven","identical_completed_sales_not_loaded","instacomp_exact_market_not_completed","owned_copy_exclusion_not_proven"]	{"endpoints":["signed_baseballs"],"candidateId":"ebay:v1|317999780850|0","listingItemId":"v1|317999780850|0","queryFamilyIds":["signed-baseball.franklin-arias"],"buyingOptions":["FIXED_PRICE","BEST_OFFER"],"condition":null,"itemCreationDate":"2026-03-13T21:22:15.000Z","itemEndDate":null,"imageUrls":["https://i.ebayimg.com/images/g/4dgAAeSwCTFptH~X/s-l225.jpg","https://i.ebayimg.com/images/g/4dgAAeSwCTFptH~X/s-l1600.jpg"],"preliminaryScopeStatus":"DISCOVERY_SCOPE_PASS","preliminaryRisks":[]}
cand-s4-ebay-2aaeeb8d8e80da0f45	dh-20260730T170046Z-7d4c2a91	4	2026-07-30T17:05:44.524826+00:00	SIGNED PROSPECT BASEBALLS / signed_prospect_baseball	George Lombard Jr	signed_prospect_baseball	eBay	djaysone		v1|128002153809|0	https://www.ebay.com/itm/128002153809?_skw=George+Lombard+Jr+signed+baseball+autograph&hash=item1dcd85dd51%3Ag%3A3TQAAeSw0ttqa2Hu	LIVE	2024 BOWMAN CHROME GEORGE LOMBARD JR. 1ST AUTO BASE #CPAGLO YANKEES PSA 10	{"title":"2024 BOWMAN CHROME GEORGE LOMBARD JR. 1ST AUTO BASE #CPAGLO YANKEES PSA 10","preliminaryScopeStatus":"DISCOVERY_SCOPE_PASS","queryFamilyIds":["signed-baseball.george-lombard-jr"],"preliminaryRisks":[]}	{"status":"UNVERIFIED","verification":"native-browse-title-and-marketplace-images-only","frontVerified":false,"backVerified":false}	preliminary|2aaeeb8d8e80da0f45	ebay|djaysone|v1|128002153809|0	https://i.ebayimg.com/images/g/3TQAAeSw0ttqa2Hu/s-l225.jpg	https://i.ebayimg.com/images/g/3TQAAeSw0ttqa2Hu/s-l1600.jpg	FALSE	FALSE	FALSE	FALSE	{}											UNASSESSED	[]	549.99	7.99																	INSUFFICIENT																	MANUAL REVIEW / UNPRICED	FALSE	FALSE	["exact_parallel_or_variation_not_verified","front_and_back_identity_not_verified","full_delivered_acquisition_cost_not_proven","identical_completed_sales_not_loaded","instacomp_exact_market_not_completed","owned_copy_exclusion_not_proven"]	{"endpoints":["signed_baseballs"],"candidateId":"ebay:v1|128002153809|0","listingItemId":"v1|128002153809|0","queryFamilyIds":["signed-baseball.george-lombard-jr"],"buyingOptions":["FIXED_PRICE","BEST_OFFER"],"condition":"Graded","itemCreationDate":"2026-07-30T14:45:01.000Z","itemEndDate":null,"imageUrls":["https://i.ebayimg.com/images/g/3TQAAeSw0ttqa2Hu/s-l225.jpg","https://i.ebayimg.com/images/g/3TQAAeSw0ttqa2Hu/s-l1600.jpg"],"preliminaryScopeStatus":"DISCOVERY_SCOPE_PASS","preliminaryRisks":[]}
cand-s4-ebay-c522ee681d0e015b41	dh-20260730T170046Z-7d4c2a91	4	2026-07-30T17:05:44.524826+00:00	SIGNED PROSPECT BASEBALLS / signed_prospect_baseball	George Lombard Jr	signed_prospect_baseball	eBay	headrush02		v1|147469592309|0	https://www.ebay.com/itm/147469592309?_skw=George+Lombard+Jr+signed+baseball+autograph&hash=item2255df66f5%3Ag%3AF4cAAeSwiBtqag0U	LIVE	2024 Bowman George Lombard Jr. 1st Bowman Auto /150 Yankees	{"title":"2024 Bowman George Lombard Jr. 1st Bowman Auto /150 Yankees","preliminaryScopeStatus":"DISCOVERY_SCOPE_PASS","queryFamilyIds":["signed-baseball.george-lombard-jr"],"preliminaryRisks":[]}	{"status":"UNVERIFIED","verification":"native-browse-title-and-marketplace-images-only","frontVerified":false,"backVerified":false}	preliminary|c522ee681d0e015b41	ebay|headrush02|v1|147469592309|0	https://i.ebayimg.com/images/g/F4cAAeSwiBtqag0U/s-l225.jpg	https://i.ebayimg.com/images/g/F4cAAeSwiBtqag0U/s-l1200.jpg	FALSE	FALSE	FALSE	FALSE	{}											UNASSESSED	[]	350																		INSUFFICIENT																	MANUAL REVIEW / UNPRICED	FALSE	FALSE	["exact_parallel_or_variation_not_verified","front_and_back_identity_not_verified","full_delivered_acquisition_cost_not_proven","identical_completed_sales_not_loaded","instacomp_exact_market_not_completed","owned_copy_exclusion_not_proven"]	{"endpoints":["signed_baseballs"],"candidateId":"ebay:v1|147469592309|0","listingItemId":"v1|147469592309|0","queryFamilyIds":["signed-baseball.george-lombard-jr"],"buyingOptions":["FIXED_PRICE","BEST_OFFER"],"condition":"Ungraded","itemCreationDate":"2026-07-29T14:30:12.000Z","itemEndDate":null,"imageUrls":["https://i.ebayimg.com/images/g/F4cAAeSwiBtqag0U/s-l225.jpg","https://i.ebayimg.com/images/g/F4cAAeSwiBtqag0U/s-l1200.jpg"],"preliminaryScopeStatus":"DISCOVERY_SCOPE_PASS","preliminaryRisks":[]}
cand-s4-ebay-66ec845c4ca9d99623	dh-20260730T170046Z-7d4c2a91	4	2026-07-30T17:05:44.524826+00:00	SIGNED PROSPECT BASEBALLS / signed_prospect_baseball	George Lombard Jr	signed_prospect_baseball	eBay	glennhomer1ael		v1|168570784383|0	https://www.ebay.com/itm/168570784383?_skw=George+Lombard+Jr+signed+baseball+autograph&hash=item273f9a0a7f%3Ag%3AvFUAAeSwwnlqaURi&amdata=enc%3AAQALAAABEACCtXRWQnOEpyOqnQQ8KGbxG2P9gU55YRJnaHvq9LXBIILkPgI0cIbJiyKFmtKCi%2BrLQTk7u9iHcD0t3loUTQN2GmTIBfLTBZPyUs8Kh4LcThssIzz3PwLa%2BShzoLPzWtEAU2lA%2FRiTIzzo1yQnAQSTb65L%2FKe86gYVeE2M0DIzZxtYC75ecxd9kwuvzX3pC1aDz%2BQTZejUNsM07%2BHJE9YKdtgrqLzj9Ja2ThpR9nnqq43Fs6XxC9QWsLQ5Ne7zhkRzIxk8pVxMuUHgJvMvdFgXjTVDFTnfxVl%2BurnQbKwXGtzcxAi4F1QH7t2HvfP6Q5rXRGb%2B7%2BYAL%2FSkGogQOZvGmCcyF6q8Moa0lg%2B0IHco	LIVE	2025 Bowman Draft In Action George Lombard Jr Gold Auto /50  #BIA-GL Yankees	{"title":"2025 Bowman Draft In Action George Lombard Jr Gold Auto /50  #BIA-GL Yankees","preliminaryScopeStatus":"DISCOVERY_SCOPE_PASS","queryFamilyIds":["signed-baseball.george-lombard-jr"],"preliminaryRisks":[]}	{"status":"UNVERIFIED","verification":"native-browse-title-and-marketplace-images-only","frontVerified":false,"backVerified":false}	preliminary|66ec845c4ca9d99623	ebay|glennhomer1ael|v1|168570784383|0	https://i.ebayimg.com/images/g/vFUAAeSwwnlqaURi/s-l225.jpg	https://i.ebayimg.com/images/g/vFUAAeSwwnlqaURi/s-l1600.jpg	FALSE	FALSE	FALSE	FALSE	{}											UNASSESSED	[]	175																		INSUFFICIENT																	MANUAL REVIEW / UNPRICED	FALSE	FALSE	["exact_parallel_or_variation_not_verified","front_and_back_identity_not_verified","full_delivered_acquisition_cost_not_proven","identical_completed_sales_not_loaded","instacomp_exact_market_not_completed","owned_copy_exclusion_not_proven"]	{"endpoints":["signed_baseballs"],"candidateId":"ebay:v1|168570784383|0","listingItemId":"v1|168570784383|0","queryFamilyIds":["signed-baseball.george-lombard-jr"],"buyingOptions":["FIXED_PRICE","BEST_OFFER"],"condition":"Ungraded","itemCreationDate":"2026-07-28T20:47:37.000Z","itemEndDate":null,"imageUrls":["https://i.ebayimg.com/images/g/vFUAAeSwwnlqaURi/s-l225.jpg","https://i.ebayimg.com/images/g/vFUAAeSwwnlqaURi/s-l1600.jpg"],"preliminaryScopeStatus":"DISCOVERY_SCOPE_PASS","preliminaryRisks":[]}
cand-s4-ebay-39605edf3f98ba21fa	dh-20260730T170046Z-7d4c2a91	4	2026-07-30T17:05:44.524826+00:00	SIGNED PROSPECT BASEBALLS / signed_prospect_baseball	George Lombard Jr	signed_prospect_baseball	eBay	collectilblesnmore2552		v1|188376454873|0	https://www.ebay.com/itm/188376454873?_skw=George+Lombard+Jr+signed+baseball+autograph&hash=item2bdc1c96d9%3Ag%3AwvsAAeSw9NpqA6vJ	LIVE	George Lombard Jr Baseball Autographed Signed 2024 1st Bowman Chrome MOJO Card	{"title":"George Lombard Jr Baseball Autographed Signed 2024 1st Bowman Chrome MOJO Card","preliminaryScopeStatus":"DISCOVERY_SCOPE_PASS","queryFamilyIds":["signed-baseball.george-lombard-jr"],"preliminaryRisks":[]}	{"status":"UNVERIFIED","verification":"native-browse-title-and-marketplace-images-only","frontVerified":false,"backVerified":false}	preliminary|39605edf3f98ba21fa	ebay|collectilblesnmore2552|v1|188376454873|0	https://i.ebayimg.com/images/g/wvsAAeSw9NpqA6vJ/s-l225.jpg	https://i.ebayimg.com/images/g/wvsAAeSw9NpqA6vJ/s-l960.jpg	FALSE	FALSE	FALSE	FALSE	{}											UNASSESSED	[]	79.99	7																	INSUFFICIENT																	MANUAL REVIEW / UNPRICED	FALSE	FALSE	["exact_parallel_or_variation_not_verified","front_and_back_identity_not_verified","full_delivered_acquisition_cost_not_proven","identical_completed_sales_not_loaded","instacomp_exact_market_not_completed","owned_copy_exclusion_not_proven"]	{"endpoints":["signed_baseballs"],"candidateId":"ebay:v1|188376454873|0","listingItemId":"v1|188376454873|0","queryFamilyIds":["signed-baseball.george-lombard-jr"],"buyingOptions":["FIXED_PRICE","BEST_OFFER"],"condition":"Ungraded","itemCreationDate":"2026-05-12T22:38:33.000Z","itemEndDate":null,"imageUrls":["https://i.ebayimg.com/images/g/wvsAAeSw9NpqA6vJ/s-l225.jpg","https://i.ebayimg.com/images/g/wvsAAeSw9NpqA6vJ/s-l960.jpg"],"preliminaryScopeStatus":"DISCOVERY_SCOPE_PASS","preliminaryRisks":[]}
cand-s4-ebay-3def5de9cc4263fe2a	dh-20260730T170046Z-7d4c2a91	4	2026-07-30T17:05:44.524826+00:00	SIGNED PROSPECT BASEBALLS / signed_prospect_baseball	George Lombard Jr	signed_prospect_baseball	eBay	collectilblesnmore2552		v1|188582828136|0	https://www.ebay.com/itm/188582828136?_skw=George+Lombard+Jr+signed+baseball+autograph&hash=item2be8699868%3Ag%3ACKoAAeSw0adqRGCv	LIVE	George Lombard Jr Signed Autographed 2024 Donruss Baseball Card	{"title":"George Lombard Jr Signed Autographed 2024 Donruss Baseball Card","preliminaryScopeStatus":"DISCOVERY_SCOPE_PASS","queryFamilyIds":["signed-baseball.george-lombard-jr"],"preliminaryRisks":[]}	{"status":"UNVERIFIED","verification":"native-browse-title-and-marketplace-images-only","frontVerified":false,"backVerified":false}	preliminary|3def5de9cc4263fe2a	ebay|collectilblesnmore2552|v1|188582828136|0	https://i.ebayimg.com/images/g/CKoAAeSw0adqRGCv/s-l225.jpg	https://i.ebayimg.com/images/g/CKoAAeSw0adqRGCv/s-l960.jpg	FALSE	FALSE	FALSE	FALSE	{}											UNASSESSED	[]	39.99	6																	INSUFFICIENT																	MANUAL REVIEW / UNPRICED	FALSE	FALSE	["exact_parallel_or_variation_not_verified","front_and_back_identity_not_verified","full_delivered_acquisition_cost_not_proven","identical_completed_sales_not_loaded","instacomp_exact_market_not_completed","owned_copy_exclusion_not_proven"]	{"endpoints":["signed_baseballs"],"candidateId":"ebay:v1|188582828136|0","listingItemId":"v1|188582828136|0","queryFamilyIds":["signed-baseball.george-lombard-jr"],"buyingOptions":["FIXED_PRICE","BEST_OFFER"],"condition":"Ungraded","itemCreationDate":"2026-07-01T00:36:40.000Z","itemEndDate":null,"imageUrls":["https://i.ebayimg.com/images/g/CKoAAeSw0adqRGCv/s-l225.jpg","https://i.ebayimg.com/images/g/CKoAAeSw0adqRGCv/s-l960.jpg"],"preliminaryScopeStatus":"DISCOVERY_SCOPE_PASS","preliminaryRisks":[]}
cand-s4-ebay-53eaf33d3f803ba6e4	dh-20260730T170046Z-7d4c2a91	4	2026-07-30T17:05:44.524826+00:00	SIGNED PROSPECT BASEBALLS / signed_prospect_baseball	George Lombard Jr	signed_prospect_baseball	eBay	pandeezy_cards		v1|236973254812|0	https://www.ebay.com/itm/236973254812?_skw=George+Lombard+Jr+signed+baseball+autograph&hash=item372cb4e89c%3Ag%3A3JEAAeSw9h1qarvw	LIVE	2024 Bowman's Best Auto George Lombard Jr. #B24-GL Blue Refractor /150	{"title":"2024 Bowman's Best Auto George Lombard Jr. #B24-GL Blue Refractor /150","preliminaryScopeStatus":"DISCOVERY_SCOPE_PASS","queryFamilyIds":["signed-baseball.george-lombard-jr"],"preliminaryRisks":[]}	{"status":"UNVERIFIED","verification":"native-browse-title-and-marketplace-images-only","frontVerified":false,"backVerified":false}	preliminary|53eaf33d3f803ba6e4	ebay|pandeezy_cards|v1|236973254812|0	https://i.ebayimg.com/images/g/3JEAAeSw9h1qarvw/s-l225.jpg	https://i.ebayimg.com/images/g/3JEAAeSw9h1qarvw/s-l1600.jpg	FALSE	FALSE	FALSE	FALSE	{}											UNASSESSED	[]	215																		INSUFFICIENT																	MANUAL REVIEW / UNPRICED	FALSE	FALSE	["exact_parallel_or_variation_not_verified","front_and_back_identity_not_verified","full_delivered_acquisition_cost_not_proven","identical_completed_sales_not_loaded","instacomp_exact_market_not_completed","owned_copy_exclusion_not_proven"]	{"endpoints":["signed_baseballs"],"candidateId":"ebay:v1|236973254812|0","listingItemId":"v1|236973254812|0","queryFamilyIds":["signed-baseball.george-lombard-jr"],"buyingOptions":["FIXED_PRICE","BEST_OFFER"],"condition":"Ungraded","itemCreationDate":"2026-07-30T13:39:45.000Z","itemEndDate":null,"imageUrls":["https://i.ebayimg.com/images/g/3JEAAeSw9h1qarvw/s-l225.jpg","https://i.ebayimg.com/images/g/3JEAAeSw9h1qarvw/s-l1600.jpg"],"preliminaryScopeStatus":"DISCOVERY_SCOPE_PASS","preliminaryRisks":[]}
cand-s4-ebay-21d48d1a8cb0d8bffd	dh-20260730T170046Z-7d4c2a91	4	2026-07-30T17:05:44.524826+00:00	SIGNED PROSPECT BASEBALLS / signed_prospect_baseball	George Lombard Jr	signed_prospect_baseball	eBay	curtisnmarylee		v1|267739076421|0	https://www.ebay.com/itm/267739076421?_skw=George+Lombard+Jr+signed+baseball+autograph&hash=item3e567e1745%3Ag%3AcNkAAeSwJaRqZYKf	LIVE	GEORGE LOMBARD JR 2024 BOWMAN CHROME BLUE REFRACTOR AUTO RC #150 PSA 9 YANKEES	{"title":"GEORGE LOMBARD JR 2024 BOWMAN CHROME BLUE REFRACTOR AUTO RC #150 PSA 9 YANKEES","preliminaryScopeStatus":"DISCOVERY_SCOPE_PASS","queryFamilyIds":["signed-baseball.george-lombard-jr"],"preliminaryRisks":[]}	{"status":"UNVERIFIED","verification":"native-browse-title-and-marketplace-images-only","frontVerified":false,"backVerified":false}	preliminary|21d48d1a8cb0d8bffd	ebay|curtisnmarylee|v1|267739076421|0	https://i.ebayimg.com/images/g/cNkAAeSwJaRqZYKf/s-l225.jpg	https://i.ebayimg.com/images/g/cNkAAeSwJaRqZYKf/s-l1200.jpg	FALSE	FALSE	FALSE	FALSE	{}											UNASSESSED	[]	750	16.99																	INSUFFICIENT																	MANUAL REVIEW / UNPRICED	FALSE	FALSE	["exact_parallel_or_variation_not_verified","front_and_back_identity_not_verified","full_delivered_acquisition_cost_not_proven","identical_completed_sales_not_loaded","instacomp_exact_market_not_completed","owned_copy_exclusion_not_proven"]	{"endpoints":["signed_baseballs"],"candidateId":"ebay:v1|267739076421|0","listingItemId":"v1|267739076421|0","queryFamilyIds":["signed-baseball.george-lombard-jr"],"buyingOptions":["FIXED_PRICE"],"condition":"Graded","itemCreationDate":"2026-07-26T03:45:32.000Z","itemEndDate":null,"imageUrls":["https://i.ebayimg.com/images/g/cNkAAeSwJaRqZYKf/s-l225.jpg","https://i.ebayimg.com/images/g/cNkAAeSwJaRqZYKf/s-l1200.jpg"],"preliminaryScopeStatus":"DISCOVERY_SCOPE_PASS","preliminaryRisks":[]}
cand-s4-ebay-9147ebc9507feb6e56	dh-20260730T170046Z-7d4c2a91	4	2026-07-30T17:05:44.524826+00:00	SIGNED PROSPECT BASEBALLS / signed_prospect_baseball	George Lombard Jr	signed_prospect_baseball	eBay	avsportscards		v1|298340544623|0	https://www.ebay.com/itm/298340544623?_skw=George+Lombard+Jr+signed+baseball+autograph&hash=item45767b706f%3Ag%3A9xkAAeSwXbZqDNNL	LIVE	2024 Bowman's Best Best of 2024 Auto Refractor George Lombard Jr. #B24-GL (AU)	{"title":"2024 Bowman's Best Best of 2024 Auto Refractor George Lombard Jr. #B24-GL (AU)","preliminaryScopeStatus":"DISCOVERY_SCOPE_PASS","queryFamilyIds":["signed-baseball.george-lombard-jr"],"preliminaryRisks":[]}	{"status":"UNVERIFIED","verification":"native-browse-title-and-marketplace-images-only","frontVerified":false,"backVerified":false}	preliminary|9147ebc9507feb6e56	ebay|avsportscards|v1|298340544623|0	https://i.ebayimg.com/images/g/9xkAAeSwXbZqDNNL/s-l225.jpg	https://i.ebayimg.com/images/g/9xkAAeSwXbZqDNNL/s-l1600.jpg	FALSE	FALSE	FALSE	FALSE	{}											UNASSESSED	[]	85	6																	INSUFFICIENT																	MANUAL REVIEW / UNPRICED	FALSE	FALSE	["exact_parallel_or_variation_not_verified","front_and_back_identity_not_verified","full_delivered_acquisition_cost_not_proven","identical_completed_sales_not_loaded","instacomp_exact_market_not_completed","owned_copy_exclusion_not_proven"]	{"endpoints":["signed_baseballs"],"candidateId":"ebay:v1|298340544623|0","listingItemId":"v1|298340544623|0","queryFamilyIds":["signed-baseball.george-lombard-jr"],"buyingOptions":["FIXED_PRICE","BEST_OFFER"],"condition":"Ungraded","itemCreationDate":"2026-05-21T20:50:33.000Z","itemEndDate":null,"imageUrls":["https://i.ebayimg.com/images/g/9xkAAeSwXbZqDNNL/s-l225.jpg","https://i.ebayimg.com/images/g/9xkAAeSwXbZqDNNL/s-l1600.jpg"],"preliminaryScopeStatus":"DISCOVERY_SCOPE_PASS","preliminaryRisks":[]}
cand-s4-ebay-510c37fce417c08cf7	dh-20260730T170046Z-7d4c2a91	4	2026-07-30T17:05:44.524826+00:00	SIGNED PROSPECT BASEBALLS / signed_prospect_baseball	George Lombard Jr	signed_prospect_baseball	eBay	om_card_dad		v1|307024215178|0	https://www.ebay.com/itm/307024215178?_skw=George+Lombard+Jr+signed+baseball+autograph&hash=item477c11bc8a%3Ag%3A02kAAeSw3ZNqPRFg&amdata=enc%3AAQALAAABEACCtXRWQnOEpyOqnQQ8KGYeKbp6tssYGIIrveImGTzHsOMkhoSTfEK12lBjIRU1wnk6v45S1px8gKys6n9Gy1ba6%2BMcMft3qzUBk08aK%2F02e0F6QGeWb7HIB%2BvXHO%2F8khoGJG0pYi1szRb6gw%2BlQB9GAyYz5O9l8KfHQCYdRX7TmDigjnJNnZMt8lYDC9S1MpeqKAhR2GH6EnW6SgIXz34GLNAH9I2Q5si927l15E281dMONkW78rKSD2WfrPZg3d%2BjE9YKD9X%2B%2FzFY8cIxf3K%2FSU57g8YdMVUg3x6vQgVJ4Sq0IKD5fM8WxlWoM7JQ1d90%2FDcy3BJQNCJp2gKCbVjBxGm0NKGwKhH3f72wuVlp	LIVE	2025 Bowman Chrome Melt Mashers Auto /99 George Lombard Jr. BGS 9/10	{"title":"2025 Bowman Chrome Melt Mashers Auto /99 George Lombard Jr. BGS 9/10","preliminaryScopeStatus":"DISCOVERY_SCOPE_PASS","queryFamilyIds":["signed-baseball.george-lombard-jr"],"preliminaryRisks":[]}	{"status":"UNVERIFIED","verification":"native-browse-title-and-marketplace-images-only","frontVerified":false,"backVerified":false}	preliminary|510c37fce417c08cf7	ebay|om_card_dad|v1|307024215178|0	https://i.ebayimg.com/images/g/02kAAeSw3ZNqPRFg/s-l225.jpg	https://i.ebayimg.com/images/g/02kAAeSw3ZNqPRFg/s-l1600.jpg	FALSE	FALSE	FALSE	FALSE	{}											UNASSESSED	[]	299																		INSUFFICIENT																	MANUAL REVIEW / UNPRICED	FALSE	FALSE	["exact_parallel_or_variation_not_verified","front_and_back_identity_not_verified","full_delivered_acquisition_cost_not_proven","identical_completed_sales_not_loaded","instacomp_exact_market_not_completed","owned_copy_exclusion_not_proven"]	{"endpoints":["signed_baseballs"],"candidateId":"ebay:v1|307024215178|0","listingItemId":"v1|307024215178|0","queryFamilyIds":["signed-baseball.george-lombard-jr"],"buyingOptions":["FIXED_PRICE","BEST_OFFER"],"condition":"Graded","itemCreationDate":"2026-06-25T11:32:31.000Z","itemEndDate":null,"imageUrls":["https://i.ebayimg.com/images/g/02kAAeSw3ZNqPRFg/s-l225.jpg","https://i.ebayimg.com/images/g/02kAAeSw3ZNqPRFg/s-l1600.jpg"],"preliminaryScopeStatus":"DISCOVERY_SCOPE_PASS","preliminaryRisks":[]}
cand-s4-ebay-cb93862bfe4bf13faf	dh-20260730T170046Z-7d4c2a91	4	2026-07-30T17:05:44.524826+00:00	SIGNED PROSPECT BASEBALLS / signed_prospect_baseball	George Lombard Jr	signed_prospect_baseball	eBay	tristate1matt		v1|307066937640|0	https://www.ebay.com/itm/307066937640?_skw=George+Lombard+Jr+signed+baseball+autograph&hash=item477e9da128%3Ag%3AyIcAAeSw9yVp-RPw	LIVE	2024 Bowman George Lombard Jr Auto Speckle Refractor /299 #CPA-GLO	{"title":"2024 Bowman George Lombard Jr Auto Speckle Refractor /299 #CPA-GLO","preliminaryScopeStatus":"DISCOVERY_SCOPE_PASS","queryFamilyIds":["signed-baseball.george-lombard-jr"],"preliminaryRisks":[]}	{"status":"UNVERIFIED","verification":"native-browse-title-and-marketplace-images-only","frontVerified":false,"backVerified":false}	preliminary|cb93862bfe4bf13faf	ebay|tristate1matt|v1|307066937640|0	https://i.ebayimg.com/images/g/yIcAAeSw9yVp-RPw/s-l225.jpg	https://i.ebayimg.com/images/g/yIcAAeSw9yVp-RPw/s-l1600.jpg	FALSE	FALSE	FALSE	FALSE	{}											UNASSESSED	[]	550	6.3																	INSUFFICIENT																	MANUAL REVIEW / UNPRICED	FALSE	FALSE	["exact_parallel_or_variation_not_verified","front_and_back_identity_not_verified","full_delivered_acquisition_cost_not_proven","identical_completed_sales_not_loaded","instacomp_exact_market_not_completed","owned_copy_exclusion_not_proven"]	{"endpoints":["signed_baseballs"],"candidateId":"ebay:v1|307066937640|0","listingItemId":"v1|307066937640|0","queryFamilyIds":["signed-baseball.george-lombard-jr"],"buyingOptions":["FIXED_PRICE"],"condition":"Ungraded","itemCreationDate":"2026-07-16T09:50:29.000Z","itemEndDate":null,"imageUrls":["https://i.ebayimg.com/images/g/yIcAAeSw9yVp-RPw/s-l225.jpg","https://i.ebayimg.com/images/g/yIcAAeSw9yVp-RPw/s-l1600.jpg"],"preliminaryScopeStatus":"DISCOVERY_SCOPE_PASS","preliminaryRisks":[]}
cand-s4-ebay-bc009e55f9f3aa4ef0	dh-20260730T170046Z-7d4c2a91	4	2026-07-30T17:05:44.524826+00:00	SIGNED PROSPECT BASEBALLS / signed_prospect_baseball	George Lombard Jr	signed_prospect_baseball	eBay	danrothsells		v1|318456248282|0	https://www.ebay.com/itm/318456248282?_skw=George+Lombard+Jr+signed+baseball+autograph&hash=item4a2578b7da%3Ag%3ARv0AAeSw8utqLzhX	LIVE	2024 Bowman Chrome George Lombard Jr 1st Auto #CPA-GLO PSA 10	{"title":"2024 Bowman Chrome George Lombard Jr 1st Auto #CPA-GLO PSA 10","preliminaryScopeStatus":"DISCOVERY_SCOPE_PASS","queryFamilyIds":["signed-baseball.george-lombard-jr"],"preliminaryRisks":[]}	{"status":"UNVERIFIED","verification":"native-browse-title-and-marketplace-images-only","frontVerified":false,"backVerified":false}	preliminary|bc009e55f9f3aa4ef0	ebay|danrothsells|v1|318456248282|0	https://i.ebayimg.com/images/g/Rv0AAeSw8utqLzhX/s-l225.jpg	https://i.ebayimg.com/images/g/Rv0AAeSw8utqLzhX/s-l1600.jpg	FALSE	FALSE	FALSE	FALSE	{}											UNASSESSED	[]	514.99																		INSUFFICIENT																	MANUAL REVIEW / UNPRICED	FALSE	FALSE	["exact_parallel_or_variation_not_verified","front_and_back_identity_not_verified","full_delivered_acquisition_cost_not_proven","identical_completed_sales_not_loaded","instacomp_exact_market_not_completed","owned_copy_exclusion_not_proven"]	{"endpoints":["signed_baseballs"],"candidateId":"ebay:v1|318456248282|0","listingItemId":"v1|318456248282|0","queryFamilyIds":["signed-baseball.george-lombard-jr"],"buyingOptions":["FIXED_PRICE","BEST_OFFER"],"condition":"Graded","itemCreationDate":"2026-06-14T23:26:36.000Z","itemEndDate":null,"imageUrls":["https://i.ebayimg.com/images/g/Rv0AAeSw8utqLzhX/s-l225.jpg","https://i.ebayimg.com/images/g/Rv0AAeSw8utqLzhX/s-l1600.jpg"],"preliminaryScopeStatus":"DISCOVERY_SCOPE_PASS","preliminaryRisks":[]}
cand-s4-ebay-f45de33dc47bc54c4e	dh-20260730T170046Z-7d4c2a91	4	2026-07-30T17:05:44.524826+00:00	SIGNED PROSPECT BASEBALLS / signed_prospect_baseball	George Lombard Jr	signed_prospect_baseball	eBay	detroitr0ckcity		v1|327278151784|0	https://www.ebay.com/itm/327278151784?_skw=George+Lombard+Jr+signed+baseball+autograph&hash=item4c334c4868%3Ag%3A5vwAAeSweFNqPXnY	LIVE	George Lombard Jr 2023 Leaf AUTOGRAPH Card RC2023 ROOKIE CARD	{"title":"George Lombard Jr 2023 Leaf AUTOGRAPH Card RC2023 ROOKIE CARD","preliminaryScopeStatus":"DISCOVERY_SCOPE_PASS","queryFamilyIds":["signed-baseball.george-lombard-jr"],"preliminaryRisks":[]}	{"status":"UNVERIFIED","verification":"native-browse-title-and-marketplace-images-only","frontVerified":false,"backVerified":false}	preliminary|f45de33dc47bc54c4e	ebay|detroitr0ckcity|v1|327278151784|0	https://i.ebayimg.com/images/g/5vwAAeSweFNqPXnY/s-l225.jpg	https://i.ebayimg.com/images/g/5vwAAeSweFNqPXnY/s-l1600.jpg	FALSE	FALSE	FALSE	FALSE	{}											UNASSESSED	[]	51.99	4.99																	INSUFFICIENT																	MANUAL REVIEW / UNPRICED	FALSE	FALSE	["exact_parallel_or_variation_not_verified","front_and_back_identity_not_verified","full_delivered_acquisition_cost_not_proven","identical_completed_sales_not_loaded","instacomp_exact_market_not_completed","owned_copy_exclusion_not_proven"]	{"endpoints":["signed_baseballs"],"candidateId":"ebay:v1|327278151784|0","listingItemId":"v1|327278151784|0","queryFamilyIds":["signed-baseball.george-lombard-jr"],"buyingOptions":["FIXED_PRICE","AUCTION"],"condition":"Ungraded","itemCreationDate":"2026-07-25T19:00:07.000Z","itemEndDate":"2026-07-30T19:00:07.000Z","imageUrls":["https://i.ebayimg.com/images/g/5vwAAeSweFNqPXnY/s-l225.jpg","https://i.ebayimg.com/images/g/5vwAAeSweFNqPXnY/s-l1600.jpg"],"preliminaryScopeStatus":"DISCOVERY_SCOPE_PASS","preliminaryRisks":[]}
cand-s4-ebay-ce6983607fd41325c1	dh-20260730T170046Z-7d4c2a91	4	2026-07-30T17:05:44.524826+00:00	SIGNED PROSPECT BASEBALLS / signed_prospect_baseball	George Lombard Jr	signed_prospect_baseball	eBay	sportsautos22		v1|389841119056|0	https://www.ebay.com/itm/389841119056?_skw=George+Lombard+Jr+signed+baseball+autograph&hash=item5ac4576750%3Ag%3AM6cAAeSw%7EZdpz-S2	LIVE	George Lombard Jr. Signed 8x10 Photo New York Yankees Autographed Auto	{"title":"George Lombard Jr. Signed 8x10 Photo New York Yankees Autographed Auto","preliminaryScopeStatus":"DISCOVERY_SCOPE_PASS","queryFamilyIds":["signed-baseball.george-lombard-jr"],"preliminaryRisks":[]}	{"status":"UNVERIFIED","verification":"native-browse-title-and-marketplace-images-only","frontVerified":false,"backVerified":false}	preliminary|ce6983607fd41325c1	ebay|sportsautos22|v1|389841119056|0	https://i.ebayimg.com/images/g/M6cAAeSw~Zdpz-S2/s-l225.jpg	https://i.ebayimg.com/images/g/M6cAAeSw~Zdpz-S2/s-l1200.jpg	FALSE	FALSE	FALSE	FALSE	{}											UNASSESSED	[]	69.99	0																	INSUFFICIENT																	MANUAL REVIEW / UNPRICED	FALSE	FALSE	["exact_parallel_or_variation_not_verified","front_and_back_identity_not_verified","full_delivered_acquisition_cost_not_proven","identical_completed_sales_not_loaded","instacomp_exact_market_not_completed","owned_copy_exclusion_not_proven"]	{"endpoints":["signed_baseballs"],"candidateId":"ebay:v1|389841119056|0","listingItemId":"v1|389841119056|0","queryFamilyIds":["signed-baseball.george-lombard-jr"],"buyingOptions":["FIXED_PRICE"],"condition":null,"itemCreationDate":"2026-04-03T16:03:09.000Z","itemEndDate":null,"imageUrls":["https://i.ebayimg.com/images/g/M6cAAeSw~Zdpz-S2/s-l225.jpg","https://i.ebayimg.com/images/g/M6cAAeSw~Zdpz-S2/s-l1200.jpg"],"preliminaryScopeStatus":"DISCOVERY_SCOPE_PASS","preliminaryRisks":[]}
cand-s4-ebay-8cb4ef3311d661c05c	dh-20260730T170046Z-7d4c2a91	4	2026-07-30T17:05:44.524826+00:00	SIGNED PROSPECT BASEBALLS / signed_prospect_baseball	George Lombard Jr	signed_prospect_baseball	eBay	atlautographsandcollectibles		v1|405825639697|0	https://www.ebay.com/itm/405825639697?_skw=George+Lombard+Jr+signed+baseball+autograph&hash=item5e7d17d511%3Ag%3AP7YAAeSwjGhoEvjW	LIVE	George Lombard Jr. Signed 8x10 Photo New York Yankees Baseball Autograph AAC COA	{"title":"George Lombard Jr. Signed 8x10 Photo New York Yankees Baseball Autograph AAC COA","preliminaryScopeStatus":"DISCOVERY_SCOPE_PASS","queryFamilyIds":["signed-baseball.george-lombard-jr"],"preliminaryRisks":[]}	{"status":"UNVERIFIED","verification":"native-browse-title-and-marketplace-images-only","frontVerified":false,"backVerified":false}	preliminary|8cb4ef3311d661c05c	ebay|atlautographsandcollectibles|v1|405825639697|0	https://i.ebayimg.com/images/g/P7YAAeSwjGhoEvjW/s-l225.jpg	https://i.ebayimg.com/images/g/P7YAAeSwjGhoEvjW/s-l1600.jpg	FALSE	FALSE	FALSE	FALSE	{}											UNASSESSED	[]	149.99																		INSUFFICIENT																	MANUAL REVIEW / UNPRICED	FALSE	FALSE	["exact_parallel_or_variation_not_verified","front_and_back_identity_not_verified","full_delivered_acquisition_cost_not_proven","identical_completed_sales_not_loaded","instacomp_exact_market_not_completed","owned_copy_exclusion_not_proven"]	{"endpoints":["signed_baseballs"],"candidateId":"ebay:v1|405825639697|0","listingItemId":"v1|405825639697|0","queryFamilyIds":["signed-baseball.george-lombard-jr"],"buyingOptions":["FIXED_PRICE","BEST_OFFER"],"condition":null,"itemCreationDate":"2025-05-01T04:30:19.000Z","itemEndDate":null,"imageUrls":["https://i.ebayimg.com/images/g/P7YAAeSwjGhoEvjW/s-l225.jpg","https://i.ebayimg.com/images/g/P7YAAeSwjGhoEvjW/s-l1600.jpg"],"preliminaryScopeStatus":"DISCOVERY_SCOPE_PASS","preliminaryRisks":[]}
cand-s4-ebay-18ffad0f48d936c37c	dh-20260730T170046Z-7d4c2a91	4	2026-07-30T17:05:44.524826+00:00	SIGNED PROSPECT BASEBALLS / signed_prospect_baseball	George Lombard Jr	signed_prospect_baseball	eBay	atlautographsandcollectibles		v1|405904563059|0	https://www.ebay.com/itm/405904563059?_skw=George+Lombard+Jr+signed+baseball+autograph&hash=item5e81cc1b73%3Ag%3AYrYAAeSwFDloNp25&amdata=enc%3AAQALAAABEACCtXRWQnOEpyOqnQQ8KGYVw2nqjlmlqYaQt3nUhlyq4lvOjvSKJVGcU6uTw8Onqpbpm6z67NTgkE%2FviYsoEUqIoP%2BfA0FR4f5nLHuY1xX4sCdPnjqq%2FahDTxI5fOwIDzSk2yz7rujuJGdF0TFA%2BQHU%2F5CBMeNmvuRu2X70vTBK1%2BGr20kR%2BxPZS%2BUMLoeHyU%2FxFDTA1dIaxp2mwa1aHU39dmrwFinRZ5MAdrqpceoBUThKeYgWyksSPfr5JgaYufhEAIuWliFT2DFK%2FKVMn49fiX1%2F2vh6e4U0%2F7vj%2Bssv4XDBEW%2BeKCa6lp4LEdgLDS%2B2XmZ8BJFgEMQ1sTWkMIXehliUuWQi%2ByYNaPoPg4Dt	LIVE	George Lombard Jr. Signed Home Plate New York Yankees Baseball Autograph AAC COA	{"title":"George Lombard Jr. Signed Home Plate New York Yankees Baseball Autograph AAC COA","preliminaryScopeStatus":"DISCOVERY_SCOPE_PASS","queryFamilyIds":["signed-baseball.george-lombard-jr"],"preliminaryRisks":[]}	{"status":"UNVERIFIED","verification":"native-browse-title-and-marketplace-images-only","frontVerified":false,"backVerified":false}	preliminary|18ffad0f48d936c37c	ebay|atlautographsandcollectibles|v1|405904563059|0	https://i.ebayimg.com/images/g/YrYAAeSwFDloNp25/s-l225.jpg	https://i.ebayimg.com/images/g/YrYAAeSwFDloNp25/s-l1600.jpg	FALSE	FALSE	FALSE	FALSE	{}											UNASSESSED	[]	249.99																		INSUFFICIENT																	MANUAL REVIEW / UNPRICED	FALSE	FALSE	["exact_parallel_or_variation_not_verified","front_and_back_identity_not_verified","full_delivered_acquisition_cost_not_proven","identical_completed_sales_not_loaded","instacomp_exact_market_not_completed","owned_copy_exclusion_not_proven"]	{"endpoints":["signed_baseballs"],"candidateId":"ebay:v1|405904563059|0","listingItemId":"v1|405904563059|0","queryFamilyIds":["signed-baseball.george-lombard-jr"],"buyingOptions":["FIXED_PRICE","BEST_OFFER"],"condition":null,"itemCreationDate":"2025-05-28T05:27:40.000Z","itemEndDate":null,"imageUrls":["https://i.ebayimg.com/images/g/YrYAAeSwFDloNp25/s-l225.jpg","https://i.ebayimg.com/images/g/YrYAAeSwFDloNp25/s-l1600.jpg"],"preliminaryScopeStatus":"DISCOVERY_SCOPE_PASS","preliminaryRisks":[]}
cand-s4-ebay-9ecc688bb226c363c2	dh-20260730T170046Z-7d4c2a91	4	2026-07-30T17:05:44.524826+00:00	SIGNED PROSPECT BASEBALLS / signed_prospect_baseball	George Lombard Jr	signed_prospect_baseball	eBay	baseballgu_99		v1|405993663132|0	https://www.ebay.com/itm/405993663132?_skw=George+Lombard+Jr+signed+baseball+autograph&hash=item5e871baa9c%3Ag%3A0GsAAOSwxQ5oWhNt	LIVE	GEORGE LOMBARD JR AUTOGRAPHED SIGNED RAWLINGS YANKEES STITCH BASEBALL JSA COA	{"title":"GEORGE LOMBARD JR AUTOGRAPHED SIGNED RAWLINGS YANKEES STITCH BASEBALL JSA COA","preliminaryScopeStatus":"DISCOVERY_SCOPE_PASS","queryFamilyIds":["signed-baseball.george-lombard-jr"],"preliminaryRisks":[]}	{"status":"UNVERIFIED","verification":"native-browse-title-and-marketplace-images-only","frontVerified":false,"backVerified":false}	preliminary|9ecc688bb226c363c2	ebay|baseballgu_99|v1|405993663132|0	https://i.ebayimg.com/images/g/0GsAAOSwxQ5oWhNt/s-l225.jpg	https://i.ebayimg.com/images/g/0GsAAOSwxQ5oWhNt/s-l1600.jpg	FALSE	FALSE	FALSE	FALSE	{}											UNASSESSED	[]	224.99	8.5																	INSUFFICIENT																	MANUAL REVIEW / UNPRICED	FALSE	FALSE	["exact_parallel_or_variation_not_verified","front_and_back_identity_not_verified","full_delivered_acquisition_cost_not_proven","identical_completed_sales_not_loaded","instacomp_exact_market_not_completed","owned_copy_exclusion_not_proven"]	{"endpoints":["signed_baseballs"],"candidateId":"ebay:v1|405993663132|0","listingItemId":"v1|405993663132|0","queryFamilyIds":["signed-baseball.george-lombard-jr"],"buyingOptions":["FIXED_PRICE","BEST_OFFER"],"condition":null,"itemCreationDate":"2025-06-24T02:57:06.000Z","itemEndDate":null,"imageUrls":["https://i.ebayimg.com/images/g/0GsAAOSwxQ5oWhNt/s-l225.jpg","https://i.ebayimg.com/images/g/0GsAAOSwxQ5oWhNt/s-l1600.jpg"],"preliminaryScopeStatus":"DISCOVERY_SCOPE_PASS","preliminaryRisks":[]}
cand-s4-ebay-e443a566b670d4a92f	dh-20260730T170046Z-7d4c2a91	4	2026-07-30T17:05:44.524826+00:00	SIGNED PROSPECT BASEBALLS / signed_prospect_baseball	George Lombard Jr	signed_prospect_baseball	eBay	atlautographsandcollectibles		v1|406540572076|0	https://www.ebay.com/itm/406540572076?_skw=George+Lombard+Jr+signed+baseball+autograph&hash=item5ea7b4d5ac%3Ag%3A9YoAAeSwlX9oEvi6	LIVE	George Lombard Jr. Signed 8x10 Photo New York Yankees Baseball Autograph AAC COA	{"title":"George Lombard Jr. Signed 8x10 Photo New York Yankees Baseball Autograph AAC COA","preliminaryScopeStatus":"DISCOVERY_SCOPE_PASS","queryFamilyIds":["signed-baseball.george-lombard-jr"],"preliminaryRisks":[]}	{"status":"UNVERIFIED","verification":"native-browse-title-and-marketplace-images-only","frontVerified":false,"backVerified":false}	preliminary|e443a566b670d4a92f	ebay|atlautographsandcollectibles|v1|406540572076|0	https://i.ebayimg.com/images/g/9YoAAeSwlX9oEvi6/s-l225.jpg	https://i.ebayimg.com/images/g/9YoAAeSwlX9oEvi6/s-l1600.jpg	FALSE	FALSE	FALSE	FALSE	{}											UNASSESSED	[]	149.99																		INSUFFICIENT																	MANUAL REVIEW / UNPRICED	FALSE	FALSE	["exact_parallel_or_variation_not_verified","front_and_back_identity_not_verified","full_delivered_acquisition_cost_not_proven","identical_completed_sales_not_loaded","instacomp_exact_market_not_completed","owned_copy_exclusion_not_proven"]	{"endpoints":["signed_baseballs"],"candidateId":"ebay:v1|406540572076|0","listingItemId":"v1|406540572076|0","queryFamilyIds":["signed-baseball.george-lombard-jr"],"buyingOptions":["FIXED_PRICE","BEST_OFFER"],"condition":null,"itemCreationDate":"2025-12-31T10:19:37.000Z","itemEndDate":null,"imageUrls":["https://i.ebayimg.com/images/g/9YoAAeSwlX9oEvi6/s-l225.jpg","https://i.ebayimg.com/images/g/9YoAAeSwlX9oEvi6/s-l1600.jpg"],"preliminaryScopeStatus":"DISCOVERY_SCOPE_PASS","preliminaryRisks":[]}
cand-s4-ebay-6455ba2ab6483c4598	dh-20260730T170046Z-7d4c2a91	4	2026-07-30T17:05:44.524826+00:00	SIGNED PROSPECT BASEBALLS / signed_prospect_baseball	Jesus Made	signed_prospect_baseball	eBay	steinersports		v1|117175858635|0	https://www.ebay.com/itm/117175858635?_skw=Jesus+Made+signed+baseball+autograph&hash=item1b4839b5cb%3Ag%3AmZkAAeSwYUhqa0mP&amdata=enc%3AAQALAAABAACCtXRWQnOEpyOqnQQ8KGb0NYEnVFhAPifhqSpBUMXMtc60A3%2BNKXSw0rjSkeFnbnH5b6CVIztANyxRml5ZULjSkj82KwVRXbuEk6UvjjME8V9jalfs2PCEJKfS291Vi0LC65cAaBcitfjcMGQ0Y1A3Rsb3OxZifShPbXm3PiIlsOTnK5aWc9xViKd%2Bcufg1nprCoGcAmwa5NzFiRwCFzVFyBzwpmILkvUow7M6pO%2Bb%2FoftKj3dvkJ1tvUO3Ky9OmF%2BrnYL%2BAFX1pKCwH8cyTfw0HFKTTAHMYbjTjG8tsrzcn26v%2Fym9ZxmMNGdcUUawZhNNuvsEPGlQTrOoBgtT8c%3D	LIVE	Jesus Made Milwaukee Brewers Signed Baseball with Multiple Inscs - LE 10 of 10	{"title":"Jesus Made Milwaukee Brewers Signed Baseball with Multiple Inscs - LE 10 of 10","preliminaryScopeStatus":"DISCOVERY_SCOPE_PASS","queryFamilyIds":["signed-baseball.jesus-made"],"preliminaryRisks":[]}	{"status":"UNVERIFIED","verification":"native-browse-title-and-marketplace-images-only","frontVerified":false,"backVerified":false}	preliminary|6455ba2ab6483c4598	ebay|steinersports|v1|117175858635|0	https://i.ebayimg.com/images/g/mZkAAeSwYUhqa0mP/s-l225.jpg	https://i.ebayimg.com/images/g/mZkAAeSwYUhqa0mP/s-l1600.jpg	FALSE	FALSE	FALSE	FALSE	{}											UNASSESSED	[]	499.99	0																	INSUFFICIENT																	MANUAL REVIEW / UNPRICED	FALSE	FALSE	["exact_parallel_or_variation_not_verified","front_and_back_identity_not_verified","full_delivered_acquisition_cost_not_proven","identical_completed_sales_not_loaded","instacomp_exact_market_not_completed","owned_copy_exclusion_not_proven"]	{"endpoints":["signed_baseballs"],"candidateId":"ebay:v1|117175858635|0","listingItemId":"v1|117175858635|0","queryFamilyIds":["signed-baseball.jesus-made"],"buyingOptions":["FIXED_PRICE","BEST_OFFER"],"condition":null,"itemCreationDate":"2026-05-03T15:23:46.000Z","itemEndDate":null,"imageUrls":["https://i.ebayimg.com/images/g/mZkAAeSwYUhqa0mP/s-l225.jpg","https://i.ebayimg.com/images/g/mZkAAeSwYUhqa0mP/s-l1600.jpg"],"preliminaryScopeStatus":"DISCOVERY_SCOPE_PASS","preliminaryRisks":[]}
cand-s4-ebay-5bcc517798070b2e08	dh-20260730T170046Z-7d4c2a91	4	2026-07-30T17:05:44.524826+00:00	SIGNED PROSPECT BASEBALLS / signed_prospect_baseball	Jesus Made	signed_prospect_baseball	eBay	steinersports		v1|117240055013|0	https://www.ebay.com/itm/117240055013?_skw=Jesus+Made+signed+baseball+autograph&hash=item1b4c0d44e5%3Ai%3A117240055013&amdata=enc%3AAQALAAABAACCtXRWQnOEpyOqnQQ8KGaWtvFtrWtgz%2FBo3ZE%2FRccffFQrNl93P4jgBJbQjqOZ7LmAEaXz9n%2F%2BmrvKj%2BpU%2FwaKyHokilDu9PottFC0MZ5ASQwh3bbE7AmlLuvjXmjacqO%2FS0LWeyuO9alIGCCGg7kYlRumzMRoGQqLVBAEfgEXu90XN%2BPErEJtr5iQPTkmX5uq9KSlkxNvl37v7hB00j1vCpKQVRWfGtGO4pK43jXP30uPtaQTa4AgahpZxTHzYRD23svc7xLGnCAPPC1CjGKlGxowEXlUYkif2gufhkNSYqZUnRhozinENafCEnGl%2FZGNFgMxRIse5WFaGI6KlhM%3D	LIVE	Jesus Made Milwaukee Brewers Signed Baseball with "This Is My Crew" Inscription	{"title":"Jesus Made Milwaukee Brewers Signed Baseball with \"This Is My Crew\" Inscription","preliminaryScopeStatus":"DISCOVERY_SCOPE_PASS","queryFamilyIds":["signed-baseball.jesus-made"],"preliminaryRisks":[]}	{"status":"UNVERIFIED","verification":"native-browse-title-and-marketplace-images-only","frontVerified":false,"backVerified":false}	preliminary|5bcc517798070b2e08	ebay|steinersports|v1|117240055013|0			FALSE	FALSE	FALSE	FALSE	{}											UNASSESSED	[]	249.99	0																	INSUFFICIENT																	MANUAL REVIEW / UNPRICED	FALSE	FALSE	["exact_parallel_or_variation_not_verified","front_and_back_identity_not_verified","full_delivered_acquisition_cost_not_proven","identical_completed_sales_not_loaded","instacomp_exact_market_not_completed","owned_copy_exclusion_not_proven"]	{"endpoints":["signed_baseballs"],"candidateId":"ebay:v1|117240055013|0","listingItemId":"v1|117240055013|0","queryFamilyIds":["signed-baseball.jesus-made"],"buyingOptions":["FIXED_PRICE","BEST_OFFER"],"condition":null,"itemCreationDate":"2026-06-09T14:23:42.000Z","itemEndDate":null,"imageUrls":[],"preliminaryScopeStatus":"DISCOVERY_SCOPE_PASS","preliminaryRisks":[]}
cand-s4-ebay-4f67d243daa6f47d07	dh-20260730T170046Z-7d4c2a91	4	2026-07-30T17:05:44.524826+00:00	SIGNED PROSPECT BASEBALLS / signed_prospect_baseball	Jesus Made	signed_prospect_baseball	eBay	fscworldwide1		v1|137421769503|0	https://www.ebay.com/itm/137421769503?_skw=Jesus+Made+signed+baseball+autograph&hash=item1ffef9cb1f%3Ag%3AKS4AAeSwh5lp7A01&amdata=enc%3AAQALAAABAACCtXRWQnOEpyOqnQQ8KGaGiQb0%2FiNboTzKuWIaqsq1vzmg9phvYnTAJyZms%2FBKQ%2FZYaUoaqO2vgHhdfAePeuIZJLDYKPKK%2BqFNepTamVkIonMoTWvguMEuOluoTERZlQmjU8FYf3njQIOZLoGU9mqa8Ui77JQj054JzYRty9JV%2FCu0xyROy%2FpuzBgvKvPQMazR3rtyctOputKw1mA8XRwFSWXLnXFDwAHLvnmBT7fhbsqcF6Ap0G0HZcUHRW31apT0w7J6y4HHwUYlLJFe0ffU1C9mWo3qAQK8BFvKtS4TPupo8XRoMrKjeMtTx62NxhCDwh8s5Dge%2B%2BhUhbDegi4%3D	LIVE	Jesus Made Milwaukee Brewers Signed Baseball Rawlings OMLB Fanatics COA	{"title":"Jesus Made Milwaukee Brewers Signed Baseball Rawlings OMLB Fanatics COA","preliminaryScopeStatus":"DISCOVERY_SCOPE_PASS","queryFamilyIds":["signed-baseball.jesus-made"],"preliminaryRisks":[]}	{"status":"UNVERIFIED","verification":"native-browse-title-and-marketplace-images-only","frontVerified":false,"backVerified":false}	preliminary|4f67d243daa6f47d07	ebay|fscworldwide1|v1|137421769503|0	https://i.ebayimg.com/images/g/KS4AAeSwh5lp7A01/s-l225.jpg	https://i.ebayimg.com/images/g/KS4AAeSwh5lp7A01/s-l1600.jpg	FALSE	FALSE	FALSE	FALSE	{}											UNASSESSED	[]	109.99																		INSUFFICIENT																	MANUAL REVIEW / UNPRICED	FALSE	FALSE	["exact_parallel_or_variation_not_verified","front_and_back_identity_not_verified","full_delivered_acquisition_cost_not_proven","identical_completed_sales_not_loaded","instacomp_exact_market_not_completed","owned_copy_exclusion_not_proven"]	{"endpoints":["signed_baseballs"],"candidateId":"ebay:v1|137421769503|0","listingItemId":"v1|137421769503|0","queryFamilyIds":["signed-baseball.jesus-made"],"buyingOptions":["FIXED_PRICE","BEST_OFFER"],"condition":null,"itemCreationDate":"2026-06-16T11:19:10.000Z","itemEndDate":null,"imageUrls":["https://i.ebayimg.com/images/g/KS4AAeSwh5lp7A01/s-l225.jpg","https://i.ebayimg.com/images/g/KS4AAeSwh5lp7A01/s-l1600.jpg"],"preliminaryScopeStatus":"DISCOVERY_SCOPE_PASS","preliminaryRisks":[]}
cand-s4-ebay-656092cc6579068e5c	dh-20260730T170046Z-7d4c2a91	4	2026-07-30T17:05:44.524826+00:00	SIGNED PROSPECT BASEBALLS / signed_prospect_baseball	Jesus Made	signed_prospect_baseball	eBay	bighamcollectibles		v1|168103840668|0	https://www.ebay.com/itm/168103840668?_skw=Jesus+Made+signed+baseball+autograph&hash=item2723c50b9c%3Ag%3Azp4AAeSwjdlpcuHt	LIVE	Jesus Made Signed Autograph Official Major League Baseball OMLB El Niño JSA COA!	{"title":"Jesus Made Signed Autograph Official Major League Baseball OMLB El Niño JSA COA!","preliminaryScopeStatus":"DISCOVERY_SCOPE_PASS","queryFamilyIds":["signed-baseball.jesus-made"],"preliminaryRisks":[]}	{"status":"UNVERIFIED","verification":"native-browse-title-and-marketplace-images-only","frontVerified":false,"backVerified":false}	preliminary|656092cc6579068e5c	ebay|bighamcollectibles|v1|168103840668|0	https://i.ebayimg.com/images/g/zp4AAeSwjdlpcuHt/s-l225.jpg	https://i.ebayimg.com/images/g/zp4AAeSwjdlpcuHt/s-l1600.jpg	FALSE	FALSE	FALSE	FALSE	{}											UNASSESSED	[]	149.99	7																	INSUFFICIENT																	MANUAL REVIEW / UNPRICED	FALSE	FALSE	["exact_parallel_or_variation_not_verified","front_and_back_identity_not_verified","full_delivered_acquisition_cost_not_proven","identical_completed_sales_not_loaded","instacomp_exact_market_not_completed","owned_copy_exclusion_not_proven"]	{"endpoints":["signed_baseballs"],"candidateId":"ebay:v1|168103840668|0","listingItemId":"v1|168103840668|0","queryFamilyIds":["signed-baseball.jesus-made"],"buyingOptions":["FIXED_PRICE","BEST_OFFER"],"condition":null,"itemCreationDate":"2026-01-23T02:54:33.000Z","itemEndDate":null,"imageUrls":["https://i.ebayimg.com/images/g/zp4AAeSwjdlpcuHt/s-l225.jpg","https://i.ebayimg.com/images/g/zp4AAeSwjdlpcuHt/s-l1600.jpg"],"preliminaryScopeStatus":"DISCOVERY_SCOPE_PASS","preliminaryRisks":[]}
cand-s4-ebay-bb240c35dfd2641c87	dh-20260730T170046Z-7d4c2a91	4	2026-07-30T17:05:44.524826+00:00	SIGNED PROSPECT BASEBALLS / signed_prospect_baseball	Jesus Made	signed_prospect_baseball	eBay	pro-signings		v1|178149220880|0	https://www.ebay.com/itm/178149220880?_skw=Jesus+Made+signed+baseball+autograph&hash=item297a856210%3Ag%3AOPQAAeSwhLRqDSAE	LIVE	Jesus Made Autographed Signed MLB Baseball w/ JSA COA	{"title":"Jesus Made Autographed Signed MLB Baseball w/ JSA COA","preliminaryScopeStatus":"DISCOVERY_SCOPE_PASS","queryFamilyIds":["signed-baseball.jesus-made"],"preliminaryRisks":[]}	{"status":"UNVERIFIED","verification":"native-browse-title-and-marketplace-images-only","frontVerified":false,"backVerified":false}	preliminary|bb240c35dfd2641c87	ebay|pro-signings|v1|178149220880|0	https://i.ebayimg.com/images/g/OPQAAeSwhLRqDSAE/s-l225.jpg	https://i.ebayimg.com/images/g/OPQAAeSwhLRqDSAE/s-l1600.jpg	FALSE	FALSE	FALSE	FALSE	{}											UNASSESSED	[]	125	6																	INSUFFICIENT																	MANUAL REVIEW / UNPRICED	FALSE	FALSE	["exact_parallel_or_variation_not_verified","front_and_back_identity_not_verified","full_delivered_acquisition_cost_not_proven","identical_completed_sales_not_loaded","instacomp_exact_market_not_completed","owned_copy_exclusion_not_proven"]	{"endpoints":["signed_baseballs"],"candidateId":"ebay:v1|178149220880|0","listingItemId":"v1|178149220880|0","queryFamilyIds":["signed-baseball.jesus-made"],"buyingOptions":["FIXED_PRICE","BEST_OFFER"],"condition":null,"itemCreationDate":"2026-05-20T02:44:38.000Z","itemEndDate":null,"imageUrls":["https://i.ebayimg.com/images/g/OPQAAeSwhLRqDSAE/s-l225.jpg","https://i.ebayimg.com/images/g/OPQAAeSwhLRqDSAE/s-l1600.jpg"],"preliminaryScopeStatus":"DISCOVERY_SCOPE_PASS","preliminaryRisks":[]}
cand-s4-ebay-6742e1331661338bca	dh-20260730T170046Z-7d4c2a91	4	2026-07-30T17:05:44.524826+00:00	SIGNED PROSPECT BASEBALLS / signed_prospect_baseball	Jesus Made	signed_prospect_baseball	eBay	pro-signings		v1|188058669077|0	https://www.ebay.com/itm/188058669077?_skw=Jesus+Made+signed+baseball+autograph&hash=item2bc92b9015%3Ag%3A2qoAAeSwOcNpkGop	LIVE	Jesus Made Signed Autographed Brewers Team Stitch Logo Baseball w/ JSA COA	{"title":"Jesus Made Signed Autographed Brewers Team Stitch Logo Baseball w/ JSA COA","preliminaryScopeStatus":"DISCOVERY_SCOPE_PASS","queryFamilyIds":["signed-baseball.jesus-made"],"preliminaryRisks":[]}	{"status":"UNVERIFIED","verification":"native-browse-title-and-marketplace-images-only","frontVerified":false,"backVerified":false}	preliminary|6742e1331661338bca	ebay|pro-signings|v1|188058669077|0	https://i.ebayimg.com/images/g/2qoAAeSwOcNpkGop/s-l225.jpg	https://i.ebayimg.com/images/g/2qoAAeSwOcNpkGop/s-l1600.jpg	FALSE	FALSE	FALSE	FALSE	{}											UNASSESSED	[]	150	6																	INSUFFICIENT																	MANUAL REVIEW / UNPRICED	FALSE	FALSE	["exact_parallel_or_variation_not_verified","front_and_back_identity_not_verified","full_delivered_acquisition_cost_not_proven","identical_completed_sales_not_loaded","instacomp_exact_market_not_completed","owned_copy_exclusion_not_proven"]	{"endpoints":["signed_baseballs"],"candidateId":"ebay:v1|188058669077|0","listingItemId":"v1|188058669077|0","queryFamilyIds":["signed-baseball.jesus-made"],"buyingOptions":["FIXED_PRICE","BEST_OFFER"],"condition":null,"itemCreationDate":"2026-02-19T02:39:12.000Z","itemEndDate":null,"imageUrls":["https://i.ebayimg.com/images/g/2qoAAeSwOcNpkGop/s-l225.jpg","https://i.ebayimg.com/images/g/2qoAAeSwOcNpkGop/s-l1600.jpg"],"preliminaryScopeStatus":"DISCOVERY_SCOPE_PASS","preliminaryRisks":[]}
cand-s4-ebay-0e16e07a9aa73425f3	dh-20260730T170046Z-7d4c2a91	4	2026-07-30T17:05:44.524826+00:00	SIGNED PROSPECT BASEBALLS / signed_prospect_baseball	Jesus Made	signed_prospect_baseball	eBay	pro-signings		v1|188223610264|0	https://www.ebay.com/itm/188223610264?_skw=Jesus+Made+signed+baseball+autograph&hash=item2bd3005d98%3Ag%3AeTYAAeSwcN1pya6k	LIVE	Jesus Made Autographed Signed 2025 Futures Game MLB Baseball w/ JSA COA	{"title":"Jesus Made Autographed Signed 2025 Futures Game MLB Baseball w/ JSA COA","preliminaryScopeStatus":"DISCOVERY_SCOPE_PASS","queryFamilyIds":["signed-baseball.jesus-made"],"preliminaryRisks":[]}	{"status":"UNVERIFIED","verification":"native-browse-title-and-marketplace-images-only","frontVerified":false,"backVerified":false}	preliminary|0e16e07a9aa73425f3	ebay|pro-signings|v1|188223610264|0	https://i.ebayimg.com/images/g/eTYAAeSwcN1pya6k/s-l225.jpg	https://i.ebayimg.com/images/g/eTYAAeSwcN1pya6k/s-l1600.jpg	FALSE	FALSE	FALSE	FALSE	{}											UNASSESSED	[]	150	6																	INSUFFICIENT																	MANUAL REVIEW / UNPRICED	FALSE	FALSE	["exact_parallel_or_variation_not_verified","front_and_back_identity_not_verified","full_delivered_acquisition_cost_not_proven","identical_completed_sales_not_loaded","instacomp_exact_market_not_completed","owned_copy_exclusion_not_proven"]	{"endpoints":["signed_baseballs"],"candidateId":"ebay:v1|188223610264|0","listingItemId":"v1|188223610264|0","queryFamilyIds":["signed-baseball.jesus-made"],"buyingOptions":["FIXED_PRICE","BEST_OFFER"],"condition":null,"itemCreationDate":"2026-03-29T22:58:58.000Z","itemEndDate":null,"imageUrls":["https://i.ebayimg.com/images/g/eTYAAeSwcN1pya6k/s-l225.jpg","https://i.ebayimg.com/images/g/eTYAAeSwcN1pya6k/s-l1600.jpg"],"preliminaryScopeStatus":"DISCOVERY_SCOPE_PASS","preliminaryRisks":[]}
cand-s4-ebay-b74166398b46e70c51	dh-20260730T170046Z-7d4c2a91	4	2026-07-30T17:05:44.524826+00:00	SIGNED PROSPECT BASEBALLS / signed_prospect_baseball	Jesus Made	signed_prospect_baseball	eBay	hngraphs		v1|226688251547|0	https://www.ebay.com/itm/226688251547?_skw=Jesus+Made+signed+baseball+autograph&hash=item34c7ac369b%3Ag%3AHpsAAeSw4Kxn9AeM	LIVE	MILWAUKEE BREWERS- JESUS MADE AUTOGRAPH OFFICIAL MLB BASEBALL JSA CD81460	{"title":"MILWAUKEE BREWERS- JESUS MADE AUTOGRAPH OFFICIAL MLB BASEBALL JSA CD81460","preliminaryScopeStatus":"DISCOVERY_SCOPE_PASS","queryFamilyIds":["signed-baseball.jesus-made"],"preliminaryRisks":[]}	{"status":"UNVERIFIED","verification":"native-browse-title-and-marketplace-images-only","frontVerified":false,"backVerified":false}	preliminary|b74166398b46e70c51	ebay|hngraphs|v1|226688251547|0	https://i.ebayimg.com/images/g/HpsAAeSw4Kxn9AeM/s-l225.jpg	https://i.ebayimg.com/images/g/HpsAAeSw4Kxn9AeM/s-l1600.jpg	FALSE	FALSE	FALSE	FALSE	{}											UNASSESSED	[]	125	6																	INSUFFICIENT																	MANUAL REVIEW / UNPRICED	FALSE	FALSE	["exact_parallel_or_variation_not_verified","front_and_back_identity_not_verified","full_delivered_acquisition_cost_not_proven","identical_completed_sales_not_loaded","instacomp_exact_market_not_completed","owned_copy_exclusion_not_proven"]	{"endpoints":["signed_baseballs"],"candidateId":"ebay:v1|226688251547|0","listingItemId":"v1|226688251547|0","queryFamilyIds":["signed-baseball.jesus-made"],"buyingOptions":["FIXED_PRICE","BEST_OFFER"],"condition":null,"itemCreationDate":"2025-04-07T17:05:24.000Z","itemEndDate":null,"imageUrls":["https://i.ebayimg.com/images/g/HpsAAeSw4Kxn9AeM/s-l225.jpg","https://i.ebayimg.com/images/g/HpsAAeSw4Kxn9AeM/s-l1600.jpg"],"preliminaryScopeStatus":"DISCOVERY_SCOPE_PASS","preliminaryRisks":[]}
cand-s4-ebay-65597040cef3af5b40	dh-20260730T170046Z-7d4c2a91	4	2026-07-30T17:05:44.524826+00:00	SIGNED PROSPECT BASEBALLS / signed_prospect_baseball	Jesus Made	signed_prospect_baseball	eBay	grafhoundinc.78		v1|236843649817|0	https://www.ebay.com/itm/236843649817?_skw=Jesus+Made+signed+baseball+autograph&hash=item3724fb4b19%3Ag%3ABIIAAeSwCr9qGLs%7E	LIVE	🔥🔥Jesus Made Signed 8x10 Milwaukee Brewers Top Prospect   Autograph JSA 🔥🔥	{"title":"🔥🔥Jesus Made Signed 8x10 Milwaukee Brewers Top Prospect   Autograph JSA 🔥🔥","preliminaryScopeStatus":"DISCOVERY_SCOPE_PASS","queryFamilyIds":["signed-baseball.jesus-made"],"preliminaryRisks":[]}	{"status":"UNVERIFIED","verification":"native-browse-title-and-marketplace-images-only","frontVerified":false,"backVerified":false}	preliminary|65597040cef3af5b40	ebay|grafhoundinc.78|v1|236843649817|0	https://i.ebayimg.com/images/g/BIIAAeSwCr9qGLs~/s-l225.jpg	https://i.ebayimg.com/images/g/BIIAAeSwCr9qGLs~/s-l1600.jpg	FALSE	FALSE	FALSE	FALSE	{}											UNASSESSED	[]	99.99	6.5																	INSUFFICIENT																	MANUAL REVIEW / UNPRICED	FALSE	FALSE	["exact_parallel_or_variation_not_verified","front_and_back_identity_not_verified","full_delivered_acquisition_cost_not_proven","identical_completed_sales_not_loaded","instacomp_exact_market_not_completed","owned_copy_exclusion_not_proven"]	{"endpoints":["signed_baseballs"],"candidateId":"ebay:v1|236843649817|0","listingItemId":"v1|236843649817|0","queryFamilyIds":["signed-baseball.jesus-made"],"buyingOptions":["FIXED_PRICE","BEST_OFFER"],"condition":null,"itemCreationDate":"2026-05-28T22:02:08.000Z","itemEndDate":null,"imageUrls":["https://i.ebayimg.com/images/g/BIIAAeSwCr9qGLs~/s-l225.jpg","https://i.ebayimg.com/images/g/BIIAAeSwCr9qGLs~/s-l1600.jpg"],"preliminaryScopeStatus":"DISCOVERY_SCOPE_PASS","preliminaryRisks":[]}
cand-s4-ebay-bbc0c23d7f80df610e	dh-20260730T170046Z-7d4c2a91	4	2026-07-30T17:05:44.524826+00:00	SIGNED PROSPECT BASEBALLS / signed_prospect_baseball	Jesus Made	signed_prospect_baseball	eBay	shophofsm		v1|267635582386|0	https://www.ebay.com/itm/267635582386?_skw=Jesus+Made+signed+baseball+autograph&hash=item3e5052e5b2%3Ag%3AnbsAAeSw5GNqFxPV&amdata=enc%3AAQALAAABAACCtXRWQnOEpyOqnQQ8KGb04ZmFv%2B%2B%2B3XXDLu5DdGtRsl9MKyiWHhwYY2ZUo759pHTbEUXXTbXYCw1B7Na01aEEchCeSQP33xwa4Rd65FxYwEY1FFO3BfPVcJPfOl5mhWUJViz3lbPQzNAak%2FT0ZeWgoibFzpKIrbukoNJuwUlESgcRPmFkz0FPTfN9K8YHTzEcOuKKoDtiXJX6oxKIjscIEvfxonj6RN18wnVcF516u9kZgoQWJyVDabszAHy8cT9VBsA6krvpQZZJ6ly9%2FbGlkG%2BBtDmw--d8eSRpWgXL%2F3P8ah5tZZR69bLRbPZN6qOGoh5v8fnKNEN70ynsssg%3D	LIVE	Autographed/Signed Jesus Made Milwaukee White Baseball Jersey JSA COA	{"title":"Autographed/Signed Jesus Made Milwaukee White Baseball Jersey JSA COA","preliminaryScopeStatus":"DISCOVERY_SCOPE_PASS","queryFamilyIds":["signed-baseball.jesus-made"],"preliminaryRisks":[]}	{"status":"UNVERIFIED","verification":"native-browse-title-and-marketplace-images-only","frontVerified":false,"backVerified":false}	preliminary|bbc0c23d7f80df610e	ebay|shophofsm|v1|267635582386|0	https://i.ebayimg.com/images/g/nbsAAeSw5GNqFxPV/s-l225.jpg	https://i.ebayimg.com/images/g/nbsAAeSw5GNqFxPV/s-l1600.jpg	FALSE	FALSE	FALSE	FALSE	{}											UNASSESSED	[]	199.99	0																	INSUFFICIENT																	MANUAL REVIEW / UNPRICED	FALSE	FALSE	["exact_parallel_or_variation_not_verified","front_and_back_identity_not_verified","full_delivered_acquisition_cost_not_proven","identical_completed_sales_not_loaded","instacomp_exact_market_not_completed","owned_copy_exclusion_not_proven"]	{"endpoints":["signed_baseballs"],"candidateId":"ebay:v1|267635582386|0","listingItemId":"v1|267635582386|0","queryFamilyIds":["signed-baseball.jesus-made"],"buyingOptions":["FIXED_PRICE","BEST_OFFER"],"condition":null,"itemCreationDate":"2026-04-11T05:22:25.000Z","itemEndDate":null,"imageUrls":["https://i.ebayimg.com/images/g/nbsAAeSw5GNqFxPV/s-l225.jpg","https://i.ebayimg.com/images/g/nbsAAeSw5GNqFxPV/s-l1600.jpg"],"preliminaryScopeStatus":"DISCOVERY_SCOPE_PASS","preliminaryRisks":[]}
cand-s4-ebay-791200f372c2129544	dh-20260730T170046Z-7d4c2a91	4	2026-07-30T17:05:44.524826+00:00	SIGNED PROSPECT BASEBALLS / signed_prospect_baseball	Jesus Made	signed_prospect_baseball	eBay	mpoday		v1|267656630090|0	https://www.ebay.com/itm/267656630090?_skw=Jesus+Made+signed+baseball+autograph&hash=item3e51940f4a%3Ag%3ABbEAAeSwYOtp9UfW	LIVE	JESUS MADE Signed MLB Futures Game ROMLB Baseball Autographed Autograph Auto JSA	{"title":"JESUS MADE Signed MLB Futures Game ROMLB Baseball Autographed Autograph Auto JSA","preliminaryScopeStatus":"DISCOVERY_SCOPE_PASS","queryFamilyIds":["signed-baseball.jesus-made"],"preliminaryRisks":[]}	{"status":"UNVERIFIED","verification":"native-browse-title-and-marketplace-images-only","frontVerified":false,"backVerified":false}	preliminary|791200f372c2129544	ebay|mpoday|v1|267656630090|0	https://i.ebayimg.com/images/g/BbEAAeSwYOtp9UfW/s-l225.jpg	https://i.ebayimg.com/images/g/BbEAAeSwYOtp9UfW/s-l1200.jpg	FALSE	FALSE	FALSE	FALSE	{}											UNASSESSED	[]	150	9.75																	INSUFFICIENT																	MANUAL REVIEW / UNPRICED	FALSE	FALSE	["exact_parallel_or_variation_not_verified","front_and_back_identity_not_verified","full_delivered_acquisition_cost_not_proven","identical_completed_sales_not_loaded","instacomp_exact_market_not_completed","owned_copy_exclusion_not_proven"]	{"endpoints":["signed_baseballs"],"candidateId":"ebay:v1|267656630090|0","listingItemId":"v1|267656630090|0","queryFamilyIds":["signed-baseball.jesus-made"],"buyingOptions":["FIXED_PRICE","BEST_OFFER"],"condition":null,"itemCreationDate":"2026-05-02T00:41:13.000Z","itemEndDate":null,"imageUrls":["https://i.ebayimg.com/images/g/BbEAAeSwYOtp9UfW/s-l225.jpg","https://i.ebayimg.com/images/g/BbEAAeSwYOtp9UfW/s-l1200.jpg"],"preliminaryScopeStatus":"DISCOVERY_SCOPE_PASS","preliminaryRisks":[]}
cand-s4-ebay-c2360a9735f95ed990	dh-20260730T170046Z-7d4c2a91	4	2026-07-30T17:05:44.524826+00:00	SIGNED PROSPECT BASEBALLS / signed_prospect_baseball	Jesus Made	signed_prospect_baseball	eBay	mpoday		v1|267721628335|0	https://www.ebay.com/itm/267721628335?_skw=Jesus+Made+signed+baseball+autograph&hash=item3e5573daaf%3Ag%3ApVQAAeSwts9qTr%7EE	LIVE	JESUS MADE Brewers Full Name Signed Baseball Ball ROMLB Autographed Auto *JSA*	{"title":"JESUS MADE Brewers Full Name Signed Baseball Ball ROMLB Autographed Auto *JSA*","preliminaryScopeStatus":"DISCOVERY_SCOPE_PASS","queryFamilyIds":["signed-baseball.jesus-made"],"preliminaryRisks":[]}	{"status":"UNVERIFIED","verification":"native-browse-title-and-marketplace-images-only","frontVerified":false,"backVerified":false}	preliminary|c2360a9735f95ed990	ebay|mpoday|v1|267721628335|0	https://i.ebayimg.com/images/g/pVQAAeSwts9qTr~E/s-l225.jpg	https://i.ebayimg.com/images/g/pVQAAeSwts9qTr~E/s-l1200.jpg	FALSE	FALSE	FALSE	FALSE	{}											UNASSESSED	[]	185	12.75																	INSUFFICIENT																	MANUAL REVIEW / UNPRICED	FALSE	FALSE	["exact_parallel_or_variation_not_verified","front_and_back_identity_not_verified","full_delivered_acquisition_cost_not_proven","identical_completed_sales_not_loaded","instacomp_exact_market_not_completed","owned_copy_exclusion_not_proven"]	{"endpoints":["signed_baseballs"],"candidateId":"ebay:v1|267721628335|0","listingItemId":"v1|267721628335|0","queryFamilyIds":["signed-baseball.jesus-made"],"buyingOptions":["FIXED_PRICE","BEST_OFFER"],"condition":null,"itemCreationDate":"2026-07-08T21:24:58.000Z","itemEndDate":null,"imageUrls":["https://i.ebayimg.com/images/g/pVQAAeSwts9qTr~E/s-l225.jpg","https://i.ebayimg.com/images/g/pVQAAeSwts9qTr~E/s-l1200.jpg"],"preliminaryScopeStatus":"DISCOVERY_SCOPE_PASS","preliminaryRisks":[]}
cand-s4-ebay-d27bf904f535bdd1ea	dh-20260730T170046Z-7d4c2a91	4	2026-07-30T17:05:44.524826+00:00	SIGNED PROSPECT BASEBALLS / signed_prospect_baseball	Jesus Made	signed_prospect_baseball	eBay	andrewlillard19*		v1|277438590024|0	https://www.ebay.com/itm/277438590024?_skw=Jesus+Made+signed+baseball+autograph&hash=item4098a0ec48%3Ag%3ARsEAAeSwzydo61yF	LIVE	Jesus Made Signed Baseball Jsa COA Rawlings Ball Brewers ROMLB Autographed	{"title":"Jesus Made Signed Baseball Jsa COA Rawlings Ball Brewers ROMLB Autographed ","preliminaryScopeStatus":"DISCOVERY_SCOPE_PASS","queryFamilyIds":["signed-baseball.jesus-made"],"preliminaryRisks":[]}	{"status":"UNVERIFIED","verification":"native-browse-title-and-marketplace-images-only","frontVerified":false,"backVerified":false}	preliminary|d27bf904f535bdd1ea	ebay|andrewlillard19*|v1|277438590024|0	https://i.ebayimg.com/images/g/RsEAAeSwzydo61yF/s-l225.jpg	https://i.ebayimg.com/images/g/RsEAAeSwzydo61yF/s-l1600.jpg	FALSE	FALSE	FALSE	FALSE	{}											UNASSESSED	[]	114.99																		INSUFFICIENT																	MANUAL REVIEW / UNPRICED	FALSE	FALSE	["exact_parallel_or_variation_not_verified","front_and_back_identity_not_verified","full_delivered_acquisition_cost_not_proven","identical_completed_sales_not_loaded","instacomp_exact_market_not_completed","owned_copy_exclusion_not_proven"]	{"endpoints":["signed_baseballs"],"candidateId":"ebay:v1|277438590024|0","listingItemId":"v1|277438590024|0","queryFamilyIds":["signed-baseball.jesus-made"],"buyingOptions":["FIXED_PRICE","BEST_OFFER"],"condition":null,"itemCreationDate":"2025-10-12T07:45:53.000Z","itemEndDate":null,"imageUrls":["https://i.ebayimg.com/images/g/RsEAAeSwzydo61yF/s-l225.jpg","https://i.ebayimg.com/images/g/RsEAAeSwzydo61yF/s-l1600.jpg"],"preliminaryScopeStatus":"DISCOVERY_SCOPE_PASS","preliminaryRisks":[]}
cand-s4-ebay-b2bb385a75d297cf1b	dh-20260730T170046Z-7d4c2a91	4	2026-07-30T17:05:44.524826+00:00	SIGNED PROSPECT BASEBALLS / signed_prospect_baseball	Jesus Made	signed_prospect_baseball	eBay	mpoday		v1|297164066676|0	https://www.ebay.com/itm/297164066676?_skw=Jesus+Made+signed+baseball+autograph&hash=item45305bcf74%3Ag%3ABFMAAOSwCm1n6UW0	LIVE	JESUS MADE Brewers Full Name Signed Baseball Ball ROMLB Autographed Auto *JSA*	{"title":"JESUS MADE Brewers Full Name Signed Baseball Ball ROMLB Autographed Auto *JSA*","preliminaryScopeStatus":"DISCOVERY_SCOPE_PASS","queryFamilyIds":["signed-baseball.jesus-made"],"preliminaryRisks":[]}	{"status":"UNVERIFIED","verification":"native-browse-title-and-marketplace-images-only","frontVerified":false,"backVerified":false}	preliminary|b2bb385a75d297cf1b	ebay|mpoday|v1|297164066676|0	https://i.ebayimg.com/images/g/BFMAAOSwCm1n6UW0/s-l225.jpg	https://i.ebayimg.com/images/g/BFMAAOSwCm1n6UW0/s-l1200.jpg	FALSE	FALSE	FALSE	FALSE	{}											UNASSESSED	[]	175	11.75																	INSUFFICIENT																	MANUAL REVIEW / UNPRICED	FALSE	FALSE	["exact_parallel_or_variation_not_verified","front_and_back_identity_not_verified","full_delivered_acquisition_cost_not_proven","identical_completed_sales_not_loaded","instacomp_exact_market_not_completed","owned_copy_exclusion_not_proven"]	{"endpoints":["signed_baseballs"],"candidateId":"ebay:v1|297164066676|0","listingItemId":"v1|297164066676|0","queryFamilyIds":["signed-baseball.jesus-made"],"buyingOptions":["FIXED_PRICE","BEST_OFFER"],"condition":null,"itemCreationDate":"2025-03-30T13:24:23.000Z","itemEndDate":null,"imageUrls":["https://i.ebayimg.com/images/g/BFMAAOSwCm1n6UW0/s-l225.jpg","https://i.ebayimg.com/images/g/BFMAAOSwCm1n6UW0/s-l1200.jpg"],"preliminaryScopeStatus":"DISCOVERY_SCOPE_PASS","preliminaryRisks":[]}
cand-s4-ebay-5fcdf4e5064d24d8b5	dh-20260730T170046Z-7d4c2a91	4	2026-07-30T17:05:44.524826+00:00	SIGNED PROSPECT BASEBALLS / signed_prospect_baseball	Jesus Made	signed_prospect_baseball	eBay	cardbeast_40		v1|306432174356|0	https://www.ebay.com/itm/306432174356?_skw=Jesus+Made+signed+baseball+autograph&hash=item4758c7e914%3Ag%3AX94AAeSwTG9n16KM&amdata=enc%3AAQALAAABAACCtXRWQnOEpyOqnQQ8KGbI0IbYAkPwy%2FZRDtfCRSKN%2BuWaZMNrrodcIAV01Yh%2BZw1%2FXn6uEfLdPnwwF8hQDhmpJXqAcdmmQb1npRhZPf0LjJ3bz5WaJu63fYsm0osyoJF0ZXS5zrycdTf42Btps8cyqF8DB6%2BVVZYiHyiRqJ5O%2FMaGrhn1nF8if76ghWiwtvP84tyqMb%2FpqIb4KXTKRS3%2FT%2FsbOvygEsZPrCFnuga0c7yGATb2%2BGSPxOHmC52JBZ2o75i3Pf9doe1kAKMYbNlc3I4pQUOFprRvgcrC5CJBcweJqhQYg%2FnEMEx6CWj4jx59pc2qlDdh3uxfClnjhPg%3D	LIVE	JESUS MADE Brewers Signed Rawlings Baseball Ball ROMLB Autographed Auto	{"title":"JESUS MADE Brewers Signed Rawlings Baseball Ball ROMLB Autographed Auto ","preliminaryScopeStatus":"DISCOVERY_SCOPE_PASS","queryFamilyIds":["signed-baseball.jesus-made"],"preliminaryRisks":[]}	{"status":"UNVERIFIED","verification":"native-browse-title-and-marketplace-images-only","frontVerified":false,"backVerified":false}	preliminary|5fcdf4e5064d24d8b5	ebay|cardbeast_40|v1|306432174356|0	https://i.ebayimg.com/images/g/X94AAeSwTG9n16KM/s-l225.jpg		FALSE	FALSE	FALSE	FALSE	{}											UNASSESSED	[]	100																		INSUFFICIENT																	MANUAL REVIEW / UNPRICED	FALSE	FALSE	["exact_parallel_or_variation_not_verified","front_and_back_identity_not_verified","full_delivered_acquisition_cost_not_proven","identical_completed_sales_not_loaded","instacomp_exact_market_not_completed","owned_copy_exclusion_not_proven"]	{"endpoints":["signed_baseballs"],"candidateId":"ebay:v1|306432174356|0","listingItemId":"v1|306432174356|0","queryFamilyIds":["signed-baseball.jesus-made"],"buyingOptions":["FIXED_PRICE","BEST_OFFER"],"condition":null,"itemCreationDate":"2025-08-04T23:37:16.000Z","itemEndDate":null,"imageUrls":["https://i.ebayimg.com/images/g/X94AAeSwTG9n16KM/s-l225.jpg"],"preliminaryScopeStatus":"DISCOVERY_SCOPE_PASS","preliminaryRisks":[]}
cand-s4-ebay-972f708cee6474e9a5	dh-20260730T170046Z-7d4c2a91	4	2026-07-30T17:05:44.524826+00:00	SIGNED PROSPECT BASEBALLS / signed_prospect_baseball	Jesus Made	signed_prospect_baseball	eBay	dmv.graphs		v1|327258830276|0	https://www.ebay.com/itm/327258830276?_skw=Jesus+Made+signed+baseball+autograph&hash=item4c322575c4%3Ag%3A9CgAAeSw3mlqVHC2	LIVE	Jesus Made Signed Autographed Black Rawlings Baseball Brewers Top Prospect	{"title":"Jesus Made Signed Autographed Black Rawlings Baseball Brewers Top Prospect","preliminaryScopeStatus":"DISCOVERY_SCOPE_PASS","queryFamilyIds":["signed-baseball.jesus-made"],"preliminaryRisks":[]}	{"status":"UNVERIFIED","verification":"native-browse-title-and-marketplace-images-only","frontVerified":false,"backVerified":false}	preliminary|972f708cee6474e9a5	ebay|dmv.graphs|v1|327258830276|0	https://i.ebayimg.com/images/g/9CgAAeSw3mlqVHC2/s-l225.jpg	https://i.ebayimg.com/images/g/9CgAAeSw3mlqVHC2/s-l1600.jpg	FALSE	FALSE	FALSE	FALSE	{}											UNASSESSED	[]	119.99																		INSUFFICIENT																	MANUAL REVIEW / UNPRICED	FALSE	FALSE	["exact_parallel_or_variation_not_verified","front_and_back_identity_not_verified","full_delivered_acquisition_cost_not_proven","identical_completed_sales_not_loaded","instacomp_exact_market_not_completed","owned_copy_exclusion_not_proven"]	{"endpoints":["signed_baseballs"],"candidateId":"ebay:v1|327258830276|0","listingItemId":"v1|327258830276|0","queryFamilyIds":["signed-baseball.jesus-made"],"buyingOptions":["FIXED_PRICE","BEST_OFFER"],"condition":null,"itemCreationDate":"2026-07-13T04:59:52.000Z","itemEndDate":null,"imageUrls":["https://i.ebayimg.com/images/g/9CgAAeSw3mlqVHC2/s-l225.jpg","https://i.ebayimg.com/images/g/9CgAAeSw3mlqVHC2/s-l1600.jpg"],"preliminaryScopeStatus":"DISCOVERY_SCOPE_PASS","preliminaryRisks":[]}
cand-s4-ebay-be59308afca9dc4956	dh-20260730T170046Z-7d4c2a91	4	2026-07-30T17:05:44.524826+00:00	SIGNED PROSPECT BASEBALLS / signed_prospect_baseball	Jesus Made	signed_prospect_baseball	eBay	classicautographsandmatting		v1|336585933751|0	https://www.ebay.com/itm/336585933751?_skw=Jesus+Made+signed+baseball+autograph&hash=item4e5e15c3b7%3Ag%3AH1kAAeSwZoxqB-xZ	LIVE	JESUS MADE #1 PROSPECT SIGNED AUTO AUTOGRAPH OML-MANFRED BASEBALL BALL  PSA/DNA	{"title":"JESUS MADE #1 PROSPECT SIGNED AUTO AUTOGRAPH OML-MANFRED BASEBALL BALL  PSA/DNA","preliminaryScopeStatus":"DISCOVERY_SCOPE_PASS","queryFamilyIds":["signed-baseball.jesus-made"],"preliminaryRisks":[]}	{"status":"UNVERIFIED","verification":"native-browse-title-and-marketplace-images-only","frontVerified":false,"backVerified":false}	preliminary|be59308afca9dc4956	ebay|classicautographsandmatting|v1|336585933751|0	https://i.ebayimg.com/images/g/H1kAAeSwZoxqB-xZ/s-l225.jpg	https://i.ebayimg.com/images/g/H1kAAeSwZoxqB-xZ/s-l1600.jpg	FALSE	FALSE	FALSE	FALSE	{}											UNASSESSED	[]	297	10.95																	INSUFFICIENT																	MANUAL REVIEW / UNPRICED	FALSE	FALSE	["exact_parallel_or_variation_not_verified","front_and_back_identity_not_verified","full_delivered_acquisition_cost_not_proven","identical_completed_sales_not_loaded","instacomp_exact_market_not_completed","owned_copy_exclusion_not_proven"]	{"endpoints":["signed_baseballs"],"candidateId":"ebay:v1|336585933751|0","listingItemId":"v1|336585933751|0","queryFamilyIds":["signed-baseball.jesus-made"],"buyingOptions":["FIXED_PRICE","BEST_OFFER"],"condition":null,"itemCreationDate":"2026-05-16T03:57:20.000Z","itemEndDate":null,"imageUrls":["https://i.ebayimg.com/images/g/H1kAAeSwZoxqB-xZ/s-l225.jpg","https://i.ebayimg.com/images/g/H1kAAeSwZoxqB-xZ/s-l1600.jpg"],"preliminaryScopeStatus":"DISCOVERY_SCOPE_PASS","preliminaryRisks":[]}
cand-s4-ebay-0b2aeb04025ff198d9	dh-20260730T170046Z-7d4c2a91	4	2026-07-30T17:05:44.524826+00:00	SIGNED PROSPECT BASEBALLS / signed_prospect_baseball	Jesus Made	signed_prospect_baseball	eBay	jerseystore2000		v1|336591438209|0	https://www.ebay.com/itm/336591438209?_skw=Jesus+Made+signed+baseball+autograph&hash=item4e5e69c181%3Ag%3AKN4AAeSwZnJqDKgA	LIVE	Brewers JESUS MADE Signed MLB Baseball Auto Autograph FANATICS Coa	{"title":"Brewers JESUS MADE Signed MLB Baseball Auto Autograph FANATICS Coa","preliminaryScopeStatus":"DISCOVERY_SCOPE_PASS","queryFamilyIds":["signed-baseball.jesus-made"],"preliminaryRisks":[]}	{"status":"UNVERIFIED","verification":"native-browse-title-and-marketplace-images-only","frontVerified":false,"backVerified":false}	preliminary|0b2aeb04025ff198d9	ebay|jerseystore2000|v1|336591438209|0	https://i.ebayimg.com/images/g/KN4AAeSwZnJqDKgA/s-l225.jpg	https://i.ebayimg.com/images/g/KN4AAeSwZnJqDKgA/s-l1600.jpg	FALSE	FALSE	FALSE	FALSE	{}											UNASSESSED	[]	179.99	4.99																	INSUFFICIENT																	MANUAL REVIEW / UNPRICED	FALSE	FALSE	["exact_parallel_or_variation_not_verified","front_and_back_identity_not_verified","full_delivered_acquisition_cost_not_proven","identical_completed_sales_not_loaded","instacomp_exact_market_not_completed","owned_copy_exclusion_not_proven"]	{"endpoints":["signed_baseballs"],"candidateId":"ebay:v1|336591438209|0","listingItemId":"v1|336591438209|0","queryFamilyIds":["signed-baseball.jesus-made"],"buyingOptions":["FIXED_PRICE"],"condition":null,"itemCreationDate":"2026-05-19T18:14:30.000Z","itemEndDate":null,"imageUrls":["https://i.ebayimg.com/images/g/KN4AAeSwZnJqDKgA/s-l225.jpg","https://i.ebayimg.com/images/g/KN4AAeSwZnJqDKgA/s-l1600.jpg"],"preliminaryScopeStatus":"DISCOVERY_SCOPE_PASS","preliminaryRisks":[]}
cand-s4-ebay-93e6f2d25497cabf24	dh-20260730T170046Z-7d4c2a91	4	2026-07-30T17:05:44.524826+00:00	SIGNED PROSPECT BASEBALLS / signed_prospect_baseball	Josue De Paula	signed_prospect_baseball	eBay	baltimoregraphs		v1|117271010897|0	https://www.ebay.com/itm/117271010897?_skw=Josue+De+Paula+signed+baseball+autograph&hash=item1b4de59e51%3Ag%3A0G8AAeSwwHJqP1CV&amdata=enc%3AAQALAAABAACCtXRWQnOEpyOqnQQ8KGaIHQLQ3KhCx%2FhJvGVLCNoyIU9oZsw5Tq%2B5fylBcES6jDG6G%2BVo--rXZ1AgWz9UX%2F6BVhBWdhn9VoR3Vmrq97kNhh9nAncub8ozOD6AaZJjVk6DTQqJfHUZBsWMotm12qUurS8091MF0%2FQdgeccGxPRiqKKyhiR6rkNCkG2obB6RwmawhNIK41IqkUj0MeAGbx9foy%2F70ffCcEziJsIQUact410nIktsWhbmvYuPovwMNQKLdOirwPxrNankNy93Ix5iMB3fGD%2Bf751b7KoEvuxOPuNCJy13AwpqncMrbqbfXHLHudMMHc94ou%2BEvk7Odg%3D	LIVE	Josue De Paula Signed Card Los Angeles Dodgers Auto Autographed PSA 10	{"title":"Josue De Paula Signed Card Los Angeles Dodgers Auto Autographed PSA 10","preliminaryScopeStatus":"DISCOVERY_SCOPE_PASS","queryFamilyIds":["signed-baseball.josue-de-paula"],"preliminaryRisks":[]}	{"status":"UNVERIFIED","verification":"native-browse-title-and-marketplace-images-only","frontVerified":false,"backVerified":false}	preliminary|93e6f2d25497cabf24	ebay|baltimoregraphs|v1|117271010897|0	https://i.ebayimg.com/images/g/0G8AAeSwwHJqP1CV/s-l225.jpg	https://i.ebayimg.com/images/g/0G8AAeSwwHJqP1CV/s-l1600.jpg	FALSE	FALSE	FALSE	FALSE	{}											UNASSESSED	[]	119.99	0																	INSUFFICIENT																	MANUAL REVIEW / UNPRICED	FALSE	FALSE	["exact_parallel_or_variation_not_verified","front_and_back_identity_not_verified","full_delivered_acquisition_cost_not_proven","identical_completed_sales_not_loaded","instacomp_exact_market_not_completed","owned_copy_exclusion_not_proven"]	{"endpoints":["signed_baseballs"],"candidateId":"ebay:v1|117271010897|0","listingItemId":"v1|117271010897|0","queryFamilyIds":["signed-baseball.josue-de-paula"],"buyingOptions":["FIXED_PRICE"],"condition":"Graded","itemCreationDate":"2026-06-27T04:26:21.000Z","itemEndDate":null,"imageUrls":["https://i.ebayimg.com/images/g/0G8AAeSwwHJqP1CV/s-l225.jpg","https://i.ebayimg.com/images/g/0G8AAeSwwHJqP1CV/s-l1600.jpg"],"preliminaryScopeStatus":"DISCOVERY_SCOPE_PASS","preliminaryRisks":[]}
cand-s4-ebay-283fbfe3ae51d14f95	dh-20260730T170046Z-7d4c2a91	4	2026-07-30T17:05:44.524826+00:00	SIGNED PROSPECT BASEBALLS / signed_prospect_baseball	Josue De Paula	signed_prospect_baseball	eBay	baltimoregraphs		v1|117302551163|0	https://www.ebay.com/itm/117302551163?_skw=Josue+De+Paula+signed+baseball+autograph&hash=item1b4fc6e27b%3Ag%3AdJgAAeSwFdNqVs3R	LIVE	Josue De Paula Signed Baseball Los Angeles Dodgers Autograph Auto Futures Game	{"title":"Josue De Paula Signed Baseball Los Angeles Dodgers Autograph Auto Futures Game","preliminaryScopeStatus":"DISCOVERY_SCOPE_PASS","queryFamilyIds":["signed-baseball.josue-de-paula"],"preliminaryRisks":[]}	{"status":"UNVERIFIED","verification":"native-browse-title-and-marketplace-images-only","frontVerified":false,"backVerified":false}	preliminary|283fbfe3ae51d14f95	ebay|baltimoregraphs|v1|117302551163|0	https://i.ebayimg.com/images/g/dJgAAeSwFdNqVs3R/s-l225.jpg	https://i.ebayimg.com/images/g/dJgAAeSwFdNqVs3R/s-l1200.jpg	FALSE	FALSE	FALSE	FALSE	{}											UNASSESSED	[]	149.99	0																	INSUFFICIENT																	MANUAL REVIEW / UNPRICED	FALSE	FALSE	["exact_parallel_or_variation_not_verified","front_and_back_identity_not_verified","full_delivered_acquisition_cost_not_proven","identical_completed_sales_not_loaded","instacomp_exact_market_not_completed","owned_copy_exclusion_not_proven"]	{"endpoints":["signed_baseballs"],"candidateId":"ebay:v1|117302551163|0","listingItemId":"v1|117302551163|0","queryFamilyIds":["signed-baseball.josue-de-paula"],"buyingOptions":["FIXED_PRICE"],"condition":null,"itemCreationDate":"2026-07-15T00:02:02.000Z","itemEndDate":null,"imageUrls":["https://i.ebayimg.com/images/g/dJgAAeSwFdNqVs3R/s-l225.jpg","https://i.ebayimg.com/images/g/dJgAAeSwFdNqVs3R/s-l1200.jpg"],"preliminaryScopeStatus":"DISCOVERY_SCOPE_PASS","preliminaryRisks":[]}
cand-s4-ebay-2be93bd4dabbe9d439	dh-20260730T170046Z-7d4c2a91	4	2026-07-30T17:05:44.524826+00:00	SIGNED PROSPECT BASEBALLS / signed_prospect_baseball	Josue De Paula	signed_prospect_baseball	eBay	kenopam		v1|126036205207|0	https://www.ebay.com/itm/126036205207?_skw=Josue+De+Paula+signed+baseball+autograph&hash=item1d5857de97%3Ag%3A%7EJQAAOSwh2NkyMfb	LIVE	Josue De Paula Signed Official Major League Baseball Autograph Dodgers GTP	{"title":"Josue De Paula Signed Official Major League Baseball Autograph Dodgers GTP","preliminaryScopeStatus":"DISCOVERY_SCOPE_PASS","queryFamilyIds":["signed-baseball.josue-de-paula"],"preliminaryRisks":[]}	{"status":"UNVERIFIED","verification":"native-browse-title-and-marketplace-images-only","frontVerified":false,"backVerified":false}	preliminary|2be93bd4dabbe9d439	ebay|kenopam|v1|126036205207|0	https://i.ebayimg.com/images/g/~JQAAOSwh2NkyMfb/s-l225.jpg	https://i.ebayimg.com/images/g/~JQAAOSwh2NkyMfb/s-l1600.jpg	FALSE	FALSE	FALSE	FALSE	{}											UNASSESSED	[]	124.99																		INSUFFICIENT																	MANUAL REVIEW / UNPRICED	FALSE	FALSE	["exact_parallel_or_variation_not_verified","front_and_back_identity_not_verified","full_delivered_acquisition_cost_not_proven","identical_completed_sales_not_loaded","instacomp_exact_market_not_completed","owned_copy_exclusion_not_proven"]	{"endpoints":["signed_baseballs"],"candidateId":"ebay:v1|126036205207|0","listingItemId":"v1|126036205207|0","queryFamilyIds":["signed-baseball.josue-de-paula"],"buyingOptions":["FIXED_PRICE","BEST_OFFER"],"condition":null,"itemCreationDate":"2023-08-01T13:00:01.000Z","itemEndDate":null,"imageUrls":["https://i.ebayimg.com/images/g/~JQAAOSwh2NkyMfb/s-l225.jpg","https://i.ebayimg.com/images/g/~JQAAOSwh2NkyMfb/s-l1600.jpg"],"preliminaryScopeStatus":"DISCOVERY_SCOPE_PASS","preliminaryRisks":[]}
cand-s4-ebay-7127decb4f19d6d0e2	dh-20260730T170046Z-7d4c2a91	4	2026-07-30T17:05:44.524826+00:00	SIGNED PROSPECT BASEBALLS / signed_prospect_baseball	Josue De Paula	signed_prospect_baseball	eBay	harri-libi		v1|136236305973|0	https://www.ebay.com/itm/136236305973?_skw=Josue+De+Paula+signed+baseball+autograph&hash=item1fb8510e35%3Ag%3AZMoAAeSwdwZoiD5R&amdata=enc%3AAQALAAABAACCtXRWQnOEpyOqnQQ8KGYx55xSVTe6kXjqPth2Nvi9uO2TSRX1Vf6XTG4PGWHbyGA5cuYccuJM38MPXPPw9ZUdjB7q9r%2BWjqkWGT9SPJmQqDA6s%2Bxnnqdup9Yo%2F8u82KD1Io2G1qum3hBltw5yB1SjlZrnrkypi1aCKv4fOHci2E%2BAtDIGzgFuP5eV5hs%2FUfuIvaHTNJiFagkVVyv2JeGO8E8cdWzxaouGnUTEco94ZYpg5PEeuZE60bhMIZ621cd0f3QiEwrNLhMLhaI%2BAq3XOhJyzoguC6l22bfMdk0GSe5HfWzYsbV80%2BN2FEFjzh37FEwnVM9HiSR%2B%2Fep2Voo%3D	LIVE	Josue De Paula Signed 2025 Futures Game MVP Autographed Baseball Dodgers JSA COA	{"title":"Josue De Paula Signed 2025 Futures Game MVP Autographed Baseball Dodgers JSA COA","preliminaryScopeStatus":"DISCOVERY_SCOPE_PASS","queryFamilyIds":["signed-baseball.josue-de-paula"],"preliminaryRisks":[]}	{"status":"UNVERIFIED","verification":"native-browse-title-and-marketplace-images-only","frontVerified":false,"backVerified":false}	preliminary|7127decb4f19d6d0e2	ebay|harri-libi|v1|136236305973|0	https://i.ebayimg.com/images/g/ZMoAAeSwdwZoiD5R/s-l225.jpg	https://i.ebayimg.com/images/g/ZMoAAeSwdwZoiD5R/s-l1600.jpg	FALSE	FALSE	FALSE	FALSE	{}											UNASSESSED	[]	299.99																		INSUFFICIENT																	MANUAL REVIEW / UNPRICED	FALSE	FALSE	["exact_parallel_or_variation_not_verified","front_and_back_identity_not_verified","full_delivered_acquisition_cost_not_proven","identical_completed_sales_not_loaded","instacomp_exact_market_not_completed","owned_copy_exclusion_not_proven"]	{"endpoints":["signed_baseballs"],"candidateId":"ebay:v1|136236305973|0","listingItemId":"v1|136236305973|0","queryFamilyIds":["signed-baseball.josue-de-paula"],"buyingOptions":["FIXED_PRICE","BEST_OFFER"],"condition":null,"itemCreationDate":"2025-07-29T03:22:36.000Z","itemEndDate":null,"imageUrls":["https://i.ebayimg.com/images/g/ZMoAAeSwdwZoiD5R/s-l225.jpg","https://i.ebayimg.com/images/g/ZMoAAeSwdwZoiD5R/s-l1600.jpg"],"preliminaryScopeStatus":"DISCOVERY_SCOPE_PASS","preliminaryRisks":[]}
cand-s4-ebay-f574fe62e4309a88bd	dh-20260730T170046Z-7d4c2a91	4	2026-07-30T17:05:44.524826+00:00	SIGNED PROSPECT BASEBALLS / signed_prospect_baseball	Josue De Paula	signed_prospect_baseball	eBay	harri-libi		v1|137534905645|0	https://www.ebay.com/itm/137534905645?_skw=Josue+De+Paula+signed+baseball+autograph&hash=item2005b81d2d%3Ag%3AWpcAAeSwRTtqXt1g	LIVE	Josue De Paula Signed 2026 Futures Game Baseball Autograph Auto Dodgers PSA COA	{"title":"Josue De Paula Signed 2026 Futures Game Baseball Autograph Auto Dodgers PSA COA","preliminaryScopeStatus":"DISCOVERY_SCOPE_PASS","queryFamilyIds":["signed-baseball.josue-de-paula"],"preliminaryRisks":[]}	{"status":"UNVERIFIED","verification":"native-browse-title-and-marketplace-images-only","frontVerified":false,"backVerified":false}	preliminary|f574fe62e4309a88bd	ebay|harri-libi|v1|137534905645|0	https://i.ebayimg.com/images/g/WpcAAeSwRTtqXt1g/s-l225.jpg	https://i.ebayimg.com/images/g/WpcAAeSwRTtqXt1g/s-l1600.jpg	FALSE	FALSE	FALSE	FALSE	{}											UNASSESSED	[]	224.99																		INSUFFICIENT																	MANUAL REVIEW / UNPRICED	FALSE	FALSE	["exact_parallel_or_variation_not_verified","front_and_back_identity_not_verified","full_delivered_acquisition_cost_not_proven","identical_completed_sales_not_loaded","instacomp_exact_market_not_completed","owned_copy_exclusion_not_proven"]	{"endpoints":["signed_baseballs"],"candidateId":"ebay:v1|137534905645|0","listingItemId":"v1|137534905645|0","queryFamilyIds":["signed-baseball.josue-de-paula"],"buyingOptions":["FIXED_PRICE","BEST_OFFER"],"condition":null,"itemCreationDate":"2026-07-21T02:46:18.000Z","itemEndDate":null,"imageUrls":["https://i.ebayimg.com/images/g/WpcAAeSwRTtqXt1g/s-l225.jpg","https://i.ebayimg.com/images/g/WpcAAeSwRTtqXt1g/s-l1600.jpg"],"preliminaryScopeStatus":"DISCOVERY_SCOPE_PASS","preliminaryRisks":[]}
cand-s4-ebay-7e29799edf1de16a4a	dh-20260730T170046Z-7d4c2a91	4	2026-07-30T17:05:44.524826+00:00	SIGNED PROSPECT BASEBALLS / signed_prospect_baseball	Josue De Paula	signed_prospect_baseball	eBay	blamejameis		v1|157508006206|0	https://www.ebay.com/itm/157508006206?_skw=Josue+De+Paula+signed+baseball+autograph&hash=item24ac35713e%3Ag%3AW%7E4AAeSwlaJpLE41	LIVE	LOS ANGELES DODGERS JOSUE DE PAULA signed OFFICIAL MAJOR LEAGUE BASEBALL BECKETT	{"title":"LOS ANGELES DODGERS JOSUE DE PAULA signed OFFICIAL MAJOR LEAGUE BASEBALL BECKETT","preliminaryScopeStatus":"DISCOVERY_SCOPE_PASS","queryFamilyIds":["signed-baseball.josue-de-paula"],"preliminaryRisks":[]}	{"status":"UNVERIFIED","verification":"native-browse-title-and-marketplace-images-only","frontVerified":false,"backVerified":false}	preliminary|7e29799edf1de16a4a	ebay|blamejameis|v1|157508006206|0	https://i.ebayimg.com/images/g/W~4AAeSwlaJpLE41/s-l225.jpg	https://i.ebayimg.com/images/g/W~4AAeSwlaJpLE41/s-l1600.jpg	FALSE	FALSE	FALSE	FALSE	{}											UNASSESSED	[]	119.99																		INSUFFICIENT																	MANUAL REVIEW / UNPRICED	FALSE	FALSE	["exact_parallel_or_variation_not_verified","front_and_back_identity_not_verified","full_delivered_acquisition_cost_not_proven","identical_completed_sales_not_loaded","instacomp_exact_market_not_completed","owned_copy_exclusion_not_proven"]	{"endpoints":["signed_baseballs"],"candidateId":"ebay:v1|157508006206|0","listingItemId":"v1|157508006206|0","queryFamilyIds":["signed-baseball.josue-de-paula"],"buyingOptions":["FIXED_PRICE","BEST_OFFER"],"condition":null,"itemCreationDate":"2025-11-29T08:11:46.000Z","itemEndDate":null,"imageUrls":["https://i.ebayimg.com/images/g/W~4AAeSwlaJpLE41/s-l225.jpg","https://i.ebayimg.com/images/g/W~4AAeSwlaJpLE41/s-l1600.jpg"],"preliminaryScopeStatus":"DISCOVERY_SCOPE_PASS","preliminaryRisks":[]}
cand-s4-ebay-0ecbef2d7e41b5321e	dh-20260730T170046Z-7d4c2a91	4	2026-07-30T17:05:44.524826+00:00	SIGNED PROSPECT BASEBALLS / signed_prospect_baseball	Josue De Paula	signed_prospect_baseball	eBay	jkpecollectibles		v1|178316722926|0	https://www.ebay.com/itm/178316722926?_skw=Josue+De+Paula+signed+baseball+autograph&hash=item29848142ee%3Ag%3A8BgAAeSwIoZqWSp8&amdata=enc%3AAQALAAABAACCtXRWQnOEpyOqnQQ8KGbqG9NnarLukA1F3B%2BlqfTQtUT7iyzMnfGVjltqko0bS%2B9QacawbdEJ32hxaRY4FSli%2Brk4XT7szb8pGKvPBYkmGEIGY3HkOhbxCJthqDF4XOBQONthigQdq08mODxwlRYX9yRkglAKrOB9CaCVdGkEcRMeCmsTbk8jlQPh0G8YRg2O5Z2iyhxa9SrbizofhXYu76LeUiz6yVXVlMTW8QMi0NGqq7kkzsCimiTB%2FZkt5k5gMuPyuuIXb2qg%2F3CIjBAs%2BF019Mq4CkDtA7B6nueAozyTEaXiJNJ8C22AYzM4a3%2Bzmuyq%2Fv1zoBhXZ7w1Gzw%3D	LIVE	JOSUE DE PAULA SIGNED 2026 MLB FUTURES BASEBALL LOS ANGELES DODGERS AUTOGRAPH LA	{"title":"JOSUE DE PAULA SIGNED 2026 MLB FUTURES BASEBALL LOS ANGELES DODGERS AUTOGRAPH LA","preliminaryScopeStatus":"DISCOVERY_SCOPE_PASS","queryFamilyIds":["signed-baseball.josue-de-paula"],"preliminaryRisks":[]}	{"status":"UNVERIFIED","verification":"native-browse-title-and-marketplace-images-only","frontVerified":false,"backVerified":false}	preliminary|0ecbef2d7e41b5321e	ebay|jkpecollectibles|v1|178316722926|0	https://i.ebayimg.com/images/g/8BgAAeSwIoZqWSp8/s-l225.jpg	https://i.ebayimg.com/images/g/8BgAAeSwIoZqWSp8/s-l640.jpg	FALSE	FALSE	FALSE	FALSE	{}											UNASSESSED	[]	149.99	0																	INSUFFICIENT																	MANUAL REVIEW / UNPRICED	FALSE	FALSE	["exact_parallel_or_variation_not_verified","front_and_back_identity_not_verified","full_delivered_acquisition_cost_not_proven","identical_completed_sales_not_loaded","instacomp_exact_market_not_completed","owned_copy_exclusion_not_proven"]	{"endpoints":["signed_baseballs"],"candidateId":"ebay:v1|178316722926|0","listingItemId":"v1|178316722926|0","queryFamilyIds":["signed-baseball.josue-de-paula"],"buyingOptions":["FIXED_PRICE","BEST_OFFER"],"condition":null,"itemCreationDate":"2026-07-16T19:02:35.000Z","itemEndDate":null,"imageUrls":["https://i.ebayimg.com/images/g/8BgAAeSwIoZqWSp8/s-l225.jpg","https://i.ebayimg.com/images/g/8BgAAeSwIoZqWSp8/s-l640.jpg"],"preliminaryScopeStatus":"DISCOVERY_SCOPE_PASS","preliminaryRisks":[]}
cand-s4-ebay-a5180b7c12450b2c76	dh-20260730T170046Z-7d4c2a91	4	2026-07-30T17:05:44.524826+00:00	SIGNED PROSPECT BASEBALLS / signed_prospect_baseball	Josue De Paula	signed_prospect_baseball	eBay	autograph-fanatic		v1|188204446645|0	https://www.ebay.com/itm/188204446645?_skw=Josue+De+Paula+signed+baseball+autograph&hash=item2bd1dbf3b5%3Ag%3ACGIAAeSwaMJpwucE	LIVE	Josue De Paula Autograph Black Baseball *Beckett COA* SIGNED LA Dodgers	{"title":"Josue De Paula Autograph Black Baseball *Beckett COA* SIGNED LA Dodgers","preliminaryScopeStatus":"DISCOVERY_SCOPE_PASS","queryFamilyIds":["signed-baseball.josue-de-paula"],"preliminaryRisks":[]}	{"status":"UNVERIFIED","verification":"native-browse-title-and-marketplace-images-only","frontVerified":false,"backVerified":false}	preliminary|a5180b7c12450b2c76	ebay|autograph-fanatic|v1|188204446645|0	https://i.ebayimg.com/images/g/CGIAAeSwaMJpwucE/s-l225.jpg	https://i.ebayimg.com/images/g/CGIAAeSwaMJpwucE/s-l960.jpg	FALSE	FALSE	FALSE	FALSE	{}											UNASSESSED	[]	149.88																		INSUFFICIENT																	MANUAL REVIEW / UNPRICED	FALSE	FALSE	["exact_parallel_or_variation_not_verified","front_and_back_identity_not_verified","full_delivered_acquisition_cost_not_proven","identical_completed_sales_not_loaded","instacomp_exact_market_not_completed","owned_copy_exclusion_not_proven"]	{"endpoints":["signed_baseballs"],"candidateId":"ebay:v1|188204446645|0","listingItemId":"v1|188204446645|0","queryFamilyIds":["signed-baseball.josue-de-paula"],"buyingOptions":["FIXED_PRICE","BEST_OFFER"],"condition":null,"itemCreationDate":"2026-03-24T19:39:02.000Z","itemEndDate":null,"imageUrls":["https://i.ebayimg.com/images/g/CGIAAeSwaMJpwucE/s-l225.jpg","https://i.ebayimg.com/images/g/CGIAAeSwaMJpwucE/s-l960.jpg"],"preliminaryScopeStatus":"DISCOVERY_SCOPE_PASS","preliminaryRisks":[]}
cand-s4-ebay-134312a10a6cbe0a15	dh-20260730T170046Z-7d4c2a91	4	2026-07-30T17:05:44.524826+00:00	SIGNED PROSPECT BASEBALLS / signed_prospect_baseball	Josue De Paula	signed_prospect_baseball	eBay	ktindy		v1|188257441921|0	https://www.ebay.com/itm/188257441921?_skw=Josue+De+Paula+signed+baseball+autograph&hash=item2bd5049881%3Ag%3ABJIAAeSwmlFp1pwA&amdata=enc%3AAQALAAABEACCtXRWQnOEpyOqnQQ8KGYr3etSOO%2FYy9ngioP2fU0trXJKfW4WSYZgEOcn%2FEgskDszuvWyggxiC0m%2F6usBI4GHj1IeyVttGw%2FnQHdWK5edyKCETM%2BXsjGVwvmUCwTb62w6O2CkzdmRPuelZCu%2FotBvI%2BpyutxLUMX%2BSD6TnlC8SsiyxiK68pR41Re%2B6qIkDGQMd6xAWGbeYmaAd0TXz%2BjhJl3iWtg8mq%2FELE%2BdV%2B%2B0uZIbaPdDZvluyKDnMVka7SaVOVDJaW1OTaRgI6l0clPny8QATDxfedrnZ%2BosXhlEhczvAoMPqahMP7lkmfwOTc9hKr73X3ZaInEb3CJG9HtcHjqDUdfOEpJ0v9aBqtJ3	LIVE	Josue de Paula Autograph Signed MLB Ball Baseball Auto JSA Certified Dodgers	{"title":"Josue de Paula Autograph Signed MLB Ball Baseball Auto JSA Certified Dodgers","preliminaryScopeStatus":"DISCOVERY_SCOPE_PASS","queryFamilyIds":["signed-baseball.josue-de-paula"],"preliminaryRisks":[]}	{"status":"UNVERIFIED","verification":"native-browse-title-and-marketplace-images-only","frontVerified":false,"backVerified":false}	preliminary|134312a10a6cbe0a15	ebay|ktindy|v1|188257441921|0	https://i.ebayimg.com/images/g/BJIAAeSwmlFp1pwA/s-l225.jpg	https://i.ebayimg.com/images/g/BJIAAeSwmlFp1pwA/s-l1600.jpg	FALSE	FALSE	FALSE	FALSE	{}											UNASSESSED	[]	119.99																		INSUFFICIENT																	MANUAL REVIEW / UNPRICED	FALSE	FALSE	["exact_parallel_or_variation_not_verified","front_and_back_identity_not_verified","full_delivered_acquisition_cost_not_proven","identical_completed_sales_not_loaded","instacomp_exact_market_not_completed","owned_copy_exclusion_not_proven"]	{"endpoints":["signed_baseballs"],"candidateId":"ebay:v1|188257441921|0","listingItemId":"v1|188257441921|0","queryFamilyIds":["signed-baseball.josue-de-paula"],"buyingOptions":["FIXED_PRICE","BEST_OFFER"],"condition":null,"itemCreationDate":"2026-04-08T18:19:07.000Z","itemEndDate":null,"imageUrls":["https://i.ebayimg.com/images/g/BJIAAeSwmlFp1pwA/s-l225.jpg","https://i.ebayimg.com/images/g/BJIAAeSwmlFp1pwA/s-l1600.jpg"],"preliminaryScopeStatus":"DISCOVERY_SCOPE_PASS","preliminaryRisks":[]}
cand-s4-ebay-c40dfa86fc95e89843	dh-20260730T170046Z-7d4c2a91	4	2026-07-30T17:05:44.524826+00:00	SIGNED PROSPECT BASEBALLS / signed_prospect_baseball	Josue De Paula	signed_prospect_baseball	eBay	740sports		v1|198377856482|0	https://www.ebay.com/itm/198377856482?_skw=Josue+De+Paula+signed+baseball+autograph&hash=item2e303ddde2%3Ag%3A55QAAeSwCmBqE0pX	LIVE	JOSUE DE PAULA Signed Auto Autographed Autograph 2025 Futures Game Jersey JSA	{"title":"JOSUE DE PAULA Signed Auto Autographed Autograph 2025 Futures Game Jersey JSA","preliminaryScopeStatus":"DISCOVERY_SCOPE_PASS","queryFamilyIds":["signed-baseball.josue-de-paula"],"preliminaryRisks":[]}	{"status":"UNVERIFIED","verification":"native-browse-title-and-marketplace-images-only","frontVerified":false,"backVerified":false}	preliminary|c40dfa86fc95e89843	ebay|740sports|v1|198377856482|0	https://i.ebayimg.com/images/g/55QAAeSwCmBqE0pX/s-l225.jpg	https://i.ebayimg.com/images/g/55QAAeSwCmBqE0pX/s-l1600.jpg	FALSE	FALSE	FALSE	FALSE	{}											UNASSESSED	[]	175																		INSUFFICIENT																	MANUAL REVIEW / UNPRICED	FALSE	FALSE	["exact_parallel_or_variation_not_verified","front_and_back_identity_not_verified","full_delivered_acquisition_cost_not_proven","identical_completed_sales_not_loaded","instacomp_exact_market_not_completed","owned_copy_exclusion_not_proven"]	{"endpoints":["signed_baseballs"],"candidateId":"ebay:v1|198377856482|0","listingItemId":"v1|198377856482|0","queryFamilyIds":["signed-baseball.josue-de-paula"],"buyingOptions":["FIXED_PRICE","BEST_OFFER"],"condition":null,"itemCreationDate":"2026-05-24T18:59:10.000Z","itemEndDate":null,"imageUrls":["https://i.ebayimg.com/images/g/55QAAeSwCmBqE0pX/s-l225.jpg","https://i.ebayimg.com/images/g/55QAAeSwCmBqE0pX/s-l1600.jpg"],"preliminaryScopeStatus":"DISCOVERY_SCOPE_PASS","preliminaryRisks":[]}
cand-s4-ebay-11694e4aa9fafa9073	dh-20260730T170046Z-7d4c2a91	4	2026-07-30T17:05:44.524826+00:00	SIGNED PROSPECT BASEBALLS / signed_prospect_baseball	Josue De Paula	signed_prospect_baseball	eBay	coast-to-coast-sports		v1|236855205382|0	https://www.ebay.com/itm/236855205382?_skw=Josue+De+Paula+signed+baseball+autograph&hash=item3725ab9e06%3Ag%3Akt0AAeSw%7E7JqIG60	LIVE	Josue De Paula Signed Baseball – LA Dodgers Prospect – Autographed Rawlings	{"title":"Josue De Paula Signed Baseball – LA Dodgers Prospect – Autographed Rawlings","preliminaryScopeStatus":"DISCOVERY_SCOPE_PASS","queryFamilyIds":["signed-baseball.josue-de-paula"],"preliminaryRisks":[]}	{"status":"UNVERIFIED","verification":"native-browse-title-and-marketplace-images-only","frontVerified":false,"backVerified":false}	preliminary|11694e4aa9fafa9073	ebay|coast-to-coast-sports|v1|236855205382|0	https://i.ebayimg.com/images/g/kt0AAeSw~7JqIG60/s-l225.jpg	https://i.ebayimg.com/images/g/kt0AAeSw~7JqIG60/s-l1600.jpg	FALSE	FALSE	FALSE	FALSE	{}											UNASSESSED	[]	79.99	7.99																	INSUFFICIENT																	MANUAL REVIEW / UNPRICED	FALSE	FALSE	["exact_parallel_or_variation_not_verified","front_and_back_identity_not_verified","full_delivered_acquisition_cost_not_proven","identical_completed_sales_not_loaded","instacomp_exact_market_not_completed","owned_copy_exclusion_not_proven"]	{"endpoints":["signed_baseballs"],"candidateId":"ebay:v1|236855205382|0","listingItemId":"v1|236855205382|0","queryFamilyIds":["signed-baseball.josue-de-paula"],"buyingOptions":["FIXED_PRICE","BEST_OFFER"],"condition":null,"itemCreationDate":"2026-06-03T18:14:06.000Z","itemEndDate":null,"imageUrls":["https://i.ebayimg.com/images/g/kt0AAeSw~7JqIG60/s-l225.jpg","https://i.ebayimg.com/images/g/kt0AAeSw~7JqIG60/s-l1600.jpg"],"preliminaryScopeStatus":"DISCOVERY_SCOPE_PASS","preliminaryRisks":[]}
cand-s4-ebay-5b146e7289339bb9e3	dh-20260730T170046Z-7d4c2a91	4	2026-07-30T17:05:44.524826+00:00	SIGNED PROSPECT BASEBALLS / signed_prospect_baseball	Josue De Paula	signed_prospect_baseball	eBay	biggsports		v1|286015959049|0	https://www.ebay.com/itm/286015959049?_skw=Josue+De+Paula+signed+baseball+autograph&hash=item4297e13009%3Ag%3A0FUAAOSwQ1FmwKzA&amdata=enc%3AAQALAAABAACCtXRWQnOEpyOqnQQ8KGY6rUhcKIxrQ2Uh5320nFY17gpgrY6D0HVTLSMET99JttCUuDW3iKTpZIsEx9avz0QTwfcbOgcX3u0s5L9Atuc4KtDzldbIqb83CTIeGykYubH2mk3ax9uwhyQyuKMO5PHVZ7oL9W37E2tvHQBVWS80hza68q3my7zQN5qix5yJb1k8O6PeIZV1P6K87oosPH041LAvAc5xk7VnYyCHBWr8tNaAp613HPbPoLfCEcm2Aj3u2W8hVvdXJrOOmT5qIwt8wViz60W9OUOHie%2BkCWgSe8yxipI7MgwS7wTmm%2FKajDkrAVS3II9SuFmnU%2Be%2Fy9g%3D	LIVE	Josue De Paula 2023 Bowman Chrome Sapphire Autograph Signed Rookie Card Beckett	{"title":"Josue De Paula 2023 Bowman Chrome Sapphire Autograph Signed Rookie Card Beckett","preliminaryScopeStatus":"DISCOVERY_SCOPE_PASS","queryFamilyIds":["signed-baseball.josue-de-paula"],"preliminaryRisks":[]}	{"status":"UNVERIFIED","verification":"native-browse-title-and-marketplace-images-only","frontVerified":false,"backVerified":false}	preliminary|5b146e7289339bb9e3	ebay|biggsports|v1|286015959049|0	https://i.ebayimg.com/images/g/0FUAAOSwQ1FmwKzA/s-l225.jpg	https://i.ebayimg.com/images/g/0FUAAOSwQ1FmwKzA/s-l1600.jpg	FALSE	FALSE	FALSE	FALSE	{}											UNASSESSED	[]	149.99	0																	INSUFFICIENT																	MANUAL REVIEW / UNPRICED	FALSE	FALSE	["exact_parallel_or_variation_not_verified","front_and_back_identity_not_verified","full_delivered_acquisition_cost_not_proven","identical_completed_sales_not_loaded","instacomp_exact_market_not_completed","owned_copy_exclusion_not_proven"]	{"endpoints":["signed_baseballs"],"candidateId":"ebay:v1|286015959049|0","listingItemId":"v1|286015959049|0","queryFamilyIds":["signed-baseball.josue-de-paula"],"buyingOptions":["FIXED_PRICE"],"condition":null,"itemCreationDate":"2024-08-17T14:01:53.000Z","itemEndDate":null,"imageUrls":["https://i.ebayimg.com/images/g/0FUAAOSwQ1FmwKzA/s-l225.jpg","https://i.ebayimg.com/images/g/0FUAAOSwQ1FmwKzA/s-l1600.jpg"],"preliminaryScopeStatus":"DISCOVERY_SCOPE_PASS","preliminaryRisks":[]}
cand-s4-ebay-2d9de0045549d55e9b	dh-20260730T170046Z-7d4c2a91	4	2026-07-30T17:05:44.524826+00:00	SIGNED PROSPECT BASEBALLS / signed_prospect_baseball	Josue De Paula	signed_prospect_baseball	eBay	bryanpv71		v1|298386057548|0	https://www.ebay.com/itm/298386057548?_skw=Josue+De+Paula+signed+baseball+autograph&hash=item457931e94c%3Ag%3A0ZgAAeSwSptp%7EQfT	LIVE	2023 Bowman Chrome Prospect Auto Josue De Paula #CPA-JDE PSA 10 DODGERS	{"title":"2023 Bowman Chrome Prospect Auto Josue De Paula #CPA-JDE PSA 10 DODGERS","preliminaryScopeStatus":"DISCOVERY_SCOPE_PASS","queryFamilyIds":["signed-baseball.josue-de-paula"],"preliminaryRisks":[]}	{"status":"UNVERIFIED","verification":"native-browse-title-and-marketplace-images-only","frontVerified":false,"backVerified":false}	preliminary|2d9de0045549d55e9b	ebay|bryanpv71|v1|298386057548|0	https://i.ebayimg.com/images/g/0ZgAAeSwSptp~QfT/s-l225.jpg	https://i.ebayimg.com/images/g/0ZgAAeSwSptp~QfT/s-l1600.jpg	FALSE	FALSE	FALSE	FALSE	{}											UNASSESSED	[]	500	10																	INSUFFICIENT																	MANUAL REVIEW / UNPRICED	FALSE	FALSE	["exact_parallel_or_variation_not_verified","front_and_back_identity_not_verified","full_delivered_acquisition_cost_not_proven","identical_completed_sales_not_loaded","instacomp_exact_market_not_completed","owned_copy_exclusion_not_proven"]	{"endpoints":["signed_baseballs"],"candidateId":"ebay:v1|298386057548|0","listingItemId":"v1|298386057548|0","queryFamilyIds":["signed-baseball.josue-de-paula"],"buyingOptions":["FIXED_PRICE","BEST_OFFER"],"condition":"Graded","itemCreationDate":"2026-06-05T03:30:26.000Z","itemEndDate":null,"imageUrls":["https://i.ebayimg.com/images/g/0ZgAAeSwSptp~QfT/s-l225.jpg","https://i.ebayimg.com/images/g/0ZgAAeSwSptp~QfT/s-l1600.jpg"],"preliminaryScopeStatus":"DISCOVERY_SCOPE_PASS","preliminaryRisks":[]}
cand-s4-ebay-1aed78cf7b0856ab3a	dh-20260730T170046Z-7d4c2a91	4	2026-07-30T17:05:44.524826+00:00	SIGNED PROSPECT BASEBALLS / signed_prospect_baseball	Josue De Paula	signed_prospect_baseball	eBay	accardio		v1|374954731648|0	https://www.ebay.com/itm/374954731648?_skw=Josue+De+Paula+signed+baseball+autograph&hash=item574d0b2880%3Ag%3ArJ0AAOSwpLllFNiL	LIVE	Josue de Paula Autograph Signed MLB Ball Baseball Auto JSA Certified Dodgers	{"title":"Josue de Paula Autograph Signed MLB Ball Baseball Auto JSA Certified Dodgers","preliminaryScopeStatus":"DISCOVERY_SCOPE_PASS","queryFamilyIds":["signed-baseball.josue-de-paula"],"preliminaryRisks":[]}	{"status":"UNVERIFIED","verification":"native-browse-title-and-marketplace-images-only","frontVerified":false,"backVerified":false}	preliminary|1aed78cf7b0856ab3a	ebay|accardio|v1|374954731648|0	https://i.ebayimg.com/images/g/rJ0AAOSwpLllFNiL/s-l225.jpg	https://i.ebayimg.com/images/g/rJ0AAOSwpLllFNiL/s-l1200.jpg	FALSE	FALSE	FALSE	FALSE	{}											UNASSESSED	[]	129	0																	INSUFFICIENT																	MANUAL REVIEW / UNPRICED	FALSE	FALSE	["exact_parallel_or_variation_not_verified","front_and_back_identity_not_verified","full_delivered_acquisition_cost_not_proven","identical_completed_sales_not_loaded","instacomp_exact_market_not_completed","owned_copy_exclusion_not_proven"]	{"endpoints":["signed_baseballs"],"candidateId":"ebay:v1|374954731648|0","listingItemId":"v1|374954731648|0","queryFamilyIds":["signed-baseball.josue-de-paula"],"buyingOptions":["FIXED_PRICE","BEST_OFFER"],"condition":null,"itemCreationDate":"2023-09-28T01:37:37.000Z","itemEndDate":null,"imageUrls":["https://i.ebayimg.com/images/g/rJ0AAOSwpLllFNiL/s-l225.jpg","https://i.ebayimg.com/images/g/rJ0AAOSwpLllFNiL/s-l1200.jpg"],"preliminaryScopeStatus":"DISCOVERY_SCOPE_PASS","preliminaryRisks":[]}
cand-s4-ebay-3b14b981171da505fb	dh-20260730T170046Z-7d4c2a91	4	2026-07-30T17:05:44.524826+00:00	SIGNED PROSPECT BASEBALLS / signed_prospect_baseball	Josue De Paula	signed_prospect_baseball	eBay	quickrip26		v1|388896995546|0	https://www.ebay.com/itm/388896995546?_skw=Josue+De+Paula+signed+baseball+autograph&hash=item5a8c1138da%3Ag%3Ad%7E0AAeSwcLdoGGBq	LIVE	Josue De Paula 2023 Bowman Platinum Auto signed autograph baseball card Dodgers	{"title":"Josue De Paula 2023 Bowman Platinum Auto signed autograph baseball card Dodgers ","preliminaryScopeStatus":"DISCOVERY_SCOPE_PASS","queryFamilyIds":["signed-baseball.josue-de-paula"],"preliminaryRisks":[]}	{"status":"UNVERIFIED","verification":"native-browse-title-and-marketplace-images-only","frontVerified":false,"backVerified":false}	preliminary|3b14b981171da505fb	ebay|quickrip26|v1|388896995546|0	https://i.ebayimg.com/images/g/d~0AAeSwcLdoGGBq/s-l225.jpg	https://i.ebayimg.com/images/g/d~0AAeSwcLdoGGBq/s-l1600.jpg	FALSE	FALSE	FALSE	FALSE	{}											UNASSESSED	[]	19.99	4.99																	INSUFFICIENT																	MANUAL REVIEW / UNPRICED	FALSE	FALSE	["exact_parallel_or_variation_not_verified","front_and_back_identity_not_verified","full_delivered_acquisition_cost_not_proven","identical_completed_sales_not_loaded","instacomp_exact_market_not_completed","owned_copy_exclusion_not_proven"]	{"endpoints":["signed_baseballs"],"candidateId":"ebay:v1|388896995546|0","listingItemId":"v1|388896995546|0","queryFamilyIds":["signed-baseball.josue-de-paula"],"buyingOptions":["FIXED_PRICE","BEST_OFFER"],"condition":"Ungraded","itemCreationDate":"2025-08-29T04:31:32.000Z","itemEndDate":null,"imageUrls":["https://i.ebayimg.com/images/g/d~0AAeSwcLdoGGBq/s-l225.jpg","https://i.ebayimg.com/images/g/d~0AAeSwcLdoGGBq/s-l1600.jpg"],"preliminaryScopeStatus":"DISCOVERY_SCOPE_PASS","preliminaryRisks":[]}
cand-s4-ebay-f644e0429502684c2e	dh-20260730T170046Z-7d4c2a91	4	2026-07-30T17:05:44.524826+00:00	SIGNED PROSPECT BASEBALLS / signed_prospect_baseball	Josue De Paula	signed_prospect_baseball	eBay	seattlekp13		v1|398081197354|0	https://www.ebay.com/itm/398081197354?_skw=Josue+De+Paula+signed+baseball+autograph&hash=item5caf7d052a%3Ag%3AcxkAAeSwCPVqNHU8&amdata=enc%3AAQALAAABAACCtXRWQnOEpyOqnQQ8KGZSx3jkx6iBeOwYiKuWVFzHiCvU05Q8KOp2%2BRlB3TQ%2BmLxqbO9kh0giNmC45aXy2jROH4OF0B2sfpouOQdwHOkhL61xNnqNRRUlzIdjSNTHrCx8%2F7iOtw%2BL2zxIUk%2B3dEGDPE9toDi90xcF351Fi5%2BuJqaavUevS0Oko3YUjCYvBO7V4BeBMHLz8IYiJy2PPO6eN16hxLzT6g9Zkkv%2F9VLAndrZQrrJwagj2qBcoi%2BlPMxVwOHavV2m93KSOhIcuRflT%2FbwhhHfE8r67gCPgNSGCSsYOjBAneNr97OM5W6r6%2FO08IB2CPBDHAoGACsK7Rw%3D	LIVE	2025 Panini Prospect Edition Prizm Josue De Paula Dodgers Autograph #64	{"title":"2025 Panini Prospect Edition Prizm Josue De Paula Dodgers Autograph #64","preliminaryScopeStatus":"DISCOVERY_SCOPE_PASS","queryFamilyIds":["signed-baseball.josue-de-paula"],"preliminaryRisks":[]}	{"status":"UNVERIFIED","verification":"native-browse-title-and-marketplace-images-only","frontVerified":false,"backVerified":false}	preliminary|f644e0429502684c2e	ebay|seattlekp13|v1|398081197354|0	https://i.ebayimg.com/images/g/cxkAAeSwCPVqNHU8/s-l225.jpg	https://i.ebayimg.com/images/g/cxkAAeSwCPVqNHU8/s-l1600.jpg	FALSE	FALSE	FALSE	FALSE	{}											UNASSESSED	[]	32.99	4.99																	INSUFFICIENT																	MANUAL REVIEW / UNPRICED	FALSE	FALSE	["exact_parallel_or_variation_not_verified","front_and_back_identity_not_verified","full_delivered_acquisition_cost_not_proven","identical_completed_sales_not_loaded","instacomp_exact_market_not_completed","owned_copy_exclusion_not_proven"]	{"endpoints":["signed_baseballs"],"candidateId":"ebay:v1|398081197354|0","listingItemId":"v1|398081197354|0","queryFamilyIds":["signed-baseball.josue-de-paula"],"buyingOptions":["FIXED_PRICE","BEST_OFFER"],"condition":"Ungraded","itemCreationDate":"2026-06-18T22:46:32.000Z","itemEndDate":null,"imageUrls":["https://i.ebayimg.com/images/g/cxkAAeSwCPVqNHU8/s-l225.jpg","https://i.ebayimg.com/images/g/cxkAAeSwCPVqNHU8/s-l1600.jpg"],"preliminaryScopeStatus":"DISCOVERY_SCOPE_PASS","preliminaryRisks":[]}
cand-s4-ebay-fdab9dab07ed55f869	dh-20260730T170046Z-7d4c2a91	4	2026-07-30T17:05:44.524826+00:00	SIGNED PROSPECT BASEBALLS / signed_prospect_baseball	Josue De Paula	signed_prospect_baseball	eBay	jdaddy2112		v1|800349722808|0	https://www.ebay.com/itm/800349722808?_skw=Josue+De+Paula+signed+baseball+autograph&hash=itemba588f98b8%3Ag%3Adk4AAeSwYJFqWEUR&amdata=enc%3AAQALAAABAACCtXRWQnOEpyOqnQQ8KGZ1W%2FBI8iZGQ0xoqBzeKtMMbKLKA4lhiXfc%2FARxqCKuHxyd8ScEyqPxWLcVTeDmKFL2kAjKZ2MiMzCkccO258E%2BxxWTpNg2l%2Fxps%2BNRKHrBAuPaAplNbE6iheJytyIwrGU0Yv9N6jPAgPLkXPBxOspo5XOpj13Hyp4w7bMVG38czkGKqW%2FvX1srnst71QzbiZQxfbTtZldWDEWA3wf7prdDst9UWqGkr5%2FxKB8s9KeQ3kr4nZzlz3wkXZe4rzVHWBLphPgnrI0zCHBboIBKkyZL3UCO%2F3b982PBZXOd3LhEteS1BtRgfsuxgaZuvfSJ%2Ftw%3D	LIVE	2023 Bowman Chrome Josue De Paula Mega Box Purple Refractor /250 Auto PSA 10	{"title":"2023 Bowman Chrome Josue De Paula Mega Box Purple Refractor /250 Auto PSA 10","preliminaryScopeStatus":"DISCOVERY_SCOPE_PASS","queryFamilyIds":["signed-baseball.josue-de-paula"],"preliminaryRisks":[]}	{"status":"UNVERIFIED","verification":"native-browse-title-and-marketplace-images-only","frontVerified":false,"backVerified":false}	preliminary|fdab9dab07ed55f869	ebay|jdaddy2112|v1|800349722808|0	https://i.ebayimg.com/images/g/dk4AAeSwYJFqWEUR/s-l225.jpg	https://i.ebayimg.com/images/g/dk4AAeSwYJFqWEUR/s-l1600.jpg	FALSE	FALSE	FALSE	FALSE	{}											UNASSESSED	[]	749.99	5.17																	INSUFFICIENT																	MANUAL REVIEW / UNPRICED	FALSE	FALSE	["exact_parallel_or_variation_not_verified","front_and_back_identity_not_verified","full_delivered_acquisition_cost_not_proven","identical_completed_sales_not_loaded","instacomp_exact_market_not_completed","owned_copy_exclusion_not_proven"]	{"endpoints":["signed_baseballs"],"candidateId":"ebay:v1|800349722808|0","listingItemId":"v1|800349722808|0","queryFamilyIds":["signed-baseball.josue-de-paula"],"buyingOptions":["FIXED_PRICE","BEST_OFFER"],"condition":"Graded","itemCreationDate":"2026-07-16T02:43:29.000Z","itemEndDate":null,"imageUrls":["https://i.ebayimg.com/images/g/dk4AAeSwYJFqWEUR/s-l225.jpg","https://i.ebayimg.com/images/g/dk4AAeSwYJFqWEUR/s-l1600.jpg"],"preliminaryScopeStatus":"DISCOVERY_SCOPE_PASS","preliminaryRisks":[]}
cand-s4-ebay-440ea2dc88292a0d24	dh-20260730T170046Z-7d4c2a91	4	2026-07-30T17:05:44.524826+00:00	SIGNED PROSPECT BASEBALLS / signed_prospect_baseball	Leo De Vries	signed_prospect_baseball	eBay	mdeshet		v1|116881689807|0	https://www.ebay.com/itm/116881689807?_skw=Leo+De+Vries+signed+baseball+autograph&hash=item1b36b10ccf%3Ag%3A8usAAeSwBeFpGbdO	LIVE	Leo De Vries autograph signed 2024 1ST Bowman Chrome baseball card PSA b A's	{"title":"Leo De Vries autograph signed 2024 1ST Bowman Chrome baseball card PSA b A's","preliminaryScopeStatus":"DISCOVERY_SCOPE_PASS","queryFamilyIds":["signed-baseball.leo-de-vries"],"preliminaryRisks":[]}	{"status":"UNVERIFIED","verification":"native-browse-title-and-marketplace-images-only","frontVerified":false,"backVerified":false}	preliminary|440ea2dc88292a0d24	ebay|mdeshet|v1|116881689807|0	https://i.ebayimg.com/images/g/8usAAeSwBeFpGbdO/s-l225.jpg	https://i.ebayimg.com/images/g/8usAAeSwBeFpGbdO/s-l1600.jpg	FALSE	FALSE	FALSE	FALSE	{}											UNASSESSED	[]	184.99	3																	INSUFFICIENT																	MANUAL REVIEW / UNPRICED	FALSE	FALSE	["exact_parallel_or_variation_not_verified","front_and_back_identity_not_verified","full_delivered_acquisition_cost_not_proven","identical_completed_sales_not_loaded","instacomp_exact_market_not_completed","owned_copy_exclusion_not_proven"]	{"endpoints":["signed_baseballs"],"candidateId":"ebay:v1|116881689807|0","listingItemId":"v1|116881689807|0","queryFamilyIds":["signed-baseball.leo-de-vries"],"buyingOptions":["FIXED_PRICE","BEST_OFFER"],"condition":"Ungraded","itemCreationDate":"2025-11-16T11:36:59.000Z","itemEndDate":null,"imageUrls":["https://i.ebayimg.com/images/g/8usAAeSwBeFpGbdO/s-l225.jpg","https://i.ebayimg.com/images/g/8usAAeSwBeFpGbdO/s-l1600.jpg"],"preliminaryScopeStatus":"DISCOVERY_SCOPE_PASS","preliminaryRisks":[]}
cand-s4-ebay-6b5ba6d5a172c7751a	dh-20260730T170046Z-7d4c2a91	4	2026-07-30T17:05:44.524826+00:00	SIGNED PROSPECT BASEBALLS / signed_prospect_baseball	Leo De Vries	signed_prospect_baseball	eBay	steinersports		v1|117234580684|0	https://www.ebay.com/itm/117234580684?_skw=Leo+De+Vries+signed+baseball+autograph&hash=item1b4bb9bccc%3Ag%3AiFYAAeSwUKRqa0h2&amdata=enc%3AAQALAAABAACCtXRWQnOEpyOqnQQ8KGYlJVacmkMGEEI4OETxgsVUfofzbHHh16eOoDtThxrr9ZimU04G%2BMsvYFQt0c54YNH2QRw9sCFsdUnY%2FHB6XM5UyDumNZGm1ezckdXh9KmVrDif00fR4MG3U%2BKFiBTC7d3NSQnH1GOsQAclcA8J9T22RHXBneYEJr5Fz1uHmdr4yodBrlLLzFSqdcxogv8o%2BBpLPY2a4SE8gUShRtRkITtrH8V5--rlOe2qnFfxiUXFUMG9MHuHXCrxRmwnyOnSvU8iAFJ1lqGewvvnZOIeI9dv0XEp%2FPbYsmG88IVXdgU%2FXR7YFY1KfNjG7clFFNTlesA%3D	LIVE	Leo De Vries Athletics Signed Baseball with "Green Collar Baseball" Inscription	{"title":"Leo De Vries Athletics Signed Baseball with \"Green Collar Baseball\" Inscription","preliminaryScopeStatus":"DISCOVERY_SCOPE_PASS","queryFamilyIds":["signed-baseball.leo-de-vries"],"preliminaryRisks":[]}	{"status":"UNVERIFIED","verification":"native-browse-title-and-marketplace-images-only","frontVerified":false,"backVerified":false}	preliminary|6b5ba6d5a172c7751a	ebay|steinersports|v1|117234580684|0	https://i.ebayimg.com/images/g/iFYAAeSwUKRqa0h2/s-l225.jpg	https://i.ebayimg.com/images/g/iFYAAeSwUKRqa0h2/s-l1600.jpg	FALSE	FALSE	FALSE	FALSE	{}											UNASSESSED	[]	299.99	0																	INSUFFICIENT																	MANUAL REVIEW / UNPRICED	FALSE	FALSE	["exact_parallel_or_variation_not_verified","front_and_back_identity_not_verified","full_delivered_acquisition_cost_not_proven","identical_completed_sales_not_loaded","instacomp_exact_market_not_completed","owned_copy_exclusion_not_proven"]	{"endpoints":["signed_baseballs"],"candidateId":"ebay:v1|117234580684|0","listingItemId":"v1|117234580684|0","queryFamilyIds":["signed-baseball.leo-de-vries"],"buyingOptions":["FIXED_PRICE","BEST_OFFER"],"condition":null,"itemCreationDate":"2026-06-06T14:41:55.000Z","itemEndDate":null,"imageUrls":["https://i.ebayimg.com/images/g/iFYAAeSwUKRqa0h2/s-l225.jpg","https://i.ebayimg.com/images/g/iFYAAeSwUKRqa0h2/s-l1600.jpg"],"preliminaryScopeStatus":"DISCOVERY_SCOPE_PASS","preliminaryRisks":[]}
cand-s4-ebay-fe782db7538f33c502	dh-20260730T170046Z-7d4c2a91	4	2026-07-30T17:05:44.524826+00:00	SIGNED PROSPECT BASEBALLS / signed_prospect_baseball	Leo De Vries	signed_prospect_baseball	eBay	baltimoregraphs		v1|117302549193|0	https://www.ebay.com/itm/117302549193?_skw=Leo+De+Vries+signed+baseball+autograph&hash=item1b4fc6dac9%3Ag%3AYVoAAeSwPpdqVs1Q&amdata=enc%3AAQALAAABAACCtXRWQnOEpyOqnQQ8KGa%2FJMfdKLiaTQ0rk%2B9OWnDJOQ%2BGNJgOdUdS4PvCWM%2FTssbgkFkuBRz6lGsTfeaCORwuxrkI7em%2BTrGHG%2F9Enlx%2BHQMtt6FI5mUV3LVMp4LU%2Fs1buiZncIBxrmSZJ3vFBEkqh9yWATowyIgDL2%2BWVOn61lm9WJw8TPF1hg14I141tfoOOvriiR%2BM5nCzscTd36460wpwfvEMWqjEybgNTT1l5wGBHfJ4RndtIqiCjV5WxLHZJenFjSzbiGSpYqBsHD8db8Fy0XiwcJRmRP1s%2BqjFs1Li%2B%2FY14tQaIxP8lC7f3vkn3W4fYxmd63nrow1QMRk%3D	LIVE	Leo De Vries Signed Baseball Oakland Athletics Autographed Auto Futures Game	{"title":"Leo De Vries Signed Baseball Oakland Athletics Autographed Auto Futures Game ","preliminaryScopeStatus":"DISCOVERY_SCOPE_PASS","queryFamilyIds":["signed-baseball.leo-de-vries"],"preliminaryRisks":[]}	{"status":"UNVERIFIED","verification":"native-browse-title-and-marketplace-images-only","frontVerified":false,"backVerified":false}	preliminary|fe782db7538f33c502	ebay|baltimoregraphs|v1|117302549193|0	https://i.ebayimg.com/images/g/YVoAAeSwPpdqVs1Q/s-l225.jpg	https://i.ebayimg.com/images/g/YVoAAeSwPpdqVs1Q/s-l1200.jpg	FALSE	FALSE	FALSE	FALSE	{}											UNASSESSED	[]	149.99	0																	INSUFFICIENT																	MANUAL REVIEW / UNPRICED	FALSE	FALSE	["exact_parallel_or_variation_not_verified","front_and_back_identity_not_verified","full_delivered_acquisition_cost_not_proven","identical_completed_sales_not_loaded","instacomp_exact_market_not_completed","owned_copy_exclusion_not_proven"]	{"endpoints":["signed_baseballs"],"candidateId":"ebay:v1|117302549193|0","listingItemId":"v1|117302549193|0","queryFamilyIds":["signed-baseball.leo-de-vries"],"buyingOptions":["FIXED_PRICE"],"condition":null,"itemCreationDate":"2026-07-14T23:59:56.000Z","itemEndDate":null,"imageUrls":["https://i.ebayimg.com/images/g/YVoAAeSwPpdqVs1Q/s-l225.jpg","https://i.ebayimg.com/images/g/YVoAAeSwPpdqVs1Q/s-l1200.jpg"],"preliminaryScopeStatus":"DISCOVERY_SCOPE_PASS","preliminaryRisks":[]}
cand-s4-ebay-f5ce81ca1ccae175e2	dh-20260730T170046Z-7d4c2a91	4	2026-07-30T17:05:44.524826+00:00	SIGNED PROSPECT BASEBALLS / signed_prospect_baseball	Leo De Vries	signed_prospect_baseball	eBay	baltimoregraphs		v1|117307974368|0	https://www.ebay.com/itm/117307974368?_skw=Leo+De+Vries+signed+baseball+autograph&hash=item1b5019a2e0%3Ag%3A6PgAAeSwuzZqWrCF	LIVE	Leo De Vries Signed Baseball Oakland Athletics Autographed Auto Futures Game	{"title":"Leo De Vries Signed Baseball Oakland Athletics Autographed Auto Futures Game ","preliminaryScopeStatus":"DISCOVERY_SCOPE_PASS","queryFamilyIds":["signed-baseball.leo-de-vries"],"preliminaryRisks":[]}	{"status":"UNVERIFIED","verification":"native-browse-title-and-marketplace-images-only","frontVerified":false,"backVerified":false}	preliminary|f5ce81ca1ccae175e2	ebay|baltimoregraphs|v1|117307974368|0	https://i.ebayimg.com/images/g/6PgAAeSwuzZqWrCF/s-l225.jpg	https://i.ebayimg.com/images/g/6PgAAeSwuzZqWrCF/s-l1600.jpg	FALSE	FALSE	FALSE	FALSE	{}											UNASSESSED	[]	149.99	0																	INSUFFICIENT																	MANUAL REVIEW / UNPRICED	FALSE	FALSE	["exact_parallel_or_variation_not_verified","front_and_back_identity_not_verified","full_delivered_acquisition_cost_not_proven","identical_completed_sales_not_loaded","instacomp_exact_market_not_completed","owned_copy_exclusion_not_proven"]	{"endpoints":["signed_baseballs"],"candidateId":"ebay:v1|117307974368|0","listingItemId":"v1|117307974368|0","queryFamilyIds":["signed-baseball.leo-de-vries"],"buyingOptions":["FIXED_PRICE"],"condition":null,"itemCreationDate":"2026-07-17T22:45:34.000Z","itemEndDate":null,"imageUrls":["https://i.ebayimg.com/images/g/6PgAAeSwuzZqWrCF/s-l225.jpg","https://i.ebayimg.com/images/g/6PgAAeSwuzZqWrCF/s-l1600.jpg"],"preliminaryScopeStatus":"DISCOVERY_SCOPE_PASS","preliminaryRisks":[]}
cand-s4-ebay-f9ec57a48604087c00	dh-20260730T170046Z-7d4c2a91	4	2026-07-30T17:05:44.524826+00:00	SIGNED PROSPECT BASEBALLS / signed_prospect_baseball	Leo De Vries	signed_prospect_baseball	eBay	fscworldwide1		v1|137254890977|0	https://www.ebay.com/itm/137254890977?_skw=Leo+De+Vries+signed+baseball+autograph&hash=item1ff5076de1%3Ag%3AS4EAAeSwPZBp7AwH	LIVE	Leo De Vries Oakland Athletics Signed Baseball Rawlings OMLB Fanatics COA	{"title":"Leo De Vries Oakland Athletics Signed Baseball Rawlings OMLB Fanatics COA","preliminaryScopeStatus":"DISCOVERY_SCOPE_PASS","queryFamilyIds":["signed-baseball.leo-de-vries"],"preliminaryRisks":[]}	{"status":"UNVERIFIED","verification":"native-browse-title-and-marketplace-images-only","frontVerified":false,"backVerified":false}	preliminary|f9ec57a48604087c00	ebay|fscworldwide1|v1|137254890977|0	https://i.ebayimg.com/images/g/S4EAAeSwPZBp7AwH/s-l225.jpg	https://i.ebayimg.com/images/g/S4EAAeSwPZBp7AwH/s-l1600.jpg	FALSE	FALSE	FALSE	FALSE	{}											UNASSESSED	[]	149.99	9.99																	INSUFFICIENT																	MANUAL REVIEW / UNPRICED	FALSE	FALSE	["exact_parallel_or_variation_not_verified","front_and_back_identity_not_verified","full_delivered_acquisition_cost_not_proven","identical_completed_sales_not_loaded","instacomp_exact_market_not_completed","owned_copy_exclusion_not_proven"]	{"endpoints":["signed_baseballs"],"candidateId":"ebay:v1|137254890977|0","listingItemId":"v1|137254890977|0","queryFamilyIds":["signed-baseball.leo-de-vries"],"buyingOptions":["FIXED_PRICE","BEST_OFFER"],"condition":null,"itemCreationDate":"2026-04-25T00:35:30.000Z","itemEndDate":null,"imageUrls":["https://i.ebayimg.com/images/g/S4EAAeSwPZBp7AwH/s-l225.jpg","https://i.ebayimg.com/images/g/S4EAAeSwPZBp7AwH/s-l1600.jpg"],"preliminaryScopeStatus":"DISCOVERY_SCOPE_PASS","preliminaryRisks":[]}
cand-s4-ebay-3ed45c5c1de3c5cef5	dh-20260730T170046Z-7d4c2a91	4	2026-07-30T17:05:44.524826+00:00	SIGNED PROSPECT BASEBALLS / signed_prospect_baseball	Leo De Vries	signed_prospect_baseball	eBay	jkpecollectibles		v1|178317200133|0	https://www.ebay.com/itm/178317200133?_skw=Leo+De+Vries+signed+baseball+autograph&hash=item2984888b05%3Ag%3AdNoAAeSwxhdqWWOs&amdata=enc%3AAQALAAABAACCtXRWQnOEpyOqnQQ8KGaoGsPaiXAmcvsftZ5p14bqvvJ%2FKOAGrD69wUa%2F7AYjFZkr4GgQFvleTfXWFwxy7YDZTI4g6xxX28BbqP3PcxtRqojiHUMb9K1v0I3%2FxCZGF2JSs7FlGwcYrDTESrAh9kjTAOqUrtF5DQp8Fb8urzlyK%2FjdKBPgjLnzzXhn5pE1XTgKBZPtc0LG3s3Q3rinOMYDorTRYhFLz5Dft%2FJCEianGoUn739mvxP1q1NpYKpUpJR3aHILGTYUcTw3xol98PlRykUw9SttYtSQP1iEkJYxCRHjfu2i6mZDxSb2CwzBshw%2Ft0R9LQJvN%2BGgxLhzX%2FY%3D	LIVE	LEO DE VRIES SIGNED BASEBALL ATHLETICS 2025 MLB FUTURES GAME AUTOGRAPH AUTO A'S	{"title":"LEO DE VRIES SIGNED BASEBALL ATHLETICS 2025 MLB FUTURES GAME AUTOGRAPH AUTO A'S","preliminaryScopeStatus":"DISCOVERY_SCOPE_PASS","queryFamilyIds":["signed-baseball.leo-de-vries"],"preliminaryRisks":[]}	{"status":"UNVERIFIED","verification":"native-browse-title-and-marketplace-images-only","frontVerified":false,"backVerified":false}	preliminary|3ed45c5c1de3c5cef5	ebay|jkpecollectibles|v1|178317200133|0	https://i.ebayimg.com/images/g/dNoAAeSwxhdqWWOs/s-l225.jpg	https://i.ebayimg.com/images/g/dNoAAeSwxhdqWWOs/s-l640.jpg	FALSE	FALSE	FALSE	FALSE	{}											UNASSESSED	[]	139.99	0																	INSUFFICIENT																	MANUAL REVIEW / UNPRICED	FALSE	FALSE	["exact_parallel_or_variation_not_verified","front_and_back_identity_not_verified","full_delivered_acquisition_cost_not_proven","identical_completed_sales_not_loaded","instacomp_exact_market_not_completed","owned_copy_exclusion_not_proven"]	{"endpoints":["signed_baseballs"],"candidateId":"ebay:v1|178317200133|0","listingItemId":"v1|178317200133|0","queryFamilyIds":["signed-baseball.leo-de-vries"],"buyingOptions":["FIXED_PRICE","BEST_OFFER"],"condition":null,"itemCreationDate":"2026-07-16T23:06:50.000Z","itemEndDate":null,"imageUrls":["https://i.ebayimg.com/images/g/dNoAAeSwxhdqWWOs/s-l225.jpg","https://i.ebayimg.com/images/g/dNoAAeSwxhdqWWOs/s-l640.jpg"],"preliminaryScopeStatus":"DISCOVERY_SCOPE_PASS","preliminaryRisks":[]}
cand-s4-ebay-0c8263ffed100f1932	dh-20260730T170046Z-7d4c2a91	4	2026-07-30T17:05:44.524826+00:00	SIGNED PROSPECT BASEBALLS / signed_prospect_baseball	Leo De Vries	signed_prospect_baseball	eBay	futurestars		v1|285772858852|0	https://www.ebay.com/itm/285772858852?_skw=Leo+De+Vries+signed+baseball+autograph&hash=item428963c5e4%3Ag%3AXNEAAOSwl11l-Ph%7E	LIVE	LEO DE VRIES Auto Autographed Signed Major League Baseball OMLB  JSA	{"title":"LEO DE VRIES Auto Autographed Signed Major League Baseball OMLB  JSA","preliminaryScopeStatus":"DISCOVERY_SCOPE_PASS","queryFamilyIds":["signed-baseball.leo-de-vries"],"preliminaryRisks":[]}	{"status":"UNVERIFIED","verification":"native-browse-title-and-marketplace-images-only","frontVerified":false,"backVerified":false}	preliminary|0c8263ffed100f1932	ebay|futurestars|v1|285772858852|0	https://i.ebayimg.com/images/g/XNEAAOSwl11l-Ph~/s-l225.jpg	https://i.ebayimg.com/images/g/XNEAAOSwl11l-Ph~/s-l1600.jpg	FALSE	FALSE	FALSE	FALSE	{}											UNASSESSED	[]	124.99	9																	INSUFFICIENT																	MANUAL REVIEW / UNPRICED	FALSE	FALSE	["exact_parallel_or_variation_not_verified","front_and_back_identity_not_verified","full_delivered_acquisition_cost_not_proven","identical_completed_sales_not_loaded","instacomp_exact_market_not_completed","owned_copy_exclusion_not_proven"]	{"endpoints":["signed_baseballs"],"candidateId":"ebay:v1|285772858852|0","listingItemId":"v1|285772858852|0","queryFamilyIds":["signed-baseball.leo-de-vries"],"buyingOptions":["FIXED_PRICE","BEST_OFFER"],"condition":null,"itemCreationDate":"2024-03-19T02:32:09.000Z","itemEndDate":null,"imageUrls":["https://i.ebayimg.com/images/g/XNEAAOSwl11l-Ph~/s-l225.jpg","https://i.ebayimg.com/images/g/XNEAAOSwl11l-Ph~/s-l1600.jpg"],"preliminaryScopeStatus":"DISCOVERY_SCOPE_PASS","preliminaryRisks":[]}
cand-s4-ebay-126ec9adeed9faab09	dh-20260730T170046Z-7d4c2a91	4	2026-07-30T17:05:44.524826+00:00	SIGNED PROSPECT BASEBALLS / signed_prospect_baseball	Leo De Vries	signed_prospect_baseball	eBay	fitgcollectibles		v1|318639980452|0	https://www.ebay.com/itm/318639980452?_skw=Leo+De+Vries+signed+baseball+autograph&hash=item4a306c3fa4%3Ag%3AwZEAAeSwan9qZtvV	LIVE	Leo De Vries Signed Official Rawlings MLB Baseball Auto MLB Authentic Athletics	{"title":"Leo De Vries Signed Official Rawlings MLB Baseball Auto MLB Authentic Athletics","preliminaryScopeStatus":"DISCOVERY_SCOPE_PASS","queryFamilyIds":["signed-baseball.leo-de-vries"],"preliminaryRisks":[]}	{"status":"UNVERIFIED","verification":"native-browse-title-and-marketplace-images-only","frontVerified":false,"backVerified":false}	preliminary|126ec9adeed9faab09	ebay|fitgcollectibles|v1|318639980452|0	https://i.ebayimg.com/images/g/wZEAAeSwan9qZtvV/s-l225.jpg	https://i.ebayimg.com/images/g/wZEAAeSwan9qZtvV/s-l1600.jpg	FALSE	FALSE	FALSE	FALSE	{}											UNASSESSED	[]	125	10																	INSUFFICIENT																	MANUAL REVIEW / UNPRICED	FALSE	FALSE	["exact_parallel_or_variation_not_verified","front_and_back_identity_not_verified","full_delivered_acquisition_cost_not_proven","identical_completed_sales_not_loaded","instacomp_exact_market_not_completed","owned_copy_exclusion_not_proven"]	{"endpoints":["signed_baseballs"],"candidateId":"ebay:v1|318639980452|0","listingItemId":"v1|318639980452|0","queryFamilyIds":["signed-baseball.leo-de-vries"],"buyingOptions":["FIXED_PRICE"],"condition":null,"itemCreationDate":"2026-07-27T04:22:47.000Z","itemEndDate":null,"imageUrls":["https://i.ebayimg.com/images/g/wZEAAeSwan9qZtvV/s-l225.jpg","https://i.ebayimg.com/images/g/wZEAAeSwan9qZtvV/s-l1600.jpg"],"preliminaryScopeStatus":"DISCOVERY_SCOPE_PASS","preliminaryRisks":[]}
cand-s4-ebay-450c0e48a3a82a5b3f	dh-20260730T170046Z-7d4c2a91	4	2026-07-30T17:05:44.524826+00:00	SIGNED PROSPECT BASEBALLS / signed_prospect_baseball	Leo De Vries	signed_prospect_baseball	eBay	cardtrader_91		v1|377359423949|0	https://www.ebay.com/itm/377359423949?_skw=Leo+De+Vries+signed+baseball+autograph&hash=item57dc5fd9cd%3Ag%3AlPIAAeSwAxtp949b	LIVE	LEO DE VRIES Auto Autographed Signed Major League Baseball OMLB  BECKETT CERT	{"title":"LEO DE VRIES Auto Autographed Signed Major League Baseball OMLB  BECKETT CERT","preliminaryScopeStatus":"DISCOVERY_SCOPE_PASS","queryFamilyIds":["signed-baseball.leo-de-vries"],"preliminaryRisks":[]}	{"status":"UNVERIFIED","verification":"native-browse-title-and-marketplace-images-only","frontVerified":false,"backVerified":false}	preliminary|450c0e48a3a82a5b3f	ebay|cardtrader_91|v1|377359423949|0	https://i.ebayimg.com/images/g/lPIAAeSwAxtp949b/s-l225.jpg	https://i.ebayimg.com/images/g/lPIAAeSwAxtp949b/s-l1600.jpg	FALSE	FALSE	FALSE	FALSE	{}											UNASSESSED	[]	64.99	0																	INSUFFICIENT																	MANUAL REVIEW / UNPRICED	FALSE	FALSE	["exact_parallel_or_variation_not_verified","front_and_back_identity_not_verified","full_delivered_acquisition_cost_not_proven","identical_completed_sales_not_loaded","instacomp_exact_market_not_completed","owned_copy_exclusion_not_proven"]	{"endpoints":["signed_baseballs"],"candidateId":"ebay:v1|377359423949|0","listingItemId":"v1|377359423949|0","queryFamilyIds":["signed-baseball.leo-de-vries"],"buyingOptions":["FIXED_PRICE","BEST_OFFER"],"condition":null,"itemCreationDate":"2026-07-21T15:29:54.000Z","itemEndDate":null,"imageUrls":["https://i.ebayimg.com/images/g/lPIAAeSwAxtp949b/s-l225.jpg","https://i.ebayimg.com/images/g/lPIAAeSwAxtp949b/s-l1600.jpg"],"preliminaryScopeStatus":"DISCOVERY_SCOPE_PASS","preliminaryRisks":[]}
cand-s4-ebay-479deabfbb0622f6d2	dh-20260730T170046Z-7d4c2a91	4	2026-07-30T17:05:44.524826+00:00	SIGNED PROSPECT BASEBALLS / signed_prospect_baseball	Leo De Vries	signed_prospect_baseball	eBay	mdeshet		v1|389242308109|0	https://www.ebay.com/itm/389242308109?_skw=Leo+De+Vries+signed+baseball+autograph&hash=item5aa0a6460d%3Ag%3AilQAAeSwKStpGkeJ	LIVE	Leo De Vries autograph signed 2024 1ST Bowman Chrome baseball card PSA b A's!	{"title":"Leo De Vries autograph signed 2024 1ST Bowman Chrome baseball card PSA b A's!","preliminaryScopeStatus":"DISCOVERY_SCOPE_PASS","queryFamilyIds":["signed-baseball.leo-de-vries"],"preliminaryRisks":[]}	{"status":"UNVERIFIED","verification":"native-browse-title-and-marketplace-images-only","frontVerified":false,"backVerified":false}	preliminary|479deabfbb0622f6d2	ebay|mdeshet|v1|389242308109|0	https://i.ebayimg.com/images/g/ilQAAeSwKStpGkeJ/s-l225.jpg	https://i.ebayimg.com/images/g/ilQAAeSwKStpGkeJ/s-l1600.jpg	FALSE	FALSE	FALSE	FALSE	{}											UNASSESSED	[]	184.99	3																	INSUFFICIENT																	MANUAL REVIEW / UNPRICED	FALSE	FALSE	["exact_parallel_or_variation_not_verified","front_and_back_identity_not_verified","full_delivered_acquisition_cost_not_proven","identical_completed_sales_not_loaded","instacomp_exact_market_not_completed","owned_copy_exclusion_not_proven"]	{"endpoints":["signed_baseballs"],"candidateId":"ebay:v1|389242308109|0","listingItemId":"v1|389242308109|0","queryFamilyIds":["signed-baseball.leo-de-vries"],"buyingOptions":["FIXED_PRICE","BEST_OFFER"],"condition":"Ungraded","itemCreationDate":"2025-11-16T21:52:21.000Z","itemEndDate":null,"imageUrls":["https://i.ebayimg.com/images/g/ilQAAeSwKStpGkeJ/s-l225.jpg","https://i.ebayimg.com/images/g/ilQAAeSwKStpGkeJ/s-l1600.jpg"],"preliminaryScopeStatus":"DISCOVERY_SCOPE_PASS","preliminaryRisks":[]}
cand-s4-ebay-5b8e4074c7df1a97cb	dh-20260730T170046Z-7d4c2a91	4	2026-07-30T17:05:44.524826+00:00	SIGNED PROSPECT BASEBALLS / signed_prospect_baseball	Leo De Vries	signed_prospect_baseball	eBay	sdvintagesportscards		v1|397147218202|0	https://www.ebay.com/itm/397147218202?_skw=Leo+De+Vries+signed+baseball+autograph&hash=item5c77d1a11a%3Ag%3AEywAAeSwlnto6ryC	LIVE	Leo de Vries autographed baseball - Official Signed MLB Ball	{"title":"Leo de Vries autographed baseball - Official Signed MLB Ball","preliminaryScopeStatus":"DISCOVERY_SCOPE_PASS","queryFamilyIds":["signed-baseball.leo-de-vries"],"preliminaryRisks":[]}	{"status":"UNVERIFIED","verification":"native-browse-title-and-marketplace-images-only","frontVerified":false,"backVerified":false}	preliminary|5b8e4074c7df1a97cb	ebay|sdvintagesportscards|v1|397147218202|0	https://i.ebayimg.com/images/g/EywAAeSwlnto6ryC/s-l225.jpg	https://i.ebayimg.com/images/g/EywAAeSwlnto6ryC/s-l1600.jpg	FALSE	FALSE	FALSE	FALSE	{}											UNASSESSED	[]	80	8																	INSUFFICIENT																	MANUAL REVIEW / UNPRICED	FALSE	FALSE	["exact_parallel_or_variation_not_verified","front_and_back_identity_not_verified","full_delivered_acquisition_cost_not_proven","identical_completed_sales_not_loaded","instacomp_exact_market_not_completed","owned_copy_exclusion_not_proven"]	{"endpoints":["signed_baseballs"],"candidateId":"ebay:v1|397147218202|0","listingItemId":"v1|397147218202|0","queryFamilyIds":["signed-baseball.leo-de-vries"],"buyingOptions":["FIXED_PRICE"],"condition":null,"itemCreationDate":"2025-10-11T20:26:20.000Z","itemEndDate":null,"imageUrls":["https://i.ebayimg.com/images/g/EywAAeSwlnto6ryC/s-l225.jpg","https://i.ebayimg.com/images/g/EywAAeSwlnto6ryC/s-l1600.jpg"],"preliminaryScopeStatus":"DISCOVERY_SCOPE_PASS","preliminaryRisks":[]}
cand-s4-ebay-61adb91dc55c818ec7	dh-20260730T170046Z-7d4c2a91	4	2026-07-30T17:05:44.524826+00:00	SIGNED PROSPECT BASEBALLS / signed_prospect_baseball	Leo De Vries	signed_prospect_baseball	eBay	freakyflips34		v1|397821940922|0	https://www.ebay.com/itm/397821940922?_skw=Leo+De+Vries+signed+baseball+autograph&hash=item5ca00914ba%3Ag%3AQdAAAeSwnxZp2BkN&amdata=enc%3AAQALAAABAACCtXRWQnOEpyOqnQQ8KGYNQNr6Eyzx3UC0mtlqBEctVe8CChmsGB7%2BYsq%2BmnndPBvMVd2P%2Fm7O0Y%2F6UFZiG8qePls5GQzdiNtW0A4gvXPZpACViOgqByrWDGC7i6dgQJn9lWcCrk9uSujosobP4DB3nJ6W9N6CuUz3GBHDbNCyOTLrqKsVwf8B1iOsnSO%2FYvDxar4f5QZ6ncHG%2F9ZI1bCEPPoqbfzx4Y8%2BE72zywLBdYNhUcWuiH6AO1N1PlkJXU77eempqDNLaO0qbzr2FdwNwZdn%2FZsnsuTErZY9bhZhMA%2FubNEMfwtoRZ4QdADkhncweZWULkfvIo5ivYw8uB4%3D	LIVE	Leo de Vries Signed Athletics Full Size Yellow Helmet Top Prospect Autograph JSA	{"title":"Leo de Vries Signed Athletics Full Size Yellow Helmet Top Prospect Autograph JSA","preliminaryScopeStatus":"DISCOVERY_SCOPE_PASS","queryFamilyIds":["signed-baseball.leo-de-vries"],"preliminaryRisks":[]}	{"status":"UNVERIFIED","verification":"native-browse-title-and-marketplace-images-only","frontVerified":false,"backVerified":false}	preliminary|61adb91dc55c818ec7	ebay|freakyflips34|v1|397821940922|0	https://i.ebayimg.com/images/g/QdAAAeSwnxZp2BkN/s-l225.jpg	https://i.ebayimg.com/images/g/QdAAAeSwnxZp2BkN/s-l1600.jpg	FALSE	FALSE	FALSE	FALSE	{}											UNASSESSED	[]	299.99																		INSUFFICIENT																	MANUAL REVIEW / UNPRICED	FALSE	FALSE	["exact_parallel_or_variation_not_verified","front_and_back_identity_not_verified","full_delivered_acquisition_cost_not_proven","identical_completed_sales_not_loaded","instacomp_exact_market_not_completed","owned_copy_exclusion_not_proven"]	{"endpoints":["signed_baseballs"],"candidateId":"ebay:v1|397821940922|0","listingItemId":"v1|397821940922|0","queryFamilyIds":["signed-baseball.leo-de-vries"],"buyingOptions":["FIXED_PRICE","BEST_OFFER"],"condition":null,"itemCreationDate":"2026-04-09T21:25:31.000Z","itemEndDate":null,"imageUrls":["https://i.ebayimg.com/images/g/QdAAAeSwnxZp2BkN/s-l225.jpg","https://i.ebayimg.com/images/g/QdAAAeSwnxZp2BkN/s-l1600.jpg"],"preliminaryScopeStatus":"DISCOVERY_SCOPE_PASS","preliminaryRisks":[]}
cand-s4-ebay-45073f30bfe808747d	dh-20260730T170046Z-7d4c2a91	4	2026-07-30T17:05:44.524826+00:00	SIGNED PROSPECT BASEBALLS / signed_prospect_baseball	Leo De Vries	signed_prospect_baseball	eBay	freakyflips34		v1|397885849861|0	https://www.ebay.com/itm/397885849861?_skw=Leo+De+Vries+signed+baseball+autograph&hash=item5ca3d84105%3Ag%3AcoMAAeSwph5p78As&amdata=enc%3AAQALAAABAACCtXRWQnOEpyOqnQQ8KGZMAgtSkwIQAOFKYPtJvMrTwCJygda%2BrX%2BbqhWYAEVe3HXj0TPCkWbT%2BRMmqtFYjBLL7aI4enJ7CsoxtPt8sMGKRTmPAfPeushz%2FKBuObiEc7F7C956%2BBR24cNhD4K%2Bk3BhMay8NE1%2Fvj0kBFjiJRstzYTINuku38CCJhIjeKucNEzNTipqyOQCPiaZCHkW8HallIrVAY%2FRALPZGCdXmPtcJgvsSao800K1%2FP3zJTI7K6tXVpZSE1xFowtS%2BGgRcyuIVxqtUAdb7n5Zv1PFcyqoYW64iAv0x%2FWNHe4Px56pgoqqJCM9d8VpzlMmgDnBY30%3D	LIVE	Leo de Vries Signed GAME USED Bat Atheltics Prospect Autograph PSA COA	{"title":"Leo de Vries Signed GAME USED Bat Atheltics Prospect Autograph PSA COA","preliminaryScopeStatus":"DISCOVERY_SCOPE_PASS","queryFamilyIds":["signed-baseball.leo-de-vries"],"preliminaryRisks":[]}	{"status":"UNVERIFIED","verification":"native-browse-title-and-marketplace-images-only","frontVerified":false,"backVerified":false}	preliminary|45073f30bfe808747d	ebay|freakyflips34|v1|397885849861|0	https://i.ebayimg.com/images/g/coMAAeSwph5p78As/s-l225.jpg	https://i.ebayimg.com/images/g/coMAAeSwph5p78As/s-l1600.jpg	FALSE	FALSE	FALSE	FALSE	{}											UNASSESSED	[]	499.99																		INSUFFICIENT																	MANUAL REVIEW / UNPRICED	FALSE	FALSE	["exact_parallel_or_variation_not_verified","front_and_back_identity_not_verified","full_delivered_acquisition_cost_not_proven","identical_completed_sales_not_loaded","instacomp_exact_market_not_completed","owned_copy_exclusion_not_proven"]	{"endpoints":["signed_baseballs"],"candidateId":"ebay:v1|397885849861|0","listingItemId":"v1|397885849861|0","queryFamilyIds":["signed-baseball.leo-de-vries"],"buyingOptions":["FIXED_PRICE","BEST_OFFER"],"condition":null,"itemCreationDate":"2026-04-27T20:00:02.000Z","itemEndDate":null,"imageUrls":["https://i.ebayimg.com/images/g/coMAAeSwph5p78As/s-l225.jpg","https://i.ebayimg.com/images/g/coMAAeSwph5p78As/s-l1600.jpg"],"preliminaryScopeStatus":"DISCOVERY_SCOPE_PASS","preliminaryRisks":[]}
cand-s4-ebay-d60ba1ff5cf486d1e8	dh-20260730T170046Z-7d4c2a91	4	2026-07-30T17:05:44.524826+00:00	SIGNED PROSPECT BASEBALLS / signed_prospect_baseball	Leo De Vries	signed_prospect_baseball	eBay	jerseystore2000		v1|406937390239|0	https://www.ebay.com/itm/406937390239?_skw=Leo+De+Vries+signed+baseball+autograph&hash=item5ebf5bcc9f%3Ag%3A-osAAeSwIDhqDKdy	LIVE	Athletics LEO DE VRIES Signed MLB Baseball Auto Autograph FANATICS Coa	{"title":"Athletics LEO DE VRIES Signed MLB Baseball Auto Autograph FANATICS Coa","preliminaryScopeStatus":"DISCOVERY_SCOPE_PASS","queryFamilyIds":["signed-baseball.leo-de-vries"],"preliminaryRisks":[]}	{"status":"UNVERIFIED","verification":"native-browse-title-and-marketplace-images-only","frontVerified":false,"backVerified":false}	preliminary|d60ba1ff5cf486d1e8	ebay|jerseystore2000|v1|406937390239|0	https://i.ebayimg.com/images/g/-osAAeSwIDhqDKdy/s-l225.jpg	https://i.ebayimg.com/images/g/-osAAeSwIDhqDKdy/s-l1600.jpg	FALSE	FALSE	FALSE	FALSE	{}											UNASSESSED	[]	179.99	4.99																	INSUFFICIENT																	MANUAL REVIEW / UNPRICED	FALSE	FALSE	["exact_parallel_or_variation_not_verified","front_and_back_identity_not_verified","full_delivered_acquisition_cost_not_proven","identical_completed_sales_not_loaded","instacomp_exact_market_not_completed","owned_copy_exclusion_not_proven"]	{"endpoints":["signed_baseballs"],"candidateId":"ebay:v1|406937390239|0","listingItemId":"v1|406937390239|0","queryFamilyIds":["signed-baseball.leo-de-vries"],"buyingOptions":["FIXED_PRICE"],"condition":null,"itemCreationDate":"2026-05-19T18:11:40.000Z","itemEndDate":null,"imageUrls":["https://i.ebayimg.com/images/g/-osAAeSwIDhqDKdy/s-l225.jpg","https://i.ebayimg.com/images/g/-osAAeSwIDhqDKdy/s-l1600.jpg"],"preliminaryScopeStatus":"DISCOVERY_SCOPE_PASS","preliminaryRisks":[]}
cand-s4-ebay-4a7bb4766ce935a06f	dh-20260730T170046Z-7d4c2a91	4	2026-07-30T17:05:44.524826+00:00	WNBA / autograph_memorabilia	Caitlin Clark	professional_wnba_rookie_autograph_memorabilia	eBay	chiwsox2005		v1|116734274075|0	https://www.ebay.com/itm/116734274075?_skw=Caitlin+Clark+WNBA+rookie+autograph+auto+patch+memorabilia&hash=item1b2de7aa1b%3Ag%3ApCMAAeSwx5JonVFx	LIVE	2024-25 WNBA Rookie Royalty Immaculate CAITLIN CLARK Patch Auto True RPA #33/99	{"title":"2024-25 WNBA Rookie Royalty Immaculate CAITLIN CLARK Patch Auto True RPA #33/99","preliminaryScopeStatus":"DISCOVERY_SCOPE_PASS","queryFamilyIds":["wnba.caitlin-clark.autograph-memorabilia"],"preliminaryRisks":[]}	{"status":"UNVERIFIED","verification":"native-browse-title-and-marketplace-images-only","frontVerified":false,"backVerified":false}	preliminary|4a7bb4766ce935a06f	ebay|chiwsox2005|v1|116734274075|0	https://i.ebayimg.com/images/g/pCMAAeSwx5JonVFx/s-l225.jpg	https://i.ebayimg.com/images/g/pCMAAeSwx5JonVFx/s-l1600.jpg	FALSE	FALSE	FALSE	FALSE	{}											UNASSESSED	[]	7395	0																	INSUFFICIENT																	MANUAL REVIEW / UNPRICED	FALSE	FALSE	["exact_parallel_or_variation_not_verified","front_and_back_identity_not_verified","full_delivered_acquisition_cost_not_proven","identical_completed_sales_not_loaded","instacomp_exact_market_not_completed","owned_copy_exclusion_not_proven"]	{"endpoints":["wnba"],"candidateId":"ebay:v1|116734274075|0","listingItemId":"v1|116734274075|0","queryFamilyIds":["wnba.caitlin-clark.autograph-memorabilia"],"buyingOptions":["FIXED_PRICE","BEST_OFFER"],"condition":"Ungraded","itemCreationDate":"2025-08-14T03:05:36.000Z","itemEndDate":null,"imageUrls":["https://i.ebayimg.com/images/g/pCMAAeSwx5JonVFx/s-l225.jpg","https://i.ebayimg.com/images/g/pCMAAeSwx5JonVFx/s-l1600.jpg"],"preliminaryScopeStatus":"DISCOVERY_SCOPE_PASS","preliminaryRisks":[]}
cand-s4-ebay-af389e9c1de1adcea5	dh-20260730T170046Z-7d4c2a91	4	2026-07-30T17:05:44.524826+00:00	WNBA / broad_professional_rookies	Caitlin Clark	professional_wnba_rookie_card	eBay	fairway_sports_cards		v1|117320204514|0	https://www.ebay.com/itm/117320204514?_skw=Caitlin+Clark+Indiana+Fever+WNBA+rookie+card&hash=item1b50d440e2%3Ag%3A2JsAAeSwLuxqY4SA	LIVE	2024 Prizm WNBA Caitlin Clark #22 Orange Ice Rookie RC PSA 9 - Indiana Fever	{"title":"2024 Prizm WNBA Caitlin Clark #22 Orange Ice Rookie RC PSA 9 - Indiana Fever","preliminaryScopeStatus":"DISCOVERY_SCOPE_PASS","queryFamilyIds":["wnba.caitlin-clark.broad-professional-rookies"],"preliminaryRisks":[]}	{"status":"UNVERIFIED","verification":"native-browse-title-and-marketplace-images-only","frontVerified":false,"backVerified":false}	preliminary|af389e9c1de1adcea5	ebay|fairway_sports_cards|v1|117320204514|0	https://i.ebayimg.com/images/g/2JsAAeSwLuxqY4SA/s-l225.jpg	https://i.ebayimg.com/images/g/2JsAAeSwLuxqY4SA/s-l960.jpg	FALSE	FALSE	FALSE	FALSE	{}											UNASSESSED	[]	119.95	6.5																	INSUFFICIENT																	MANUAL REVIEW / UNPRICED	FALSE	FALSE	["exact_parallel_or_variation_not_verified","front_and_back_identity_not_verified","full_delivered_acquisition_cost_not_proven","identical_completed_sales_not_loaded","instacomp_exact_market_not_completed","owned_copy_exclusion_not_proven"]	{"endpoints":["wnba"],"candidateId":"ebay:v1|117320204514|0","listingItemId":"v1|117320204514|0","queryFamilyIds":["wnba.caitlin-clark.broad-professional-rookies"],"buyingOptions":["FIXED_PRICE","BEST_OFFER"],"condition":"Graded","itemCreationDate":"2026-07-24T15:29:21.000Z","itemEndDate":null,"imageUrls":["https://i.ebayimg.com/images/g/2JsAAeSwLuxqY4SA/s-l225.jpg","https://i.ebayimg.com/images/g/2JsAAeSwLuxqY4SA/s-l960.jpg"],"preliminaryScopeStatus":"DISCOVERY_SCOPE_PASS","preliminaryRisks":[]}
cand-s4-ebay-928ab4a956f9292716	dh-20260730T170046Z-7d4c2a91	4	2026-07-30T17:05:44.524826+00:00	WNBA / broad_professional_rookies	Caitlin Clark	professional_wnba_rookie_card	eBay	creativeimages68		v1|127981624206|0	https://www.ebay.com/itm/127981624206?_skw=Caitlin+Clark+Indiana+Fever+WNBA+rookie+card&hash=item1dcc4c9b8e%3Ag%3AKIcAAeSwcUpqW4YY	LIVE	Caitlin Clark Rookie WNBA 4x6 Indiana Fever 45 points 10 assists 7/17/26	{"title":"Caitlin Clark Rookie WNBA 4x6 Indiana Fever 45 points 10 assists 7/17/26","preliminaryScopeStatus":"DISCOVERY_SCOPE_PASS","queryFamilyIds":["wnba.caitlin-clark.broad-professional-rookies"],"preliminaryRisks":[]}	{"status":"UNVERIFIED","verification":"native-browse-title-and-marketplace-images-only","frontVerified":false,"backVerified":false}	preliminary|928ab4a956f9292716	ebay|creativeimages68|v1|127981624206|0	https://i.ebayimg.com/images/g/KIcAAeSwcUpqW4YY/s-l225.jpg	https://i.ebayimg.com/images/g/KIcAAeSwcUpqW4YY/s-l1600.jpg	FALSE	FALSE	FALSE	FALSE	{}											UNASSESSED	[]	3.79																		INSUFFICIENT																	MANUAL REVIEW / UNPRICED	FALSE	FALSE	["exact_parallel_or_variation_not_verified","front_and_back_identity_not_verified","full_delivered_acquisition_cost_not_proven","identical_completed_sales_not_loaded","instacomp_exact_market_not_completed","owned_copy_exclusion_not_proven"]	{"endpoints":["wnba"],"candidateId":"ebay:v1|127981624206|0","listingItemId":"v1|127981624206|0","queryFamilyIds":["wnba.caitlin-clark.broad-professional-rookies"],"buyingOptions":["FIXED_PRICE"],"condition":"Ungraded","itemCreationDate":"2026-07-18T13:58:15.000Z","itemEndDate":null,"imageUrls":["https://i.ebayimg.com/images/g/KIcAAeSwcUpqW4YY/s-l225.jpg","https://i.ebayimg.com/images/g/KIcAAeSwcUpqW4YY/s-l1600.jpg"],"preliminaryScopeStatus":"DISCOVERY_SCOPE_PASS","preliminaryRisks":[]}
cand-s4-ebay-946e9d459badab6d86	dh-20260730T170046Z-7d4c2a91	4	2026-07-30T17:05:44.524826+00:00	WNBA / broad_professional_rookies	Caitlin Clark	professional_wnba_rookie_card	eBay	creativeimages68		v1|127982458731|0	https://www.ebay.com/itm/127982458731?_skw=Caitlin+Clark+Indiana+Fever+WNBA+rookie+card&hash=item1dcc59576b%3Ag%3AImgAAeSwP19qXC0W	LIVE	Caitlin Clark Rookie WNBA 4x6 Indiana Fever 45 points 10 assists 7/17/26	{"title":"Caitlin Clark Rookie WNBA 4x6 Indiana Fever 45 points 10 assists 7/17/26","preliminaryScopeStatus":"DISCOVERY_SCOPE_PASS","queryFamilyIds":["wnba.caitlin-clark.broad-professional-rookies"],"preliminaryRisks":[]}	{"status":"UNVERIFIED","verification":"native-browse-title-and-marketplace-images-only","frontVerified":false,"backVerified":false}	preliminary|946e9d459badab6d86	ebay|creativeimages68|v1|127982458731|0	https://i.ebayimg.com/images/g/ImgAAeSwP19qXC0W/s-l225.jpg	https://i.ebayimg.com/images/g/ImgAAeSwP19qXC0W/s-l1600.jpg	FALSE	FALSE	FALSE	FALSE	{}											UNASSESSED	[]	3.79																		INSUFFICIENT																	MANUAL REVIEW / UNPRICED	FALSE	FALSE	["exact_parallel_or_variation_not_verified","front_and_back_identity_not_verified","full_delivered_acquisition_cost_not_proven","identical_completed_sales_not_loaded","instacomp_exact_market_not_completed","owned_copy_exclusion_not_proven"]	{"endpoints":["wnba"],"candidateId":"ebay:v1|127982458731|0","listingItemId":"v1|127982458731|0","queryFamilyIds":["wnba.caitlin-clark.broad-professional-rookies"],"buyingOptions":["FIXED_PRICE"],"condition":"Ungraded","itemCreationDate":"2026-07-19T01:49:45.000Z","itemEndDate":null,"imageUrls":["https://i.ebayimg.com/images/g/ImgAAeSwP19qXC0W/s-l225.jpg","https://i.ebayimg.com/images/g/ImgAAeSwP19qXC0W/s-l1600.jpg"],"preliminaryScopeStatus":"DISCOVERY_SCOPE_PASS","preliminaryRisks":[]}
cand-s4-ebay-75c36ed1af453bfc3f	dh-20260730T170046Z-7d4c2a91	4	2026-07-30T17:05:44.524826+00:00	WNBA / broad_professional_rookies	Caitlin Clark	professional_wnba_rookie_card	eBay	creativeimages68		v1|127983262445|0	https://www.ebay.com/itm/127983262445?_skw=Caitlin+Clark+Indiana+Fever+WNBA+rookie+card&hash=item1dcc659aed%3Ag%3A49gAAeSwvA9qXNyy	LIVE	Caitlin Clark Rookie WNBA 4x6 Indiana Fever 45 points 10 assists 7/17/26	{"title":"Caitlin Clark Rookie WNBA 4x6 Indiana Fever 45 points 10 assists 7/17/26","preliminaryScopeStatus":"DISCOVERY_SCOPE_PASS","queryFamilyIds":["wnba.caitlin-clark.broad-professional-rookies"],"preliminaryRisks":[]}	{"status":"UNVERIFIED","verification":"native-browse-title-and-marketplace-images-only","frontVerified":false,"backVerified":false}	preliminary|75c36ed1af453bfc3f	ebay|creativeimages68|v1|127983262445|0	https://i.ebayimg.com/images/g/49gAAeSwvA9qXNyy/s-l225.jpg	https://i.ebayimg.com/images/g/49gAAeSwvA9qXNyy/s-l1600.jpg	FALSE	FALSE	FALSE	FALSE	{}											UNASSESSED	[]	3.79																		INSUFFICIENT																	MANUAL REVIEW / UNPRICED	FALSE	FALSE	["exact_parallel_or_variation_not_verified","front_and_back_identity_not_verified","full_delivered_acquisition_cost_not_proven","identical_completed_sales_not_loaded","instacomp_exact_market_not_completed","owned_copy_exclusion_not_proven"]	{"endpoints":["wnba"],"candidateId":"ebay:v1|127983262445|0","listingItemId":"v1|127983262445|0","queryFamilyIds":["wnba.caitlin-clark.broad-professional-rookies"],"buyingOptions":["FIXED_PRICE"],"condition":"Ungraded","itemCreationDate":"2026-07-19T14:18:40.000Z","itemEndDate":null,"imageUrls":["https://i.ebayimg.com/images/g/49gAAeSwvA9qXNyy/s-l225.jpg","https://i.ebayimg.com/images/g/49gAAeSwvA9qXNyy/s-l1600.jpg"],"preliminaryScopeStatus":"DISCOVERY_SCOPE_PASS","preliminaryRisks":[]}
cand-s4-ebay-c70c8783e79e3f8d99	dh-20260730T170046Z-7d4c2a91	4	2026-07-30T17:05:44.524826+00:00	WNBA / autograph_memorabilia	Caitlin Clark	professional_wnba_rookie_autograph_memorabilia	eBay	skolcards3		v1|137089680990|0	https://www.ebay.com/itm/137089680990?_skw=Caitlin+Clark+WNBA+rookie+autograph+auto+patch+memorabilia&hash=item1feb2e865e%3Ag%3AL0QAAeSwZo9pppcw	LIVE	2024 Select WNBA Caitlin Clark Purple /99 Rookie Auto Patch #AM-CC PSA 9	{"title":"2024 Select WNBA Caitlin Clark Purple /99 Rookie Auto Patch #AM-CC PSA 9","preliminaryScopeStatus":"DISCOVERY_SCOPE_PASS","queryFamilyIds":["wnba.caitlin-clark.autograph-memorabilia"],"preliminaryRisks":[]}	{"status":"UNVERIFIED","verification":"native-browse-title-and-marketplace-images-only","frontVerified":false,"backVerified":false}	preliminary|c70c8783e79e3f8d99	ebay|skolcards3|v1|137089680990|0	https://i.ebayimg.com/images/g/L0QAAeSwZo9pppcw/s-l225.jpg	https://i.ebayimg.com/images/g/L0QAAeSwZo9pppcw/s-l1600.jpg	FALSE	FALSE	FALSE	FALSE	{}											UNASSESSED	[]	3300	0																	INSUFFICIENT																	MANUAL REVIEW / UNPRICED	FALSE	FALSE	["exact_parallel_or_variation_not_verified","front_and_back_identity_not_verified","full_delivered_acquisition_cost_not_proven","identical_completed_sales_not_loaded","instacomp_exact_market_not_completed","owned_copy_exclusion_not_proven"]	{"endpoints":["wnba"],"candidateId":"ebay:v1|137089680990|0","listingItemId":"v1|137089680990|0","queryFamilyIds":["wnba.caitlin-clark.autograph-memorabilia"],"buyingOptions":["FIXED_PRICE","BEST_OFFER"],"condition":"Graded","itemCreationDate":"2026-03-03T08:13:35.000Z","itemEndDate":null,"imageUrls":["https://i.ebayimg.com/images/g/L0QAAeSwZo9pppcw/s-l225.jpg","https://i.ebayimg.com/images/g/L0QAAeSwZo9pppcw/s-l1600.jpg"],"preliminaryScopeStatus":"DISCOVERY_SCOPE_PASS","preliminaryRisks":[]}
cand-s4-ebay-5e7928a0aed1d51dcb	dh-20260730T170046Z-7d4c2a91	4	2026-07-30T17:05:44.524826+00:00	WNBA / autograph_memorabilia	Caitlin Clark	professional_wnba_rookie_autograph_memorabilia	eBay	omwvagabond		v1|137386549486|0	https://www.ebay.com/itm/137386549486?_skw=Caitlin+Clark+WNBA+rookie+autograph+auto+patch+memorabilia&hash=item1ffce060ee%3Ag%3AOqIAAeSwbtBqJKFu	LIVE	Caitlin Clark 2024 Panini Select WNBA  Autographed Memorabilia #AM-CC Gold Prizm	{"title":"Caitlin Clark 2024 Panini Select WNBA  Autographed Memorabilia #AM-CC Gold Prizm","preliminaryScopeStatus":"DISCOVERY_SCOPE_PASS","queryFamilyIds":["wnba.caitlin-clark.autograph-memorabilia"],"preliminaryRisks":[]}	{"status":"UNVERIFIED","verification":"native-browse-title-and-marketplace-images-only","frontVerified":false,"backVerified":false}	preliminary|5e7928a0aed1d51dcb	ebay|omwvagabond|v1|137386549486|0	https://i.ebayimg.com/images/g/OqIAAeSwbtBqJKFu/s-l225.jpg	https://i.ebayimg.com/images/g/OqIAAeSwbtBqJKFu/s-l1600.jpg	FALSE	FALSE	FALSE	FALSE	{}											UNASSESSED	[]	7500	0																	INSUFFICIENT																	MANUAL REVIEW / UNPRICED	FALSE	FALSE	["exact_parallel_or_variation_not_verified","front_and_back_identity_not_verified","full_delivered_acquisition_cost_not_proven","identical_completed_sales_not_loaded","instacomp_exact_market_not_completed","owned_copy_exclusion_not_proven"]	{"endpoints":["wnba"],"candidateId":"ebay:v1|137386549486|0","listingItemId":"v1|137386549486|0","queryFamilyIds":["wnba.caitlin-clark.autograph-memorabilia"],"buyingOptions":["FIXED_PRICE","BEST_OFFER"],"condition":"Graded","itemCreationDate":"2026-06-06T22:49:28.000Z","itemEndDate":null,"imageUrls":["https://i.ebayimg.com/images/g/OqIAAeSwbtBqJKFu/s-l225.jpg","https://i.ebayimg.com/images/g/OqIAAeSwbtBqJKFu/s-l1600.jpg"],"preliminaryScopeStatus":"DISCOVERY_SCOPE_PASS","preliminaryRisks":[]}
cand-s4-ebay-79ca7a807d91d7dc6e	dh-20260730T170046Z-7d4c2a91	4	2026-07-30T17:05:44.524826+00:00	WNBA / broad_professional_rookies	Caitlin Clark	professional_wnba_rookie_card	eBay	thehypebreakers		v1|158134627342|0	https://www.ebay.com/itm/158134627342?_skw=Caitlin+Clark+Indiana+Fever+WNBA+rookie+card&hash=item24d18eec0e%3Ag%3ANDsAAeSwhINqazaT&amdata=enc%3AAQALAAABEACCtXRWQnOEpyOqnQQ8KGZosBx%2F4wtQ8VkG9Wx%2B1bi7X4L4Wox3Cucx5zfoufal51Zqm6lKM2sZni4xohGCSegPIjIyubn0EpsWz2AIyVfzwRHnlQP8ZVdomy7m4xRIJlcnq9zjMr2tYhazEcbeWowr3OFV%2FXhv%2B%2BktNiShKJLCaw8HDFz2%2BLWZ%2BpJlToAtdtgUZYlwHLS77HmAwnQyz0576jsRzH4vN0edm7tFYPZcEA4eQrBxrR2kXdtsjFzTkdMw2B%2BrOHEvvytL77wxrYdeWY7OoSxL5z7MU27zz0cgaNBp2YkiCCzXQFfR7tjUuE3wIbG1R08TmgKeTgvNP8Yu6nvmQB%2B0K1L5MwRacZ2M	LIVE	CAITLIN CLARK Rookie 2024 PANINI INSTANT WNBA #247 Fever Start Hot  RC PSA 9	{"title":"CAITLIN CLARK Rookie 2024 PANINI INSTANT WNBA #247 Fever Start Hot  RC PSA 9","preliminaryScopeStatus":"IMAGE_OR_IDENTITY_REVIEW_REQUIRED","queryFamilyIds":["wnba.caitlin-clark.broad-professional-rookies"],"preliminaryRisks":["tier_not_proven_from_title_image_review_required"]}	{"status":"UNVERIFIED","verification":"native-browse-title-and-marketplace-images-only","frontVerified":false,"backVerified":false}	preliminary|79ca7a807d91d7dc6e	ebay|thehypebreakers|v1|158134627342|0	https://i.ebayimg.com/images/g/NDsAAeSwhINqazaT/s-l225.jpg	https://i.ebayimg.com/images/g/NDsAAeSwhINqazaT/s-l1600.jpg	FALSE	FALSE	FALSE	FALSE	{}											UNASSESSED	["tier_not_proven_from_title_image_review_required"]	29.99																		INSUFFICIENT																	MANUAL REVIEW / UNPRICED	FALSE	FALSE	["exact_parallel_or_variation_not_verified","front_and_back_identity_not_verified","full_delivered_acquisition_cost_not_proven","identical_completed_sales_not_loaded","instacomp_exact_market_not_completed","owned_copy_exclusion_not_proven","tier_not_proven_from_title_image_review_required"]	{"endpoints":["wnba"],"candidateId":"ebay:v1|158134627342|0","listingItemId":"v1|158134627342|0","queryFamilyIds":["wnba.caitlin-clark.broad-professional-rookies"],"buyingOptions":["FIXED_PRICE","BEST_OFFER"],"condition":"Graded","itemCreationDate":"2026-07-30T11:36:30.000Z","itemEndDate":null,"imageUrls":["https://i.ebayimg.com/images/g/NDsAAeSwhINqazaT/s-l225.jpg","https://i.ebayimg.com/images/g/NDsAAeSwhINqazaT/s-l1600.jpg"],"preliminaryScopeStatus":"IMAGE_OR_IDENTITY_REVIEW_REQUIRED","preliminaryRisks":["tier_not_proven_from_title_image_review_required"]}
cand-s4-ebay-59e913c89ee88cf9d4	dh-20260730T170046Z-7d4c2a91	4	2026-07-30T17:05:44.524826+00:00	WNBA / broad_professional_rookies	Caitlin Clark	professional_wnba_rookie_card	eBay	northstonereserve		v1|168575269515|0	https://www.ebay.com/itm/168575269515?_skw=Caitlin+Clark+Indiana+Fever+WNBA+rookie+card&hash=item273fde7a8b%3Ag%3AtkcAAeSw6Xlqaotc&amdata=enc%3AAQALAAABEACCtXRWQnOEpyOqnQQ8KGabVGxjLwJJFOOLJh6XXHitl6rdZkqgAZY0Ek5R%2F9K9w2cbUsjsPbQoIkK5CyHc82WXkzAOzFlqROGEFRe1bNSO3N2mRum4xvqouj0ZNavpYHzzxEPntlBOtzpvEFBXQQKsvy0xxhwe9kjcrsl1rHiIHvFOY4%2FnLAahakh08voiraT3t9yLseA7K2faNJ9outTRpnT1TGwTZL9U7YpAuuDmOMd1qi4NCu8FDCf54PI1mMKBnYu%2FMoS1CYMZrCNUtQk%2BHCNVhse1T4GAJHuCmLzDu7Ixpc%2BLrXGaUsXjYV9W3i4NhGIT%2FCNcUmIGNMqCi4V%2FmvGhJeGrPpuAcgTNjUJh	LIVE	Caitlin Clark RC Rookie #195 Panini Instant 2024 WNBA Indiana Fever Basketball	{"title":"Caitlin Clark RC Rookie #195 Panini Instant 2024 WNBA Indiana Fever Basketball","preliminaryScopeStatus":"IMAGE_OR_IDENTITY_REVIEW_REQUIRED","queryFamilyIds":["wnba.caitlin-clark.broad-professional-rookies"],"preliminaryRisks":["tier_not_proven_from_title_image_review_required"]}	{"status":"UNVERIFIED","verification":"native-browse-title-and-marketplace-images-only","frontVerified":false,"backVerified":false}	preliminary|59e913c89ee88cf9d4	ebay|northstonereserve|v1|168575269515|0	https://i.ebayimg.com/images/g/tkcAAeSw6Xlqaotc/s-l225.jpg	https://i.ebayimg.com/images/g/tkcAAeSw6Xlqaotc/s-l1600.jpg	FALSE	FALSE	FALSE	FALSE	{}											UNASSESSED	["tier_not_proven_from_title_image_review_required"]	69.99																		INSUFFICIENT																	MANUAL REVIEW / UNPRICED	FALSE	FALSE	["exact_parallel_or_variation_not_verified","front_and_back_identity_not_verified","full_delivered_acquisition_cost_not_proven","identical_completed_sales_not_loaded","instacomp_exact_market_not_completed","owned_copy_exclusion_not_proven","tier_not_proven_from_title_image_review_required"]	{"endpoints":["wnba"],"candidateId":"ebay:v1|168575269515|0","listingItemId":"v1|168575269515|0","queryFamilyIds":["wnba.caitlin-clark.broad-professional-rookies"],"buyingOptions":["FIXED_PRICE","BEST_OFFER"],"condition":"Ungraded","itemCreationDate":"2026-07-30T13:09:22.000Z","itemEndDate":null,"imageUrls":["https://i.ebayimg.com/images/g/tkcAAeSw6Xlqaotc/s-l225.jpg","https://i.ebayimg.com/images/g/tkcAAeSw6Xlqaotc/s-l1600.jpg"],"preliminaryScopeStatus":"IMAGE_OR_IDENTITY_REVIEW_REQUIRED","preliminaryRisks":["tier_not_proven_from_title_image_review_required"]}
cand-s4-ebay-85b3744e8ad1386479	dh-20260730T170046Z-7d4c2a91	4	2026-07-30T17:05:44.524826+00:00	WNBA / autograph_memorabilia	Caitlin Clark	professional_wnba_rookie_autograph_memorabilia	eBay	geezee_sports_cards		v1|187474527621|0	https://www.ebay.com/itm/187474527621?_skw=Caitlin+Clark+WNBA+rookie+autograph+auto+patch+memorabilia&hash=item2ba65a4585%3Ag%3Av4gAAeSwC6JolmQs	LIVE	2024 Select WNBA Caitlin Clark RC AUTO-PATCH Purple Prizm /99	{"title":"2024 Select WNBA Caitlin Clark RC AUTO-PATCH Purple Prizm /99","preliminaryScopeStatus":"DISCOVERY_SCOPE_PASS","queryFamilyIds":["wnba.caitlin-clark.autograph-memorabilia"],"preliminaryRisks":[]}	{"status":"UNVERIFIED","verification":"native-browse-title-and-marketplace-images-only","frontVerified":false,"backVerified":false}	preliminary|85b3744e8ad1386479	ebay|geezee_sports_cards|v1|187474527621|0	https://i.ebayimg.com/images/g/v4gAAeSwC6JolmQs/s-l225.jpg	https://i.ebayimg.com/images/g/v4gAAeSwC6JolmQs/s-l1600.jpg	FALSE	FALSE	FALSE	FALSE	{}											UNASSESSED	[]	2750																		INSUFFICIENT																	MANUAL REVIEW / UNPRICED	FALSE	FALSE	["exact_parallel_or_variation_not_verified","front_and_back_identity_not_verified","full_delivered_acquisition_cost_not_proven","identical_completed_sales_not_loaded","instacomp_exact_market_not_completed","owned_copy_exclusion_not_proven"]	{"endpoints":["wnba"],"candidateId":"ebay:v1|187474527621|0","listingItemId":"v1|187474527621|0","queryFamilyIds":["wnba.caitlin-clark.autograph-memorabilia"],"buyingOptions":["FIXED_PRICE","BEST_OFFER"],"condition":"Ungraded","itemCreationDate":"2025-08-08T20:57:24.000Z","itemEndDate":null,"imageUrls":["https://i.ebayimg.com/images/g/v4gAAeSwC6JolmQs/s-l225.jpg","https://i.ebayimg.com/images/g/v4gAAeSwC6JolmQs/s-l1600.jpg"],"preliminaryScopeStatus":"DISCOVERY_SCOPE_PASS","preliminaryRisks":[]}
cand-s4-ebay-5d034cbd3e9d4bed89	dh-20260730T170046Z-7d4c2a91	4	2026-07-30T17:05:44.524826+00:00	WNBA / broad_professional_rookies	Caitlin Clark	professional_wnba_rookie_card	eBay	nolifesportcards		v1|198532348250|0	https://www.ebay.com/itm/198532348250?_skw=Caitlin+Clark+Indiana+Fever+WNBA+rookie+card&hash=item2e3973395a%3Ag%3AV6AAAeSwsHRqZrwZ	LIVE	2024 Panini WNBA Prizm CAITLIN CLARK Cracked Ice Prizm Rookie RC Indiana Fever	{"title":"2024 Panini WNBA Prizm CAITLIN CLARK Cracked Ice Prizm Rookie RC Indiana Fever","preliminaryScopeStatus":"DISCOVERY_SCOPE_PASS","queryFamilyIds":["wnba.caitlin-clark.broad-professional-rookies"],"preliminaryRisks":[]}	{"status":"UNVERIFIED","verification":"native-browse-title-and-marketplace-images-only","frontVerified":false,"backVerified":false}	preliminary|5d034cbd3e9d4bed89	ebay|nolifesportcards|v1|198532348250|0	https://i.ebayimg.com/images/g/V6AAAeSwsHRqZrwZ/s-l225.jpg	https://i.ebayimg.com/images/g/V6AAAeSwsHRqZrwZ/s-l1600.jpg	FALSE	FALSE	FALSE	FALSE	{}											UNASSESSED	[]	65																		INSUFFICIENT																	MANUAL REVIEW / UNPRICED	FALSE	FALSE	["exact_parallel_or_variation_not_verified","front_and_back_identity_not_verified","full_delivered_acquisition_cost_not_proven","identical_completed_sales_not_loaded","instacomp_exact_market_not_completed","owned_copy_exclusion_not_proven"]	{"endpoints":["wnba"],"candidateId":"ebay:v1|198532348250|0","listingItemId":"v1|198532348250|0","queryFamilyIds":["wnba.caitlin-clark.broad-professional-rookies"],"buyingOptions":["FIXED_PRICE","BEST_OFFER"],"condition":"Ungraded","itemCreationDate":"2026-07-29T08:48:42.000Z","itemEndDate":null,"imageUrls":["https://i.ebayimg.com/images/g/V6AAAeSwsHRqZrwZ/s-l225.jpg","https://i.ebayimg.com/images/g/V6AAAeSwsHRqZrwZ/s-l1600.jpg"],"preliminaryScopeStatus":"DISCOVERY_SCOPE_PASS","preliminaryRisks":[]}
cand-s4-ebay-b7596fc96ae92dfa89	dh-20260730T170046Z-7d4c2a91	4	2026-07-30T17:05:44.524826+00:00	WNBA / autograph_memorabilia	Caitlin Clark	professional_wnba_rookie_autograph_memorabilia	eBay	glittergraphs		v1|205860762241|0	https://www.ebay.com/itm/205860762241?_skw=Caitlin+Clark+WNBA+rookie+autograph+auto+patch+memorabilia&hash=item2fee41f281%3Ag%3Aur8AAeSwcEtpHpOa	LIVE	CAITLIN CLARK SIGNED 2024 ORIGINS WNBA ROOKIE ART NOUVEAU PATCH RC PSA AUTO	{"title":"CAITLIN CLARK SIGNED 2024 ORIGINS WNBA ROOKIE ART NOUVEAU PATCH RC PSA AUTO","preliminaryScopeStatus":"DISCOVERY_SCOPE_PASS","queryFamilyIds":["wnba.caitlin-clark.autograph-memorabilia"],"preliminaryRisks":[]}	{"status":"UNVERIFIED","verification":"native-browse-title-and-marketplace-images-only","frontVerified":false,"backVerified":false}	preliminary|b7596fc96ae92dfa89	ebay|glittergraphs|v1|205860762241|0	https://i.ebayimg.com/images/g/ur8AAeSwcEtpHpOa/s-l225.jpg	https://i.ebayimg.com/images/g/ur8AAeSwcEtpHpOa/s-l1600.jpg	FALSE	FALSE	FALSE	FALSE	{}											UNASSESSED	[]	3599.99	0																	INSUFFICIENT																	MANUAL REVIEW / UNPRICED	FALSE	FALSE	["exact_parallel_or_variation_not_verified","front_and_back_identity_not_verified","full_delivered_acquisition_cost_not_proven","identical_completed_sales_not_loaded","instacomp_exact_market_not_completed","owned_copy_exclusion_not_proven"]	{"endpoints":["wnba"],"candidateId":"ebay:v1|205860762241|0","listingItemId":"v1|205860762241|0","queryFamilyIds":["wnba.caitlin-clark.autograph-memorabilia"],"buyingOptions":["FIXED_PRICE","BEST_OFFER"],"condition":"Graded","itemCreationDate":"2025-11-20T04:07:03.000Z","itemEndDate":null,"imageUrls":["https://i.ebayimg.com/images/g/ur8AAeSwcEtpHpOa/s-l225.jpg","https://i.ebayimg.com/images/g/ur8AAeSwcEtpHpOa/s-l1600.jpg"],"preliminaryScopeStatus":"DISCOVERY_SCOPE_PASS","preliminaryRisks":[]}
cand-s4-ebay-4a51186b99a0963684	dh-20260730T170046Z-7d4c2a91	4	2026-07-30T17:05:44.524826+00:00	WNBA / broad_professional_rookies	Caitlin Clark	professional_wnba_rookie_card	eBay	shophofsm		v1|267250610946|0	https://www.ebay.com/itm/267250610946?_skw=Caitlin+Clark+Indiana+Fever+WNBA+rookie+card&hash=item3e3960b302%3Ag%3AI2cAAOSwkg1oJN7U&amdata=enc%3AAQALAAABEACCtXRWQnOEpyOqnQQ8KGbQIRPlDogE42HNHFI%2FadUTzPx3YyHJmnqi2mIdFFZsgrqGU8WcK7BG%2FgcU%2BGgzdHNQN9Gtmt%2B7aVgy%2BwTBdC%2FjQBWeqagF0n9jDKhUC1vi9YFGIlBbRrWAEe5FOsykODaCLW82A8zZwmZR3KXxQdNEEiYlRqpJwQrrtgiiji2n1lyMm4lF7LMYk0hrTyfHsZn%2BVQcRr81wMBotkPlmDGSJet%2BSpzdXq8IWnKwuM7mjaO0CwAiJRFbw61VAsy1uTviQ3%2Bx16rsngrrxV1XM1POOmHeygBd5Ymhbp%2B%2FiZM1NWEXGKeTKwPeSbPKJCBK2CpxCwTrcECyVrQFL2%2F3eS3%2Bw	LIVE	Caitlin Clark #02 Rookie Card Bundle Funko POP! WNBA: Indiana Fever with Case	{"title":"Caitlin Clark #02 Rookie Card Bundle Funko POP! WNBA: Indiana Fever with Case","preliminaryScopeStatus":"IMAGE_OR_IDENTITY_REVIEW_REQUIRED","queryFamilyIds":["wnba.caitlin-clark.broad-professional-rookies"],"preliminaryRisks":["tier_not_proven_from_title_image_review_required"]}	{"status":"UNVERIFIED","verification":"native-browse-title-and-marketplace-images-only","frontVerified":false,"backVerified":false}	preliminary|4a51186b99a0963684	ebay|shophofsm|v1|267250610946|0	https://i.ebayimg.com/images/g/I2cAAOSwkg1oJN7U/s-l225.jpg	https://i.ebayimg.com/images/g/I2cAAOSwkg1oJN7U/s-l1600.jpg	FALSE	FALSE	FALSE	FALSE	{}											UNASSESSED	["tier_not_proven_from_title_image_review_required"]	39.99	0																	INSUFFICIENT																	MANUAL REVIEW / UNPRICED	FALSE	FALSE	["exact_parallel_or_variation_not_verified","front_and_back_identity_not_verified","full_delivered_acquisition_cost_not_proven","identical_completed_sales_not_loaded","instacomp_exact_market_not_completed","owned_copy_exclusion_not_proven","tier_not_proven_from_title_image_review_required"]	{"endpoints":["wnba"],"candidateId":"ebay:v1|267250610946|0","listingItemId":"v1|267250610946|0","queryFamilyIds":["wnba.caitlin-clark.broad-professional-rookies"],"buyingOptions":["FIXED_PRICE","BEST_OFFER"],"condition":"New","itemCreationDate":"2025-05-14T18:20:54.000Z","itemEndDate":null,"imageUrls":["https://i.ebayimg.com/images/g/I2cAAOSwkg1oJN7U/s-l225.jpg","https://i.ebayimg.com/images/g/I2cAAOSwkg1oJN7U/s-l1600.jpg"],"preliminaryScopeStatus":"IMAGE_OR_IDENTITY_REVIEW_REQUIRED","preliminaryRisks":["tier_not_proven_from_title_image_review_required"]}
cand-s4-ebay-376065e3d0c396e4ff	dh-20260730T170046Z-7d4c2a91	4	2026-07-30T17:05:44.524826+00:00	WNBA / broad_professional_rookies	Caitlin Clark	professional_wnba_rookie_card	eBay	quickconsign		v1|278207608246|0	https://www.ebay.com/itm/278207608246?_skw=Caitlin+Clark+Indiana+Fever+WNBA+rookie+card&hash=item40c67735b6%3Ag%3AH-cAAeSw6wpqYOwP	LIVE	CAITLIN CLARK 2024-25 PRIZM WNBA SILVER ROOKIE #22 RC INDIANA FEVER Q2385	{"title":"CAITLIN CLARK 2024-25 PRIZM WNBA SILVER ROOKIE #22 RC INDIANA FEVER Q2385","preliminaryScopeStatus":"DISCOVERY_SCOPE_PASS","queryFamilyIds":["wnba.caitlin-clark.broad-professional-rookies"],"preliminaryRisks":[]}	{"status":"UNVERIFIED","verification":"native-browse-title-and-marketplace-images-only","frontVerified":false,"backVerified":false}	preliminary|376065e3d0c396e4ff	ebay|quickconsign|v1|278207608246|0	https://i.ebayimg.com/images/g/H-cAAeSw6wpqYOwP/s-l225.jpg	https://i.ebayimg.com/images/g/H-cAAeSw6wpqYOwP/s-l1600.jpg	FALSE	FALSE	FALSE	FALSE	{}											UNASSESSED	[]	300	6																	INSUFFICIENT																	MANUAL REVIEW / UNPRICED	FALSE	FALSE	["exact_parallel_or_variation_not_verified","front_and_back_identity_not_verified","full_delivered_acquisition_cost_not_proven","identical_completed_sales_not_loaded","instacomp_exact_market_not_completed","owned_copy_exclusion_not_proven"]	{"endpoints":["wnba"],"candidateId":"ebay:v1|278207608246|0","listingItemId":"v1|278207608246|0","queryFamilyIds":["wnba.caitlin-clark.broad-professional-rookies"],"buyingOptions":["FIXED_PRICE","BEST_OFFER"],"condition":"Ungraded","itemCreationDate":"2026-07-22T16:07:57.000Z","itemEndDate":null,"imageUrls":["https://i.ebayimg.com/images/g/H-cAAeSw6wpqYOwP/s-l225.jpg","https://i.ebayimg.com/images/g/H-cAAeSw6wpqYOwP/s-l1600.jpg"],"preliminaryScopeStatus":"DISCOVERY_SCOPE_PASS","preliminaryRisks":[]}
cand-s4-ebay-455ca03a224c306f8a	dh-20260730T170046Z-7d4c2a91	4	2026-07-30T17:05:44.524826+00:00	WNBA / broad_professional_rookies	Caitlin Clark	professional_wnba_rookie_card	eBay	bobbleheadhall		v1|286796290869|0	https://www.ebay.com/itm/286796290869?_skw=Caitlin+Clark+Indiana+Fever+WNBA+rookie+card&hash=item42c6641b35%3Ag%3AcooAAeSwdbJqIDXW&amdata=enc%3AAQALAAABEACCtXRWQnOEpyOqnQQ8KGbJ5VLXy96RcUm%2BfS4zmfz7ctZQCTEgukXoJTV5XHumCNqiahnfwYfaizL6oy7HHQwD9I4tUBV1idm0rWTHHcRBnwid3vKImM9FlAK%2BnNOvXfVTAxU6UZyqJUWePaII4VacZ34KLTKik7nXGeCD9Y%2FK0IFsjQsLURlCnvIhNSlDNrvULwmoo2tsYZcuUH7xvjnG6hahGmeBh7%2F8E3WEsw1szBg%2FX5LoYVcqa%2BeklhOOtzaw8SQdC5SJJ2c7Ihscr3BPrJQTQvuB%2Bmwps3l7u1BQ52JNMD3SIjSL0LeMuNqZeiJ6xGGQfzLimawT1maD%2FhwmkCT%2Bawf%2FXIvp1irR7it8	LIVE	Caitlin Clark Indiana Fever Sensational Rookie Season Bobblehead WNBA Basketball	{"title":"Caitlin Clark Indiana Fever Sensational Rookie Season Bobblehead WNBA Basketball","preliminaryScopeStatus":"IMAGE_OR_IDENTITY_REVIEW_REQUIRED","queryFamilyIds":["wnba.caitlin-clark.broad-professional-rookies"],"preliminaryRisks":["tier_not_proven_from_title_image_review_required"]}	{"status":"UNVERIFIED","verification":"native-browse-title-and-marketplace-images-only","frontVerified":false,"backVerified":false}	preliminary|455ca03a224c306f8a	ebay|bobbleheadhall|v1|286796290869|0	https://i.ebayimg.com/images/g/cooAAeSwdbJqIDXW/s-l225.jpg	https://i.ebayimg.com/images/g/cooAAeSwdbJqIDXW/s-l1600.jpg	FALSE	FALSE	FALSE	FALSE	{}											UNASSESSED	["tier_not_proven_from_title_image_review_required"]	76.5	8																	INSUFFICIENT																	MANUAL REVIEW / UNPRICED	FALSE	FALSE	["exact_parallel_or_variation_not_verified","front_and_back_identity_not_verified","full_delivered_acquisition_cost_not_proven","identical_completed_sales_not_loaded","instacomp_exact_market_not_completed","owned_copy_exclusion_not_proven","tier_not_proven_from_title_image_review_required"]	{"endpoints":["wnba"],"candidateId":"ebay:v1|286796290869|0","listingItemId":"v1|286796290869|0","queryFamilyIds":["wnba.caitlin-clark.broad-professional-rookies"],"buyingOptions":["FIXED_PRICE"],"condition":"New","itemCreationDate":"2025-09-01T14:39:30.000Z","itemEndDate":null,"imageUrls":["https://i.ebayimg.com/images/g/cooAAeSwdbJqIDXW/s-l225.jpg","https://i.ebayimg.com/images/g/cooAAeSwdbJqIDXW/s-l1600.jpg"],"preliminaryScopeStatus":"IMAGE_OR_IDENTITY_REVIEW_REQUIRED","preliminaryRisks":["tier_not_proven_from_title_image_review_required"]}
cand-s4-ebay-f29f1a6baa241501cb	dh-20260730T170046Z-7d4c2a91	4	2026-07-30T17:05:44.524826+00:00	WNBA / broad_professional_rookies	Caitlin Clark	professional_wnba_rookie_card	eBay	buzzas109		v1|298096959299|0	https://www.ebay.com/itm/298096959299?_skw=Caitlin+Clark+Indiana+Fever+WNBA+rookie+card&hash=item4567f69f43%3Ag%3AW3UAAeSwwYxpq8JK	LIVE	2024 Panini Instant WNBA Draft #1 Pick Caitlin Clark DN-1 Fever Rookie RC Card	{"title":"2024 Panini Instant WNBA Draft #1 Pick Caitlin Clark DN-1 Fever Rookie RC Card","preliminaryScopeStatus":"IMAGE_OR_IDENTITY_REVIEW_REQUIRED","queryFamilyIds":["wnba.caitlin-clark.broad-professional-rookies"],"preliminaryRisks":["tier_not_proven_from_title_image_review_required"]}	{"status":"UNVERIFIED","verification":"native-browse-title-and-marketplace-images-only","frontVerified":false,"backVerified":false}	preliminary|f29f1a6baa241501cb	ebay|buzzas109|v1|298096959299|0	https://i.ebayimg.com/images/g/W3UAAeSwwYxpq8JK/s-l225.jpg	https://i.ebayimg.com/images/g/W3UAAeSwwYxpq8JK/s-l1600.jpg	FALSE	FALSE	FALSE	FALSE	{}											UNASSESSED	["tier_not_proven_from_title_image_review_required"]	75	5.99																	INSUFFICIENT																	MANUAL REVIEW / UNPRICED	FALSE	FALSE	["exact_parallel_or_variation_not_verified","front_and_back_identity_not_verified","full_delivered_acquisition_cost_not_proven","identical_completed_sales_not_loaded","instacomp_exact_market_not_completed","owned_copy_exclusion_not_proven","tier_not_proven_from_title_image_review_required"]	{"endpoints":["wnba"],"candidateId":"ebay:v1|298096959299|0","listingItemId":"v1|298096959299|0","queryFamilyIds":["wnba.caitlin-clark.broad-professional-rookies"],"buyingOptions":["FIXED_PRICE","BEST_OFFER"],"condition":"Ungraded","itemCreationDate":"2026-03-09T07:15:00.000Z","itemEndDate":null,"imageUrls":["https://i.ebayimg.com/images/g/W3UAAeSwwYxpq8JK/s-l225.jpg","https://i.ebayimg.com/images/g/W3UAAeSwwYxpq8JK/s-l1600.jpg"],"preliminaryScopeStatus":"IMAGE_OR_IDENTITY_REVIEW_REQUIRED","preliminaryRisks":["tier_not_proven_from_title_image_review_required"]}
cand-s4-ebay-d45a3ec971dbd59ee5	dh-20260730T170046Z-7d4c2a91	4	2026-07-30T17:05:44.524826+00:00	WNBA / autograph_memorabilia	Caitlin Clark	professional_wnba_rookie_autograph_memorabilia	eBay	ericguthoff		v1|307035514910|0	https://www.ebay.com/itm/307035514910?_skw=Caitlin+Clark+WNBA+rookie+autograph+auto+patch+memorabilia&hash=item477cbe281e%3Ag%3AACAAAeSwt-ZqRGiQ	LIVE	Panini Immaculate Caitlin Clark RC Auto Patch /49 Indiana Fever	{"title":"Panini Immaculate Caitlin Clark RC Auto Patch /49 Indiana Fever","preliminaryScopeStatus":"DISCOVERY_SCOPE_PASS","queryFamilyIds":["wnba.caitlin-clark.autograph-memorabilia"],"preliminaryRisks":[]}	{"status":"UNVERIFIED","verification":"native-browse-title-and-marketplace-images-only","frontVerified":false,"backVerified":false}	preliminary|d45a3ec971dbd59ee5	ebay|ericguthoff|v1|307035514910|0	https://i.ebayimg.com/images/g/ACAAAeSwt-ZqRGiQ/s-l225.jpg	https://i.ebayimg.com/images/g/ACAAAeSwt-ZqRGiQ/s-l1600.jpg	FALSE	FALSE	FALSE	FALSE	{}											UNASSESSED	[]	5250																		INSUFFICIENT																	MANUAL REVIEW / UNPRICED	FALSE	FALSE	["exact_parallel_or_variation_not_verified","front_and_back_identity_not_verified","full_delivered_acquisition_cost_not_proven","identical_completed_sales_not_loaded","instacomp_exact_market_not_completed","owned_copy_exclusion_not_proven"]	{"endpoints":["wnba"],"candidateId":"ebay:v1|307035514910|0","listingItemId":"v1|307035514910|0","queryFamilyIds":["wnba.caitlin-clark.autograph-memorabilia"],"buyingOptions":["FIXED_PRICE","BEST_OFFER"],"condition":"Ungraded","itemCreationDate":"2026-07-01T01:10:23.000Z","itemEndDate":null,"imageUrls":["https://i.ebayimg.com/images/g/ACAAAeSwt-ZqRGiQ/s-l225.jpg","https://i.ebayimg.com/images/g/ACAAAeSwt-ZqRGiQ/s-l1600.jpg"],"preliminaryScopeStatus":"DISCOVERY_SCOPE_PASS","preliminaryRisks":[]}
cand-s4-ebay-f33f8d331059461f13	dh-20260730T170046Z-7d4c2a91	4	2026-07-30T17:05:44.524826+00:00	WNBA / broad_professional_rookies	Caitlin Clark	professional_wnba_rookie_card	eBay	joblank3174		v1|318652216111|0	https://www.ebay.com/itm/318652216111?_skw=Caitlin+Clark+Indiana+Fever+WNBA+rookie+card&hash=item4a3126f32f%3Ag%3A%7EBEAAeSwMndqak19	LIVE	2024 Panini Prizm Caitlin Clark #145 Rookie Variation Card Indiana Fever WNBA	{"title":"2024 Panini Prizm Caitlin Clark #145 Rookie Variation Card Indiana Fever WNBA","preliminaryScopeStatus":"DISCOVERY_SCOPE_PASS","queryFamilyIds":["wnba.caitlin-clark.broad-professional-rookies"],"preliminaryRisks":[]}	{"status":"UNVERIFIED","verification":"native-browse-title-and-marketplace-images-only","frontVerified":false,"backVerified":false}	preliminary|f33f8d331059461f13	ebay|joblank3174|v1|318652216111|0	https://i.ebayimg.com/images/g/~BEAAeSwMndqak19/s-l225.jpg	https://i.ebayimg.com/images/g/~BEAAeSwMndqak19/s-l1600.jpg	FALSE	FALSE	FALSE	FALSE	{}											UNASSESSED	[]	19.99	1.99																	INSUFFICIENT																	MANUAL REVIEW / UNPRICED	FALSE	FALSE	["exact_parallel_or_variation_not_verified","front_and_back_identity_not_verified","full_delivered_acquisition_cost_not_proven","identical_completed_sales_not_loaded","instacomp_exact_market_not_completed","owned_copy_exclusion_not_proven"]	{"endpoints":["wnba"],"candidateId":"ebay:v1|318652216111|0","listingItemId":"v1|318652216111|0","queryFamilyIds":["wnba.caitlin-clark.broad-professional-rookies"],"buyingOptions":["FIXED_PRICE","BEST_OFFER"],"condition":"Ungraded","itemCreationDate":"2026-07-29T19:01:20.000Z","itemEndDate":null,"imageUrls":["https://i.ebayimg.com/images/g/~BEAAeSwMndqak19/s-l225.jpg","https://i.ebayimg.com/images/g/~BEAAeSwMndqak19/s-l1600.jpg"],"preliminaryScopeStatus":"DISCOVERY_SCOPE_PASS","preliminaryRisks":[]}
cand-s4-ebay-66b79edbc2d2479b8c	dh-20260730T170046Z-7d4c2a91	4	2026-07-30T17:05:44.524826+00:00	WNBA / autograph_memorabilia	Caitlin Clark	professional_wnba_rookie_autograph_memorabilia	eBay	jackalsportscards		v1|327105190554|0	https://www.ebay.com/itm/327105190554?_skw=Caitlin+Clark+WNBA+rookie+autograph+auto+patch+memorabilia&hash=item4c28fd1a9a%3Ag%3ALIEAAeSw-8pp4DiE	LIVE	2024 National Treasures Caitlin Clark /25 Bronze Rookie Patch Auto PSA 10/10	{"title":"2024 National Treasures Caitlin Clark /25 Bronze Rookie Patch Auto PSA 10/10","preliminaryScopeStatus":"DISCOVERY_SCOPE_PASS","queryFamilyIds":["wnba.caitlin-clark.autograph-memorabilia"],"preliminaryRisks":[]}	{"status":"UNVERIFIED","verification":"native-browse-title-and-marketplace-images-only","frontVerified":false,"backVerified":false}	preliminary|66b79edbc2d2479b8c	ebay|jackalsportscards|v1|327105190554|0	https://i.ebayimg.com/images/g/LIEAAeSw-8pp4DiE/s-l225.jpg	https://i.ebayimg.com/images/g/LIEAAeSw-8pp4DiE/s-l1600.jpg	FALSE	FALSE	FALSE	FALSE	{}											UNASSESSED	[]	69999	0																	INSUFFICIENT																	MANUAL REVIEW / UNPRICED	FALSE	FALSE	["exact_parallel_or_variation_not_verified","front_and_back_identity_not_verified","full_delivered_acquisition_cost_not_proven","identical_completed_sales_not_loaded","instacomp_exact_market_not_completed","owned_copy_exclusion_not_proven"]	{"endpoints":["wnba"],"candidateId":"ebay:v1|327105190554|0","listingItemId":"v1|327105190554|0","queryFamilyIds":["wnba.caitlin-clark.autograph-memorabilia"],"buyingOptions":["FIXED_PRICE","BEST_OFFER"],"condition":"Graded","itemCreationDate":"2026-04-16T01:20:46.000Z","itemEndDate":null,"imageUrls":["https://i.ebayimg.com/images/g/LIEAAeSw-8pp4DiE/s-l225.jpg","https://i.ebayimg.com/images/g/LIEAAeSw-8pp4DiE/s-l1600.jpg"],"preliminaryScopeStatus":"DISCOVERY_SCOPE_PASS","preliminaryRisks":[]}
cand-s4-ebay-73898a99ecea5d3691	dh-20260730T170046Z-7d4c2a91	4	2026-07-30T17:05:44.524826+00:00	WNBA / broad_professional_rookies	Caitlin Clark	professional_wnba_rookie_card	eBay	hightide.family.retailers2015		v1|336520475877|0	https://www.ebay.com/itm/336520475877?_skw=Caitlin+Clark+Indiana+Fever+WNBA+rookie+card&hash=item4e5a2ef4e5%3Ag%3AdR0AAeSwhhhp0sjV	LIVE	2024 Prizm WNBA Caitlin Clark RC #22 PSA 9 Rookie Indiana Fever S2	{"title":"2024 Prizm WNBA Caitlin Clark RC #22 PSA 9 Rookie Indiana Fever S2","preliminaryScopeStatus":"DISCOVERY_SCOPE_PASS","queryFamilyIds":["wnba.caitlin-clark.broad-professional-rookies"],"preliminaryRisks":[]}	{"status":"UNVERIFIED","verification":"native-browse-title-and-marketplace-images-only","frontVerified":false,"backVerified":false}	preliminary|73898a99ecea5d3691	ebay|hightide.family.retailers2015|v1|336520475877|0	https://i.ebayimg.com/images/g/dR0AAeSwhhhp0sjV/s-l225.jpg	https://i.ebayimg.com/images/g/dR0AAeSwhhhp0sjV/s-l1600.jpg	FALSE	FALSE	FALSE	FALSE	{}											UNASSESSED	[]	50.98	0																	INSUFFICIENT																	MANUAL REVIEW / UNPRICED	FALSE	FALSE	["exact_parallel_or_variation_not_verified","front_and_back_identity_not_verified","full_delivered_acquisition_cost_not_proven","identical_completed_sales_not_loaded","instacomp_exact_market_not_completed","owned_copy_exclusion_not_proven"]	{"endpoints":["wnba"],"candidateId":"ebay:v1|336520475877|0","listingItemId":"v1|336520475877|0","queryFamilyIds":["wnba.caitlin-clark.broad-professional-rookies"],"buyingOptions":["FIXED_PRICE"],"condition":"Graded","itemCreationDate":"2026-04-05T20:43:01.000Z","itemEndDate":null,"imageUrls":["https://i.ebayimg.com/images/g/dR0AAeSwhhhp0sjV/s-l225.jpg","https://i.ebayimg.com/images/g/dR0AAeSwhhhp0sjV/s-l1600.jpg"],"preliminaryScopeStatus":"DISCOVERY_SCOPE_PASS","preliminaryRisks":[]}
cand-s4-ebay-e98f00db9ebec9efc3	dh-20260730T170046Z-7d4c2a91	4	2026-07-30T17:05:44.524826+00:00	WNBA / broad_professional_rookies	Caitlin Clark	professional_wnba_rookie_card	eBay	keyi-33		v1|358855286525|0	https://www.ebay.com/itm/358855286525?_skw=Caitlin+Clark+Indiana+Fever+WNBA+rookie+card&hash=item538d711efd%3Ag%3A4PcAAeSw8vVqaQhU	LIVE	CAITLIN CLARK 2024 Panini Instant WNBA #198 INDIANA  FEVER ROOKIE CARD	{"title":"CAITLIN CLARK 2024 Panini Instant WNBA #198 INDIANA  FEVER ROOKIE CARD","preliminaryScopeStatus":"IMAGE_OR_IDENTITY_REVIEW_REQUIRED","queryFamilyIds":["wnba.caitlin-clark.broad-professional-rookies"],"preliminaryRisks":["tier_not_proven_from_title_image_review_required"]}	{"status":"UNVERIFIED","verification":"native-browse-title-and-marketplace-images-only","frontVerified":false,"backVerified":false}	preliminary|e98f00db9ebec9efc3	ebay|keyi-33|v1|358855286525|0	https://i.ebayimg.com/images/g/4PcAAeSw8vVqaQhU/s-l225.jpg	https://i.ebayimg.com/images/g/4PcAAeSw8vVqaQhU/s-l1600.jpg	FALSE	FALSE	FALSE	FALSE	{}											UNASSESSED	["tier_not_proven_from_title_image_review_required"]	19.99	1.99																	INSUFFICIENT																	MANUAL REVIEW / UNPRICED	FALSE	FALSE	["exact_parallel_or_variation_not_verified","front_and_back_identity_not_verified","full_delivered_acquisition_cost_not_proven","identical_completed_sales_not_loaded","instacomp_exact_market_not_completed","owned_copy_exclusion_not_proven","tier_not_proven_from_title_image_review_required"]	{"endpoints":["wnba"],"candidateId":"ebay:v1|358855286525|0","listingItemId":"v1|358855286525|0","queryFamilyIds":["wnba.caitlin-clark.broad-professional-rookies"],"buyingOptions":["FIXED_PRICE"],"condition":"Ungraded","itemCreationDate":"2026-07-28T19:59:13.000Z","itemEndDate":null,"imageUrls":["https://i.ebayimg.com/images/g/4PcAAeSw8vVqaQhU/s-l225.jpg","https://i.ebayimg.com/images/g/4PcAAeSw8vVqaQhU/s-l1600.jpg"],"preliminaryScopeStatus":"IMAGE_OR_IDENTITY_REVIEW_REQUIRED","preliminaryRisks":["tier_not_proven_from_title_image_review_required"]}
cand-s4-ebay-7111521733bfe0020e	dh-20260730T170046Z-7d4c2a91	4	2026-07-30T17:05:44.524826+00:00	WNBA / broad_professional_rookies	Caitlin Clark	professional_wnba_rookie_card	eBay	cbiv1979		v1|366552619883|0	https://www.ebay.com/itm/366552619883?_skw=Caitlin+Clark+Indiana+Fever+WNBA+rookie+card&hash=item55583d1b6b%3Ag%3AOJ0AAOSwzq5m4IDU	LIVE	CAITLIN CLARK ROOKIE CARD 2024 Indiana Fever Basketball #1 PICK WNBA DRAFT NIGHT	{"title":"CAITLIN CLARK ROOKIE CARD 2024 Indiana Fever Basketball #1 PICK WNBA DRAFT NIGHT","preliminaryScopeStatus":"IMAGE_OR_IDENTITY_REVIEW_REQUIRED","queryFamilyIds":["wnba.caitlin-clark.broad-professional-rookies"],"preliminaryRisks":["tier_not_proven_from_title_image_review_required"]}	{"status":"UNVERIFIED","verification":"native-browse-title-and-marketplace-images-only","frontVerified":false,"backVerified":false}	preliminary|7111521733bfe0020e	ebay|cbiv1979|v1|366552619883|0	https://i.ebayimg.com/images/g/OJ0AAOSwzq5m4IDU/s-l225.jpg	https://i.ebayimg.com/images/g/OJ0AAOSwzq5m4IDU/s-l1200.jpg	FALSE	FALSE	FALSE	FALSE	{}											UNASSESSED	["tier_not_proven_from_title_image_review_required"]	39.99	0																	INSUFFICIENT																	MANUAL REVIEW / UNPRICED	FALSE	FALSE	["exact_parallel_or_variation_not_verified","front_and_back_identity_not_verified","full_delivered_acquisition_cost_not_proven","identical_completed_sales_not_loaded","instacomp_exact_market_not_completed","owned_copy_exclusion_not_proven","tier_not_proven_from_title_image_review_required"]	{"endpoints":["wnba"],"candidateId":"ebay:v1|366552619883|0","listingItemId":"v1|366552619883|0","queryFamilyIds":["wnba.caitlin-clark.broad-professional-rookies"],"buyingOptions":["FIXED_PRICE","BEST_OFFER"],"condition":"Ungraded","itemCreationDate":"2026-07-19T17:29:38.000Z","itemEndDate":null,"imageUrls":["https://i.ebayimg.com/images/g/OJ0AAOSwzq5m4IDU/s-l225.jpg","https://i.ebayimg.com/images/g/OJ0AAOSwzq5m4IDU/s-l1200.jpg"],"preliminaryScopeStatus":"IMAGE_OR_IDENTITY_REVIEW_REQUIRED","preliminaryRisks":["tier_not_proven_from_title_image_review_required"]}
cand-s4-ebay-5db21bf14c82b83e22	dh-20260730T170046Z-7d4c2a91	4	2026-07-30T17:05:44.524826+00:00	WNBA / broad_professional_rookies	Caitlin Clark	professional_wnba_rookie_card	eBay	miccar-96		v1|366569023858|0	https://www.ebay.com/itm/366569023858?_skw=Caitlin+Clark+Indiana+Fever+WNBA+rookie+card&hash=item5559376972%3Ag%3A68QAAeSw9ABqZ483	LIVE	Panini 2024 Prizm WNBA Caitlin Clark Fireworks Rookie RC Indiana Fever #13	{"title":"Panini 2024 Prizm WNBA Caitlin Clark Fireworks Rookie RC Indiana Fever #13","preliminaryScopeStatus":"DISCOVERY_SCOPE_PASS","queryFamilyIds":["wnba.caitlin-clark.broad-professional-rookies"],"preliminaryRisks":[]}	{"status":"UNVERIFIED","verification":"native-browse-title-and-marketplace-images-only","frontVerified":false,"backVerified":false}	preliminary|5db21bf14c82b83e22	ebay|miccar-96|v1|366569023858|0	https://i.ebayimg.com/images/g/68QAAeSw9ABqZ483/s-l225.jpg	https://i.ebayimg.com/images/g/68QAAeSw9ABqZ483/s-l1600.jpg	FALSE	FALSE	FALSE	FALSE	{}											UNASSESSED	[]	40																		INSUFFICIENT																	MANUAL REVIEW / UNPRICED	FALSE	FALSE	["exact_parallel_or_variation_not_verified","front_and_back_identity_not_verified","full_delivered_acquisition_cost_not_proven","identical_completed_sales_not_loaded","instacomp_exact_market_not_completed","owned_copy_exclusion_not_proven"]	{"endpoints":["wnba"],"candidateId":"ebay:v1|366569023858|0","listingItemId":"v1|366569023858|0","queryFamilyIds":["wnba.caitlin-clark.broad-professional-rookies"],"buyingOptions":["FIXED_PRICE","BEST_OFFER"],"condition":"Ungraded","itemCreationDate":"2026-07-27T17:04:04.000Z","itemEndDate":null,"imageUrls":["https://i.ebayimg.com/images/g/68QAAeSw9ABqZ483/s-l225.jpg","https://i.ebayimg.com/images/g/68QAAeSw9ABqZ483/s-l1600.jpg"],"preliminaryScopeStatus":"DISCOVERY_SCOPE_PASS","preliminaryRisks":[]}
cand-s4-ebay-17c2c8ecfeb934860c	dh-20260730T170046Z-7d4c2a91	4	2026-07-30T17:05:44.524826+00:00	WNBA / broad_professional_rookies	Caitlin Clark	professional_wnba_rookie_card	eBay	ryancardcollector11		v1|366574171988|0	https://www.ebay.com/itm/366574171988?_skw=Caitlin+Clark+Indiana+Fever+WNBA+rookie+card&hash=item555985f754%3Ag%3AVBkAAeSwWXRqawvB	LIVE	2024 Prizm WNBA Caitlin Clark #22 Orange Ice Rookie RC PSA 9 - Indiana Fever	{"title":"2024 Prizm WNBA Caitlin Clark #22 Orange Ice Rookie RC PSA 9 - Indiana Fever","preliminaryScopeStatus":"DISCOVERY_SCOPE_PASS","queryFamilyIds":["wnba.caitlin-clark.broad-professional-rookies"],"preliminaryRisks":[]}	{"status":"UNVERIFIED","verification":"native-browse-title-and-marketplace-images-only","frontVerified":false,"backVerified":false}	preliminary|17c2c8ecfeb934860c	ebay|ryancardcollector11|v1|366574171988|0	https://i.ebayimg.com/images/g/VBkAAeSwWXRqawvB/s-l225.jpg	https://i.ebayimg.com/images/g/VBkAAeSwWXRqawvB/s-l1600.jpg	FALSE	FALSE	FALSE	FALSE	{}											UNASSESSED	[]	115																		INSUFFICIENT																	MANUAL REVIEW / UNPRICED	FALSE	FALSE	["exact_parallel_or_variation_not_verified","front_and_back_identity_not_verified","full_delivered_acquisition_cost_not_proven","identical_completed_sales_not_loaded","instacomp_exact_market_not_completed","owned_copy_exclusion_not_proven"]	{"endpoints":["wnba"],"candidateId":"ebay:v1|366574171988|0","listingItemId":"v1|366574171988|0","queryFamilyIds":["wnba.caitlin-clark.broad-professional-rookies"],"buyingOptions":["FIXED_PRICE","BEST_OFFER"],"condition":"Graded","itemCreationDate":"2026-07-30T08:31:46.000Z","itemEndDate":null,"imageUrls":["https://i.ebayimg.com/images/g/VBkAAeSwWXRqawvB/s-l225.jpg","https://i.ebayimg.com/images/g/VBkAAeSwWXRqawvB/s-l1600.jpg"],"preliminaryScopeStatus":"DISCOVERY_SCOPE_PASS","preliminaryRisks":[]}
cand-s4-ebay-0a171d3b3f198204dd	dh-20260730T170046Z-7d4c2a91	4	2026-07-30T17:05:44.524826+00:00	WNBA / broad_professional_rookies	Caitlin Clark	professional_wnba_rookie_card	eBay	timmy-tough-knuckles		v1|377376527536|0	https://www.ebay.com/itm/377376527536?_skw=Caitlin+Clark+Indiana+Fever+WNBA+rookie+card&hash=item57dd64d4b0%3Ag%3AkuIAAeSwMttqaNhB	LIVE	Panini 2025 WNBA Chronicles Caitlin Clark Indiana Fever Rookie Card #8 Ice	{"title":"Panini 2025 WNBA Chronicles Caitlin Clark Indiana Fever Rookie Card #8 Ice","preliminaryScopeStatus":"DISCOVERY_SCOPE_PASS","queryFamilyIds":["wnba.caitlin-clark.broad-professional-rookies"],"preliminaryRisks":[]}	{"status":"UNVERIFIED","verification":"native-browse-title-and-marketplace-images-only","frontVerified":false,"backVerified":false}	preliminary|0a171d3b3f198204dd	ebay|timmy-tough-knuckles|v1|377376527536|0	https://i.ebayimg.com/images/g/kuIAAeSwMttqaNhB/s-l225.jpg	https://i.ebayimg.com/images/g/kuIAAeSwMttqaNhB/s-l1200.jpg	FALSE	FALSE	FALSE	FALSE	{}											UNASSESSED	[]	20																		INSUFFICIENT																	MANUAL REVIEW / UNPRICED	FALSE	FALSE	["exact_parallel_or_variation_not_verified","front_and_back_identity_not_verified","full_delivered_acquisition_cost_not_proven","identical_completed_sales_not_loaded","instacomp_exact_market_not_completed","owned_copy_exclusion_not_proven"]	{"endpoints":["wnba"],"candidateId":"ebay:v1|377376527536|0","listingItemId":"v1|377376527536|0","queryFamilyIds":["wnba.caitlin-clark.broad-professional-rookies"],"buyingOptions":["FIXED_PRICE","BEST_OFFER"],"condition":"Ungraded","itemCreationDate":"2026-07-28T16:30:28.000Z","itemEndDate":null,"imageUrls":["https://i.ebayimg.com/images/g/kuIAAeSwMttqaNhB/s-l225.jpg","https://i.ebayimg.com/images/g/kuIAAeSwMttqaNhB/s-l1200.jpg"],"preliminaryScopeStatus":"DISCOVERY_SCOPE_PASS","preliminaryRisks":[]}
cand-s4-ebay-4e78071a22237221bd	dh-20260730T170046Z-7d4c2a91	4	2026-07-30T17:05:44.524826+00:00	WNBA / broad_professional_rookies	Caitlin Clark	professional_wnba_rookie_card	eBay	plant_mar		v1|395595930094|0	https://www.ebay.com/itm/395595930094?_skw=Caitlin+Clark+Indiana+Fever+WNBA+rookie+card&hash=item5c1b5ad9ee%3Ag%3AVtcAAOSwyp1m6DyG&amdata=enc%3AAQALAAABEACCtXRWQnOEpyOqnQQ8KGZiOixXAkc8HiVUkIJAupht44VxjHTfHracfd6BVbpOn36nNf1XthUAnECeOvISsCM8ob82Fl0FczsKm67BZkg%2FWDJkOgSE09Ipa5opXCLGJ7IXcs4W9SmhjwIWcAPqk0xsQe6h4nJf2VJAg7J9ifruQJJ2wz96EFZCqU24OIOdakHEoRy3ox1%2B5IudwizGv8oWWgZafS6%2FHG%2FKQXVY4wxJS%2BtB55Xuag%2B4VBBdxncXhUiqObRRPfjq%2F2%2F6s%2Frwq2LoVFajKDDngyub9Lki7NAgKjtC2Fm1d9NN95b5x5jlE0KNdpRC47mC8pxtDOCmcQdeTJyw4Y4DwXZFgepCQ1F1	LIVE	Caitlin Clark 2024 Panini Instant WNBA 1st Graded 10 Rookie Card #72 Fever/Iowa	{"title":"Caitlin Clark 2024 Panini Instant WNBA 1st Graded 10 Rookie Card #72 Fever/Iowa","preliminaryScopeStatus":"IMAGE_OR_IDENTITY_REVIEW_REQUIRED","queryFamilyIds":["wnba.caitlin-clark.broad-professional-rookies"],"preliminaryRisks":["tier_not_proven_from_title_image_review_required"]}	{"status":"UNVERIFIED","verification":"native-browse-title-and-marketplace-images-only","frontVerified":false,"backVerified":false}	preliminary|4e78071a22237221bd	ebay|plant_mar|v1|395595930094|0	https://i.ebayimg.com/images/g/VtcAAOSwyp1m6DyG/s-l225.jpg	https://i.ebayimg.com/images/g/VtcAAOSwyp1m6DyG/s-l1200.jpg	FALSE	FALSE	FALSE	FALSE	{}											UNASSESSED	["tier_not_proven_from_title_image_review_required"]	179.99	0																	INSUFFICIENT																	MANUAL REVIEW / UNPRICED	FALSE	FALSE	["exact_parallel_or_variation_not_verified","front_and_back_identity_not_verified","full_delivered_acquisition_cost_not_proven","identical_completed_sales_not_loaded","instacomp_exact_market_not_completed","owned_copy_exclusion_not_proven","tier_not_proven_from_title_image_review_required"]	{"endpoints":["wnba"],"candidateId":"ebay:v1|395595930094|0","listingItemId":"v1|395595930094|0","queryFamilyIds":["wnba.caitlin-clark.broad-professional-rookies"],"buyingOptions":["FIXED_PRICE","BEST_OFFER"],"condition":"Graded","itemCreationDate":"2024-08-14T16:45:22.000Z","itemEndDate":null,"imageUrls":["https://i.ebayimg.com/images/g/VtcAAOSwyp1m6DyG/s-l225.jpg","https://i.ebayimg.com/images/g/VtcAAOSwyp1m6DyG/s-l1200.jpg"],"preliminaryScopeStatus":"IMAGE_OR_IDENTITY_REVIEW_REQUIRED","preliminaryRisks":["tier_not_proven_from_title_image_review_required"]}
cand-s4-ebay-ddd3a3e55a34dbaa5c	dh-20260730T170046Z-7d4c2a91	4	2026-07-30T17:05:44.524826+00:00	WNBA / autograph_memorabilia	Caitlin Clark	professional_wnba_rookie_autograph_memorabilia	eBay	sumo_sports_cards		v1|396189202905|0	https://www.ebay.com/itm/396189202905?_skw=Caitlin+Clark+WNBA+rookie+autograph+auto+patch+memorabilia&hash=item5c3eb779d9%3Ag%3A1wEAAOSw7Clnp-mP	LIVE	2024 SELECT WNBA CAITLIN CLARK GOLD ROOKIE PATCH AUTO /10 SSP-PSA 9/AUTO 10	{"title":"2024 SELECT WNBA CAITLIN CLARK GOLD ROOKIE PATCH AUTO /10 SSP-PSA 9/AUTO 10","preliminaryScopeStatus":"DISCOVERY_SCOPE_PASS","queryFamilyIds":["wnba.caitlin-clark.autograph-memorabilia"],"preliminaryRisks":[]}	{"status":"UNVERIFIED","verification":"native-browse-title-and-marketplace-images-only","frontVerified":false,"backVerified":false}	preliminary|ddd3a3e55a34dbaa5c	ebay|sumo_sports_cards|v1|396189202905|0	https://i.ebayimg.com/images/g/1wEAAOSw7Clnp-mP/s-l225.jpg	https://i.ebayimg.com/images/g/1wEAAOSw7Clnp-mP/s-l1600.jpg	FALSE	FALSE	FALSE	FALSE	{}											UNASSESSED	[]	15000																		INSUFFICIENT																	MANUAL REVIEW / UNPRICED	FALSE	FALSE	["exact_parallel_or_variation_not_verified","front_and_back_identity_not_verified","full_delivered_acquisition_cost_not_proven","identical_completed_sales_not_loaded","instacomp_exact_market_not_completed","owned_copy_exclusion_not_proven"]	{"endpoints":["wnba"],"candidateId":"ebay:v1|396189202905|0","listingItemId":"v1|396189202905|0","queryFamilyIds":["wnba.caitlin-clark.autograph-memorabilia"],"buyingOptions":["FIXED_PRICE","BEST_OFFER"],"condition":"Graded","itemCreationDate":"2025-02-08T23:34:07.000Z","itemEndDate":null,"imageUrls":["https://i.ebayimg.com/images/g/1wEAAOSw7Clnp-mP/s-l225.jpg","https://i.ebayimg.com/images/g/1wEAAOSw7Clnp-mP/s-l1600.jpg"],"preliminaryScopeStatus":"DISCOVERY_SCOPE_PASS","preliminaryRisks":[]}
cand-s4-ebay-9114064dd02e8ed45f	dh-20260730T170046Z-7d4c2a91	4	2026-07-30T17:05:44.524826+00:00	WNBA / broad_professional_rookies	Caitlin Clark	professional_wnba_rookie_card	eBay	mmendiola97		v1|407104540741|0	https://www.ebay.com/itm/407104540741?_skw=Caitlin+Clark+Indiana+Fever+WNBA+rookie+card&hash=item5ec9525045%3Ag%3AES8AAeSw2MxqaPg1	LIVE	Caitlin Clark 2024 Panini Prizm WNBA Ice Prizms # 145 Rookie Indiana Fever	{"title":"Caitlin Clark 2024 Panini Prizm WNBA Ice Prizms # 145 Rookie Indiana Fever","preliminaryScopeStatus":"DISCOVERY_SCOPE_PASS","queryFamilyIds":["wnba.caitlin-clark.broad-professional-rookies"],"preliminaryRisks":[]}	{"status":"UNVERIFIED","verification":"native-browse-title-and-marketplace-images-only","frontVerified":false,"backVerified":false}	preliminary|9114064dd02e8ed45f	ebay|mmendiola97|v1|407104540741|0	https://i.ebayimg.com/images/g/ES8AAeSw2MxqaPg1/s-l225.jpg	https://i.ebayimg.com/images/g/ES8AAeSw2MxqaPg1/s-l1600.jpg	FALSE	FALSE	FALSE	FALSE	{}											UNASSESSED	[]	61.65																		INSUFFICIENT																	MANUAL REVIEW / UNPRICED	FALSE	FALSE	["exact_parallel_or_variation_not_verified","front_and_back_identity_not_verified","full_delivered_acquisition_cost_not_proven","identical_completed_sales_not_loaded","instacomp_exact_market_not_completed","owned_copy_exclusion_not_proven"]	{"endpoints":["wnba"],"candidateId":"ebay:v1|407104540741|0","listingItemId":"v1|407104540741|0","queryFamilyIds":["wnba.caitlin-clark.broad-professional-rookies"],"buyingOptions":["FIXED_PRICE"],"condition":"Ungraded","itemCreationDate":"2026-07-28T18:39:00.000Z","itemEndDate":null,"imageUrls":["https://i.ebayimg.com/images/g/ES8AAeSw2MxqaPg1/s-l225.jpg","https://i.ebayimg.com/images/g/ES8AAeSw2MxqaPg1/s-l1600.jpg"],"preliminaryScopeStatus":"DISCOVERY_SCOPE_PASS","preliminaryRisks":[]}
cand-s4-ebay-9ac7d4804f84b0b71a	dh-20260730T170046Z-7d4c2a91	4	2026-07-30T17:05:44.524826+00:00	WNBA / broad_professional_rookies	Dominique Malonga	professional_wnba_rookie_card	eBay	complexone_01		v1|117281267748|0	https://www.ebay.com/itm/117281267748?_skw=Dominique+Malonga+Seattle+Storm+WNBA+rookie+card&hash=item1b4e822024%3Ag%3Am2wAAeSwBLNqRryv	LIVE	Dominique Malonga Seattle Storm - Remix Card /99 WNBA Point RC Rookie	{"title":"Dominique Malonga Seattle Storm - Remix Card /99 WNBA Point RC Rookie","preliminaryScopeStatus":"DISCOVERY_SCOPE_PASS","queryFamilyIds":["wnba.dominique-malonga.broad-professional-rookies"],"preliminaryRisks":[]}	{"status":"UNVERIFIED","verification":"native-browse-title-and-marketplace-images-only","frontVerified":false,"backVerified":false}	preliminary|9ac7d4804f84b0b71a	ebay|complexone_01|v1|117281267748|0	https://i.ebayimg.com/images/g/m2wAAeSwBLNqRryv/s-l225.jpg	https://i.ebayimg.com/images/g/m2wAAeSwBLNqRryv/s-l1600.jpg	FALSE	FALSE	FALSE	FALSE	{}											UNASSESSED	[]	9.99	1.99																	INSUFFICIENT																	MANUAL REVIEW / UNPRICED	FALSE	FALSE	["exact_parallel_or_variation_not_verified","front_and_back_identity_not_verified","full_delivered_acquisition_cost_not_proven","identical_completed_sales_not_loaded","instacomp_exact_market_not_completed","owned_copy_exclusion_not_proven"]	{"endpoints":["wnba"],"candidateId":"ebay:v1|117281267748|0","listingItemId":"v1|117281267748|0","queryFamilyIds":["wnba.dominique-malonga.broad-professional-rookies"],"buyingOptions":["FIXED_PRICE","BEST_OFFER"],"condition":"Ungraded","itemCreationDate":"2026-07-02T19:32:34.000Z","itemEndDate":null,"imageUrls":["https://i.ebayimg.com/images/g/m2wAAeSwBLNqRryv/s-l225.jpg","https://i.ebayimg.com/images/g/m2wAAeSwBLNqRryv/s-l1600.jpg"],"preliminaryScopeStatus":"DISCOVERY_SCOPE_PASS","preliminaryRisks":[]}
cand-s4-ebay-bdf9f727cdc4b32d6e	dh-20260730T170046Z-7d4c2a91	4	2026-07-30T17:05:44.524826+00:00	WNBA / autograph_memorabilia	Dominique Malonga	professional_wnba_rookie_autograph_memorabilia	eBay	elmoszn		v1|136942139998|0	https://www.ebay.com/itm/136942139998?_skw=Dominique+Malonga+WNBA+rookie+autograph+auto+patch+memorabilia&hash=item1fe2633a5e%3Ag%3ANWQAAeSwXA1pZSdd	LIVE	2025 Panini Impeccable Dominique Malonga Elegance RPA Rookie Auto Pink FOTL /7	{"title":"2025 Panini Impeccable Dominique Malonga Elegance RPA Rookie Auto Pink FOTL /7","preliminaryScopeStatus":"DISCOVERY_SCOPE_PASS","queryFamilyIds":["wnba.dominique-malonga.autograph-memorabilia"],"preliminaryRisks":[]}	{"status":"UNVERIFIED","verification":"native-browse-title-and-marketplace-images-only","frontVerified":false,"backVerified":false}	preliminary|bdf9f727cdc4b32d6e	ebay|elmoszn|v1|136942139998|0	https://i.ebayimg.com/images/g/NWQAAeSwXA1pZSdd/s-l225.jpg	https://i.ebayimg.com/images/g/NWQAAeSwXA1pZSdd/s-l1200.jpg	FALSE	FALSE	FALSE	FALSE	{}											UNASSESSED	[]	2999.99	0																	INSUFFICIENT																	MANUAL REVIEW / UNPRICED	FALSE	FALSE	["exact_parallel_or_variation_not_verified","front_and_back_identity_not_verified","full_delivered_acquisition_cost_not_proven","identical_completed_sales_not_loaded","instacomp_exact_market_not_completed","owned_copy_exclusion_not_proven"]	{"endpoints":["wnba"],"candidateId":"ebay:v1|136942139998|0","listingItemId":"v1|136942139998|0","queryFamilyIds":["wnba.dominique-malonga.autograph-memorabilia"],"buyingOptions":["FIXED_PRICE","BEST_OFFER"],"condition":"Ungraded","itemCreationDate":"2026-01-12T17:00:46.000Z","itemEndDate":null,"imageUrls":["https://i.ebayimg.com/images/g/NWQAAeSwXA1pZSdd/s-l225.jpg","https://i.ebayimg.com/images/g/NWQAAeSwXA1pZSdd/s-l1200.jpg"],"preliminaryScopeStatus":"DISCOVERY_SCOPE_PASS","preliminaryRisks":[]}
cand-s4-ebay-2e1d99d4a3c75f8770	dh-20260730T170046Z-7d4c2a91	4	2026-07-30T17:05:44.524826+00:00	WNBA / autograph_memorabilia	Dominique Malonga	professional_wnba_rookie_autograph_memorabilia	eBay	elmoszn		v1|137195324871|0	https://www.ebay.com/itm/137195324871?_skw=Dominique+Malonga+WNBA+rookie+autograph+auto+patch+memorabilia&hash=item1ff17a85c7%3Ag%3Ah40AAeSw9A1p0HpJ	LIVE	2025 Panini Impeccable Dominique Malonga Elegance RPA Rookie Auto Purple FOTL /3	{"title":"2025 Panini Impeccable Dominique Malonga Elegance RPA Rookie Auto Purple FOTL /3","preliminaryScopeStatus":"DISCOVERY_SCOPE_PASS","queryFamilyIds":["wnba.dominique-malonga.autograph-memorabilia"],"preliminaryRisks":[]}	{"status":"UNVERIFIED","verification":"native-browse-title-and-marketplace-images-only","frontVerified":false,"backVerified":false}	preliminary|2e1d99d4a3c75f8770	ebay|elmoszn|v1|137195324871|0	https://i.ebayimg.com/images/g/h40AAeSw9A1p0HpJ/s-l225.jpg	https://i.ebayimg.com/images/g/h40AAeSw9A1p0HpJ/s-l1200.jpg	FALSE	FALSE	FALSE	FALSE	{}											UNASSESSED	[]	4999.99	0																	INSUFFICIENT																	MANUAL REVIEW / UNPRICED	FALSE	FALSE	["exact_parallel_or_variation_not_verified","front_and_back_identity_not_verified","full_delivered_acquisition_cost_not_proven","identical_completed_sales_not_loaded","instacomp_exact_market_not_completed","owned_copy_exclusion_not_proven"]	{"endpoints":["wnba"],"candidateId":"ebay:v1|137195324871|0","listingItemId":"v1|137195324871|0","queryFamilyIds":["wnba.dominique-malonga.autograph-memorabilia"],"buyingOptions":["FIXED_PRICE","BEST_OFFER"],"condition":"Ungraded","itemCreationDate":"2026-04-04T02:42:26.000Z","itemEndDate":null,"imageUrls":["https://i.ebayimg.com/images/g/h40AAeSw9A1p0HpJ/s-l225.jpg","https://i.ebayimg.com/images/g/h40AAeSw9A1p0HpJ/s-l1200.jpg"],"preliminaryScopeStatus":"DISCOVERY_SCOPE_PASS","preliminaryRisks":[]}
cand-s4-ebay-8e23cb67d2b3b8fed9	dh-20260730T170046Z-7d4c2a91	4	2026-07-30T17:05:44.524826+00:00	WNBA / autograph_memorabilia	Dominique Malonga	professional_wnba_rookie_autograph_memorabilia	eBay	emjaycollects		v1|137440724405|0	https://www.ebay.com/itm/137440724405?_skw=Dominique+Malonga+WNBA+rookie+autograph+auto+patch+memorabilia&hash=item20001b05b5%3Ag%3AGRcAAeSwcLlqOKE%7E	LIVE	2025 Panini Select WNBA Dominique Malonga RC Rookie Patch Auto RPA Silver	{"title":"2025 Panini Select WNBA Dominique Malonga RC Rookie Patch Auto RPA Silver","preliminaryScopeStatus":"DISCOVERY_SCOPE_PASS","queryFamilyIds":["wnba.dominique-malonga.autograph-memorabilia"],"preliminaryRisks":[]}	{"status":"UNVERIFIED","verification":"native-browse-title-and-marketplace-images-only","frontVerified":false,"backVerified":false}	preliminary|8e23cb67d2b3b8fed9	ebay|emjaycollects|v1|137440724405|0	https://i.ebayimg.com/images/g/GRcAAeSwcLlqOKE~/s-l225.jpg	https://i.ebayimg.com/images/g/GRcAAeSwcLlqOKE~/s-l1600.jpg	FALSE	FALSE	FALSE	FALSE	{}											UNASSESSED	[]	110.34																		INSUFFICIENT																	MANUAL REVIEW / UNPRICED	FALSE	FALSE	["exact_parallel_or_variation_not_verified","front_and_back_identity_not_verified","full_delivered_acquisition_cost_not_proven","identical_completed_sales_not_loaded","instacomp_exact_market_not_completed","owned_copy_exclusion_not_proven"]	{"endpoints":["wnba"],"candidateId":"ebay:v1|137440724405|0","listingItemId":"v1|137440724405|0","queryFamilyIds":["wnba.dominique-malonga.autograph-memorabilia"],"buyingOptions":["FIXED_PRICE","BEST_OFFER"],"condition":"Ungraded","itemCreationDate":"2026-06-22T02:47:10.000Z","itemEndDate":null,"imageUrls":["https://i.ebayimg.com/images/g/GRcAAeSwcLlqOKE~/s-l225.jpg","https://i.ebayimg.com/images/g/GRcAAeSwcLlqOKE~/s-l1600.jpg"],"preliminaryScopeStatus":"DISCOVERY_SCOPE_PASS","preliminaryRisks":[]}
cand-s4-ebay-bac7930fb0c3c53ee3	dh-20260730T170046Z-7d4c2a91	4	2026-07-30T17:05:44.524826+00:00	WNBA / autograph_memorabilia	Dominique Malonga	professional_wnba_rookie_autograph_memorabilia	eBay	teddya		v1|137533160061|0	https://www.ebay.com/itm/137533160061?_skw=Dominique+Malonga+WNBA+rookie+autograph+auto+patch+memorabilia&hash=item20059d7a7d%3Ag%3AWLIAAeSw7RNqXj5A	LIVE	2025 Panini National Treasures Dominique Malonga RPA #54/99 On Card RC Auto WNBA	{"title":"2025 Panini National Treasures Dominique Malonga RPA #54/99 On Card RC Auto WNBA","preliminaryScopeStatus":"DISCOVERY_SCOPE_PASS","queryFamilyIds":["wnba.dominique-malonga.autograph-memorabilia"],"preliminaryRisks":[]}	{"status":"UNVERIFIED","verification":"native-browse-title-and-marketplace-images-only","frontVerified":false,"backVerified":false}	preliminary|bac7930fb0c3c53ee3	ebay|teddya|v1|137533160061|0	https://i.ebayimg.com/images/g/WLIAAeSw7RNqXj5A/s-l225.jpg	https://i.ebayimg.com/images/g/WLIAAeSw7RNqXj5A/s-l640.jpg	FALSE	FALSE	FALSE	FALSE	{}											UNASSESSED	[]	599.99	12																	INSUFFICIENT																	MANUAL REVIEW / UNPRICED	FALSE	FALSE	["exact_parallel_or_variation_not_verified","front_and_back_identity_not_verified","full_delivered_acquisition_cost_not_proven","identical_completed_sales_not_loaded","instacomp_exact_market_not_completed","owned_copy_exclusion_not_proven"]	{"endpoints":["wnba"],"candidateId":"ebay:v1|137533160061|0","listingItemId":"v1|137533160061|0","queryFamilyIds":["wnba.dominique-malonga.autograph-memorabilia"],"buyingOptions":["FIXED_PRICE","BEST_OFFER"],"condition":"Ungraded","itemCreationDate":"2026-07-20T15:39:14.000Z","itemEndDate":null,"imageUrls":["https://i.ebayimg.com/images/g/WLIAAeSw7RNqXj5A/s-l225.jpg","https://i.ebayimg.com/images/g/WLIAAeSw7RNqXj5A/s-l640.jpg"],"preliminaryScopeStatus":"DISCOVERY_SCOPE_PASS","preliminaryRisks":[]}
cand-s4-ebay-da0415db957cd1d991	dh-20260730T170046Z-7d4c2a91	4	2026-07-30T17:05:44.524826+00:00	WNBA / broad_professional_rookies	Dominique Malonga	professional_wnba_rookie_card	eBay	dnolan81		v1|147463397501|0	https://www.ebay.com/itm/147463397501?_skw=Dominique+Malonga+Seattle+Storm+WNBA+rookie+card&hash=item225580e07d%3Ag%3AtVoAAeSwrptqZry0	LIVE	Panini 2025 Donruss WNBA Rookie Dominique Holo Silver Malonga Seattle Storm	{"title":"Panini 2025 Donruss WNBA Rookie Dominique Holo Silver Malonga Seattle Storm ","preliminaryScopeStatus":"DISCOVERY_SCOPE_PASS","queryFamilyIds":["wnba.dominique-malonga.broad-professional-rookies"],"preliminaryRisks":[]}	{"status":"UNVERIFIED","verification":"native-browse-title-and-marketplace-images-only","frontVerified":false,"backVerified":false}	preliminary|da0415db957cd1d991	ebay|dnolan81|v1|147463397501|0	https://i.ebayimg.com/images/g/tVoAAeSwrptqZry0/s-l225.jpg	https://i.ebayimg.com/images/g/tVoAAeSwrptqZry0/s-l1600.jpg	FALSE	FALSE	FALSE	FALSE	{}											UNASSESSED	[]	1.29	0.98																	INSUFFICIENT																	MANUAL REVIEW / UNPRICED	FALSE	FALSE	["exact_parallel_or_variation_not_verified","front_and_back_identity_not_verified","full_delivered_acquisition_cost_not_proven","identical_completed_sales_not_loaded","instacomp_exact_market_not_completed","owned_copy_exclusion_not_proven"]	{"endpoints":["wnba"],"candidateId":"ebay:v1|147463397501|0","listingItemId":"v1|147463397501|0","queryFamilyIds":["wnba.dominique-malonga.broad-professional-rookies"],"buyingOptions":["FIXED_PRICE"],"condition":"Ungraded","itemCreationDate":"2026-07-27T02:05:18.000Z","itemEndDate":null,"imageUrls":["https://i.ebayimg.com/images/g/tVoAAeSwrptqZry0/s-l225.jpg","https://i.ebayimg.com/images/g/tVoAAeSwrptqZry0/s-l1600.jpg"],"preliminaryScopeStatus":"DISCOVERY_SCOPE_PASS","preliminaryRisks":[]}
cand-s4-ebay-a7178d348fd159db0a	dh-20260730T170046Z-7d4c2a91	4	2026-07-30T17:05:44.524826+00:00	WNBA / broad_professional_rookies	Dominique Malonga	professional_wnba_rookie_card	eBay	cardhunters101		v1|188591157737|0	https://www.ebay.com/itm/188591157737?_skw=Dominique+Malonga+Seattle+Storm+WNBA+rookie+card&hash=item2be8e8b1e9%3Ag%3ALHsAAeSwIDZqRsV0&amdata=enc%3AAQALAAABEACCtXRWQnOEpyOqnQQ8KGaDPEy3pWglKvrY2zS0JIMJV5nLBVmWFe24KSyZmBcSJtzpV7hz6y9Gl3nKN28nelhKdmiyGYbK2dL9aGH63Ev8gB0yNEtz0LhDCZFOrAXmYfvXfUsSb5HxrRlzkQcT1WRFQfJX3bqg%2Bi7lbHQbb%2FIY6VX5JdjtoQ1pEqojomXYAf00Hsg1PoW1nQ0lA5y5uPIj%2BuzsMv7GHtwKqHXYKTegiOXE26PZOBVhSbkSU%2BFVQXT23fw3i7svXDsXQbgmR0yVu4%2FFntesUPooF4Bxw6AGbde5DuHA%2FkDEggk800BZwerbUzAQQT5bkFfQfVHCGMtLdmue7sBNTXIoWie2x7Yu	LIVE	2025 Panini Prizm WNBA #SG-DM Dominique Malonga Signatures Tie-Dye /25	{"title":"2025 Panini Prizm WNBA #SG-DM Dominique Malonga Signatures Tie-Dye /25","preliminaryScopeStatus":"DISCOVERY_SCOPE_PASS","queryFamilyIds":["wnba.dominique-malonga.broad-professional-rookies"],"preliminaryRisks":[]}	{"status":"UNVERIFIED","verification":"native-browse-title-and-marketplace-images-only","frontVerified":false,"backVerified":false}	preliminary|a7178d348fd159db0a	ebay|cardhunters101|v1|188591157737|0	https://i.ebayimg.com/images/g/LHsAAeSwIDZqRsV0/s-l225.jpg	https://i.ebayimg.com/images/g/LHsAAeSwIDZqRsV0/s-l1600.jpg	FALSE	FALSE	FALSE	FALSE	{}											UNASSESSED	[]	250	10																	INSUFFICIENT																	MANUAL REVIEW / UNPRICED	FALSE	FALSE	["exact_parallel_or_variation_not_verified","front_and_back_identity_not_verified","full_delivered_acquisition_cost_not_proven","identical_completed_sales_not_loaded","instacomp_exact_market_not_completed","owned_copy_exclusion_not_proven"]	{"endpoints":["wnba"],"candidateId":"ebay:v1|188591157737|0","listingItemId":"v1|188591157737|0","queryFamilyIds":["wnba.dominique-malonga.broad-professional-rookies"],"buyingOptions":["FIXED_PRICE","BEST_OFFER"],"condition":"Ungraded","itemCreationDate":"2026-07-04T00:27:48.000Z","itemEndDate":null,"imageUrls":["https://i.ebayimg.com/images/g/LHsAAeSwIDZqRsV0/s-l225.jpg","https://i.ebayimg.com/images/g/LHsAAeSwIDZqRsV0/s-l1600.jpg"],"preliminaryScopeStatus":"DISCOVERY_SCOPE_PASS","preliminaryRisks":[]}
cand-s4-ebay-426dcbbaa73258eb67	dh-20260730T170046Z-7d4c2a91	4	2026-07-30T17:05:44.524826+00:00	WNBA / broad_professional_rookies	Dominique Malonga	professional_wnba_rookie_card	eBay	johnb_cards_and_things		v1|188681256240|0	https://www.ebay.com/itm/188681256240?_skw=Dominique+Malonga+Seattle+Storm+WNBA+rookie+card&hash=item2bee477d30%3Ag%3A4OAAAeSw1ihqYOZg	LIVE	Dominique Malonga 2025 Panini Select WNBA #60 Rookie Seattle Storm	{"title":"Dominique Malonga 2025 Panini Select WNBA #60 Rookie Seattle Storm","preliminaryScopeStatus":"IMAGE_OR_IDENTITY_REVIEW_REQUIRED","queryFamilyIds":["wnba.dominique-malonga.broad-professional-rookies"],"preliminaryRisks":["tier_not_proven_from_title_image_review_required"]}	{"status":"UNVERIFIED","verification":"native-browse-title-and-marketplace-images-only","frontVerified":false,"backVerified":false}	preliminary|426dcbbaa73258eb67	ebay|johnb_cards_and_things|v1|188681256240|0	https://i.ebayimg.com/images/g/4OAAAeSw1ihqYOZg/s-l225.jpg	https://i.ebayimg.com/images/g/4OAAAeSw1ihqYOZg/s-l960.jpg	FALSE	FALSE	FALSE	FALSE	{}											UNASSESSED	["tier_not_proven_from_title_image_review_required"]	1.79	0																	INSUFFICIENT																	MANUAL REVIEW / UNPRICED	FALSE	FALSE	["exact_parallel_or_variation_not_verified","front_and_back_identity_not_verified","full_delivered_acquisition_cost_not_proven","identical_completed_sales_not_loaded","instacomp_exact_market_not_completed","owned_copy_exclusion_not_proven","tier_not_proven_from_title_image_review_required"]	{"endpoints":["wnba"],"candidateId":"ebay:v1|188681256240|0","listingItemId":"v1|188681256240|0","queryFamilyIds":["wnba.dominique-malonga.broad-professional-rookies"],"buyingOptions":["FIXED_PRICE"],"condition":"Ungraded","itemCreationDate":"2026-07-22T15:46:44.000Z","itemEndDate":null,"imageUrls":["https://i.ebayimg.com/images/g/4OAAAeSw1ihqYOZg/s-l225.jpg","https://i.ebayimg.com/images/g/4OAAAeSw1ihqYOZg/s-l960.jpg"],"preliminaryScopeStatus":"IMAGE_OR_IDENTITY_REVIEW_REQUIRED","preliminaryRisks":["tier_not_proven_from_title_image_review_required"]}
cand-s4-ebay-9e637d41e389114bf8	dh-20260730T170046Z-7d4c2a91	4	2026-07-30T17:05:44.524826+00:00	WNBA / broad_professional_rookies	Dominique Malonga	professional_wnba_rookie_card	eBay	magglestreasures		v1|188708339195|0	https://www.ebay.com/itm/188708339195?_skw=Dominique+Malonga+Seattle+Storm+WNBA+rookie+card&hash=item2befe4bdfb%3Ai%3A188708339195	LIVE	2025 Panini Select WNBA #60 Dominique Malonga Rookie Seattle Storm	{"title":"2025 Panini Select WNBA #60 Dominique Malonga Rookie Seattle Storm","preliminaryScopeStatus":"IMAGE_OR_IDENTITY_REVIEW_REQUIRED","queryFamilyIds":["wnba.dominique-malonga.broad-professional-rookies"],"preliminaryRisks":["tier_not_proven_from_title_image_review_required"]}	{"status":"UNVERIFIED","verification":"native-browse-title-and-marketplace-images-only","frontVerified":false,"backVerified":false}	preliminary|9e637d41e389114bf8	ebay|magglestreasures|v1|188708339195|0			FALSE	FALSE	FALSE	FALSE	{}											UNASSESSED	["tier_not_proven_from_title_image_review_required"]	2	0																	INSUFFICIENT																	MANUAL REVIEW / UNPRICED	FALSE	FALSE	["exact_parallel_or_variation_not_verified","front_and_back_identity_not_verified","full_delivered_acquisition_cost_not_proven","identical_completed_sales_not_loaded","instacomp_exact_market_not_completed","owned_copy_exclusion_not_proven","tier_not_proven_from_title_image_review_required"]	{"endpoints":["wnba"],"candidateId":"ebay:v1|188708339195|0","listingItemId":"v1|188708339195|0","queryFamilyIds":["wnba.dominique-malonga.broad-professional-rookies"],"buyingOptions":["FIXED_PRICE","BEST_OFFER"],"condition":"Ungraded","itemCreationDate":"2026-07-28T17:33:23.000Z","itemEndDate":null,"imageUrls":[],"preliminaryScopeStatus":"IMAGE_OR_IDENTITY_REVIEW_REQUIRED","preliminaryRisks":["tier_not_proven_from_title_image_review_required"]}
cand-s4-ebay-df964ad89763d448d7	dh-20260730T170046Z-7d4c2a91	4	2026-07-30T17:05:44.524826+00:00	WNBA / broad_professional_rookies	Dominique Malonga	professional_wnba_rookie_card	eBay	j4avalos		v1|198507885606|0	https://www.ebay.com/itm/198507885606?_skw=Dominique+Malonga+Seattle+Storm+WNBA+rookie+card&hash=item2e37fdf426%3Ag%3AFc8AAeSwXRFqXDxl&amdata=enc%3AAQALAAABEACCtXRWQnOEpyOqnQQ8KGadfAVn0FsZj2JBvrVx3tzj6wbiqL3QSaiMjhAABN9RyLBNhDB3GmSVsjlUVGxk2tBvXHVH9FmBRJePkOAA7jV5e0EOQthdAU2u60PkvpKn6JworllzVPxpn%2FeJE1%2Fj3RbqirWy2i8PVScYjXw3D1yCAzu3MjYdHgxz6VTaU%2B%2Bdi%2Fo5MtMRkSg8tDaXqj6eEoCRerTSWt5U98SKPZoLB1DeMbItLDMA%2FgB72RCRT9R50mMWmcO4HdpA6%2BYaTk86AOVyuEdvFx5oVKmoW0ZiML9eAXyYd1qczFm%2B9GClWftnBTdQExtfisTWyKv6krkYMdnNyKWVog6XB4sHadbYh9Ll	LIVE	2025 WNBA National Treasures Dominique Malonga Bronze RPA /49 Seattle Storm	{"title":"2025 WNBA National Treasures Dominique Malonga Bronze RPA /49 Seattle Storm","preliminaryScopeStatus":"DISCOVERY_SCOPE_PASS","queryFamilyIds":["wnba.dominique-malonga.broad-professional-rookies"],"preliminaryRisks":[]}	{"status":"UNVERIFIED","verification":"native-browse-title-and-marketplace-images-only","frontVerified":false,"backVerified":false}	preliminary|df964ad89763d448d7	ebay|j4avalos|v1|198507885606|0	https://i.ebayimg.com/images/g/Fc8AAeSwXRFqXDxl/s-l225.jpg	https://i.ebayimg.com/images/g/Fc8AAeSwXRFqXDxl/s-l1600.jpg	FALSE	FALSE	FALSE	FALSE	{}											UNASSESSED	[]	500																		INSUFFICIENT																	MANUAL REVIEW / UNPRICED	FALSE	FALSE	["exact_parallel_or_variation_not_verified","front_and_back_identity_not_verified","full_delivered_acquisition_cost_not_proven","identical_completed_sales_not_loaded","instacomp_exact_market_not_completed","owned_copy_exclusion_not_proven"]	{"endpoints":["wnba"],"candidateId":"ebay:v1|198507885606|0","listingItemId":"v1|198507885606|0","queryFamilyIds":["wnba.dominique-malonga.broad-professional-rookies"],"buyingOptions":["FIXED_PRICE","BEST_OFFER"],"condition":"Ungraded","itemCreationDate":"2026-07-19T03:07:13.000Z","itemEndDate":null,"imageUrls":["https://i.ebayimg.com/images/g/Fc8AAeSwXRFqXDxl/s-l225.jpg","https://i.ebayimg.com/images/g/Fc8AAeSwXRFqXDxl/s-l1600.jpg"],"preliminaryScopeStatus":"DISCOVERY_SCOPE_PASS","preliminaryRisks":[]}
cand-s4-ebay-267f0efcd313e9882d	dh-20260730T170046Z-7d4c2a91	4	2026-07-30T17:05:44.524826+00:00	WNBA / broad_professional_rookies	Dominique Malonga	professional_wnba_rookie_card	eBay	seattlecentersports		v1|198514583793|0	https://www.ebay.com/itm/198514583793?_skw=Dominique+Malonga+Seattle+Storm+WNBA+rookie+card&hash=item2e386428f1%3Ag%3AOngAAeSw2S9qX9-E&amdata=enc%3AAQALAAABEACCtXRWQnOEpyOqnQQ8KGbUJW2N6jUDrfRGl8Z%2FWeT%2Faz5Q74zwwMUBBR6utufnGOJAtWkoGVCLpm8MZ9PehspWC49%2Fy5eMI3azzbsEWCKrr0dGPEmV8wo0uqiKNiSY7LSNRpwcASECuyMVi1ZDKV%2B1rR3iG1fSECLozcbOKrmivMgQ3Jq31WP2JQ3jfG6gsgZx3heTNeWx9jlq5kP9IUP2UJbrYHWQMkRhzngcA%2F73RRvqFi3FkBIdjpsFpEfKksaU9hZJaKaZ4%2B%2BivgfPMUqjnCOUV7HFFmTYNN65PrMLN5o%2BdTSXeYH%2FXrohNyeaZ%2BO88LCdJ6MV%2FvvYIWj5vechZF00k8z75FRFwx2B65KT	LIVE	Dominique Malonga Signed 2025 Panini Prizm WNBA Red Prizm /299 PSA 9/10 POP 1	{"title":"Dominique Malonga Signed 2025 Panini Prizm WNBA Red Prizm /299 PSA 9/10 POP 1","preliminaryScopeStatus":"DISCOVERY_SCOPE_PASS","queryFamilyIds":["wnba.dominique-malonga.broad-professional-rookies"],"preliminaryRisks":[]}	{"status":"UNVERIFIED","verification":"native-browse-title-and-marketplace-images-only","frontVerified":false,"backVerified":false}	preliminary|267f0efcd313e9882d	ebay|seattlecentersports|v1|198514583793|0	https://i.ebayimg.com/images/g/OngAAeSw2S9qX9-E/s-l225.jpg	https://i.ebayimg.com/images/g/OngAAeSw2S9qX9-E/s-l1600.jpg	FALSE	FALSE	FALSE	FALSE	{}											UNASSESSED	[]	749.99	10																	INSUFFICIENT																	MANUAL REVIEW / UNPRICED	FALSE	FALSE	["exact_parallel_or_variation_not_verified","front_and_back_identity_not_verified","full_delivered_acquisition_cost_not_proven","identical_completed_sales_not_loaded","instacomp_exact_market_not_completed","owned_copy_exclusion_not_proven"]	{"endpoints":["wnba"],"candidateId":"ebay:v1|198514583793|0","listingItemId":"v1|198514583793|0","queryFamilyIds":["wnba.dominique-malonga.broad-professional-rookies"],"buyingOptions":["FIXED_PRICE","BEST_OFFER"],"condition":"Graded","itemCreationDate":"2026-07-21T21:08:00.000Z","itemEndDate":null,"imageUrls":["https://i.ebayimg.com/images/g/OngAAeSw2S9qX9-E/s-l225.jpg","https://i.ebayimg.com/images/g/OngAAeSw2S9qX9-E/s-l1600.jpg"],"preliminaryScopeStatus":"DISCOVERY_SCOPE_PASS","preliminaryRisks":[]}
cand-s4-ebay-4bf2cdef984555ee8f	dh-20260730T170046Z-7d4c2a91	4	2026-07-30T17:05:44.524826+00:00	WNBA / broad_professional_rookies	Dominique Malonga	professional_wnba_rookie_card	eBay	chippr10jones		v1|236965365380|0	https://www.ebay.com/itm/236965365380?_skw=Dominique+Malonga+Seattle+Storm+WNBA+rookie+card&hash=item372c3c8684%3Ag%3AH90AAeSwe41qZtUZ	LIVE	2025 Panini Prizm WNBA - Dominique Malonga #8 - Groovy Seattle Storm	{"title":"2025 Panini Prizm WNBA - Dominique Malonga #8 - Groovy Seattle Storm","preliminaryScopeStatus":"DISCOVERY_SCOPE_PASS","queryFamilyIds":["wnba.dominique-malonga.broad-professional-rookies"],"preliminaryRisks":[]}	{"status":"UNVERIFIED","verification":"native-browse-title-and-marketplace-images-only","frontVerified":false,"backVerified":false}	preliminary|4bf2cdef984555ee8f	ebay|chippr10jones|v1|236965365380|0	https://i.ebayimg.com/images/g/H90AAeSwe41qZtUZ/s-l225.jpg	https://i.ebayimg.com/images/g/H90AAeSwe41qZtUZ/s-l1600.jpg	FALSE	FALSE	FALSE	FALSE	{}											UNASSESSED	[]	1.12	1.25																	INSUFFICIENT																	MANUAL REVIEW / UNPRICED	FALSE	FALSE	["exact_parallel_or_variation_not_verified","front_and_back_identity_not_verified","full_delivered_acquisition_cost_not_proven","identical_completed_sales_not_loaded","instacomp_exact_market_not_completed","owned_copy_exclusion_not_proven"]	{"endpoints":["wnba"],"candidateId":"ebay:v1|236965365380|0","listingItemId":"v1|236965365380|0","queryFamilyIds":["wnba.dominique-malonga.broad-professional-rookies"],"buyingOptions":["FIXED_PRICE","BEST_OFFER"],"condition":"Ungraded","itemCreationDate":"2026-07-27T03:49:11.000Z","itemEndDate":null,"imageUrls":["https://i.ebayimg.com/images/g/H90AAeSwe41qZtUZ/s-l225.jpg","https://i.ebayimg.com/images/g/H90AAeSwe41qZtUZ/s-l1600.jpg"],"preliminaryScopeStatus":"DISCOVERY_SCOPE_PASS","preliminaryRisks":[]}
cand-s4-ebay-d25054062b8a4e7afd	dh-20260730T170046Z-7d4c2a91	4	2026-07-30T17:05:44.524826+00:00	WNBA / autograph_memorabilia	Dominique Malonga	professional_wnba_rookie_autograph_memorabilia	eBay	littleshop2006		v1|278015903072|0	https://www.ebay.com/itm/278015903072?_skw=Dominique+Malonga+WNBA+rookie+autograph+auto+patch+memorabilia&hash=item40bb0a0560%3Ag%3AGPIAAeSwXbZqEj6u	LIVE	Dominique Malonga 2025 Select WNBA Purple Prizm RPA Auto Patch Rookie /99	{"title":"Dominique Malonga 2025 Select WNBA Purple Prizm RPA Auto Patch Rookie /99","preliminaryScopeStatus":"DISCOVERY_SCOPE_PASS","queryFamilyIds":["wnba.dominique-malonga.autograph-memorabilia"],"preliminaryRisks":[]}	{"status":"UNVERIFIED","verification":"native-browse-title-and-marketplace-images-only","frontVerified":false,"backVerified":false}	preliminary|d25054062b8a4e7afd	ebay|littleshop2006|v1|278015903072|0	https://i.ebayimg.com/images/g/GPIAAeSwXbZqEj6u/s-l225.jpg	https://i.ebayimg.com/images/g/GPIAAeSwXbZqEj6u/s-l1600.jpg	FALSE	FALSE	FALSE	FALSE	{}											UNASSESSED	[]	499.95	9.95																	INSUFFICIENT																	MANUAL REVIEW / UNPRICED	FALSE	FALSE	["exact_parallel_or_variation_not_verified","front_and_back_identity_not_verified","full_delivered_acquisition_cost_not_proven","identical_completed_sales_not_loaded","instacomp_exact_market_not_completed","owned_copy_exclusion_not_proven"]	{"endpoints":["wnba"],"candidateId":"ebay:v1|278015903072|0","listingItemId":"v1|278015903072|0","queryFamilyIds":["wnba.dominique-malonga.autograph-memorabilia"],"buyingOptions":["FIXED_PRICE","BEST_OFFER"],"condition":"Ungraded","itemCreationDate":"2026-05-23T23:58:26.000Z","itemEndDate":null,"imageUrls":["https://i.ebayimg.com/images/g/GPIAAeSwXbZqEj6u/s-l225.jpg","https://i.ebayimg.com/images/g/GPIAAeSwXbZqEj6u/s-l1600.jpg"],"preliminaryScopeStatus":"DISCOVERY_SCOPE_PASS","preliminaryRisks":[]}
cand-s4-ebay-db20a0f4eba9d4e997	dh-20260730T170046Z-7d4c2a91	4	2026-07-30T17:05:44.524826+00:00	WNBA / broad_professional_rookies	Dominique Malonga	professional_wnba_rookie_card	eBay	poker_nikki		v1|287307664574|0	https://www.ebay.com/itm/287307664574?_skw=Dominique+Malonga+Seattle+Storm+WNBA+rookie+card&hash=item42e4df0cbe%3Ag%3AOIoAAeSwZeRp9im-	LIVE	DOMINIQUE MALONGA 2025 PANINI PRIZM WNBA RED #226/299 RC VARIATION SEATTLE STORM	{"title":"DOMINIQUE MALONGA 2025 PANINI PRIZM WNBA RED #226/299 RC VARIATION SEATTLE STORM","preliminaryScopeStatus":"DISCOVERY_SCOPE_PASS","queryFamilyIds":["wnba.dominique-malonga.broad-professional-rookies"],"preliminaryRisks":[]}	{"status":"UNVERIFIED","verification":"native-browse-title-and-marketplace-images-only","frontVerified":false,"backVerified":false}	preliminary|db20a0f4eba9d4e997	ebay|poker_nikki|v1|287307664574|0	https://i.ebayimg.com/images/g/OIoAAeSwZeRp9im-/s-l225.jpg	https://i.ebayimg.com/images/g/OIoAAeSwZeRp9im-/s-l1600.jpg	FALSE	FALSE	FALSE	FALSE	{}											UNASSESSED	[]	12.95	1.99																	INSUFFICIENT																	MANUAL REVIEW / UNPRICED	FALSE	FALSE	["exact_parallel_or_variation_not_verified","front_and_back_identity_not_verified","full_delivered_acquisition_cost_not_proven","identical_completed_sales_not_loaded","instacomp_exact_market_not_completed","owned_copy_exclusion_not_proven"]	{"endpoints":["wnba"],"candidateId":"ebay:v1|287307664574|0","listingItemId":"v1|287307664574|0","queryFamilyIds":["wnba.dominique-malonga.broad-professional-rookies"],"buyingOptions":["FIXED_PRICE","BEST_OFFER"],"condition":"Ungraded","itemCreationDate":"2026-05-03T00:27:00.000Z","itemEndDate":null,"imageUrls":["https://i.ebayimg.com/images/g/OIoAAeSwZeRp9im-/s-l225.jpg","https://i.ebayimg.com/images/g/OIoAAeSwZeRp9im-/s-l1600.jpg"],"preliminaryScopeStatus":"DISCOVERY_SCOPE_PASS","preliminaryRisks":[]}
cand-s4-ebay-f00982aabc456c3d28	dh-20260730T170046Z-7d4c2a91	4	2026-07-30T17:05:44.524826+00:00	WNBA / broad_professional_rookies	Dominique Malonga	professional_wnba_rookie_card	eBay	oilybo-3		v1|287367136630|0	https://www.ebay.com/itm/287367136630?_skw=Dominique+Malonga+Seattle+Storm+WNBA+rookie+card&hash=item42e86a8576%3Ag%3A0TAAAeSwMrpqHMt5	LIVE	Dominique Malonga 2025 Panini Prizm WNBA #116 Seattle Storm Rookie Card RC	{"title":"Dominique Malonga 2025 Panini Prizm WNBA #116 Seattle Storm Rookie Card RC","preliminaryScopeStatus":"DISCOVERY_SCOPE_PASS","queryFamilyIds":["wnba.dominique-malonga.broad-professional-rookies"],"preliminaryRisks":[]}	{"status":"UNVERIFIED","verification":"native-browse-title-and-marketplace-images-only","frontVerified":false,"backVerified":false}	preliminary|f00982aabc456c3d28	ebay|oilybo-3|v1|287367136630|0	https://i.ebayimg.com/images/g/0TAAAeSwMrpqHMt5/s-l225.jpg	https://i.ebayimg.com/images/g/0TAAAeSwMrpqHMt5/s-l1600.jpg	FALSE	FALSE	FALSE	FALSE	{}											UNASSESSED	[]	1.5	0																	INSUFFICIENT																	MANUAL REVIEW / UNPRICED	FALSE	FALSE	["exact_parallel_or_variation_not_verified","front_and_back_identity_not_verified","full_delivered_acquisition_cost_not_proven","identical_completed_sales_not_loaded","instacomp_exact_market_not_completed","owned_copy_exclusion_not_proven"]	{"endpoints":["wnba"],"candidateId":"ebay:v1|287367136630|0","listingItemId":"v1|287367136630|0","queryFamilyIds":["wnba.dominique-malonga.broad-professional-rookies"],"buyingOptions":["FIXED_PRICE"],"condition":"Ungraded","itemCreationDate":"2026-06-01T10:16:10.000Z","itemEndDate":null,"imageUrls":["https://i.ebayimg.com/images/g/0TAAAeSwMrpqHMt5/s-l225.jpg","https://i.ebayimg.com/images/g/0TAAAeSwMrpqHMt5/s-l1600.jpg"],"preliminaryScopeStatus":"DISCOVERY_SCOPE_PASS","preliminaryRisks":[]}
cand-s4-ebay-0c99fc636f74f1ee72	dh-20260730T170046Z-7d4c2a91	4	2026-07-30T17:05:44.524826+00:00	WNBA / broad_professional_rookies	Dominique Malonga	professional_wnba_rookie_card	eBay	fathernson2210		v1|287434117638|0	https://www.ebay.com/itm/287434117638?_skw=Dominique+Malonga+Seattle+Storm+WNBA+rookie+card&hash=item42ec689206%3Ag%3ANWUAAeSwVu9qRswD	LIVE	2025 Panini Prizm WNBA #116 Dominique Malonga Rookie Card Seattle Storm	{"title":"2025 Panini Prizm WNBA #116 Dominique Malonga Rookie Card Seattle Storm","preliminaryScopeStatus":"DISCOVERY_SCOPE_PASS","queryFamilyIds":["wnba.dominique-malonga.broad-professional-rookies"],"preliminaryRisks":[]}	{"status":"UNVERIFIED","verification":"native-browse-title-and-marketplace-images-only","frontVerified":false,"backVerified":false}	preliminary|0c99fc636f74f1ee72	ebay|fathernson2210|v1|287434117638|0	https://i.ebayimg.com/images/g/NWUAAeSwVu9qRswD/s-l225.jpg	https://i.ebayimg.com/images/g/NWUAAeSwVu9qRswD/s-l1200.jpg	FALSE	FALSE	FALSE	FALSE	{}											UNASSESSED	[]	1.69	0																	INSUFFICIENT																	MANUAL REVIEW / UNPRICED	FALSE	FALSE	["exact_parallel_or_variation_not_verified","front_and_back_identity_not_verified","full_delivered_acquisition_cost_not_proven","identical_completed_sales_not_loaded","instacomp_exact_market_not_completed","owned_copy_exclusion_not_proven"]	{"endpoints":["wnba"],"candidateId":"ebay:v1|287434117638|0","listingItemId":"v1|287434117638|0","queryFamilyIds":["wnba.dominique-malonga.broad-professional-rookies"],"buyingOptions":["FIXED_PRICE"],"condition":"Ungraded","itemCreationDate":"2026-07-02T20:34:21.000Z","itemEndDate":null,"imageUrls":["https://i.ebayimg.com/images/g/NWUAAeSwVu9qRswD/s-l225.jpg","https://i.ebayimg.com/images/g/NWUAAeSwVu9qRswD/s-l1200.jpg"],"preliminaryScopeStatus":"DISCOVERY_SCOPE_PASS","preliminaryRisks":[]}
cand-s4-ebay-29b688282e971b4dc2	dh-20260730T170046Z-7d4c2a91	4	2026-07-30T17:05:44.524826+00:00	WNBA / broad_professional_rookies	Dominique Malonga	professional_wnba_rookie_card	eBay	bbargainbarnllc		v1|298539201480|0	https://www.ebay.com/itm/298539201480?_skw=Dominique+Malonga+Seattle+Storm+WNBA+rookie+card&hash=item458252b3c8%3Ag%3Ab-IAAeSwEFNqaI4f	LIVE	2025 Panini Select WNBA #60 Dominique Malonga Seattle Storm	{"title":"2025 Panini Select WNBA #60 Dominique Malonga Seattle Storm","preliminaryScopeStatus":"IMAGE_OR_IDENTITY_REVIEW_REQUIRED","queryFamilyIds":["wnba.dominique-malonga.broad-professional-rookies"],"preliminaryRisks":["tier_not_proven_from_title_image_review_required"]}	{"status":"UNVERIFIED","verification":"native-browse-title-and-marketplace-images-only","frontVerified":false,"backVerified":false}	preliminary|29b688282e971b4dc2	ebay|bbargainbarnllc|v1|298539201480|0	https://i.ebayimg.com/images/g/b-IAAeSwEFNqaI4f/s-l225.jpg	https://i.ebayimg.com/images/g/b-IAAeSwEFNqaI4f/s-l1600.jpg	FALSE	FALSE	FALSE	FALSE	{}											UNASSESSED	["tier_not_proven_from_title_image_review_required"]	1.49	0																	INSUFFICIENT																	MANUAL REVIEW / UNPRICED	FALSE	FALSE	["exact_parallel_or_variation_not_verified","front_and_back_identity_not_verified","full_delivered_acquisition_cost_not_proven","identical_completed_sales_not_loaded","instacomp_exact_market_not_completed","owned_copy_exclusion_not_proven","tier_not_proven_from_title_image_review_required"]	{"endpoints":["wnba"],"candidateId":"ebay:v1|298539201480|0","listingItemId":"v1|298539201480|0","queryFamilyIds":["wnba.dominique-malonga.broad-professional-rookies"],"buyingOptions":["FIXED_PRICE","BEST_OFFER"],"condition":"Ungraded","itemCreationDate":"2026-07-28T11:20:53.000Z","itemEndDate":null,"imageUrls":["https://i.ebayimg.com/images/g/b-IAAeSwEFNqaI4f/s-l225.jpg","https://i.ebayimg.com/images/g/b-IAAeSwEFNqaI4f/s-l1600.jpg"],"preliminaryScopeStatus":"IMAGE_OR_IDENTITY_REVIEW_REQUIRED","preliminaryRisks":["tier_not_proven_from_title_image_review_required"]}
cand-s4-ebay-d3543a24785dcc5bea	dh-20260730T170046Z-7d4c2a91	4	2026-07-30T17:05:44.524826+00:00	WNBA / broad_professional_rookies	Dominique Malonga	professional_wnba_rookie_card	eBay	jimmerrange		v1|306268464135|0	https://www.ebay.com/itm/306268464135?_skw=Dominique+Malonga+Seattle+Storm+WNBA+rookie+card&hash=item474f05e407%3Ag%3AZ6AAAOSws1RoCs51	LIVE	2025 Panini Instant WNBA Draft #2 Dominique Malonga Seattle Storm RC - QTY	{"title":"2025 Panini Instant WNBA Draft #2 Dominique Malonga Seattle Storm RC - QTY","preliminaryScopeStatus":"IMAGE_OR_IDENTITY_REVIEW_REQUIRED","queryFamilyIds":["wnba.dominique-malonga.broad-professional-rookies"],"preliminaryRisks":["tier_not_proven_from_title_image_review_required"]}	{"status":"UNVERIFIED","verification":"native-browse-title-and-marketplace-images-only","frontVerified":false,"backVerified":false}	preliminary|d3543a24785dcc5bea	ebay|jimmerrange|v1|306268464135|0	https://i.ebayimg.com/images/g/Z6AAAOSws1RoCs51/s-l225.jpg	https://i.ebayimg.com/images/g/Z6AAAOSws1RoCs51/s-l1200.jpg	FALSE	FALSE	FALSE	FALSE	{}											UNASSESSED	["tier_not_proven_from_title_image_review_required"]	6.45	0																	INSUFFICIENT																	MANUAL REVIEW / UNPRICED	FALSE	FALSE	["exact_parallel_or_variation_not_verified","front_and_back_identity_not_verified","full_delivered_acquisition_cost_not_proven","identical_completed_sales_not_loaded","instacomp_exact_market_not_completed","owned_copy_exclusion_not_proven","tier_not_proven_from_title_image_review_required"]	{"endpoints":["wnba"],"candidateId":"ebay:v1|306268464135|0","listingItemId":"v1|306268464135|0","queryFamilyIds":["wnba.dominique-malonga.broad-professional-rookies"],"buyingOptions":["FIXED_PRICE"],"condition":"Ungraded","itemCreationDate":"2025-04-24T23:52:09.000Z","itemEndDate":null,"imageUrls":["https://i.ebayimg.com/images/g/Z6AAAOSws1RoCs51/s-l225.jpg","https://i.ebayimg.com/images/g/Z6AAAOSws1RoCs51/s-l1200.jpg"],"preliminaryScopeStatus":"IMAGE_OR_IDENTITY_REVIEW_REQUIRED","preliminaryRisks":["tier_not_proven_from_title_image_review_required"]}
cand-s4-ebay-8c1aecf3661d24aaf0	dh-20260730T170046Z-7d4c2a91	4	2026-07-30T17:05:44.524826+00:00	WNBA / broad_professional_rookies	Dominique Malonga	professional_wnba_rookie_card	eBay	cardnerds1		v1|318634784866|0	https://www.ebay.com/itm/318634784866?_skw=Dominique+Malonga+Seattle+Storm+WNBA+rookie+card&hash=item4a301cf862%3Ag%3AbiQAAeSwwvJqZQQh	LIVE	2025 Panini Prizm WNBA #116 Dominique Malonga Storm RC Carolina Blue Prizm /125	{"title":"2025 Panini Prizm WNBA #116 Dominique Malonga Storm RC Carolina Blue Prizm /125","preliminaryScopeStatus":"DISCOVERY_SCOPE_PASS","queryFamilyIds":["wnba.dominique-malonga.broad-professional-rookies"],"preliminaryRisks":[]}	{"status":"UNVERIFIED","verification":"native-browse-title-and-marketplace-images-only","frontVerified":false,"backVerified":false}	preliminary|8c1aecf3661d24aaf0	ebay|cardnerds1|v1|318634784866|0	https://i.ebayimg.com/images/g/biQAAeSwwvJqZQQh/s-l225.jpg	https://i.ebayimg.com/images/g/biQAAeSwwvJqZQQh/s-l1600.jpg	FALSE	FALSE	FALSE	FALSE	{}											UNASSESSED	[]	38.99																		INSUFFICIENT																	MANUAL REVIEW / UNPRICED	FALSE	FALSE	["exact_parallel_or_variation_not_verified","front_and_back_identity_not_verified","full_delivered_acquisition_cost_not_proven","identical_completed_sales_not_loaded","instacomp_exact_market_not_completed","owned_copy_exclusion_not_proven"]	{"endpoints":["wnba"],"candidateId":"ebay:v1|318634784866|0","listingItemId":"v1|318634784866|0","queryFamilyIds":["wnba.dominique-malonga.broad-professional-rookies"],"buyingOptions":["FIXED_PRICE","BEST_OFFER"],"condition":"Ungraded","itemCreationDate":"2026-07-25T18:46:24.000Z","itemEndDate":null,"imageUrls":["https://i.ebayimg.com/images/g/biQAAeSwwvJqZQQh/s-l225.jpg","https://i.ebayimg.com/images/g/biQAAeSwwvJqZQQh/s-l1600.jpg"],"preliminaryScopeStatus":"DISCOVERY_SCOPE_PASS","preliminaryRisks":[]}
cand-s4-ebay-4a304b3b89dd77de87	dh-20260730T170046Z-7d4c2a91	4	2026-07-30T17:05:44.524826+00:00	WNBA / broad_professional_rookies	Dominique Malonga	professional_wnba_rookie_card	eBay	shorowe		v1|318648114382|0	https://www.ebay.com/itm/318648114382?_skw=Dominique+Malonga+Seattle+Storm+WNBA+rookie+card&hash=item4a30e85cce%3Ag%3A6A0AAeSwogFqaRyB	LIVE	2025 Panini Select WNBA Dominique Malonga Red Prizm /99 Auto RC SG-DM Storm	{"title":"2025 Panini Select WNBA Dominique Malonga Red Prizm /99 Auto RC SG-DM Storm","preliminaryScopeStatus":"DISCOVERY_SCOPE_PASS","queryFamilyIds":["wnba.dominique-malonga.broad-professional-rookies"],"preliminaryRisks":[]}	{"status":"UNVERIFIED","verification":"native-browse-title-and-marketplace-images-only","frontVerified":false,"backVerified":false}	preliminary|4a304b3b89dd77de87	ebay|shorowe|v1|318648114382|0	https://i.ebayimg.com/images/g/6A0AAeSwogFqaRyB/s-l225.jpg	https://i.ebayimg.com/images/g/6A0AAeSwogFqaRyB/s-l1600.jpg	FALSE	FALSE	FALSE	FALSE	{}											UNASSESSED	[]	63	7.5																	INSUFFICIENT																	MANUAL REVIEW / UNPRICED	FALSE	FALSE	["exact_parallel_or_variation_not_verified","front_and_back_identity_not_verified","full_delivered_acquisition_cost_not_proven","identical_completed_sales_not_loaded","instacomp_exact_market_not_completed","owned_copy_exclusion_not_proven"]	{"endpoints":["wnba"],"candidateId":"ebay:v1|318648114382|0","listingItemId":"v1|318648114382|0","queryFamilyIds":["wnba.dominique-malonga.broad-professional-rookies"],"buyingOptions":["FIXED_PRICE","BEST_OFFER"],"condition":"Ungraded","itemCreationDate":"2026-07-28T21:21:21.000Z","itemEndDate":null,"imageUrls":["https://i.ebayimg.com/images/g/6A0AAeSwogFqaRyB/s-l225.jpg","https://i.ebayimg.com/images/g/6A0AAeSwogFqaRyB/s-l1600.jpg"],"preliminaryScopeStatus":"DISCOVERY_SCOPE_PASS","preliminaryRisks":[]}
cand-s4-ebay-a7975d63f9133adf8e	dh-20260730T170046Z-7d4c2a91	4	2026-07-30T17:05:44.524826+00:00	WNBA / broad_professional_rookies	Dominique Malonga	professional_wnba_rookie_card	eBay	socal310cardz		v1|358843787541|0	https://www.ebay.com/itm/358843787541?_skw=Dominique+Malonga+Seattle+Storm+WNBA+rookie+card&hash=item538cc1a915%3Ag%3AY2EAAeSwe41qZVMP	LIVE	Panini 2025 Prizm WNBA Dominique Malonga Seattle Storm Rookie #144 Card	{"title":"Panini 2025 Prizm WNBA Dominique Malonga Seattle Storm Rookie #144 Card","preliminaryScopeStatus":"DISCOVERY_SCOPE_PASS","queryFamilyIds":["wnba.dominique-malonga.broad-professional-rookies"],"preliminaryRisks":[]}	{"status":"UNVERIFIED","verification":"native-browse-title-and-marketplace-images-only","frontVerified":false,"backVerified":false}	preliminary|a7975d63f9133adf8e	ebay|socal310cardz|v1|358843787541|0	https://i.ebayimg.com/images/g/Y2EAAeSwe41qZVMP/s-l225.jpg	https://i.ebayimg.com/images/g/Y2EAAeSwe41qZVMP/s-l1600.jpg	FALSE	FALSE	FALSE	FALSE	{}											UNASSESSED	[]	1																		INSUFFICIENT																	MANUAL REVIEW / UNPRICED	FALSE	FALSE	["exact_parallel_or_variation_not_verified","front_and_back_identity_not_verified","full_delivered_acquisition_cost_not_proven","identical_completed_sales_not_loaded","instacomp_exact_market_not_completed","owned_copy_exclusion_not_proven"]	{"endpoints":["wnba"],"candidateId":"ebay:v1|358843787541|0","listingItemId":"v1|358843787541|0","queryFamilyIds":["wnba.dominique-malonga.broad-professional-rookies"],"buyingOptions":["FIXED_PRICE","BEST_OFFER"],"condition":"Ungraded","itemCreationDate":"2026-07-26T00:22:27.000Z","itemEndDate":null,"imageUrls":["https://i.ebayimg.com/images/g/Y2EAAeSwe41qZVMP/s-l225.jpg","https://i.ebayimg.com/images/g/Y2EAAeSwe41qZVMP/s-l1600.jpg"],"preliminaryScopeStatus":"DISCOVERY_SCOPE_PASS","preliminaryRisks":[]}
cand-s4-ebay-c850a1ff709ffcfe0e	dh-20260730T170046Z-7d4c2a91	4	2026-07-30T17:05:44.524826+00:00	WNBA / autograph_memorabilia	Dominique Malonga	professional_wnba_rookie_autograph_memorabilia	eBay	awenterprises23		v1|366476586649|0	https://www.ebay.com/itm/366476586649?_skw=Dominique+Malonga+WNBA+rookie+autograph+auto+patch+memorabilia&hash=item5553b4ee99%3Ag%3AzWQAAeSwtZFqLU28	LIVE	DOMINIQUE MALONGA 2025 Panini Select WNBA ROOKIE PATCH AUTO SILVER SP Storm🔥🔥	{"title":"DOMINIQUE MALONGA 2025 Panini Select WNBA ROOKIE PATCH AUTO SILVER SP Storm🔥🔥","preliminaryScopeStatus":"DISCOVERY_SCOPE_PASS","queryFamilyIds":["wnba.dominique-malonga.autograph-memorabilia"],"preliminaryRisks":[]}	{"status":"UNVERIFIED","verification":"native-browse-title-and-marketplace-images-only","frontVerified":false,"backVerified":false}	preliminary|c850a1ff709ffcfe0e	ebay|awenterprises23|v1|366476586649|0	https://i.ebayimg.com/images/g/zWQAAeSwtZFqLU28/s-l225.jpg	https://i.ebayimg.com/images/g/zWQAAeSwtZFqLU28/s-l1600.jpg	FALSE	FALSE	FALSE	FALSE	{}											UNASSESSED	[]	99.95	5.95																	INSUFFICIENT																	MANUAL REVIEW / UNPRICED	FALSE	FALSE	["exact_parallel_or_variation_not_verified","front_and_back_identity_not_verified","full_delivered_acquisition_cost_not_proven","identical_completed_sales_not_loaded","instacomp_exact_market_not_completed","owned_copy_exclusion_not_proven"]	{"endpoints":["wnba"],"candidateId":"ebay:v1|366476586649|0","listingItemId":"v1|366476586649|0","queryFamilyIds":["wnba.dominique-malonga.autograph-memorabilia"],"buyingOptions":["FIXED_PRICE"],"condition":"Ungraded","itemCreationDate":"2026-06-13T12:33:15.000Z","itemEndDate":null,"imageUrls":["https://i.ebayimg.com/images/g/zWQAAeSwtZFqLU28/s-l225.jpg","https://i.ebayimg.com/images/g/zWQAAeSwtZFqLU28/s-l1600.jpg"],"preliminaryScopeStatus":"DISCOVERY_SCOPE_PASS","preliminaryRisks":[]}
cand-s4-ebay-128073055a09788517	dh-20260730T170046Z-7d4c2a91	4	2026-07-30T17:05:44.524826+00:00	WNBA / autograph_memorabilia	Dominique Malonga	professional_wnba_rookie_autograph_memorabilia	eBay	naughtyredbox		v1|377057931275|0	https://www.ebay.com/itm/377057931275?_skw=Dominique+Malonga+WNBA+rookie+autograph+auto+patch+memorabilia&hash=item57ca67700b%3Ag%3ADi8AAeSw8otpwdFK	LIVE	2025 Panini WNBA One And One Dominique Malonga Rookie Patch Auto #RJA-DM 05/10	{"title":"2025 Panini WNBA One And One Dominique Malonga Rookie Patch Auto #RJA-DM 05/10","preliminaryScopeStatus":"DISCOVERY_SCOPE_PASS","queryFamilyIds":["wnba.dominique-malonga.autograph-memorabilia"],"preliminaryRisks":[]}	{"status":"UNVERIFIED","verification":"native-browse-title-and-marketplace-images-only","frontVerified":false,"backVerified":false}	preliminary|128073055a09788517	ebay|naughtyredbox|v1|377057931275|0	https://i.ebayimg.com/images/g/Di8AAeSw8otpwdFK/s-l225.jpg	https://i.ebayimg.com/images/g/Di8AAeSw8otpwdFK/s-l1600.jpg	FALSE	FALSE	FALSE	FALSE	{}											UNASSESSED	[]	1699.99																		INSUFFICIENT																	MANUAL REVIEW / UNPRICED	FALSE	FALSE	["exact_parallel_or_variation_not_verified","front_and_back_identity_not_verified","full_delivered_acquisition_cost_not_proven","identical_completed_sales_not_loaded","instacomp_exact_market_not_completed","owned_copy_exclusion_not_proven"]	{"endpoints":["wnba"],"candidateId":"ebay:v1|377057931275|0","listingItemId":"v1|377057931275|0","queryFamilyIds":["wnba.dominique-malonga.autograph-memorabilia"],"buyingOptions":["FIXED_PRICE","BEST_OFFER"],"condition":"Ungraded","itemCreationDate":"2026-03-23T23:48:55.000Z","itemEndDate":null,"imageUrls":["https://i.ebayimg.com/images/g/Di8AAeSw8otpwdFK/s-l225.jpg","https://i.ebayimg.com/images/g/Di8AAeSw8otpwdFK/s-l1600.jpg"],"preliminaryScopeStatus":"DISCOVERY_SCOPE_PASS","preliminaryRisks":[]}
cand-s4-ebay-d3324250a7c31dc152	dh-20260730T170046Z-7d4c2a91	4	2026-07-30T17:05:44.524826+00:00	WNBA / broad_professional_rookies	Dominique Malonga	professional_wnba_rookie_card	eBay	imru59		v1|398038282862|0	https://www.ebay.com/itm/398038282862?_skw=Dominique+Malonga+Seattle+Storm+WNBA+rookie+card&hash=item5cacee326e%3Ag%3A26sAAeSwBfhqJc%7EY&amdata=enc%3AAQALAAABEACCtXRWQnOEpyOqnQQ8KGYAifV%2BH8EmObM5gdKOPskYXDdP7Y1QcthSdX%2BiPGUFEqZq0isRVcCPUDB7wJc01BNbGi%2BvGAu13mwT0Wn8tHQXGU0SpfXQJeQ6VlskARUmC6Yf9%2FnZwq8vrlQiWtkBhTuDMdDIDft%2FDYsbuBQ0ILlOG3yyKwozdq03noSihEblfB39rN9DFXkjkMz39NfzH5aouP4LrjeTr%2FCN8UMICFCo3xSRXfEaftm3NLoCaOGBAO9oGurQ2qMBclKWjGihbydpbKBzwJTfg4UgHZ5gwC7g5DwwQ31U6POR36KlapC7fhFhuuyxdwjEoNDl1zv%2FD%2BXrdsQW9Dk%2Bv7qJ6JZvX7mv	LIVE	2025 WNBA Select Signature Draft Selections 🏀 Dominique Malonga #DSS-DM 🔥 RC	{"title":"2025 WNBA Select Signature Draft Selections 🏀 Dominique Malonga #DSS-DM 🔥 RC","preliminaryScopeStatus":"DISCOVERY_SCOPE_PASS","queryFamilyIds":["wnba.dominique-malonga.broad-professional-rookies"],"preliminaryRisks":[]}	{"status":"UNVERIFIED","verification":"native-browse-title-and-marketplace-images-only","frontVerified":false,"backVerified":false}	preliminary|d3324250a7c31dc152	ebay|imru59|v1|398038282862|0	https://i.ebayimg.com/images/g/26sAAeSwBfhqJc~Y/s-l225.jpg	https://i.ebayimg.com/images/g/26sAAeSwBfhqJc~Y/s-l1600.jpg	FALSE	FALSE	FALSE	FALSE	{}											UNASSESSED	[]	100.78	6.17																	INSUFFICIENT																	MANUAL REVIEW / UNPRICED	FALSE	FALSE	["exact_parallel_or_variation_not_verified","front_and_back_identity_not_verified","full_delivered_acquisition_cost_not_proven","identical_completed_sales_not_loaded","instacomp_exact_market_not_completed","owned_copy_exclusion_not_proven"]	{"endpoints":["wnba"],"candidateId":"ebay:v1|398038282862|0","listingItemId":"v1|398038282862|0","queryFamilyIds":["wnba.dominique-malonga.broad-professional-rookies"],"buyingOptions":["FIXED_PRICE","BEST_OFFER"],"condition":"Ungraded","itemCreationDate":"2026-06-07T20:26:45.000Z","itemEndDate":null,"imageUrls":["https://i.ebayimg.com/images/g/26sAAeSwBfhqJc~Y/s-l225.jpg","https://i.ebayimg.com/images/g/26sAAeSwBfhqJc~Y/s-l1600.jpg"],"preliminaryScopeStatus":"DISCOVERY_SCOPE_PASS","preliminaryRisks":[]}
cand-s4-ebay-0ac27b754b57b2b768	dh-20260730T170046Z-7d4c2a91	4	2026-07-30T17:05:44.524826+00:00	WNBA / broad_professional_rookies	Dominique Malonga	professional_wnba_rookie_card	eBay	clydes_tavern		v1|398223827407|0	https://www.ebay.com/itm/398223827407?_skw=Dominique+Malonga+Seattle+Storm+WNBA+rookie+card&hash=item5cb7fd61cf%3Ag%3AnoQAAeSwPtpqRx0M	LIVE	2025 Panini Prizm WNBA #144 Dominique Malonga Seattle Storm RC	{"title":"2025 Panini Prizm WNBA #144 Dominique Malonga Seattle Storm RC","preliminaryScopeStatus":"DISCOVERY_SCOPE_PASS","queryFamilyIds":["wnba.dominique-malonga.broad-professional-rookies"],"preliminaryRisks":[]}	{"status":"UNVERIFIED","verification":"native-browse-title-and-marketplace-images-only","frontVerified":false,"backVerified":false}	preliminary|0ac27b754b57b2b768	ebay|clydes_tavern|v1|398223827407|0	https://i.ebayimg.com/images/g/noQAAeSwPtpqRx0M/s-l225.jpg	https://i.ebayimg.com/images/g/noQAAeSwPtpqRx0M/s-l1600.jpg	FALSE	FALSE	FALSE	FALSE	{}											UNASSESSED	[]	1.49	0																	INSUFFICIENT																	MANUAL REVIEW / UNPRICED	FALSE	FALSE	["exact_parallel_or_variation_not_verified","front_and_back_identity_not_verified","full_delivered_acquisition_cost_not_proven","identical_completed_sales_not_loaded","instacomp_exact_market_not_completed","owned_copy_exclusion_not_proven"]	{"endpoints":["wnba"],"candidateId":"ebay:v1|398223827407|0","listingItemId":"v1|398223827407|0","queryFamilyIds":["wnba.dominique-malonga.broad-professional-rookies"],"buyingOptions":["FIXED_PRICE"],"condition":"Ungraded","itemCreationDate":"2026-07-28T13:40:50.000Z","itemEndDate":null,"imageUrls":["https://i.ebayimg.com/images/g/noQAAeSwPtpqRx0M/s-l225.jpg","https://i.ebayimg.com/images/g/noQAAeSwPtpqRx0M/s-l1600.jpg"],"preliminaryScopeStatus":"DISCOVERY_SCOPE_PASS","preliminaryRisks":[]}
cand-s4-ebay-9838f658414f80eace	dh-20260730T170046Z-7d4c2a91	4	2026-07-30T17:05:44.524826+00:00	WNBA / broad_professional_rookies	Dominique Malonga	professional_wnba_rookie_card	eBay	alsportscards		v1|407013767153|0	https://www.ebay.com/itm/407013767153?_skw=Dominique+Malonga+Seattle+Storm+WNBA+rookie+card&hash=item5ec3e937f1%3Ag%3AxJ4AAeSwArRqNcdO&amdata=enc%3AAQALAAABEACCtXRWQnOEpyOqnQQ8KGY6IAa8WbmAOejEghD0vJitLNoHvLCZCFZEe1zOY2ebT20%2FshQQWkllK4S46G2loXJtxrJtDQjoViL81YsTn4oRGxiZVJejE34iKktaxvDs%2Fb9K%2BeUz1s5XOk5iUHmCS6hNYCAtF%2FspOsvzaJUhTevnW0sL%2BEWKAdLjx3Mst9IKWcK6SftzWtaDW4cKz8aRNS5WRD%2Fv9A1M0fYcSWygqnqBAk9JcPdZNzDNzciXC42Stmdj9Ifd2yN%2FnBFYOcElbPMuQALRoh5rsPO%2B4IzHyvr8XwcpF2dmxH2%2BMVfseDmRAFiZvRuiwnnYL42c0oZ7z6OLBUgr27xeniufGUHs3W83	LIVE	Dominique Malonga 2025 Prizm WNBA True Gold Fireworks /10 Storm Rookie RC #12	{"title":"Dominique Malonga 2025 Prizm WNBA True Gold Fireworks /10 Storm Rookie RC #12","preliminaryScopeStatus":"DISCOVERY_SCOPE_PASS","queryFamilyIds":["wnba.dominique-malonga.broad-professional-rookies"],"preliminaryRisks":[]}	{"status":"UNVERIFIED","verification":"native-browse-title-and-marketplace-images-only","frontVerified":false,"backVerified":false}	preliminary|9838f658414f80eace	ebay|alsportscards|v1|407013767153|0	https://i.ebayimg.com/images/g/xJ4AAeSwArRqNcdO/s-l225.jpg	https://i.ebayimg.com/images/g/xJ4AAeSwArRqNcdO/s-l1600.jpg	FALSE	FALSE	FALSE	FALSE	{}											UNASSESSED	[]	375	0																	INSUFFICIENT																	MANUAL REVIEW / UNPRICED	FALSE	FALSE	["exact_parallel_or_variation_not_verified","front_and_back_identity_not_verified","full_delivered_acquisition_cost_not_proven","identical_completed_sales_not_loaded","instacomp_exact_market_not_completed","owned_copy_exclusion_not_proven"]	{"endpoints":["wnba"],"candidateId":"ebay:v1|407013767153|0","listingItemId":"v1|407013767153|0","queryFamilyIds":["wnba.dominique-malonga.broad-professional-rookies"],"buyingOptions":["FIXED_PRICE","BEST_OFFER"],"condition":"Ungraded","itemCreationDate":"2026-06-19T22:50:08.000Z","itemEndDate":null,"imageUrls":["https://i.ebayimg.com/images/g/xJ4AAeSwArRqNcdO/s-l225.jpg","https://i.ebayimg.com/images/g/xJ4AAeSwArRqNcdO/s-l1600.jpg"],"preliminaryScopeStatus":"DISCOVERY_SCOPE_PASS","preliminaryRisks":[]}
cand-s4-ebay-6f850492c048e57aee	dh-20260730T170046Z-7d4c2a91	4	2026-07-30T17:05:44.524826+00:00	WNBA / broad_professional_rookies	Dominique Malonga	professional_wnba_rookie_card	eBay	thecaylincollective		v1|407108677225|0	https://www.ebay.com/itm/407108677225?_skw=Dominique+Malonga+Seattle+Storm+WNBA+rookie+card&hash=item5ec9916e69%3Ag%3A%7EPwAAeSwww5qa3N8	LIVE	Panini 2025 Prizm WNBA Dominique Malonga Rookie #116 Seattle Storm /175	{"title":"Panini 2025 Prizm WNBA Dominique Malonga Rookie #116 Seattle Storm /175","preliminaryScopeStatus":"DISCOVERY_SCOPE_PASS","queryFamilyIds":["wnba.dominique-malonga.broad-professional-rookies"],"preliminaryRisks":[]}	{"status":"UNVERIFIED","verification":"native-browse-title-and-marketplace-images-only","frontVerified":false,"backVerified":false}	preliminary|6f850492c048e57aee	ebay|thecaylincollective|v1|407108677225|0	https://i.ebayimg.com/images/g/~PwAAeSwww5qa3N8/s-l225.jpg	https://i.ebayimg.com/images/g/~PwAAeSwww5qa3N8/s-l1600.jpg	FALSE	FALSE	FALSE	FALSE	{}											UNASSESSED	[]	20																		INSUFFICIENT																	MANUAL REVIEW / UNPRICED	FALSE	FALSE	["exact_parallel_or_variation_not_verified","front_and_back_identity_not_verified","full_delivered_acquisition_cost_not_proven","identical_completed_sales_not_loaded","instacomp_exact_market_not_completed","owned_copy_exclusion_not_proven"]	{"endpoints":["wnba"],"candidateId":"ebay:v1|407108677225|0","listingItemId":"v1|407108677225|0","queryFamilyIds":["wnba.dominique-malonga.broad-professional-rookies"],"buyingOptions":["FIXED_PRICE","BEST_OFFER"],"condition":"Ungraded","itemCreationDate":"2026-07-30T15:54:27.000Z","itemEndDate":null,"imageUrls":["https://i.ebayimg.com/images/g/~PwAAeSwww5qa3N8/s-l225.jpg","https://i.ebayimg.com/images/g/~PwAAeSwww5qa3N8/s-l1600.jpg"],"preliminaryScopeStatus":"DISCOVERY_SCOPE_PASS","preliminaryRisks":[]}
cand-s4-ebay-45bff481d9fb5298c0	dh-20260730T170046Z-7d4c2a91	4	2026-07-30T17:05:44.524826+00:00	WNBA / autograph_memorabilia	Dominique Malonga	professional_wnba_rookie_autograph_memorabilia	eBay	matta_card_shop		v1|800081845971|0	https://www.ebay.com/itm/800081845971?_skw=Dominique+Malonga+WNBA+rookie+autograph+auto+patch+memorabilia&hash=itemba48981ed3%3Ag%3A%7EV4AAeSweGNqF5rj	LIVE	2025 Panini Select WNBA DOMINIQUE MALONGA ROOKIE PATCH AUTO SILVER SP Storm🔥🔥	{"title":"2025 Panini Select WNBA DOMINIQUE MALONGA ROOKIE PATCH AUTO SILVER SP Storm🔥🔥","preliminaryScopeStatus":"DISCOVERY_SCOPE_PASS","queryFamilyIds":["wnba.dominique-malonga.autograph-memorabilia"],"preliminaryRisks":[]}	{"status":"UNVERIFIED","verification":"native-browse-title-and-marketplace-images-only","frontVerified":false,"backVerified":false}	preliminary|45bff481d9fb5298c0	ebay|matta_card_shop|v1|800081845971|0	https://i.ebayimg.com/images/g/~V4AAeSweGNqF5rj/s-l225.jpg	https://i.ebayimg.com/images/g/~V4AAeSweGNqF5rj/s-l1600.jpg	FALSE	FALSE	FALSE	FALSE	{}											UNASSESSED	[]	129.99	5.99																	INSUFFICIENT																	MANUAL REVIEW / UNPRICED	FALSE	FALSE	["exact_parallel_or_variation_not_verified","front_and_back_identity_not_verified","full_delivered_acquisition_cost_not_proven","identical_completed_sales_not_loaded","instacomp_exact_market_not_completed","owned_copy_exclusion_not_proven"]	{"endpoints":["wnba"],"candidateId":"ebay:v1|800081845971|0","listingItemId":"v1|800081845971|0","queryFamilyIds":["wnba.dominique-malonga.autograph-memorabilia"],"buyingOptions":["FIXED_PRICE","BEST_OFFER"],"condition":"Ungraded","itemCreationDate":"2026-05-28T01:31:54.000Z","itemEndDate":null,"imageUrls":["https://i.ebayimg.com/images/g/~V4AAeSweGNqF5rj/s-l225.jpg","https://i.ebayimg.com/images/g/~V4AAeSweGNqF5rj/s-l1600.jpg"],"preliminaryScopeStatus":"DISCOVERY_SCOPE_PASS","preliminaryRisks":[]}
cand-s4-ebay-20d323bb3b294d8f2c	dh-20260730T170046Z-7d4c2a91	4	2026-07-30T17:05:44.524826+00:00	WNBA / broad_professional_rookies	Kiki Iriafen	professional_wnba_rookie_card	eBay	laur2992		v1|127993988997|0	https://www.ebay.com/itm/127993988997?_skw=Kiki+Iriafen+Washington+Mystics+WNBA+rookie+card&hash=item1dcd094785%3Ag%3A8R4AAeSw24RqZRgx	LIVE	2025 Select WNBA Basketball Kiki Iriafen Party Prizm Mystics Rookie Card #205	{"title":"2025 Select WNBA Basketball Kiki Iriafen Party Prizm Mystics Rookie Card #205","preliminaryScopeStatus":"DISCOVERY_SCOPE_PASS","queryFamilyIds":["wnba.kiki-iriafen.broad-professional-rookies"],"preliminaryRisks":[]}	{"status":"UNVERIFIED","verification":"native-browse-title-and-marketplace-images-only","frontVerified":false,"backVerified":false}	preliminary|20d323bb3b294d8f2c	ebay|laur2992|v1|127993988997|0	https://i.ebayimg.com/images/g/8R4AAeSw24RqZRgx/s-l225.jpg	https://i.ebayimg.com/images/g/8R4AAeSw24RqZRgx/s-l1600.jpg	FALSE	FALSE	FALSE	FALSE	{}											UNASSESSED	[]	35	5.17																	INSUFFICIENT																	MANUAL REVIEW / UNPRICED	FALSE	FALSE	["exact_parallel_or_variation_not_verified","front_and_back_identity_not_verified","full_delivered_acquisition_cost_not_proven","identical_completed_sales_not_loaded","instacomp_exact_market_not_completed","owned_copy_exclusion_not_proven"]	{"endpoints":["wnba"],"candidateId":"ebay:v1|127993988997|0","listingItemId":"v1|127993988997|0","queryFamilyIds":["wnba.kiki-iriafen.broad-professional-rookies"],"buyingOptions":["FIXED_PRICE","BEST_OFFER"],"condition":"Ungraded","itemCreationDate":"2026-07-25T20:12:45.000Z","itemEndDate":null,"imageUrls":["https://i.ebayimg.com/images/g/8R4AAeSw24RqZRgx/s-l225.jpg","https://i.ebayimg.com/images/g/8R4AAeSw24RqZRgx/s-l1600.jpg"],"preliminaryScopeStatus":"DISCOVERY_SCOPE_PASS","preliminaryRisks":[]}
cand-s4-ebay-7c69f355806d0196ce	dh-20260730T170046Z-7d4c2a91	4	2026-07-30T17:05:44.524826+00:00	WNBA / broad_professional_rookies	Kiki Iriafen	professional_wnba_rookie_card	eBay	mad2_5255		v1|137064857288|0	https://www.ebay.com/itm/137064857288?_skw=Kiki+Iriafen+Washington+Mystics+WNBA+rookie+card&hash=item1fe9b3bec8%3Ag%3ASEwAAeSwq9NpnIfT	LIVE	2025 Panini Prizm WNBA - Kiki Iriafen Blue Velocity #72 (RC) Washington Mystics	{"title":"2025 Panini Prizm WNBA - Kiki Iriafen Blue Velocity #72 (RC) Washington Mystics","preliminaryScopeStatus":"DISCOVERY_SCOPE_PASS","queryFamilyIds":["wnba.kiki-iriafen.broad-professional-rookies"],"preliminaryRisks":[]}	{"status":"UNVERIFIED","verification":"native-browse-title-and-marketplace-images-only","frontVerified":false,"backVerified":false}	preliminary|7c69f355806d0196ce	ebay|mad2_5255|v1|137064857288|0	https://i.ebayimg.com/images/g/SEwAAeSwq9NpnIfT/s-l225.jpg	https://i.ebayimg.com/images/g/SEwAAeSwq9NpnIfT/s-l1600.jpg	FALSE	FALSE	FALSE	FALSE	{}											UNASSESSED	[]	2.5	0																	INSUFFICIENT																	MANUAL REVIEW / UNPRICED	FALSE	FALSE	["exact_parallel_or_variation_not_verified","front_and_back_identity_not_verified","full_delivered_acquisition_cost_not_proven","identical_completed_sales_not_loaded","instacomp_exact_market_not_completed","owned_copy_exclusion_not_proven"]	{"endpoints":["wnba"],"candidateId":"ebay:v1|137064857288|0","listingItemId":"v1|137064857288|0","queryFamilyIds":["wnba.kiki-iriafen.broad-professional-rookies"],"buyingOptions":["FIXED_PRICE","BEST_OFFER"],"condition":"Ungraded","itemCreationDate":"2026-02-23T17:01:57.000Z","itemEndDate":null,"imageUrls":["https://i.ebayimg.com/images/g/SEwAAeSwq9NpnIfT/s-l225.jpg","https://i.ebayimg.com/images/g/SEwAAeSwq9NpnIfT/s-l1600.jpg"],"preliminaryScopeStatus":"DISCOVERY_SCOPE_PASS","preliminaryRisks":[]}
cand-s4-ebay-ba44a824217abf1b60	dh-20260730T170046Z-7d4c2a91	4	2026-07-30T17:05:44.524826+00:00	WNBA / broad_professional_rookies	Kiki Iriafen	professional_wnba_rookie_card	eBay	jeffo6160		v1|147450003758|0	https://www.ebay.com/itm/147450003758?_skw=Kiki+Iriafen+Washington+Mystics+WNBA+rookie+card&hash=item2254b4812e%3Ag%3AFvoAAeSwf4JqXoBK	LIVE	2025 Panini Prizm WNBA Silver Prizm #72 Kiki Iriafen RC Washington Mystics USC	{"title":"2025 Panini Prizm WNBA Silver Prizm #72 Kiki Iriafen RC Washington Mystics USC","preliminaryScopeStatus":"DISCOVERY_SCOPE_PASS","queryFamilyIds":["wnba.kiki-iriafen.broad-professional-rookies"],"preliminaryRisks":[]}	{"status":"UNVERIFIED","verification":"native-browse-title-and-marketplace-images-only","frontVerified":false,"backVerified":false}	preliminary|ba44a824217abf1b60	ebay|jeffo6160|v1|147450003758|0	https://i.ebayimg.com/images/g/FvoAAeSwf4JqXoBK/s-l225.jpg	https://i.ebayimg.com/images/g/FvoAAeSwf4JqXoBK/s-l1600.jpg	FALSE	FALSE	FALSE	FALSE	{}											UNASSESSED	[]	1.99																		INSUFFICIENT																	MANUAL REVIEW / UNPRICED	FALSE	FALSE	["exact_parallel_or_variation_not_verified","front_and_back_identity_not_verified","full_delivered_acquisition_cost_not_proven","identical_completed_sales_not_loaded","instacomp_exact_market_not_completed","owned_copy_exclusion_not_proven"]	{"endpoints":["wnba"],"candidateId":"ebay:v1|147450003758|0","listingItemId":"v1|147450003758|0","queryFamilyIds":["wnba.kiki-iriafen.broad-professional-rookies"],"buyingOptions":["FIXED_PRICE"],"condition":"Ungraded","itemCreationDate":"2026-07-20T20:09:27.000Z","itemEndDate":null,"imageUrls":["https://i.ebayimg.com/images/g/FvoAAeSwf4JqXoBK/s-l225.jpg","https://i.ebayimg.com/images/g/FvoAAeSwf4JqXoBK/s-l1600.jpg"],"preliminaryScopeStatus":"DISCOVERY_SCOPE_PASS","preliminaryRisks":[]}
cand-s4-ebay-0eb9c2a166fcf84d27	dh-20260730T170046Z-7d4c2a91	4	2026-07-30T17:05:44.524826+00:00	WNBA / broad_professional_rookies	Kiki Iriafen	professional_wnba_rookie_card	eBay	bgcards77		v1|147454811335|0	https://www.ebay.com/itm/147454811335?_skw=Kiki+Iriafen+Washington+Mystics+WNBA+rookie+card&hash=item2254fddcc7%3Ag%3A5FUAAeSwIX5qYTWL	LIVE	2025 Panini Prizm WNBA Kiki Iriafen Silver Prizm RC Rookie Washington Mystics	{"title":"2025 Panini Prizm WNBA Kiki Iriafen Silver Prizm RC Rookie Washington Mystics","preliminaryScopeStatus":"DISCOVERY_SCOPE_PASS","queryFamilyIds":["wnba.kiki-iriafen.broad-professional-rookies"],"preliminaryRisks":[]}	{"status":"UNVERIFIED","verification":"native-browse-title-and-marketplace-images-only","frontVerified":false,"backVerified":false}	preliminary|0eb9c2a166fcf84d27	ebay|bgcards77|v1|147454811335|0	https://i.ebayimg.com/images/g/5FUAAeSwIX5qYTWL/s-l225.jpg	https://i.ebayimg.com/images/g/5FUAAeSwIX5qYTWL/s-l1600.jpg	FALSE	FALSE	FALSE	FALSE	{}											UNASSESSED	[]	2.5																		INSUFFICIENT																	MANUAL REVIEW / UNPRICED	FALSE	FALSE	["exact_parallel_or_variation_not_verified","front_and_back_identity_not_verified","full_delivered_acquisition_cost_not_proven","identical_completed_sales_not_loaded","instacomp_exact_market_not_completed","owned_copy_exclusion_not_proven"]	{"endpoints":["wnba"],"candidateId":"ebay:v1|147454811335|0","listingItemId":"v1|147454811335|0","queryFamilyIds":["wnba.kiki-iriafen.broad-professional-rookies"],"buyingOptions":["FIXED_PRICE","BEST_OFFER"],"condition":"Ungraded","itemCreationDate":"2026-07-22T23:56:21.000Z","itemEndDate":null,"imageUrls":["https://i.ebayimg.com/images/g/5FUAAeSwIX5qYTWL/s-l225.jpg","https://i.ebayimg.com/images/g/5FUAAeSwIX5qYTWL/s-l1600.jpg"],"preliminaryScopeStatus":"DISCOVERY_SCOPE_PASS","preliminaryRisks":[]}
cand-s4-ebay-07ada3ad32caa563a8	dh-20260730T170046Z-7d4c2a91	4	2026-07-30T17:05:44.524826+00:00	WNBA / broad_professional_rookies	Kiki Iriafen	professional_wnba_rookie_card	eBay	bjbsportscards		v1|198136694577|0	https://www.ebay.com/itm/198136694577?_skw=Kiki+Iriafen+Washington+Mystics+WNBA+rookie+card&hash=item2e21de0731%3Ag%3ARI0AAeSwS2dpn36H	LIVE	2025 WNBA Prizm Kiki Iriafen Groovy Rookie Insert #15 Washington Mystics	{"title":"2025 WNBA Prizm Kiki Iriafen Groovy Rookie Insert #15 Washington Mystics","preliminaryScopeStatus":"DISCOVERY_SCOPE_PASS","queryFamilyIds":["wnba.kiki-iriafen.broad-professional-rookies"],"preliminaryRisks":[]}	{"status":"UNVERIFIED","verification":"native-browse-title-and-marketplace-images-only","frontVerified":false,"backVerified":false}	preliminary|07ada3ad32caa563a8	ebay|bjbsportscards|v1|198136694577|0	https://i.ebayimg.com/images/g/RI0AAeSwS2dpn36H/s-l225.jpg	https://i.ebayimg.com/images/g/RI0AAeSwS2dpn36H/s-l1600.jpg	FALSE	FALSE	FALSE	FALSE	{}											UNASSESSED	[]	1																		INSUFFICIENT																	MANUAL REVIEW / UNPRICED	FALSE	FALSE	["exact_parallel_or_variation_not_verified","front_and_back_identity_not_verified","full_delivered_acquisition_cost_not_proven","identical_completed_sales_not_loaded","instacomp_exact_market_not_completed","owned_copy_exclusion_not_proven"]	{"endpoints":["wnba"],"candidateId":"ebay:v1|198136694577|0","listingItemId":"v1|198136694577|0","queryFamilyIds":["wnba.kiki-iriafen.broad-professional-rookies"],"buyingOptions":["FIXED_PRICE"],"condition":"Ungraded","itemCreationDate":"2026-02-25T22:59:07.000Z","itemEndDate":null,"imageUrls":["https://i.ebayimg.com/images/g/RI0AAeSwS2dpn36H/s-l225.jpg","https://i.ebayimg.com/images/g/RI0AAeSwS2dpn36H/s-l1600.jpg"],"preliminaryScopeStatus":"DISCOVERY_SCOPE_PASS","preliminaryRisks":[]}
cand-s4-ebay-791e696e1440d445e0	dh-20260730T170046Z-7d4c2a91	4	2026-07-30T17:05:44.524826+00:00	WNBA / broad_professional_rookies	Kiki Iriafen	professional_wnba_rookie_card	eBay	veteran-owned-sold-sportcards		v1|198460944538|0	https://www.ebay.com/itm/198460944538?_skw=Kiki+Iriafen+Washington+Mystics+WNBA+rookie+card&hash=item2e3531b09a%3Ag%3ADGcAAeSwWtdqQccA&amdata=enc%3AAQALAAABEACCtXRWQnOEpyOqnQQ8KGYVAO%2Fhf8bDlr6FeQ3nvTVYEgK1iU4LjAQMRcQMiLh4sze%2FlCajGUzQcW7c3u9OOdr8lbAcp0JQiNHPzo6aCXUa12kJ5wUrkQ4R4kIaRBjEEVY3vUaQCIbOpNcl1AN%2FBoo3d%2FnU%2BWgWzgoFZPerY%2FPFMgOk%2F0W57YVjJ2rVdGzMkVkF7JVsLw0RjngPBBKuPRPFfg3ng%2BUhL2veEoaiomGjD05VMZXlxnDYNRTEHvJnRNkem3mrxhBxtKFNfZHYdh5ZR7WBuzeoVxnp6EYHr%2BlCgrYT3KIm2Pg8tiKeKIDdi1LORQBkTFesebZTNIMFWJST4UJCGilN88PVALo%2FNwKc	LIVE	2025 Donruss WNBA Rated Rookie Kiki Iriafen Auto Black Gold Lazer Gem 9 POP1	{"title":"2025 Donruss WNBA Rated Rookie Kiki Iriafen Auto Black Gold Lazer Gem 9 POP1","preliminaryScopeStatus":"DISCOVERY_SCOPE_PASS","queryFamilyIds":["wnba.kiki-iriafen.broad-professional-rookies"],"preliminaryRisks":[]}	{"status":"UNVERIFIED","verification":"native-browse-title-and-marketplace-images-only","frontVerified":false,"backVerified":false}	preliminary|791e696e1440d445e0	ebay|veteran-owned-sold-sportcards|v1|198460944538|0	https://i.ebayimg.com/images/g/DGcAAeSwWtdqQccA/s-l225.jpg	https://i.ebayimg.com/images/g/DGcAAeSwWtdqQccA/s-l1600.jpg	FALSE	FALSE	FALSE	FALSE	{}											UNASSESSED	[]	299.99	7																	INSUFFICIENT																	MANUAL REVIEW / UNPRICED	FALSE	FALSE	["exact_parallel_or_variation_not_verified","front_and_back_identity_not_verified","full_delivered_acquisition_cost_not_proven","identical_completed_sales_not_loaded","instacomp_exact_market_not_completed","owned_copy_exclusion_not_proven"]	{"endpoints":["wnba"],"candidateId":"ebay:v1|198460944538|0","listingItemId":"v1|198460944538|0","queryFamilyIds":["wnba.kiki-iriafen.broad-professional-rookies"],"buyingOptions":["FIXED_PRICE","BEST_OFFER"],"condition":"Graded","itemCreationDate":"2026-06-28T22:44:13.000Z","itemEndDate":null,"imageUrls":["https://i.ebayimg.com/images/g/DGcAAeSwWtdqQccA/s-l225.jpg","https://i.ebayimg.com/images/g/DGcAAeSwWtdqQccA/s-l1600.jpg"],"preliminaryScopeStatus":"DISCOVERY_SCOPE_PASS","preliminaryRisks":[]}
cand-s4-ebay-64435f6ade6c82f220	dh-20260730T170046Z-7d4c2a91	4	2026-07-30T17:05:44.524826+00:00	WNBA / broad_professional_rookies	Kiki Iriafen	professional_wnba_rookie_card	eBay	jschn372		v1|236912428308|0	https://www.ebay.com/itm/236912428308?_skw=Kiki+Iriafen+Washington+Mystics+WNBA+rookie+card&hash=item372914c514%3Ag%3AhTwAAeSwRQtqRo6E	LIVE	2025 Panini Prizm WNBA #72 Kiki Iriafen RC Silver Prizm Washington Mystics	{"title":"2025 Panini Prizm WNBA #72 Kiki Iriafen RC Silver Prizm Washington Mystics","preliminaryScopeStatus":"DISCOVERY_SCOPE_PASS","queryFamilyIds":["wnba.kiki-iriafen.broad-professional-rookies"],"preliminaryRisks":[]}	{"status":"UNVERIFIED","verification":"native-browse-title-and-marketplace-images-only","frontVerified":false,"backVerified":false}	preliminary|64435f6ade6c82f220	ebay|jschn372|v1|236912428308|0	https://i.ebayimg.com/images/g/hTwAAeSwRQtqRo6E/s-l225.jpg	https://i.ebayimg.com/images/g/hTwAAeSwRQtqRo6E/s-l1600.jpg	FALSE	FALSE	FALSE	FALSE	{}											UNASSESSED	[]	1.99																		INSUFFICIENT																	MANUAL REVIEW / UNPRICED	FALSE	FALSE	["exact_parallel_or_variation_not_verified","front_and_back_identity_not_verified","full_delivered_acquisition_cost_not_proven","identical_completed_sales_not_loaded","instacomp_exact_market_not_completed","owned_copy_exclusion_not_proven"]	{"endpoints":["wnba"],"candidateId":"ebay:v1|236912428308|0","listingItemId":"v1|236912428308|0","queryFamilyIds":["wnba.kiki-iriafen.broad-professional-rookies"],"buyingOptions":["FIXED_PRICE","BEST_OFFER"],"condition":"Ungraded","itemCreationDate":"2026-07-02T16:17:24.000Z","itemEndDate":null,"imageUrls":["https://i.ebayimg.com/images/g/hTwAAeSwRQtqRo6E/s-l225.jpg","https://i.ebayimg.com/images/g/hTwAAeSwRQtqRo6E/s-l1600.jpg"],"preliminaryScopeStatus":"DISCOVERY_SCOPE_PASS","preliminaryRisks":[]}
cand-s4-ebay-881adaccedb81916e3	dh-20260730T170046Z-7d4c2a91	4	2026-07-30T17:05:44.524826+00:00	WNBA / autograph_memorabilia	Kiki Iriafen	professional_wnba_rookie_autograph_memorabilia	eBay	portellan		v1|257355201658|0	https://www.ebay.com/itm/257355201658?_skw=Kiki+Iriafen+WNBA+rookie+autograph+auto+patch+memorabilia&hash=item3beb90bc7a%3Ag%3Ag%7EEAAeSw7l5pjF7I	LIVE	2025 Impeccable WNBA Kiki Iriafen Elegance RPA RC Rookie Patch On Card Auto /99	{"title":"2025 Impeccable WNBA Kiki Iriafen Elegance RPA RC Rookie Patch On Card Auto /99","preliminaryScopeStatus":"DISCOVERY_SCOPE_PASS","queryFamilyIds":["wnba.kiki-iriafen.autograph-memorabilia"],"preliminaryRisks":[]}	{"status":"UNVERIFIED","verification":"native-browse-title-and-marketplace-images-only","frontVerified":false,"backVerified":false}	preliminary|881adaccedb81916e3	ebay|portellan|v1|257355201658|0	https://i.ebayimg.com/images/g/g~EAAeSw7l5pjF7I/s-l225.jpg	https://i.ebayimg.com/images/g/g~EAAeSw7l5pjF7I/s-l1600.jpg	FALSE	FALSE	FALSE	FALSE	{}											UNASSESSED	[]	180																		INSUFFICIENT																	MANUAL REVIEW / UNPRICED	FALSE	FALSE	["exact_parallel_or_variation_not_verified","front_and_back_identity_not_verified","full_delivered_acquisition_cost_not_proven","identical_completed_sales_not_loaded","instacomp_exact_market_not_completed","owned_copy_exclusion_not_proven"]	{"endpoints":["wnba"],"candidateId":"ebay:v1|257355201658|0","listingItemId":"v1|257355201658|0","queryFamilyIds":["wnba.kiki-iriafen.autograph-memorabilia"],"buyingOptions":["FIXED_PRICE","BEST_OFFER"],"condition":"Ungraded","itemCreationDate":"2026-02-11T10:50:24.000Z","itemEndDate":null,"imageUrls":["https://i.ebayimg.com/images/g/g~EAAeSw7l5pjF7I/s-l225.jpg","https://i.ebayimg.com/images/g/g~EAAeSw7l5pjF7I/s-l1600.jpg"],"preliminaryScopeStatus":"DISCOVERY_SCOPE_PASS","preliminaryRisks":[]}
cand-s4-ebay-781bc9c8c20b570477	dh-20260730T170046Z-7d4c2a91	4	2026-07-30T17:05:44.524826+00:00	WNBA / broad_professional_rookies	Kiki Iriafen	professional_wnba_rookie_card	eBay	bluecollartradingpost		v1|257609013986|0	https://www.ebay.com/itm/257609013986?_skw=Kiki+Iriafen+Washington+Mystics+WNBA+rookie+card&hash=item3bfab19ae2%3Ag%3AftAAAeSwih1qTBUn	LIVE	2025 Panini Prizm WNBA Kiki Iriafen Rookie #149 Ice Prizms Washington Mystics	{"title":"2025 Panini Prizm WNBA Kiki Iriafen Rookie #149 Ice Prizms Washington Mystics","preliminaryScopeStatus":"DISCOVERY_SCOPE_PASS","queryFamilyIds":["wnba.kiki-iriafen.broad-professional-rookies"],"preliminaryRisks":[]}	{"status":"UNVERIFIED","verification":"native-browse-title-and-marketplace-images-only","frontVerified":false,"backVerified":false}	preliminary|781bc9c8c20b570477	ebay|bluecollartradingpost|v1|257609013986|0	https://i.ebayimg.com/images/g/ftAAAeSwih1qTBUn/s-l225.jpg	https://i.ebayimg.com/images/g/ftAAAeSwih1qTBUn/s-l1600.jpg	FALSE	FALSE	FALSE	FALSE	{}											UNASSESSED	[]	2.98	0																	INSUFFICIENT																	MANUAL REVIEW / UNPRICED	FALSE	FALSE	["exact_parallel_or_variation_not_verified","front_and_back_identity_not_verified","full_delivered_acquisition_cost_not_proven","identical_completed_sales_not_loaded","instacomp_exact_market_not_completed","owned_copy_exclusion_not_proven"]	{"endpoints":["wnba"],"candidateId":"ebay:v1|257609013986|0","listingItemId":"v1|257609013986|0","queryFamilyIds":["wnba.kiki-iriafen.broad-professional-rookies"],"buyingOptions":["FIXED_PRICE","BEST_OFFER"],"condition":"Ungraded","itemCreationDate":"2026-07-06T20:46:53.000Z","itemEndDate":null,"imageUrls":["https://i.ebayimg.com/images/g/ftAAAeSwih1qTBUn/s-l225.jpg","https://i.ebayimg.com/images/g/ftAAAeSwih1qTBUn/s-l1600.jpg"],"preliminaryScopeStatus":"DISCOVERY_SCOPE_PASS","preliminaryRisks":[]}
cand-s4-ebay-d2ebc81b9dd92c0a11	dh-20260730T170046Z-7d4c2a91	4	2026-07-30T17:05:44.524826+00:00	WNBA / broad_professional_rookies	Kiki Iriafen	professional_wnba_rookie_card	eBay	jsomm003		v1|257615520972|0	https://www.ebay.com/itm/257615520972?_skw=Kiki+Iriafen+Washington+Mystics+WNBA+rookie+card&hash=item3bfb14e4cc%3Ag%3AntIAAeSwK8xqUF0p	LIVE	2025 Panini WNBA Prizm Kiki Iriafen RC Cherry Blossom FOTL Rookie #/20 Mystics	{"title":"2025 Panini WNBA Prizm Kiki Iriafen RC Cherry Blossom FOTL Rookie #/20 Mystics","preliminaryScopeStatus":"DISCOVERY_SCOPE_PASS","queryFamilyIds":["wnba.kiki-iriafen.broad-professional-rookies"],"preliminaryRisks":[]}	{"status":"UNVERIFIED","verification":"native-browse-title-and-marketplace-images-only","frontVerified":false,"backVerified":false}	preliminary|d2ebc81b9dd92c0a11	ebay|jsomm003|v1|257615520972|0	https://i.ebayimg.com/images/g/ntIAAeSwK8xqUF0p/s-l225.jpg	https://i.ebayimg.com/images/g/ntIAAeSwK8xqUF0p/s-l1600.jpg	FALSE	FALSE	FALSE	FALSE	{}											UNASSESSED	[]	250																		INSUFFICIENT																	MANUAL REVIEW / UNPRICED	FALSE	FALSE	["exact_parallel_or_variation_not_verified","front_and_back_identity_not_verified","full_delivered_acquisition_cost_not_proven","identical_completed_sales_not_loaded","instacomp_exact_market_not_completed","owned_copy_exclusion_not_proven"]	{"endpoints":["wnba"],"candidateId":"ebay:v1|257615520972|0","listingItemId":"v1|257615520972|0","queryFamilyIds":["wnba.kiki-iriafen.broad-professional-rookies"],"buyingOptions":["FIXED_PRICE","BEST_OFFER"],"condition":"Graded","itemCreationDate":"2026-07-10T02:48:20.000Z","itemEndDate":null,"imageUrls":["https://i.ebayimg.com/images/g/ntIAAeSwK8xqUF0p/s-l225.jpg","https://i.ebayimg.com/images/g/ntIAAeSwK8xqUF0p/s-l1600.jpg"],"preliminaryScopeStatus":"DISCOVERY_SCOPE_PASS","preliminaryRisks":[]}
cand-s4-ebay-ca810fe69b2c0e87fd	dh-20260730T170046Z-7d4c2a91	4	2026-07-30T17:05:44.524826+00:00	WNBA / broad_professional_rookies	Kiki Iriafen	professional_wnba_rookie_card	eBay	ccor3254		v1|267740955922|0	https://www.ebay.com/itm/267740955922?_skw=Kiki+Iriafen+Washington+Mystics+WNBA+rookie+card&hash=item3e569ac512%3Ag%3AZnMAAeSw2S9qZ%7EL7	LIVE	Kiki Iriafen #72 (RC) 2025 Panini WNBA Prizm Basketball - Washington Mystics  F	{"title":"Kiki Iriafen #72 (RC) 2025 Panini WNBA Prizm Basketball - Washington Mystics  F","preliminaryScopeStatus":"DISCOVERY_SCOPE_PASS","queryFamilyIds":["wnba.kiki-iriafen.broad-professional-rookies"],"preliminaryRisks":[]}	{"status":"UNVERIFIED","verification":"native-browse-title-and-marketplace-images-only","frontVerified":false,"backVerified":false}	preliminary|ca810fe69b2c0e87fd	ebay|ccor3254|v1|267740955922|0	https://i.ebayimg.com/images/g/ZnMAAeSw2S9qZ~L7/s-l225.jpg	https://i.ebayimg.com/images/g/ZnMAAeSw2S9qZ~L7/s-l1600.jpg	FALSE	FALSE	FALSE	FALSE	{}											UNASSESSED	[]	1.78	0																	INSUFFICIENT																	MANUAL REVIEW / UNPRICED	FALSE	FALSE	["exact_parallel_or_variation_not_verified","front_and_back_identity_not_verified","full_delivered_acquisition_cost_not_proven","identical_completed_sales_not_loaded","instacomp_exact_market_not_completed","owned_copy_exclusion_not_proven"]	{"endpoints":["wnba"],"candidateId":"ebay:v1|267740955922|0","listingItemId":"v1|267740955922|0","queryFamilyIds":["wnba.kiki-iriafen.broad-professional-rookies"],"buyingOptions":["FIXED_PRICE"],"condition":"Ungraded","itemCreationDate":"2026-07-28T00:16:30.000Z","itemEndDate":null,"imageUrls":["https://i.ebayimg.com/images/g/ZnMAAeSw2S9qZ~L7/s-l225.jpg","https://i.ebayimg.com/images/g/ZnMAAeSw2S9qZ~L7/s-l1600.jpg"],"preliminaryScopeStatus":"DISCOVERY_SCOPE_PASS","preliminaryRisks":[]}
cand-s4-ebay-a193948ba98e861c9b	dh-20260730T170046Z-7d4c2a91	4	2026-07-30T17:05:44.524826+00:00	WNBA / broad_professional_rookies	Kiki Iriafen	professional_wnba_rookie_card	eBay	sportscards615		v1|287492054501|0	https://www.ebay.com/itm/287492054501?_skw=Kiki+Iriafen+Washington+Mystics+WNBA+rookie+card&hash=item42efdc9de5%3Ag%3AXM0AAeSwqp1qaq2F	LIVE	KIKI IRIAFEN 2025 Prizm WNBA Fireworks Insert Washington Mystics Rookie #13 RC	{"title":"KIKI IRIAFEN 2025 Prizm WNBA Fireworks Insert Washington Mystics Rookie #13 RC","preliminaryScopeStatus":"DISCOVERY_SCOPE_PASS","queryFamilyIds":["wnba.kiki-iriafen.broad-professional-rookies"],"preliminaryRisks":[]}	{"status":"UNVERIFIED","verification":"native-browse-title-and-marketplace-images-only","frontVerified":false,"backVerified":false}	preliminary|a193948ba98e861c9b	ebay|sportscards615|v1|287492054501|0	https://i.ebayimg.com/images/g/XM0AAeSwqp1qaq2F/s-l225.jpg	https://i.ebayimg.com/images/g/XM0AAeSwqp1qaq2F/s-l1600.jpg	FALSE	FALSE	FALSE	FALSE	{}											UNASSESSED	[]	1.29																		INSUFFICIENT																	MANUAL REVIEW / UNPRICED	FALSE	FALSE	["exact_parallel_or_variation_not_verified","front_and_back_identity_not_verified","full_delivered_acquisition_cost_not_proven","identical_completed_sales_not_loaded","instacomp_exact_market_not_completed","owned_copy_exclusion_not_proven"]	{"endpoints":["wnba"],"candidateId":"ebay:v1|287492054501|0","listingItemId":"v1|287492054501|0","queryFamilyIds":["wnba.kiki-iriafen.broad-professional-rookies"],"buyingOptions":["FIXED_PRICE"],"condition":"Ungraded","itemCreationDate":"2026-07-30T01:49:56.000Z","itemEndDate":null,"imageUrls":["https://i.ebayimg.com/images/g/XM0AAeSwqp1qaq2F/s-l225.jpg","https://i.ebayimg.com/images/g/XM0AAeSwqp1qaq2F/s-l1600.jpg"],"preliminaryScopeStatus":"DISCOVERY_SCOPE_PASS","preliminaryRisks":[]}
cand-s4-ebay-cd22dff0eb6aced498	dh-20260730T170046Z-7d4c2a91	4	2026-07-30T17:05:44.524826+00:00	WNBA / broad_professional_rookies	Kiki Iriafen	professional_wnba_rookie_card	eBay	cardstopp3		v1|307093781015|0	https://www.ebay.com/itm/307093781015?_skw=Kiki+Iriafen+Washington+Mystics+WNBA+rookie+card&hash=item4780373a17%3Ag%3ABiMAAeSwEM5qag0E	LIVE	2025 WNBA DONRUSS KIKI IRIAFEN ROOKIE JERSEY MYSTICS	{"title":"2025 WNBA DONRUSS KIKI IRIAFEN ROOKIE JERSEY MYSTICS","preliminaryScopeStatus":"IMAGE_OR_IDENTITY_REVIEW_REQUIRED","queryFamilyIds":["wnba.kiki-iriafen.broad-professional-rookies"],"preliminaryRisks":["tier_not_proven_from_title_image_review_required"]}	{"status":"UNVERIFIED","verification":"native-browse-title-and-marketplace-images-only","frontVerified":false,"backVerified":false}	preliminary|cd22dff0eb6aced498	ebay|cardstopp3|v1|307093781015|0	https://i.ebayimg.com/images/g/BiMAAeSwEM5qag0E/s-l225.jpg	https://i.ebayimg.com/images/g/BiMAAeSwEM5qag0E/s-l1600.jpg	FALSE	FALSE	FALSE	FALSE	{}											UNASSESSED	["tier_not_proven_from_title_image_review_required"]	5.99	0.78																	INSUFFICIENT																	MANUAL REVIEW / UNPRICED	FALSE	FALSE	["exact_parallel_or_variation_not_verified","front_and_back_identity_not_verified","full_delivered_acquisition_cost_not_proven","identical_completed_sales_not_loaded","instacomp_exact_market_not_completed","owned_copy_exclusion_not_proven","tier_not_proven_from_title_image_review_required"]	{"endpoints":["wnba"],"candidateId":"ebay:v1|307093781015|0","listingItemId":"v1|307093781015|0","queryFamilyIds":["wnba.kiki-iriafen.broad-professional-rookies"],"buyingOptions":["FIXED_PRICE"],"condition":"Ungraded","itemCreationDate":"2026-07-29T14:24:14.000Z","itemEndDate":null,"imageUrls":["https://i.ebayimg.com/images/g/BiMAAeSwEM5qag0E/s-l225.jpg","https://i.ebayimg.com/images/g/BiMAAeSwEM5qag0E/s-l1600.jpg"],"preliminaryScopeStatus":"IMAGE_OR_IDENTITY_REVIEW_REQUIRED","preliminaryRisks":["tier_not_proven_from_title_image_review_required"]}
cand-s4-ebay-130f91de7674ea7b67	dh-20260730T170046Z-7d4c2a91	4	2026-07-30T17:05:44.524826+00:00	WNBA / autograph_memorabilia	Kiki Iriafen	professional_wnba_rookie_autograph_memorabilia	eBay	*sportscetera*		v1|336491030197|0	https://www.ebay.com/itm/336491030197?_skw=Kiki+Iriafen+WNBA+rookie+autograph+auto+patch+memorabilia&hash=item4e586da6b5%3Ag%3AXmEAAeSwAJlpvJP7	LIVE	2025 Panini WNBA One and One KIKI IRIAFEN 6/10 Gold Auto RPA 3 Color Patch	{"title":"2025 Panini WNBA One and One KIKI IRIAFEN 6/10 Gold Auto RPA 3 Color Patch","preliminaryScopeStatus":"DISCOVERY_SCOPE_PASS","queryFamilyIds":["wnba.kiki-iriafen.autograph-memorabilia"],"preliminaryRisks":[]}	{"status":"UNVERIFIED","verification":"native-browse-title-and-marketplace-images-only","frontVerified":false,"backVerified":false}	preliminary|130f91de7674ea7b67	ebay|*sportscetera*|v1|336491030197|0	https://i.ebayimg.com/images/g/XmEAAeSwAJlpvJP7/s-l225.jpg	https://i.ebayimg.com/images/g/XmEAAeSwAJlpvJP7/s-l1600.jpg	FALSE	FALSE	FALSE	FALSE	{}											UNASSESSED	[]	800																		INSUFFICIENT																	MANUAL REVIEW / UNPRICED	FALSE	FALSE	["exact_parallel_or_variation_not_verified","front_and_back_identity_not_verified","full_delivered_acquisition_cost_not_proven","identical_completed_sales_not_loaded","instacomp_exact_market_not_completed","owned_copy_exclusion_not_proven"]	{"endpoints":["wnba"],"candidateId":"ebay:v1|336491030197|0","listingItemId":"v1|336491030197|0","queryFamilyIds":["wnba.kiki-iriafen.autograph-memorabilia"],"buyingOptions":["FIXED_PRICE","BEST_OFFER"],"condition":"Ungraded","itemCreationDate":"2026-03-20T00:27:58.000Z","itemEndDate":null,"imageUrls":["https://i.ebayimg.com/images/g/XmEAAeSwAJlpvJP7/s-l225.jpg","https://i.ebayimg.com/images/g/XmEAAeSwAJlpvJP7/s-l1600.jpg"],"preliminaryScopeStatus":"DISCOVERY_SCOPE_PASS","preliminaryRisks":[]}
cand-s4-ebay-9b2d5dc05910418c6e	dh-20260730T170046Z-7d4c2a91	4	2026-07-30T17:05:44.524826+00:00	WNBA / autograph_memorabilia	Kiki Iriafen	professional_wnba_rookie_autograph_memorabilia	eBay	burks4263		v1|336624374416|0	https://www.ebay.com/itm/336624374416?_skw=Kiki+Iriafen+WNBA+rookie+autograph+auto+patch+memorabilia&hash=item4e60605290%3Ag%3APgkAAeSwROFqJG1C	LIVE	2025 PANINI WNBA ONE AND ONE ROOKIE PATCH AUTOGRAPH SP KIKI IRIAFEN 81/99	{"title":"2025 PANINI WNBA ONE AND ONE ROOKIE PATCH AUTOGRAPH SP KIKI IRIAFEN 81/99","preliminaryScopeStatus":"DISCOVERY_SCOPE_PASS","queryFamilyIds":["wnba.kiki-iriafen.autograph-memorabilia"],"preliminaryRisks":[]}	{"status":"UNVERIFIED","verification":"native-browse-title-and-marketplace-images-only","frontVerified":false,"backVerified":false}	preliminary|9b2d5dc05910418c6e	ebay|burks4263|v1|336624374416|0	https://i.ebayimg.com/images/g/PgkAAeSwROFqJG1C/s-l225.jpg	https://i.ebayimg.com/images/g/PgkAAeSwROFqJG1C/s-l1600.jpg	FALSE	FALSE	FALSE	FALSE	{}											UNASSESSED	[]	109.99																		INSUFFICIENT																	MANUAL REVIEW / UNPRICED	FALSE	FALSE	["exact_parallel_or_variation_not_verified","front_and_back_identity_not_verified","full_delivered_acquisition_cost_not_proven","identical_completed_sales_not_loaded","instacomp_exact_market_not_completed","owned_copy_exclusion_not_proven"]	{"endpoints":["wnba"],"candidateId":"ebay:v1|336624374416|0","listingItemId":"v1|336624374416|0","queryFamilyIds":["wnba.kiki-iriafen.autograph-memorabilia"],"buyingOptions":["FIXED_PRICE","BEST_OFFER"],"condition":"Ungraded","itemCreationDate":"2026-06-06T19:00:13.000Z","itemEndDate":null,"imageUrls":["https://i.ebayimg.com/images/g/PgkAAeSwROFqJG1C/s-l225.jpg","https://i.ebayimg.com/images/g/PgkAAeSwROFqJG1C/s-l1600.jpg"],"preliminaryScopeStatus":"DISCOVERY_SCOPE_PASS","preliminaryRisks":[]}
cand-s4-ebay-f6763a17eef306a0fa	dh-20260730T170046Z-7d4c2a91	4	2026-07-30T17:05:44.524826+00:00	WNBA / broad_professional_rookies	Kiki Iriafen	professional_wnba_rookie_card	eBay	clintschmidt		v1|336712510583|0	https://www.ebay.com/itm/336712510583?_skw=Kiki+Iriafen+Washington+Mystics+WNBA+rookie+card&hash=item4e65a12c77%3Ag%3A0aEAAeSwDCFqaESR	LIVE	2025 Panini Prizm WNBA Kiki Iriafen Rookie RC #149 Washington Mystics	{"title":"2025 Panini Prizm WNBA Kiki Iriafen Rookie RC #149 Washington Mystics","preliminaryScopeStatus":"DISCOVERY_SCOPE_PASS","queryFamilyIds":["wnba.kiki-iriafen.broad-professional-rookies"],"preliminaryRisks":[]}	{"status":"UNVERIFIED","verification":"native-browse-title-and-marketplace-images-only","frontVerified":false,"backVerified":false}	preliminary|f6763a17eef306a0fa	ebay|clintschmidt|v1|336712510583|0	https://i.ebayimg.com/images/g/0aEAAeSwDCFqaESR/s-l225.jpg	https://i.ebayimg.com/images/g/0aEAAeSwDCFqaESR/s-l1600.jpg	FALSE	FALSE	FALSE	FALSE	{}											UNASSESSED	[]	3.63																		INSUFFICIENT																	MANUAL REVIEW / UNPRICED	FALSE	FALSE	["exact_parallel_or_variation_not_verified","front_and_back_identity_not_verified","full_delivered_acquisition_cost_not_proven","identical_completed_sales_not_loaded","instacomp_exact_market_not_completed","owned_copy_exclusion_not_proven"]	{"endpoints":["wnba"],"candidateId":"ebay:v1|336712510583|0","listingItemId":"v1|336712510583|0","queryFamilyIds":["wnba.kiki-iriafen.broad-professional-rookies"],"buyingOptions":["FIXED_PRICE","BEST_OFFER"],"condition":"Ungraded","itemCreationDate":"2026-07-28T05:57:44.000Z","itemEndDate":null,"imageUrls":["https://i.ebayimg.com/images/g/0aEAAeSwDCFqaESR/s-l225.jpg","https://i.ebayimg.com/images/g/0aEAAeSwDCFqaESR/s-l1600.jpg"],"preliminaryScopeStatus":"DISCOVERY_SCOPE_PASS","preliminaryRisks":[]}
cand-s4-ebay-5858149b65dc7f6384	dh-20260730T170046Z-7d4c2a91	4	2026-07-30T17:05:44.524826+00:00	WNBA / broad_professional_rookies	Kiki Iriafen	professional_wnba_rookie_card	eBay	silentsword45		v1|358859238456|0	https://www.ebay.com/itm/358859238456?_skw=Kiki+Iriafen+Washington+Mystics+WNBA+rookie+card&hash=item538dad6c38%3Ag%3Ao5QAAeSwHjNqaljJ	LIVE	2025 Panini Prizm WNBA - Kiki Iriafen #149 Green Prizm (RC) Rookie Mystics	{"title":"2025 Panini Prizm WNBA - Kiki Iriafen #149 Green Prizm (RC) Rookie Mystics","preliminaryScopeStatus":"DISCOVERY_SCOPE_PASS","queryFamilyIds":["wnba.kiki-iriafen.broad-professional-rookies"],"preliminaryRisks":[]}	{"status":"UNVERIFIED","verification":"native-browse-title-and-marketplace-images-only","frontVerified":false,"backVerified":false}	preliminary|5858149b65dc7f6384	ebay|silentsword45|v1|358859238456|0	https://i.ebayimg.com/images/g/o5QAAeSwHjNqaljJ/s-l225.jpg	https://i.ebayimg.com/images/g/o5QAAeSwHjNqaljJ/s-l1200.jpg	FALSE	FALSE	FALSE	FALSE	{}											UNASSESSED	[]	1.99	1.36																	INSUFFICIENT																	MANUAL REVIEW / UNPRICED	FALSE	FALSE	["exact_parallel_or_variation_not_verified","front_and_back_identity_not_verified","full_delivered_acquisition_cost_not_proven","identical_completed_sales_not_loaded","instacomp_exact_market_not_completed","owned_copy_exclusion_not_proven"]	{"endpoints":["wnba"],"candidateId":"ebay:v1|358859238456|0","listingItemId":"v1|358859238456|0","queryFamilyIds":["wnba.kiki-iriafen.broad-professional-rookies"],"buyingOptions":["FIXED_PRICE","BEST_OFFER"],"condition":"Ungraded","itemCreationDate":"2026-07-29T19:47:58.000Z","itemEndDate":null,"imageUrls":["https://i.ebayimg.com/images/g/o5QAAeSwHjNqaljJ/s-l225.jpg","https://i.ebayimg.com/images/g/o5QAAeSwHjNqaljJ/s-l1200.jpg"],"preliminaryScopeStatus":"DISCOVERY_SCOPE_PASS","preliminaryRisks":[]}
cand-s4-ebay-019c08a81a3eb9009d	dh-20260730T170046Z-7d4c2a91	4	2026-07-30T17:05:44.524826+00:00	WNBA / broad_professional_rookies	Kiki Iriafen	professional_wnba_rookie_card	eBay	ricbilde_0		v1|366472213448|0	https://www.ebay.com/itm/366472213448?_skw=Kiki+Iriafen+Washington+Mystics+WNBA+rookie+card&hash=item55537233c8%3Ag%3A1g8AAeSwKQhqKE-K	LIVE	2025 Panini Prizm WNBA Kiki Iriafen Fireworks #13 Rookie RC Washington Mystics	{"title":"2025 Panini Prizm WNBA Kiki Iriafen Fireworks #13 Rookie RC Washington Mystics","preliminaryScopeStatus":"DISCOVERY_SCOPE_PASS","queryFamilyIds":["wnba.kiki-iriafen.broad-professional-rookies"],"preliminaryRisks":[]}	{"status":"UNVERIFIED","verification":"native-browse-title-and-marketplace-images-only","frontVerified":false,"backVerified":false}	preliminary|019c08a81a3eb9009d	ebay|ricbilde_0|v1|366472213448|0	https://i.ebayimg.com/images/g/1g8AAeSwKQhqKE-K/s-l225.jpg	https://i.ebayimg.com/images/g/1g8AAeSwKQhqKE-K/s-l1600.jpg	FALSE	FALSE	FALSE	FALSE	{}											UNASSESSED	[]	1.88	0																	INSUFFICIENT																	MANUAL REVIEW / UNPRICED	FALSE	FALSE	["exact_parallel_or_variation_not_verified","front_and_back_identity_not_verified","full_delivered_acquisition_cost_not_proven","identical_completed_sales_not_loaded","instacomp_exact_market_not_completed","owned_copy_exclusion_not_proven"]	{"endpoints":["wnba"],"candidateId":"ebay:v1|366472213448|0","listingItemId":"v1|366472213448|0","queryFamilyIds":["wnba.kiki-iriafen.broad-professional-rookies"],"buyingOptions":["FIXED_PRICE"],"condition":"Ungraded","itemCreationDate":"2026-06-11T15:47:31.000Z","itemEndDate":null,"imageUrls":["https://i.ebayimg.com/images/g/1g8AAeSwKQhqKE-K/s-l225.jpg","https://i.ebayimg.com/images/g/1g8AAeSwKQhqKE-K/s-l1600.jpg"],"preliminaryScopeStatus":"DISCOVERY_SCOPE_PASS","preliminaryRisks":[]}
cand-s4-ebay-d7c14024b95233a71e	dh-20260730T170046Z-7d4c2a91	4	2026-07-30T17:05:44.524826+00:00	WNBA / broad_professional_rookies	Kiki Iriafen	professional_wnba_rookie_card	eBay	imru59		v1|398094439592|0	https://www.ebay.com/itm/398094439592?_skw=Kiki+Iriafen+Washington+Mystics+WNBA+rookie+card&hash=item5cb04714a8%3Ag%3ADHoAAeSw6tJqOUV5&amdata=enc%3AAQALAAABEACCtXRWQnOEpyOqnQQ8KGapqmUWF0glFRH9MQaX6TsGWyAPbl7tEqBCBp%2Bez7P8r0LbhMkahyBQEYelyPSJLw6mI%2Buw0OXimrS97mwHZyexceq74UarXA%2FTBs51fr8wRHHBpKcDSPpRM4A0J7qwPf6V7j9iZIqaeaKaBV52nxxpqHc6ixF3syQehgr%2BPvjP9ViDdzVS%2FXcjTyEcHECOmvzH89veQN3%2BsHoVL3FJuBkbHkdfgqhDYL4vG3M7ItykbPB4h1Ogjea5I5i4gu%2BRHziLRKpcxme2sW3tx%2FZCG%2FtPmC0zQVQKhTMHCpGFqeFx2IyhPG6C6NWIZzg18z%2BaCR6LWzSlOgEXo%2FBQHflzj2hJ	LIVE	2025 WNBA PANINI PRIZM 🎆 Pink Velocity SSP  /79 KIKI IRIAFEN #149 Mystics 🔥	{"title":"2025 WNBA PANINI PRIZM 🎆 Pink Velocity SSP  /79 KIKI IRIAFEN #149 Mystics 🔥","preliminaryScopeStatus":"DISCOVERY_SCOPE_PASS","queryFamilyIds":["wnba.kiki-iriafen.broad-professional-rookies"],"preliminaryRisks":[]}	{"status":"UNVERIFIED","verification":"native-browse-title-and-marketplace-images-only","frontVerified":false,"backVerified":false}	preliminary|d7c14024b95233a71e	ebay|imru59|v1|398094439592|0	https://i.ebayimg.com/images/g/DHoAAeSw6tJqOUV5/s-l225.jpg	https://i.ebayimg.com/images/g/DHoAAeSw6tJqOUV5/s-l1600.jpg	FALSE	FALSE	FALSE	FALSE	{}											UNASSESSED	[]	29.66	5.5																	INSUFFICIENT																	MANUAL REVIEW / UNPRICED	FALSE	FALSE	["exact_parallel_or_variation_not_verified","front_and_back_identity_not_verified","full_delivered_acquisition_cost_not_proven","identical_completed_sales_not_loaded","instacomp_exact_market_not_completed","owned_copy_exclusion_not_proven"]	{"endpoints":["wnba"],"candidateId":"ebay:v1|398094439592|0","listingItemId":"v1|398094439592|0","queryFamilyIds":["wnba.kiki-iriafen.broad-professional-rookies"],"buyingOptions":["FIXED_PRICE","BEST_OFFER"],"condition":"Ungraded","itemCreationDate":"2026-06-22T14:34:33.000Z","itemEndDate":null,"imageUrls":["https://i.ebayimg.com/images/g/DHoAAeSw6tJqOUV5/s-l225.jpg","https://i.ebayimg.com/images/g/DHoAAeSw6tJqOUV5/s-l1600.jpg"],"preliminaryScopeStatus":"DISCOVERY_SCOPE_PASS","preliminaryRisks":[]}
cand-s4-ebay-d1f0fca97f91837c5e	dh-20260730T170046Z-7d4c2a91	4	2026-07-30T17:05:44.524826+00:00	WNBA / broad_professional_rookies	Kiki Iriafen	professional_wnba_rookie_card	eBay	istockgrizz		v1|398124960362|0	https://www.ebay.com/itm/398124960362?_skw=Kiki+Iriafen+Washington+Mystics+WNBA+rookie+card&hash=item5cb218ca6a%3Ag%3APd4AAeSwebNqRA3q&amdata=enc%3AAQALAAABEACCtXRWQnOEpyOqnQQ8KGZrpwW49irS5vpdrcIdIAjkq9uZ9hf0mokP7qmBs%2FGztluPauQiAq%2F6kfpPf5Bl4iHbJHEYWEpyMqUz31au4AeHv2N%2FEm9euHbCmOnGfMxqi99T3DhDwPCPnk3DrN26MSEq6nOpeayiNgDgkN1ZP1VL2gL83Tbjg2eET96qL6MJcwBxDrcYTg%2Fq88euWS1PSUtzJni1CjV1rcRuUkoI2vYK8qGEpO5MFSfXuboYzZ0jfTKh2aPNSm2gv4juTamATE7RDl3jH18E%2BXFI%2BEfOwd4UfXZNKRaYOUf%2FXv%2Fd1kEyLTUSquPNaxTL1SZouWR1Q7BCSVSQZDZFz6uqcBdV3FnB	LIVE	2025 Donruss WNBA #94 Kiki Iriafen Rated Rookies Signatures Holo Frame #/49	{"title":"2025 Donruss WNBA #94 Kiki Iriafen Rated Rookies Signatures Holo Frame #/49","preliminaryScopeStatus":"DISCOVERY_SCOPE_PASS","queryFamilyIds":["wnba.kiki-iriafen.broad-professional-rookies"],"preliminaryRisks":[]}	{"status":"UNVERIFIED","verification":"native-browse-title-and-marketplace-images-only","frontVerified":false,"backVerified":false}	preliminary|d1f0fca97f91837c5e	ebay|istockgrizz|v1|398124960362|0	https://i.ebayimg.com/images/g/Pd4AAeSwebNqRA3q/s-l225.jpg	https://i.ebayimg.com/images/g/Pd4AAeSwebNqRA3q/s-l1600.jpg	FALSE	FALSE	FALSE	FALSE	{}											UNASSESSED	[]	159.99	5.5																	INSUFFICIENT																	MANUAL REVIEW / UNPRICED	FALSE	FALSE	["exact_parallel_or_variation_not_verified","front_and_back_identity_not_verified","full_delivered_acquisition_cost_not_proven","identical_completed_sales_not_loaded","instacomp_exact_market_not_completed","owned_copy_exclusion_not_proven"]	{"endpoints":["wnba"],"candidateId":"ebay:v1|398124960362|0","listingItemId":"v1|398124960362|0","queryFamilyIds":["wnba.kiki-iriafen.broad-professional-rookies"],"buyingOptions":["FIXED_PRICE","BEST_OFFER"],"condition":"Ungraded","itemCreationDate":"2026-06-30T18:36:44.000Z","itemEndDate":null,"imageUrls":["https://i.ebayimg.com/images/g/Pd4AAeSwebNqRA3q/s-l225.jpg","https://i.ebayimg.com/images/g/Pd4AAeSwebNqRA3q/s-l1600.jpg"],"preliminaryScopeStatus":"DISCOVERY_SCOPE_PASS","preliminaryRisks":[]}
cand-s4-ebay-50aa38c0c83dc80e5b	dh-20260730T170046Z-7d4c2a91	4	2026-07-30T17:05:44.524826+00:00	WNBA / broad_professional_rookies	Kiki Iriafen	professional_wnba_rookie_card	eBay	imru59		v1|398139898553|0	https://www.ebay.com/itm/398139898553?_skw=Kiki+Iriafen+Washington+Mystics+WNBA+rookie+card&hash=item5cb2fcbab9%3Ag%3AsKMAAeSwAUpqSVAF&amdata=enc%3AAQALAAABEACCtXRWQnOEpyOqnQQ8KGbznONLiXPlpjEb6m5jc0kbXGALfvi8Ab%2BGwJbR2Vsm%2BGNUG76aLq8l0axM6aZZuCWj0xUPw1ZaVVzM5ZlkRi0ew94jI2pF%2BvNdMd3q85JfF0%2BOL5E3CwmkCENnAwEoEUF0gfZym3Deer1stUO8LPJFFBwojUrCPum6%2FCiL%2Bi7eR6M8MZDLkaXbUxq5J0IXANq1Lq%2F%2B4bqItbA5U7BT7BZO5Fpx%2F14WlF811RoDIeyxK2sPZps8vUDJXJEixwws1toT6tu0V3%2FQ3cmjMjp4hOmlgYgooPjkKcpDHiZCkCPQJCUwQYLrEkzwqlmG%2Fseq9hOnJu7YDUyWwghkA3wjS%2BCa	LIVE	2025 WNBA Select GOLD Premier SSP /10 #102 KIKI IRIAFEN 🔥 Mystics Rookie	{"title":"2025 WNBA Select GOLD Premier SSP /10 #102 KIKI IRIAFEN 🔥 Mystics Rookie","preliminaryScopeStatus":"DISCOVERY_SCOPE_PASS","queryFamilyIds":["wnba.kiki-iriafen.broad-professional-rookies"],"preliminaryRisks":[]}	{"status":"UNVERIFIED","verification":"native-browse-title-and-marketplace-images-only","frontVerified":false,"backVerified":false}	preliminary|50aa38c0c83dc80e5b	ebay|imru59|v1|398139898553|0	https://i.ebayimg.com/images/g/sKMAAeSwAUpqSVAF/s-l225.jpg	https://i.ebayimg.com/images/g/sKMAAeSwAUpqSVAF/s-l1600.jpg	FALSE	FALSE	FALSE	FALSE	{}											UNASSESSED	[]	265.66	6.17																	INSUFFICIENT																	MANUAL REVIEW / UNPRICED	FALSE	FALSE	["exact_parallel_or_variation_not_verified","front_and_back_identity_not_verified","full_delivered_acquisition_cost_not_proven","identical_completed_sales_not_loaded","instacomp_exact_market_not_completed","owned_copy_exclusion_not_proven"]	{"endpoints":["wnba"],"candidateId":"ebay:v1|398139898553|0","listingItemId":"v1|398139898553|0","queryFamilyIds":["wnba.kiki-iriafen.broad-professional-rookies"],"buyingOptions":["FIXED_PRICE"],"condition":"Ungraded","itemCreationDate":"2026-07-04T18:31:12.000Z","itemEndDate":null,"imageUrls":["https://i.ebayimg.com/images/g/sKMAAeSwAUpqSVAF/s-l225.jpg","https://i.ebayimg.com/images/g/sKMAAeSwAUpqSVAF/s-l1600.jpg"],"preliminaryScopeStatus":"DISCOVERY_SCOPE_PASS","preliminaryRisks":[]}
cand-s4-ebay-bde5ac2d4ed6145dc5	dh-20260730T170046Z-7d4c2a91	4	2026-07-30T17:05:44.524826+00:00	WNBA / broad_professional_rookies	Kiki Iriafen	professional_wnba_rookie_card	eBay	imru59		v1|398215143472|0	https://www.ebay.com/itm/398215143472?_skw=Kiki+Iriafen+Washington+Mystics+WNBA+rookie+card&hash=item5cb778e030%3Ag%3AUQYAAeSwSApqZTq2	LIVE	2025 WNBA Select Prizm GREEN FEARLESS 🟢 RC KIKI IRIAFEN /75 SP #8 Mystics	{"title":"2025 WNBA Select Prizm GREEN FEARLESS 🟢 RC KIKI IRIAFEN /75 SP #8 Mystics","preliminaryScopeStatus":"DISCOVERY_SCOPE_PASS","queryFamilyIds":["wnba.kiki-iriafen.broad-professional-rookies"],"preliminaryRisks":[]}	{"status":"UNVERIFIED","verification":"native-browse-title-and-marketplace-images-only","frontVerified":false,"backVerified":false}	preliminary|bde5ac2d4ed6145dc5	ebay|imru59|v1|398215143472|0	https://i.ebayimg.com/images/g/UQYAAeSwSApqZTq2/s-l225.jpg	https://i.ebayimg.com/images/g/UQYAAeSwSApqZTq2/s-l1600.jpg	FALSE	FALSE	FALSE	FALSE	{}											UNASSESSED	[]	2.78	1.07																	INSUFFICIENT																	MANUAL REVIEW / UNPRICED	FALSE	FALSE	["exact_parallel_or_variation_not_verified","front_and_back_identity_not_verified","full_delivered_acquisition_cost_not_proven","identical_completed_sales_not_loaded","instacomp_exact_market_not_completed","owned_copy_exclusion_not_proven"]	{"endpoints":["wnba"],"candidateId":"ebay:v1|398215143472|0","listingItemId":"v1|398215143472|0","queryFamilyIds":["wnba.kiki-iriafen.broad-professional-rookies"],"buyingOptions":["FIXED_PRICE","BEST_OFFER"],"condition":"Ungraded","itemCreationDate":"2026-07-25T22:49:52.000Z","itemEndDate":null,"imageUrls":["https://i.ebayimg.com/images/g/UQYAAeSwSApqZTq2/s-l225.jpg","https://i.ebayimg.com/images/g/UQYAAeSwSApqZTq2/s-l1600.jpg"],"preliminaryScopeStatus":"DISCOVERY_SCOPE_PASS","preliminaryRisks":[]}
cand-s4-ebay-7f1737552300d4005a	dh-20260730T170046Z-7d4c2a91	4	2026-07-30T17:05:44.524826+00:00	WNBA / autograph_memorabilia	Kiki Iriafen	professional_wnba_rookie_autograph_memorabilia	eBay	bboyscards		v1|406515938456|0	https://www.ebay.com/itm/406515938456?_skw=Kiki+Iriafen+WNBA+rookie+autograph+auto+patch+memorabilia&hash=item5ea63cf498%3Ag%3AGcQAAeSwKe9pTDoM	LIVE	2025 Panini Impeccable WNBA Kiki Iriafen Elegance Rookie Patch On Card Auto /99	{"title":"2025 Panini Impeccable WNBA Kiki Iriafen Elegance Rookie Patch On Card Auto /99","preliminaryScopeStatus":"DISCOVERY_SCOPE_PASS","queryFamilyIds":["wnba.kiki-iriafen.autograph-memorabilia"],"preliminaryRisks":[]}	{"status":"UNVERIFIED","verification":"native-browse-title-and-marketplace-images-only","frontVerified":false,"backVerified":false}	preliminary|7f1737552300d4005a	ebay|bboyscards|v1|406515938456|0	https://i.ebayimg.com/images/g/GcQAAeSwKe9pTDoM/s-l225.jpg	https://i.ebayimg.com/images/g/GcQAAeSwKe9pTDoM/s-l1600.jpg	FALSE	FALSE	FALSE	FALSE	{}											UNASSESSED	[]	448																		INSUFFICIENT																	MANUAL REVIEW / UNPRICED	FALSE	FALSE	["exact_parallel_or_variation_not_verified","front_and_back_identity_not_verified","full_delivered_acquisition_cost_not_proven","identical_completed_sales_not_loaded","instacomp_exact_market_not_completed","owned_copy_exclusion_not_proven"]	{"endpoints":["wnba"],"candidateId":"ebay:v1|406515938456|0","listingItemId":"v1|406515938456|0","queryFamilyIds":["wnba.kiki-iriafen.autograph-memorabilia"],"buyingOptions":["FIXED_PRICE","BEST_OFFER"],"condition":"Ungraded","itemCreationDate":"2025-12-24T19:09:59.000Z","itemEndDate":null,"imageUrls":["https://i.ebayimg.com/images/g/GcQAAeSwKe9pTDoM/s-l225.jpg","https://i.ebayimg.com/images/g/GcQAAeSwKe9pTDoM/s-l1600.jpg"],"preliminaryScopeStatus":"DISCOVERY_SCOPE_PASS","preliminaryRisks":[]}
cand-s4-ebay-6050a0d8b925fcab4e	dh-20260730T170046Z-7d4c2a91	4	2026-07-30T17:05:44.524826+00:00	WNBA / broad_professional_rookies	Paige Bueckers	professional_wnba_rookie_card	eBay	plant_mar		v1|116614242703|0	https://www.ebay.com/itm/116614242703?_skw=Paige+Bueckers+Dallas+Wings+WNBA+rookie+card&hash=item1b26c0218f%3Ag%3AWYkAAOSw-IloL7E8	LIVE	Paige Bueckers 2025 Panini Instant WNBA Draft Night Rookie Card RC 1st Graded 10	{"title":"Paige Bueckers 2025 Panini Instant WNBA Draft Night Rookie Card RC 1st Graded 10","preliminaryScopeStatus":"IMAGE_OR_IDENTITY_REVIEW_REQUIRED","queryFamilyIds":["wnba.paige-bueckers.broad-professional-rookies"],"preliminaryRisks":["tier_not_proven_from_title_image_review_required"]}	{"status":"UNVERIFIED","verification":"native-browse-title-and-marketplace-images-only","frontVerified":false,"backVerified":false}	preliminary|6050a0d8b925fcab4e	ebay|plant_mar|v1|116614242703|0	https://i.ebayimg.com/images/g/WYkAAOSw-IloL7E8/s-l225.jpg	https://i.ebayimg.com/images/g/WYkAAOSw-IloL7E8/s-l1200.jpg	FALSE	FALSE	FALSE	FALSE	{}											UNASSESSED	["tier_not_proven_from_title_image_review_required"]	52.49	0																	INSUFFICIENT																	MANUAL REVIEW / UNPRICED	FALSE	FALSE	["exact_parallel_or_variation_not_verified","front_and_back_identity_not_verified","full_delivered_acquisition_cost_not_proven","identical_completed_sales_not_loaded","instacomp_exact_market_not_completed","owned_copy_exclusion_not_proven","tier_not_proven_from_title_image_review_required"]	{"endpoints":["wnba"],"candidateId":"ebay:v1|116614242703|0","listingItemId":"v1|116614242703|0","queryFamilyIds":["wnba.paige-bueckers.broad-professional-rookies"],"buyingOptions":["FIXED_PRICE","BEST_OFFER"],"condition":"Graded","itemCreationDate":"2025-05-22T23:20:41.000Z","itemEndDate":null,"imageUrls":["https://i.ebayimg.com/images/g/WYkAAOSw-IloL7E8/s-l225.jpg","https://i.ebayimg.com/images/g/WYkAAOSw-IloL7E8/s-l1200.jpg"],"preliminaryScopeStatus":"IMAGE_OR_IDENTITY_REVIEW_REQUIRED","preliminaryRisks":["tier_not_proven_from_title_image_review_required"]}
cand-s4-ebay-5c5c0cc134f406d5f6	dh-20260730T170046Z-7d4c2a91	4	2026-07-30T17:05:44.524826+00:00	WNBA / broad_professional_rookies	Paige Bueckers	professional_wnba_rookie_card	eBay	plant_mar		v1|116661283511|0	https://www.ebay.com/itm/116661283511?_skw=Paige+Bueckers+Dallas+Wings+WNBA+rookie+card&hash=item1b298deab7%3Ag%3ALxYAAOSwP%7ERoVdRs	LIVE	Paige Bueckers 2025 Panini Instant WNBA Rookie Card Dallas Wings 1st Graded 10	{"title":"Paige Bueckers 2025 Panini Instant WNBA Rookie Card Dallas Wings 1st Graded 10","preliminaryScopeStatus":"IMAGE_OR_IDENTITY_REVIEW_REQUIRED","queryFamilyIds":["wnba.paige-bueckers.broad-professional-rookies"],"preliminaryRisks":["tier_not_proven_from_title_image_review_required"]}	{"status":"UNVERIFIED","verification":"native-browse-title-and-marketplace-images-only","frontVerified":false,"backVerified":false}	preliminary|5c5c0cc134f406d5f6	ebay|plant_mar|v1|116661283511|0	https://i.ebayimg.com/images/g/LxYAAOSwP~RoVdRs/s-l225.jpg	https://i.ebayimg.com/images/g/LxYAAOSwP~RoVdRs/s-l1200.jpg	FALSE	FALSE	FALSE	FALSE	{}											UNASSESSED	["tier_not_proven_from_title_image_review_required"]	56.24	0																	INSUFFICIENT																	MANUAL REVIEW / UNPRICED	FALSE	FALSE	["exact_parallel_or_variation_not_verified","front_and_back_identity_not_verified","full_delivered_acquisition_cost_not_proven","identical_completed_sales_not_loaded","instacomp_exact_market_not_completed","owned_copy_exclusion_not_proven","tier_not_proven_from_title_image_review_required"]	{"endpoints":["wnba"],"candidateId":"ebay:v1|116661283511|0","listingItemId":"v1|116661283511|0","queryFamilyIds":["wnba.paige-bueckers.broad-professional-rookies"],"buyingOptions":["FIXED_PRICE","BEST_OFFER"],"condition":"Graded","itemCreationDate":"2025-06-20T21:40:25.000Z","itemEndDate":null,"imageUrls":["https://i.ebayimg.com/images/g/LxYAAOSwP~RoVdRs/s-l225.jpg","https://i.ebayimg.com/images/g/LxYAAOSwP~RoVdRs/s-l1200.jpg"],"preliminaryScopeStatus":"IMAGE_OR_IDENTITY_REVIEW_REQUIRED","preliminaryRisks":["tier_not_proven_from_title_image_review_required"]}
cand-s4-ebay-206276b42b1d18c38d	dh-20260730T170046Z-7d4c2a91	4	2026-07-30T17:05:44.524826+00:00	WNBA / broad_professional_rookies	Paige Bueckers	professional_wnba_rookie_card	eBay	complexone_01		v1|117280062035|0	https://www.ebay.com/itm/117280062035?_skw=Paige+Bueckers+Dallas+Wings+WNBA+rookie+card&hash=item1b4e6fba53%3Ag%3ATBkAAeSw1tJqRfN9	LIVE	Paige Bueckers Dallas Wings - Remix Card /99 WNBA	{"title":"Paige Bueckers Dallas Wings - Remix Card /99 WNBA","preliminaryScopeStatus":"DISCOVERY_SCOPE_PASS","queryFamilyIds":["wnba.paige-bueckers.broad-professional-rookies"],"preliminaryRisks":[]}	{"status":"UNVERIFIED","verification":"native-browse-title-and-marketplace-images-only","frontVerified":false,"backVerified":false}	preliminary|206276b42b1d18c38d	ebay|complexone_01|v1|117280062035|0	https://i.ebayimg.com/images/g/TBkAAeSw1tJqRfN9/s-l225.jpg	https://i.ebayimg.com/images/g/TBkAAeSw1tJqRfN9/s-l1600.jpg	FALSE	FALSE	FALSE	FALSE	{}											UNASSESSED	[]	9.99	1.99																	INSUFFICIENT																	MANUAL REVIEW / UNPRICED	FALSE	FALSE	["exact_parallel_or_variation_not_verified","front_and_back_identity_not_verified","full_delivered_acquisition_cost_not_proven","identical_completed_sales_not_loaded","instacomp_exact_market_not_completed","owned_copy_exclusion_not_proven"]	{"endpoints":["wnba"],"candidateId":"ebay:v1|117280062035|0","listingItemId":"v1|117280062035|0","queryFamilyIds":["wnba.paige-bueckers.broad-professional-rookies"],"buyingOptions":["FIXED_PRICE","BEST_OFFER"],"condition":"Ungraded","itemCreationDate":"2026-07-02T05:14:59.000Z","itemEndDate":null,"imageUrls":["https://i.ebayimg.com/images/g/TBkAAeSw1tJqRfN9/s-l225.jpg","https://i.ebayimg.com/images/g/TBkAAeSw1tJqRfN9/s-l1600.jpg"],"preliminaryScopeStatus":"DISCOVERY_SCOPE_PASS","preliminaryRisks":[]}
cand-s4-ebay-944f4b9659e8cebcf5	dh-20260730T170046Z-7d4c2a91	4	2026-07-30T17:05:44.524826+00:00	WNBA / broad_professional_rookies	Paige Bueckers	professional_wnba_rookie_card	eBay	stekalino24		v1|127986061943|0	https://www.ebay.com/itm/127986061943?_skw=Paige+Bueckers+Dallas+Wings+WNBA+rookie+card&hash=item1dcc905277%3Ag%3AbPIAAeSw0ZZqXuJB	LIVE	Paige Bueckers 2025 Prizm WNBA Fractal Insert Base Card #13 Dallas Wings	{"title":"Paige Bueckers 2025 Prizm WNBA Fractal Insert Base Card #13 Dallas Wings","preliminaryScopeStatus":"DISCOVERY_SCOPE_PASS","queryFamilyIds":["wnba.paige-bueckers.broad-professional-rookies"],"preliminaryRisks":[]}	{"status":"UNVERIFIED","verification":"native-browse-title-and-marketplace-images-only","frontVerified":false,"backVerified":false}	preliminary|944f4b9659e8cebcf5	ebay|stekalino24|v1|127986061943|0	https://i.ebayimg.com/images/g/bPIAAeSw0ZZqXuJB/s-l225.jpg	https://i.ebayimg.com/images/g/bPIAAeSw0ZZqXuJB/s-l1600.jpg	FALSE	FALSE	FALSE	FALSE	{}											UNASSESSED	[]	3.99	0																	INSUFFICIENT																	MANUAL REVIEW / UNPRICED	FALSE	FALSE	["exact_parallel_or_variation_not_verified","front_and_back_identity_not_verified","full_delivered_acquisition_cost_not_proven","identical_completed_sales_not_loaded","instacomp_exact_market_not_completed","owned_copy_exclusion_not_proven"]	{"endpoints":["wnba"],"candidateId":"ebay:v1|127986061943|0","listingItemId":"v1|127986061943|0","queryFamilyIds":["wnba.paige-bueckers.broad-professional-rookies"],"buyingOptions":["FIXED_PRICE","BEST_OFFER"],"condition":"Ungraded","itemCreationDate":"2026-07-21T03:08:58.000Z","itemEndDate":null,"imageUrls":["https://i.ebayimg.com/images/g/bPIAAeSw0ZZqXuJB/s-l225.jpg","https://i.ebayimg.com/images/g/bPIAAeSw0ZZqXuJB/s-l1600.jpg"],"preliminaryScopeStatus":"DISCOVERY_SCOPE_PASS","preliminaryRisks":[]}
cand-s4-ebay-e42be562ca832c9dd0	dh-20260730T170046Z-7d4c2a91	4	2026-07-30T17:05:44.524826+00:00	WNBA / broad_professional_rookies	Paige Bueckers	professional_wnba_rookie_card	eBay	bigkel73		v1|137523923751|0	https://www.ebay.com/itm/137523923751?_skw=Paige+Bueckers+Dallas+Wings+WNBA+rookie+card&hash=item2005108b27%3Ag%3AEfUAAeSwzGVqWudo	LIVE	PAIGE BUECKERS * DALLAS WINGS WNBA 2023 "ROOKIE" #RS-67 BASKETBALL CARD	{"title":"PAIGE BUECKERS * DALLAS WINGS WNBA 2023 \"ROOKIE\" #RS-67 BASKETBALL CARD","preliminaryScopeStatus":"IMAGE_OR_IDENTITY_REVIEW_REQUIRED","queryFamilyIds":["wnba.paige-bueckers.broad-professional-rookies"],"preliminaryRisks":["tier_not_proven_from_title_image_review_required"]}	{"status":"UNVERIFIED","verification":"native-browse-title-and-marketplace-images-only","frontVerified":false,"backVerified":false}	preliminary|e42be562ca832c9dd0	ebay|bigkel73|v1|137523923751|0	https://i.ebayimg.com/images/g/EfUAAeSwzGVqWudo/s-l225.jpg	https://i.ebayimg.com/images/g/EfUAAeSwzGVqWudo/s-l1600.jpg	FALSE	FALSE	FALSE	FALSE	{}											UNASSESSED	["tier_not_proven_from_title_image_review_required"]	4.25																		INSUFFICIENT																	MANUAL REVIEW / UNPRICED	FALSE	FALSE	["exact_parallel_or_variation_not_verified","front_and_back_identity_not_verified","full_delivered_acquisition_cost_not_proven","identical_completed_sales_not_loaded","instacomp_exact_market_not_completed","owned_copy_exclusion_not_proven","tier_not_proven_from_title_image_review_required"]	{"endpoints":["wnba"],"candidateId":"ebay:v1|137523923751|0","listingItemId":"v1|137523923751|0","queryFamilyIds":["wnba.paige-bueckers.broad-professional-rookies"],"buyingOptions":["FIXED_PRICE"],"condition":"Ungraded","itemCreationDate":"2026-07-18T02:40:28.000Z","itemEndDate":null,"imageUrls":["https://i.ebayimg.com/images/g/EfUAAeSwzGVqWudo/s-l225.jpg","https://i.ebayimg.com/images/g/EfUAAeSwzGVqWudo/s-l1600.jpg"],"preliminaryScopeStatus":"IMAGE_OR_IDENTITY_REVIEW_REQUIRED","preliminaryRisks":["tier_not_proven_from_title_image_review_required"]}
cand-s4-ebay-ce3e6945423d58da83	dh-20260730T170046Z-7d4c2a91	4	2026-07-30T17:05:44.524826+00:00	WNBA / broad_professional_rookies	Paige Bueckers	professional_wnba_rookie_card	eBay	kn_644365		v1|147452839469|0	https://www.ebay.com/itm/147452839469?_skw=Paige+Bueckers+Dallas+Wings+WNBA+rookie+card&hash=item2254dfc62d%3Ag%3ASBQAAeSwlOZqYCiI	LIVE	2025 Panini WNBA Prizm Paige Bueckers Variation RC Silver Rookie #147 Wings	{"title":"2025 Panini WNBA Prizm Paige Bueckers Variation RC Silver Rookie #147 Wings","preliminaryScopeStatus":"DISCOVERY_SCOPE_PASS","queryFamilyIds":["wnba.paige-bueckers.broad-professional-rookies"],"preliminaryRisks":[]}	{"status":"UNVERIFIED","verification":"native-browse-title-and-marketplace-images-only","frontVerified":false,"backVerified":false}	preliminary|ce3e6945423d58da83	ebay|kn_644365|v1|147452839469|0	https://i.ebayimg.com/images/g/SBQAAeSwlOZqYCiI/s-l225.jpg	https://i.ebayimg.com/images/g/SBQAAeSwlOZqYCiI/s-l1200.jpg	FALSE	FALSE	FALSE	FALSE	{}											UNASSESSED	[]	51.99	0																	INSUFFICIENT																	MANUAL REVIEW / UNPRICED	FALSE	FALSE	["exact_parallel_or_variation_not_verified","front_and_back_identity_not_verified","full_delivered_acquisition_cost_not_proven","identical_completed_sales_not_loaded","instacomp_exact_market_not_completed","owned_copy_exclusion_not_proven"]	{"endpoints":["wnba"],"candidateId":"ebay:v1|147452839469|0","listingItemId":"v1|147452839469|0","queryFamilyIds":["wnba.paige-bueckers.broad-professional-rookies"],"buyingOptions":["FIXED_PRICE","BEST_OFFER"],"condition":"Ungraded","itemCreationDate":"2026-07-22T02:33:10.000Z","itemEndDate":null,"imageUrls":["https://i.ebayimg.com/images/g/SBQAAeSwlOZqYCiI/s-l225.jpg","https://i.ebayimg.com/images/g/SBQAAeSwlOZqYCiI/s-l1200.jpg"],"preliminaryScopeStatus":"DISCOVERY_SCOPE_PASS","preliminaryRisks":[]}
cand-s4-ebay-aa141faa05489b3ce6	dh-20260730T170046Z-7d4c2a91	4	2026-07-30T17:05:44.524826+00:00	WNBA / broad_professional_rookies	Paige Bueckers	professional_wnba_rookie_card	eBay	kn_644365		v1|147470163969|0	https://www.ebay.com/itm/147470163969?_skw=Paige+Bueckers+Dallas+Wings+WNBA+rookie+card&hash=item2255e82001%3Ag%3AaTMAAeSwxUxqXnjR	LIVE	Panini Donruss 2025 WNBA Paige Bueckers Rated Rookie Holo #86 Dallas Wings	{"title":"Panini Donruss 2025 WNBA Paige Bueckers Rated Rookie Holo #86 Dallas Wings","preliminaryScopeStatus":"DISCOVERY_SCOPE_PASS","queryFamilyIds":["wnba.paige-bueckers.broad-professional-rookies"],"preliminaryRisks":[]}	{"status":"UNVERIFIED","verification":"native-browse-title-and-marketplace-images-only","frontVerified":false,"backVerified":false}	preliminary|aa141faa05489b3ce6	ebay|kn_644365|v1|147470163969|0	https://i.ebayimg.com/images/g/aTMAAeSwxUxqXnjR/s-l225.jpg	https://i.ebayimg.com/images/g/aTMAAeSwxUxqXnjR/s-l1200.jpg	FALSE	FALSE	FALSE	FALSE	{}											UNASSESSED	[]	19.99	0																	INSUFFICIENT																	MANUAL REVIEW / UNPRICED	FALSE	FALSE	["exact_parallel_or_variation_not_verified","front_and_back_identity_not_verified","full_delivered_acquisition_cost_not_proven","identical_completed_sales_not_loaded","instacomp_exact_market_not_completed","owned_copy_exclusion_not_proven"]	{"endpoints":["wnba"],"candidateId":"ebay:v1|147470163969|0","listingItemId":"v1|147470163969|0","queryFamilyIds":["wnba.paige-bueckers.broad-professional-rookies"],"buyingOptions":["FIXED_PRICE","BEST_OFFER"],"condition":"Ungraded","itemCreationDate":"2026-07-29T19:34:53.000Z","itemEndDate":null,"imageUrls":["https://i.ebayimg.com/images/g/aTMAAeSwxUxqXnjR/s-l225.jpg","https://i.ebayimg.com/images/g/aTMAAeSwxUxqXnjR/s-l1200.jpg"],"preliminaryScopeStatus":"DISCOVERY_SCOPE_PASS","preliminaryRisks":[]}
cand-s4-ebay-af00447888eeca4944	dh-20260730T170046Z-7d4c2a91	4	2026-07-30T17:05:44.524826+00:00	WNBA / broad_professional_rookies	Paige Bueckers	professional_wnba_rookie_card	eBay	thehypebreakers		v1|158134658502|0	https://www.ebay.com/itm/158134658502?_skw=Paige+Bueckers+Dallas+Wings+WNBA+rookie+card&hash=item24d18f65c6%3Ag%3AKQ0AAeSwW3hqazqy&amdata=enc%3AAQALAAABEACCtXRWQnOEpyOqnQQ8KGa1WYJy2ZJsdFnwLjnQULss6Z98Ixs%2FQCFA16GswBjWn4AgAEFJUDTzBjBo%2FK3bPR31Zl0GzV2Gd%2FZLqg0%2F2AMsnuj7Us5I8zpxDDWbG8jLyxphYKBBybh48cB1WzkBVv2T298bL4DQ1U%2BlBJSlycVg8Eqo%2FcEELeZCk5WXr6ip%2BbhNalB6c%2BebOoU1zeRuChjaYw0f2RHs1Kzi8M2l10q1tc7XDiQI4bHF6f%2Fb1jENZj9yrN9WBUPp9xo8m72Ox6%2FiV4UqH2IEXgUvFFrtDa%2Ff0FWipgNqerIFzcZmE%2FS1Vx9M70R9p1x83bt9eOkxAdq%2B7Agrb3Qg1AVT3vY4oqZn	LIVE	PSA 10 PAIGE BUECKERS Rookie 2025 PANINI INSTANT WNBA #DN1 /68412 DRAFT NIGHT	{"title":"PSA 10 PAIGE BUECKERS Rookie 2025 PANINI INSTANT WNBA #DN1 /68412 DRAFT NIGHT","preliminaryScopeStatus":"IMAGE_OR_IDENTITY_REVIEW_REQUIRED","queryFamilyIds":["wnba.paige-bueckers.broad-professional-rookies"],"preliminaryRisks":["tier_not_proven_from_title_image_review_required"]}	{"status":"UNVERIFIED","verification":"native-browse-title-and-marketplace-images-only","frontVerified":false,"backVerified":false}	preliminary|af00447888eeca4944	ebay|thehypebreakers|v1|158134658502|0	https://i.ebayimg.com/images/g/KQ0AAeSwW3hqazqy/s-l225.jpg	https://i.ebayimg.com/images/g/KQ0AAeSwW3hqazqy/s-l1600.jpg	FALSE	FALSE	FALSE	FALSE	{}											UNASSESSED	["tier_not_proven_from_title_image_review_required"]	39.99																		INSUFFICIENT																	MANUAL REVIEW / UNPRICED	FALSE	FALSE	["exact_parallel_or_variation_not_verified","front_and_back_identity_not_verified","full_delivered_acquisition_cost_not_proven","identical_completed_sales_not_loaded","instacomp_exact_market_not_completed","owned_copy_exclusion_not_proven","tier_not_proven_from_title_image_review_required"]	{"endpoints":["wnba"],"candidateId":"ebay:v1|158134658502|0","listingItemId":"v1|158134658502|0","queryFamilyIds":["wnba.paige-bueckers.broad-professional-rookies"],"buyingOptions":["FIXED_PRICE","BEST_OFFER"],"condition":"Graded","itemCreationDate":"2026-07-30T11:52:54.000Z","itemEndDate":null,"imageUrls":["https://i.ebayimg.com/images/g/KQ0AAeSwW3hqazqy/s-l225.jpg","https://i.ebayimg.com/images/g/KQ0AAeSwW3hqazqy/s-l1600.jpg"],"preliminaryScopeStatus":"IMAGE_OR_IDENTITY_REVIEW_REQUIRED","preliminaryRisks":["tier_not_proven_from_title_image_review_required"]}
cand-s4-ebay-e17664f140698bc544	dh-20260730T170046Z-7d4c2a91	4	2026-07-30T17:05:44.524826+00:00	WNBA / autograph_memorabilia	Paige Bueckers	professional_wnba_rookie_autograph_memorabilia	eBay	carnycards		v1|178298584209|0	https://www.ebay.com/itm/178298584209?_skw=Paige+Bueckers+WNBA+rookie+autograph+auto+patch+memorabilia&hash=item29836c7c91%3Ag%3AZzYAAeSwA5dqUDXz	LIVE	2025 Panini One and One WNBA Paige Bueckers RC #d 39/99 RPA Rookie Patch Auto SP	{"title":"2025 Panini One and One WNBA Paige Bueckers RC #d 39/99 RPA Rookie Patch Auto SP","preliminaryScopeStatus":"DISCOVERY_SCOPE_PASS","queryFamilyIds":["wnba.paige-bueckers.autograph-memorabilia"],"preliminaryRisks":[]}	{"status":"UNVERIFIED","verification":"native-browse-title-and-marketplace-images-only","frontVerified":false,"backVerified":false}	preliminary|e17664f140698bc544	ebay|carnycards|v1|178298584209|0	https://i.ebayimg.com/images/g/ZzYAAeSwA5dqUDXz/s-l225.jpg	https://i.ebayimg.com/images/g/ZzYAAeSwA5dqUDXz/s-l1600.jpg	FALSE	FALSE	FALSE	FALSE	{}											UNASSESSED	[]	950	9.99																	INSUFFICIENT																	MANUAL REVIEW / UNPRICED	FALSE	FALSE	["exact_parallel_or_variation_not_verified","front_and_back_identity_not_verified","full_delivered_acquisition_cost_not_proven","identical_completed_sales_not_loaded","instacomp_exact_market_not_completed","owned_copy_exclusion_not_proven"]	{"endpoints":["wnba"],"candidateId":"ebay:v1|178298584209|0","listingItemId":"v1|178298584209|0","queryFamilyIds":["wnba.paige-bueckers.autograph-memorabilia"],"buyingOptions":["FIXED_PRICE","BEST_OFFER"],"condition":"Ungraded","itemCreationDate":"2026-07-10T00:00:22.000Z","itemEndDate":null,"imageUrls":["https://i.ebayimg.com/images/g/ZzYAAeSwA5dqUDXz/s-l225.jpg","https://i.ebayimg.com/images/g/ZzYAAeSwA5dqUDXz/s-l1600.jpg"],"preliminaryScopeStatus":"DISCOVERY_SCOPE_PASS","preliminaryRisks":[]}
cand-s4-ebay-501a6d0fd28fa804aa	dh-20260730T170046Z-7d4c2a91	4	2026-07-30T17:05:44.524826+00:00	WNBA / autograph_memorabilia	Paige Bueckers	professional_wnba_rookie_autograph_memorabilia	eBay	bigtimesportscard		v1|198517292985|0	https://www.ebay.com/itm/198517292985?_skw=Paige+Bueckers+WNBA+rookie+autograph+auto+patch+memorabilia&hash=item2e388d7fb9%3Ag%3AmXYAAeSwkE1qYXPU	LIVE	2025 Panini WNBA National Treasures Paige Bueckers True Rookie Patch Auto /99	{"title":"2025 Panini WNBA National Treasures Paige Bueckers True Rookie Patch Auto /99","preliminaryScopeStatus":"DISCOVERY_SCOPE_PASS","queryFamilyIds":["wnba.paige-bueckers.autograph-memorabilia"],"preliminaryRisks":[]}	{"status":"UNVERIFIED","verification":"native-browse-title-and-marketplace-images-only","frontVerified":false,"backVerified":false}	preliminary|501a6d0fd28fa804aa	ebay|bigtimesportscard|v1|198517292985|0	https://i.ebayimg.com/images/g/mXYAAeSwkE1qYXPU/s-l225.jpg	https://i.ebayimg.com/images/g/mXYAAeSwkE1qYXPU/s-l1600.jpg	FALSE	FALSE	FALSE	FALSE	{}											UNASSESSED	[]	4500																		INSUFFICIENT																	MANUAL REVIEW / UNPRICED	FALSE	FALSE	["exact_parallel_or_variation_not_verified","front_and_back_identity_not_verified","full_delivered_acquisition_cost_not_proven","identical_completed_sales_not_loaded","instacomp_exact_market_not_completed","owned_copy_exclusion_not_proven"]	{"endpoints":["wnba"],"candidateId":"ebay:v1|198517292985|0","listingItemId":"v1|198517292985|0","queryFamilyIds":["wnba.paige-bueckers.autograph-memorabilia"],"buyingOptions":["FIXED_PRICE","BEST_OFFER"],"condition":"Ungraded","itemCreationDate":"2026-07-23T01:54:38.000Z","itemEndDate":null,"imageUrls":["https://i.ebayimg.com/images/g/mXYAAeSwkE1qYXPU/s-l225.jpg","https://i.ebayimg.com/images/g/mXYAAeSwkE1qYXPU/s-l1600.jpg"],"preliminaryScopeStatus":"DISCOVERY_SCOPE_PASS","preliminaryRisks":[]}
cand-s4-ebay-dfe9334b8622c16ebb	dh-20260730T170046Z-7d4c2a91	4	2026-07-30T17:05:44.524826+00:00	WNBA / broad_professional_rookies	Paige Bueckers	professional_wnba_rookie_card	eBay	bocasportscards		v1|227405196779|0	https://www.ebay.com/itm/227405196779?_skw=Paige+Bueckers+Dallas+Wings+WNBA+rookie+card&hash=item34f267edeb%3Ag%3A%7EZAAAeSwUCdqPwE1	LIVE	IN Hand PAIGE BUECKERS AZZI FUDD 2026 Panini Instant #21 Dallas Wings Rookie RC	{"title":"IN Hand PAIGE BUECKERS AZZI FUDD 2026 Panini Instant #21 Dallas Wings Rookie RC","preliminaryScopeStatus":"IMAGE_OR_IDENTITY_REVIEW_REQUIRED","queryFamilyIds":["wnba.paige-bueckers.broad-professional-rookies"],"preliminaryRisks":["tier_not_proven_from_title_image_review_required"]}	{"status":"UNVERIFIED","verification":"native-browse-title-and-marketplace-images-only","frontVerified":false,"backVerified":false}	preliminary|dfe9334b8622c16ebb	ebay|bocasportscards|v1|227405196779|0	https://i.ebayimg.com/images/g/~ZAAAeSwUCdqPwE1/s-l225.jpg	https://i.ebayimg.com/images/g/~ZAAAeSwUCdqPwE1/s-l1600.jpg	FALSE	FALSE	FALSE	FALSE	{}											UNASSESSED	["tier_not_proven_from_title_image_review_required"]	9.94	0																	INSUFFICIENT																	MANUAL REVIEW / UNPRICED	FALSE	FALSE	["exact_parallel_or_variation_not_verified","front_and_back_identity_not_verified","full_delivered_acquisition_cost_not_proven","identical_completed_sales_not_loaded","instacomp_exact_market_not_completed","owned_copy_exclusion_not_proven","tier_not_proven_from_title_image_review_required"]	{"endpoints":["wnba"],"candidateId":"ebay:v1|227405196779|0","listingItemId":"v1|227405196779|0","queryFamilyIds":["wnba.paige-bueckers.broad-professional-rookies"],"buyingOptions":["FIXED_PRICE","BEST_OFFER"],"condition":"Ungraded","itemCreationDate":"2026-06-26T22:47:14.000Z","itemEndDate":null,"imageUrls":["https://i.ebayimg.com/images/g/~ZAAAeSwUCdqPwE1/s-l225.jpg","https://i.ebayimg.com/images/g/~ZAAAeSwUCdqPwE1/s-l1600.jpg"],"preliminaryScopeStatus":"IMAGE_OR_IDENTITY_REVIEW_REQUIRED","preliminaryRisks":["tier_not_proven_from_title_image_review_required"]}
cand-s4-ebay-08ca2b5e55a75b3187	dh-20260730T170046Z-7d4c2a91	4	2026-07-30T17:05:44.524826+00:00	WNBA / broad_professional_rookies	Paige Bueckers	professional_wnba_rookie_card	eBay	rhythm777		v1|227452841269|0	https://www.ebay.com/itm/227452841269?_skw=Paige+Bueckers+Dallas+Wings+WNBA+rookie+card&hash=item34f53eed35%3Ag%3AeT8AAeSwlYhqaXKZ	LIVE	2025 Panini Prizm WNBA Paige Bueckers Fireworks Green Rookie Dallas Wings (RC)	{"title":"2025 Panini Prizm WNBA Paige Bueckers Fireworks Green Rookie Dallas Wings (RC)","preliminaryScopeStatus":"DISCOVERY_SCOPE_PASS","queryFamilyIds":["wnba.paige-bueckers.broad-professional-rookies"],"preliminaryRisks":[]}	{"status":"UNVERIFIED","verification":"native-browse-title-and-marketplace-images-only","frontVerified":false,"backVerified":false}	preliminary|08ca2b5e55a75b3187	ebay|rhythm777|v1|227452841269|0	https://i.ebayimg.com/images/g/eT8AAeSwlYhqaXKZ/s-l225.jpg	https://i.ebayimg.com/images/g/eT8AAeSwlYhqaXKZ/s-l1600.jpg	FALSE	FALSE	FALSE	FALSE	{}											UNASSESSED	[]	14.88																		INSUFFICIENT																	MANUAL REVIEW / UNPRICED	FALSE	FALSE	["exact_parallel_or_variation_not_verified","front_and_back_identity_not_verified","full_delivered_acquisition_cost_not_proven","identical_completed_sales_not_loaded","instacomp_exact_market_not_completed","owned_copy_exclusion_not_proven"]	{"endpoints":["wnba"],"candidateId":"ebay:v1|227452841269|0","listingItemId":"v1|227452841269|0","queryFamilyIds":["wnba.paige-bueckers.broad-professional-rookies"],"buyingOptions":["FIXED_PRICE","BEST_OFFER"],"condition":"Ungraded","itemCreationDate":"2026-07-29T03:25:59.000Z","itemEndDate":null,"imageUrls":["https://i.ebayimg.com/images/g/eT8AAeSwlYhqaXKZ/s-l225.jpg","https://i.ebayimg.com/images/g/eT8AAeSwlYhqaXKZ/s-l1600.jpg"],"preliminaryScopeStatus":"DISCOVERY_SCOPE_PASS","preliminaryRisks":[]}
cand-s4-ebay-a1914f43704f39c140	dh-20260730T170046Z-7d4c2a91	4	2026-07-30T17:05:44.524826+00:00	WNBA / autograph_memorabilia	Paige Bueckers	professional_wnba_rookie_autograph_memorabilia	eBay	roscoepicotrain30		v1|277997554774|0	https://www.ebay.com/itm/277997554774?_skw=Paige+Bueckers+WNBA+rookie+autograph+auto+patch+memorabilia&hash=item40b9f20c56%3Ag%3AVAoAAeSwhYVqClTm	LIVE	2025 WNBA Impeccable Paige Bueckers /15 Auto Rookie 3 Color Patch Beckett 9/10	{"title":"2025 WNBA Impeccable Paige Bueckers /15 Auto Rookie 3 Color Patch Beckett 9/10","preliminaryScopeStatus":"DISCOVERY_SCOPE_PASS","queryFamilyIds":["wnba.paige-bueckers.autograph-memorabilia"],"preliminaryRisks":[]}	{"status":"UNVERIFIED","verification":"native-browse-title-and-marketplace-images-only","frontVerified":false,"backVerified":false}	preliminary|a1914f43704f39c140	ebay|roscoepicotrain30|v1|277997554774|0	https://i.ebayimg.com/images/g/VAoAAeSwhYVqClTm/s-l225.jpg	https://i.ebayimg.com/images/g/VAoAAeSwhYVqClTm/s-l1600.jpg	FALSE	FALSE	FALSE	FALSE	{}											UNASSESSED	[]	6999.99																		INSUFFICIENT																	MANUAL REVIEW / UNPRICED	FALSE	FALSE	["exact_parallel_or_variation_not_verified","front_and_back_identity_not_verified","full_delivered_acquisition_cost_not_proven","identical_completed_sales_not_loaded","instacomp_exact_market_not_completed","owned_copy_exclusion_not_proven"]	{"endpoints":["wnba"],"candidateId":"ebay:v1|277997554774|0","listingItemId":"v1|277997554774|0","queryFamilyIds":["wnba.paige-bueckers.autograph-memorabilia"],"buyingOptions":["FIXED_PRICE","BEST_OFFER"],"condition":"Graded","itemCreationDate":"2026-05-17T23:58:56.000Z","itemEndDate":null,"imageUrls":["https://i.ebayimg.com/images/g/VAoAAeSwhYVqClTm/s-l225.jpg","https://i.ebayimg.com/images/g/VAoAAeSwhYVqClTm/s-l1600.jpg"],"preliminaryScopeStatus":"DISCOVERY_SCOPE_PASS","preliminaryRisks":[]}
cand-s4-ebay-4fa3229a3c8ba9e6a4	dh-20260730T170046Z-7d4c2a91	4	2026-07-30T17:05:44.524826+00:00	WNBA / autograph_memorabilia	Paige Bueckers	professional_wnba_rookie_autograph_memorabilia	eBay	sportskingshobby		v1|287478074867|0	https://www.ebay.com/itm/287478074867?_skw=Paige+Bueckers+WNBA+rookie+autograph+auto+patch+memorabilia&hash=item42ef074df3%3Ag%3A9jAAAeSwAzZqYO2J	LIVE	2025 Crown Royale WNBA PAIGE BUECKERS Rookie Silhouette Jersey RELIC AUTO /99 RC	{"title":"2025 Crown Royale WNBA PAIGE BUECKERS Rookie Silhouette Jersey RELIC AUTO /99 RC","preliminaryScopeStatus":"DISCOVERY_SCOPE_PASS","queryFamilyIds":["wnba.paige-bueckers.autograph-memorabilia"],"preliminaryRisks":[]}	{"status":"UNVERIFIED","verification":"native-browse-title-and-marketplace-images-only","frontVerified":false,"backVerified":false}	preliminary|4fa3229a3c8ba9e6a4	ebay|sportskingshobby|v1|287478074867|0	https://i.ebayimg.com/images/g/9jAAAeSwAzZqYO2J/s-l225.jpg	https://i.ebayimg.com/images/g/9jAAAeSwAzZqYO2J/s-l960.jpg	FALSE	FALSE	FALSE	FALSE	{}											UNASSESSED	[]	874.99	6																	INSUFFICIENT																	MANUAL REVIEW / UNPRICED	FALSE	FALSE	["exact_parallel_or_variation_not_verified","front_and_back_identity_not_verified","full_delivered_acquisition_cost_not_proven","identical_completed_sales_not_loaded","instacomp_exact_market_not_completed","owned_copy_exclusion_not_proven"]	{"endpoints":["wnba"],"candidateId":"ebay:v1|287478074867|0","listingItemId":"v1|287478074867|0","queryFamilyIds":["wnba.paige-bueckers.autograph-memorabilia"],"buyingOptions":["FIXED_PRICE","BEST_OFFER"],"condition":"Ungraded","itemCreationDate":"2026-07-22T16:22:41.000Z","itemEndDate":null,"imageUrls":["https://i.ebayimg.com/images/g/9jAAAeSwAzZqYO2J/s-l225.jpg","https://i.ebayimg.com/images/g/9jAAAeSwAzZqYO2J/s-l960.jpg"],"preliminaryScopeStatus":"DISCOVERY_SCOPE_PASS","preliminaryRisks":[]}
cand-s4-ebay-9a48671d502a3ec1eb	dh-20260730T170046Z-7d4c2a91	4	2026-07-30T17:05:44.524826+00:00	WNBA / autograph_memorabilia	Paige Bueckers	professional_wnba_rookie_autograph_memorabilia	eBay	packplugsnoah		v1|298174577542|0	https://www.ebay.com/itm/298174577542?_skw=Paige+Bueckers+WNBA+rookie+autograph+auto+patch+memorabilia&hash=item456c96fb86%3Ag%3A2-kAAeSwjC9pyd5O	LIVE	2025 Panini One and One Basketball WNBA Paige Bueckers Rookie Patch Auto /99 RPA	{"title":"2025 Panini One and One Basketball WNBA Paige Bueckers Rookie Patch Auto /99 RPA","preliminaryScopeStatus":"DISCOVERY_SCOPE_PASS","queryFamilyIds":["wnba.paige-bueckers.autograph-memorabilia"],"preliminaryRisks":[]}	{"status":"UNVERIFIED","verification":"native-browse-title-and-marketplace-images-only","frontVerified":false,"backVerified":false}	preliminary|9a48671d502a3ec1eb	ebay|packplugsnoah|v1|298174577542|0	https://i.ebayimg.com/images/g/2-kAAeSwjC9pyd5O/s-l225.jpg	https://i.ebayimg.com/images/g/2-kAAeSwjC9pyd5O/s-l1600.jpg	FALSE	FALSE	FALSE	FALSE	{}											UNASSESSED	[]	999.95	9.99																	INSUFFICIENT																	MANUAL REVIEW / UNPRICED	FALSE	FALSE	["exact_parallel_or_variation_not_verified","front_and_back_identity_not_verified","full_delivered_acquisition_cost_not_proven","identical_completed_sales_not_loaded","instacomp_exact_market_not_completed","owned_copy_exclusion_not_proven"]	{"endpoints":["wnba"],"candidateId":"ebay:v1|298174577542|0","listingItemId":"v1|298174577542|0","queryFamilyIds":["wnba.paige-bueckers.autograph-memorabilia"],"buyingOptions":["FIXED_PRICE","BEST_OFFER"],"condition":"Ungraded","itemCreationDate":"2026-03-30T02:22:51.000Z","itemEndDate":null,"imageUrls":["https://i.ebayimg.com/images/g/2-kAAeSwjC9pyd5O/s-l225.jpg","https://i.ebayimg.com/images/g/2-kAAeSwjC9pyd5O/s-l1600.jpg"],"preliminaryScopeStatus":"DISCOVERY_SCOPE_PASS","preliminaryRisks":[]}
cand-s4-ebay-b7feb1bae40af74b41	dh-20260730T170046Z-7d4c2a91	4	2026-07-30T17:05:44.524826+00:00	WNBA / broad_professional_rookies	Paige Bueckers	professional_wnba_rookie_card	eBay	akagoatman		v1|318654335109|0	https://www.ebay.com/itm/318654335109?_skw=Paige+Bueckers+Dallas+Wings+WNBA+rookie+card&hash=item4a31474885%3Ag%3AUMYAAeSw5eRqXVho	LIVE	2025 Panini WNBA Donruss Rated Rookie Paige Bueckers RC #86 WINGS	{"title":"2025 Panini WNBA Donruss Rated Rookie Paige Bueckers RC #86 WINGS","preliminaryScopeStatus":"IMAGE_OR_IDENTITY_REVIEW_REQUIRED","queryFamilyIds":["wnba.paige-bueckers.broad-professional-rookies"],"preliminaryRisks":["tier_not_proven_from_title_image_review_required"]}	{"status":"UNVERIFIED","verification":"native-browse-title-and-marketplace-images-only","frontVerified":false,"backVerified":false}	preliminary|b7feb1bae40af74b41	ebay|akagoatman|v1|318654335109|0	https://i.ebayimg.com/images/g/UMYAAeSw5eRqXVho/s-l225.jpg	https://i.ebayimg.com/images/g/UMYAAeSw5eRqXVho/s-l1600.jpg	FALSE	FALSE	FALSE	FALSE	{}											UNASSESSED	["tier_not_proven_from_title_image_review_required"]	4.99	0																	INSUFFICIENT																	MANUAL REVIEW / UNPRICED	FALSE	FALSE	["exact_parallel_or_variation_not_verified","front_and_back_identity_not_verified","full_delivered_acquisition_cost_not_proven","identical_completed_sales_not_loaded","instacomp_exact_market_not_completed","owned_copy_exclusion_not_proven","tier_not_proven_from_title_image_review_required"]	{"endpoints":["wnba"],"candidateId":"ebay:v1|318654335109|0","listingItemId":"v1|318654335109|0","queryFamilyIds":["wnba.paige-bueckers.broad-professional-rookies"],"buyingOptions":["FIXED_PRICE"],"condition":"Ungraded","itemCreationDate":"2026-07-30T07:55:44.000Z","itemEndDate":null,"imageUrls":["https://i.ebayimg.com/images/g/UMYAAeSw5eRqXVho/s-l225.jpg","https://i.ebayimg.com/images/g/UMYAAeSw5eRqXVho/s-l1600.jpg"],"preliminaryScopeStatus":"IMAGE_OR_IDENTITY_REVIEW_REQUIRED","preliminaryRisks":["tier_not_proven_from_title_image_review_required"]}
cand-s4-ebay-9cbe236a018002ea05	dh-20260730T170046Z-7d4c2a91	4	2026-07-30T17:05:44.524826+00:00	WNBA / autograph_memorabilia	Paige Bueckers	professional_wnba_rookie_autograph_memorabilia	eBay	thecardsocietyvault		v1|327068256280|0	https://www.ebay.com/itm/327068256280?_skw=Paige+Bueckers+WNBA+rookie+autograph+auto+patch+memorabilia&hash=item4c26c98818%3Ag%3AgdcAAeSwbzRpxEVy	LIVE	2025 WNBA One And One Paige Bueckers Auto RPA Patch RC /99	{"title":"2025 WNBA One And One Paige Bueckers Auto RPA Patch RC /99 ","preliminaryScopeStatus":"DISCOVERY_SCOPE_PASS","queryFamilyIds":["wnba.paige-bueckers.autograph-memorabilia"],"preliminaryRisks":[]}	{"status":"UNVERIFIED","verification":"native-browse-title-and-marketplace-images-only","frontVerified":false,"backVerified":false}	preliminary|9cbe236a018002ea05	ebay|thecardsocietyvault|v1|327068256280|0	https://i.ebayimg.com/images/g/gdcAAeSwbzRpxEVy/s-l225.jpg	https://i.ebayimg.com/images/g/gdcAAeSwbzRpxEVy/s-l1600.jpg	FALSE	FALSE	FALSE	FALSE	{}											UNASSESSED	[]	1400	4.75																	INSUFFICIENT																	MANUAL REVIEW / UNPRICED	FALSE	FALSE	["exact_parallel_or_variation_not_verified","front_and_back_identity_not_verified","full_delivered_acquisition_cost_not_proven","identical_completed_sales_not_loaded","instacomp_exact_market_not_completed","owned_copy_exclusion_not_proven"]	{"endpoints":["wnba"],"candidateId":"ebay:v1|327068256280|0","listingItemId":"v1|327068256280|0","queryFamilyIds":["wnba.paige-bueckers.autograph-memorabilia"],"buyingOptions":["FIXED_PRICE","BEST_OFFER"],"condition":"Ungraded","itemCreationDate":"2026-03-25T20:29:15.000Z","itemEndDate":null,"imageUrls":["https://i.ebayimg.com/images/g/gdcAAeSwbzRpxEVy/s-l225.jpg","https://i.ebayimg.com/images/g/gdcAAeSwbzRpxEVy/s-l1600.jpg"],"preliminaryScopeStatus":"DISCOVERY_SCOPE_PASS","preliminaryRisks":[]}
cand-s4-ebay-3ffdc24669ee607c66	dh-20260730T170046Z-7d4c2a91	4	2026-07-30T17:05:44.524826+00:00	WNBA / autograph_memorabilia	Paige Bueckers	professional_wnba_rookie_autograph_memorabilia	eBay	harveyiscool		v1|336704742545|0	https://www.ebay.com/itm/336704742545?_skw=Paige+Bueckers+WNBA+rookie+autograph+auto+patch+memorabilia&hash=item4e652aa491%3Ag%3AexcAAeSwgMtqYmRH	LIVE	Paige Bueckers 2025 Panini WNBA Crown Royale Silhouette RPA RC Patch Auto /99!	{"title":"Paige Bueckers 2025 Panini WNBA Crown Royale Silhouette RPA RC Patch Auto /99!","preliminaryScopeStatus":"DISCOVERY_SCOPE_PASS","queryFamilyIds":["wnba.paige-bueckers.autograph-memorabilia"],"preliminaryRisks":[]}	{"status":"UNVERIFIED","verification":"native-browse-title-and-marketplace-images-only","frontVerified":false,"backVerified":false}	preliminary|3ffdc24669ee607c66	ebay|harveyiscool|v1|336704742545|0	https://i.ebayimg.com/images/g/excAAeSwgMtqYmRH/s-l225.jpg	https://i.ebayimg.com/images/g/excAAeSwgMtqYmRH/s-l1600.jpg	FALSE	FALSE	FALSE	FALSE	{}											UNASSESSED	[]	849.99	0																	INSUFFICIENT																	MANUAL REVIEW / UNPRICED	FALSE	FALSE	["exact_parallel_or_variation_not_verified","front_and_back_identity_not_verified","full_delivered_acquisition_cost_not_proven","identical_completed_sales_not_loaded","instacomp_exact_market_not_completed","owned_copy_exclusion_not_proven"]	{"endpoints":["wnba"],"candidateId":"ebay:v1|336704742545|0","listingItemId":"v1|336704742545|0","queryFamilyIds":["wnba.paige-bueckers.autograph-memorabilia"],"buyingOptions":["FIXED_PRICE"],"condition":"Ungraded","itemCreationDate":"2026-07-23T19:06:10.000Z","itemEndDate":null,"imageUrls":["https://i.ebayimg.com/images/g/excAAeSwgMtqYmRH/s-l225.jpg","https://i.ebayimg.com/images/g/excAAeSwgMtqYmRH/s-l1600.jpg"],"preliminaryScopeStatus":"DISCOVERY_SCOPE_PASS","preliminaryRisks":[]}
cand-s4-ebay-549918cb6768fefbf7	dh-20260730T170046Z-7d4c2a91	4	2026-07-30T17:05:44.524826+00:00	WNBA / broad_professional_rookies	Paige Bueckers	professional_wnba_rookie_card	eBay	718toys		v1|336715070746|0	https://www.ebay.com/itm/336715070746?_skw=Paige+Bueckers+Dallas+Wings+WNBA+rookie+card&hash=item4e65c83d1a%3Ag%3AaucAAeSwzDRqagIm	LIVE	2025 Donruss WNBA #86 Paige Bueckers Rookie Dallas Wings Basketball Card	{"title":"2025 Donruss WNBA #86 Paige Bueckers Rookie Dallas Wings Basketball Card","preliminaryScopeStatus":"IMAGE_OR_IDENTITY_REVIEW_REQUIRED","queryFamilyIds":["wnba.paige-bueckers.broad-professional-rookies"],"preliminaryRisks":["tier_not_proven_from_title_image_review_required"]}	{"status":"UNVERIFIED","verification":"native-browse-title-and-marketplace-images-only","frontVerified":false,"backVerified":false}	preliminary|549918cb6768fefbf7	ebay|718toys|v1|336715070746|0	https://i.ebayimg.com/images/g/aucAAeSwzDRqagIm/s-l225.jpg	https://i.ebayimg.com/images/g/aucAAeSwzDRqagIm/s-l1600.jpg	FALSE	FALSE	FALSE	FALSE	{}											UNASSESSED	["tier_not_proven_from_title_image_review_required"]	1.85	1.25																	INSUFFICIENT																	MANUAL REVIEW / UNPRICED	FALSE	FALSE	["exact_parallel_or_variation_not_verified","front_and_back_identity_not_verified","full_delivered_acquisition_cost_not_proven","identical_completed_sales_not_loaded","instacomp_exact_market_not_completed","owned_copy_exclusion_not_proven","tier_not_proven_from_title_image_review_required"]	{"endpoints":["wnba"],"candidateId":"ebay:v1|336715070746|0","listingItemId":"v1|336715070746|0","queryFamilyIds":["wnba.paige-bueckers.broad-professional-rookies"],"buyingOptions":["FIXED_PRICE"],"condition":"Ungraded","itemCreationDate":"2026-07-29T13:32:38.000Z","itemEndDate":null,"imageUrls":["https://i.ebayimg.com/images/g/aucAAeSwzDRqagIm/s-l225.jpg","https://i.ebayimg.com/images/g/aucAAeSwzDRqagIm/s-l1600.jpg"],"preliminaryScopeStatus":"IMAGE_OR_IDENTITY_REVIEW_REQUIRED","preliminaryRisks":["tier_not_proven_from_title_image_review_required"]}
cand-s4-ebay-89d32977dbd956973b	dh-20260730T170046Z-7d4c2a91	4	2026-07-30T17:05:44.524826+00:00	WNBA / autograph_memorabilia	Paige Bueckers	professional_wnba_rookie_autograph_memorabilia	eBay	lmum7040		v1|366554896100|0	https://www.ebay.com/itm/366554896100?_skw=Paige+Bueckers+WNBA+rookie+autograph+auto+patch+memorabilia&hash=item55585fd6e4%3Ag%3AYuYAAeSwZB9qXoYw	LIVE	Paige Bueckers RPA 2025 Panini Select WNBA RC Auto Blue /49 Wings Rookie Patch	{"title":"Paige Bueckers RPA 2025 Panini Select WNBA RC Auto Blue /49 Wings Rookie Patch","preliminaryScopeStatus":"DISCOVERY_SCOPE_PASS","queryFamilyIds":["wnba.paige-bueckers.autograph-memorabilia"],"preliminaryRisks":[]}	{"status":"UNVERIFIED","verification":"native-browse-title-and-marketplace-images-only","frontVerified":false,"backVerified":false}	preliminary|89d32977dbd956973b	ebay|lmum7040|v1|366554896100|0	https://i.ebayimg.com/images/g/YuYAAeSwZB9qXoYw/s-l225.jpg	https://i.ebayimg.com/images/g/YuYAAeSwZB9qXoYw/s-l1600.jpg	FALSE	FALSE	FALSE	FALSE	{}											UNASSESSED	[]	699.99																		INSUFFICIENT																	MANUAL REVIEW / UNPRICED	FALSE	FALSE	["exact_parallel_or_variation_not_verified","front_and_back_identity_not_verified","full_delivered_acquisition_cost_not_proven","identical_completed_sales_not_loaded","instacomp_exact_market_not_completed","owned_copy_exclusion_not_proven"]	{"endpoints":["wnba"],"candidateId":"ebay:v1|366554896100|0","listingItemId":"v1|366554896100|0","queryFamilyIds":["wnba.paige-bueckers.autograph-memorabilia"],"buyingOptions":["FIXED_PRICE","BEST_OFFER"],"condition":"Ungraded","itemCreationDate":"2026-07-20T20:34:22.000Z","itemEndDate":null,"imageUrls":["https://i.ebayimg.com/images/g/YuYAAeSwZB9qXoYw/s-l225.jpg","https://i.ebayimg.com/images/g/YuYAAeSwZB9qXoYw/s-l1600.jpg"],"preliminaryScopeStatus":"DISCOVERY_SCOPE_PASS","preliminaryRisks":[]}
cand-s4-ebay-a12b7a9b4b8e6b2e59	dh-20260730T170046Z-7d4c2a91	4	2026-07-30T17:05:44.524826+00:00	WNBA / broad_professional_rookies	Paige Bueckers	professional_wnba_rookie_card	eBay	pistolwilliam		v1|377062638147|0	https://www.ebay.com/itm/377062638147?_skw=Paige+Bueckers+Dallas+Wings+WNBA+rookie+card&hash=item57caaf4243%3Ag%3At00AAeSwhD1pV83-	LIVE	PAIGE BUECKERS * DALLAS WINGS WNBA 2023 "ROOKIE" #RS-67 BASKETBALL CARD	{"title":"PAIGE BUECKERS * DALLAS WINGS WNBA 2023 \"ROOKIE\" #RS-67 BASKETBALL CARD","preliminaryScopeStatus":"IMAGE_OR_IDENTITY_REVIEW_REQUIRED","queryFamilyIds":["wnba.paige-bueckers.broad-professional-rookies"],"preliminaryRisks":["tier_not_proven_from_title_image_review_required"]}	{"status":"UNVERIFIED","verification":"native-browse-title-and-marketplace-images-only","frontVerified":false,"backVerified":false}	preliminary|a12b7a9b4b8e6b2e59	ebay|pistolwilliam|v1|377062638147|0	https://i.ebayimg.com/images/g/t00AAeSwhD1pV83-/s-l225.jpg	https://i.ebayimg.com/images/g/t00AAeSwhD1pV83-/s-l1600.jpg	FALSE	FALSE	FALSE	FALSE	{}											UNASSESSED	["tier_not_proven_from_title_image_review_required"]	5.5	0																	INSUFFICIENT																	MANUAL REVIEW / UNPRICED	FALSE	FALSE	["exact_parallel_or_variation_not_verified","front_and_back_identity_not_verified","full_delivered_acquisition_cost_not_proven","identical_completed_sales_not_loaded","instacomp_exact_market_not_completed","owned_copy_exclusion_not_proven","tier_not_proven_from_title_image_review_required"]	{"endpoints":["wnba"],"candidateId":"ebay:v1|377062638147|0","listingItemId":"v1|377062638147|0","queryFamilyIds":["wnba.paige-bueckers.broad-professional-rookies"],"buyingOptions":["FIXED_PRICE"],"condition":"Ungraded","itemCreationDate":"2026-03-25T21:20:24.000Z","itemEndDate":null,"imageUrls":["https://i.ebayimg.com/images/g/t00AAeSwhD1pV83-/s-l225.jpg","https://i.ebayimg.com/images/g/t00AAeSwhD1pV83-/s-l1600.jpg"],"preliminaryScopeStatus":"IMAGE_OR_IDENTITY_REVIEW_REQUIRED","preliminaryRisks":["tier_not_proven_from_title_image_review_required"]}
cand-s4-ebay-fcc738e323a85bbfd0	dh-20260730T170046Z-7d4c2a91	4	2026-07-30T17:05:44.524826+00:00	WNBA / broad_professional_rookies	Paige Bueckers	professional_wnba_rookie_card	eBay	ke_953350		v1|377380333459|0	https://www.ebay.com/itm/377380333459?_skw=Paige+Bueckers+Dallas+Wings+WNBA+rookie+card&hash=item57dd9ee793%3Ag%3AmvQAAeSw60hqNg9x	LIVE	2025 Donruss WNBA #86 Paige Bueckers Dallas Wings Rookie	{"title":"2025 Donruss WNBA #86 Paige Bueckers Dallas Wings Rookie","preliminaryScopeStatus":"IMAGE_OR_IDENTITY_REVIEW_REQUIRED","queryFamilyIds":["wnba.paige-bueckers.broad-professional-rookies"],"preliminaryRisks":["tier_not_proven_from_title_image_review_required"]}	{"status":"UNVERIFIED","verification":"native-browse-title-and-marketplace-images-only","frontVerified":false,"backVerified":false}	preliminary|fcc738e323a85bbfd0	ebay|ke_953350|v1|377380333459|0	https://i.ebayimg.com/images/g/mvQAAeSw60hqNg9x/s-l225.jpg	https://i.ebayimg.com/images/g/mvQAAeSw60hqNg9x/s-l1200.jpg	FALSE	FALSE	FALSE	FALSE	{}											UNASSESSED	["tier_not_proven_from_title_image_review_required"]	2.99	0																	INSUFFICIENT																	MANUAL REVIEW / UNPRICED	FALSE	FALSE	["exact_parallel_or_variation_not_verified","front_and_back_identity_not_verified","full_delivered_acquisition_cost_not_proven","identical_completed_sales_not_loaded","instacomp_exact_market_not_completed","owned_copy_exclusion_not_proven","tier_not_proven_from_title_image_review_required"]	{"endpoints":["wnba"],"candidateId":"ebay:v1|377380333459|0","listingItemId":"v1|377380333459|0","queryFamilyIds":["wnba.paige-bueckers.broad-professional-rookies"],"buyingOptions":["FIXED_PRICE","BEST_OFFER"],"condition":"Ungraded","itemCreationDate":"2026-07-30T02:39:49.000Z","itemEndDate":null,"imageUrls":["https://i.ebayimg.com/images/g/mvQAAeSw60hqNg9x/s-l225.jpg","https://i.ebayimg.com/images/g/mvQAAeSw60hqNg9x/s-l1200.jpg"],"preliminaryScopeStatus":"IMAGE_OR_IDENTITY_REVIEW_REQUIRED","preliminaryRisks":["tier_not_proven_from_title_image_review_required"]}
cand-s4-ebay-68341f4b1f80f9e835	dh-20260730T170046Z-7d4c2a91	4	2026-07-30T17:05:44.524826+00:00	WNBA / broad_professional_rookies	Paige Bueckers	professional_wnba_rookie_card	eBay	4bases		v1|389255757096|0	https://www.ebay.com/itm/389255757096?_skw=Paige+Bueckers+Dallas+Wings+WNBA+rookie+card&hash=item5aa1737d28%3Ag%3AEQ0AAeSw5eRpHime&amdata=enc%3AAQALAAABEACCtXRWQnOEpyOqnQQ8KGY%2BbLkZIiI5b0FX1YuwvY1xxLw3XG5TQSm17bpc7BvG%2F07xcWY3di3YOL6Acv%2BCEG9FFvgfb%2FaJASnMUH70fZoxaHV5pi6B61QMJAN25OhcBs%2FUOMgiPk%2BO89K5%2BSNtjHJ948YyDkdKlblwN2nWaIu8Zi9Ipz4wVT3Ln29jPeX8wTdkMTMSnXPHA0n0cxigEstD411uiXOq7UcNS0RuWGsFtCfw%2Bt3InwATX%2FJH%2Bg%2FhbdLTN4O6t7XH7ywqnrSrjHgs3MxOw4F%2FWeZ7yZoBLfANodqKECIhpcM5SVABDw7PLtZdS%2F7hY9tpxJgv9RDU2fS%2FtitVhqSGjd7CaLPT9j6Z	LIVE	2025-26 Panini Paige Bueckers Dallas Wings Rated Rookie Card #86 Gem Mint 10!	{"title":"2025-26 Panini Paige Bueckers Dallas Wings Rated Rookie Card #86 Gem Mint 10!","preliminaryScopeStatus":"IMAGE_OR_IDENTITY_REVIEW_REQUIRED","queryFamilyIds":["wnba.paige-bueckers.broad-professional-rookies"],"preliminaryRisks":["tier_not_proven_from_title_image_review_required"]}	{"status":"UNVERIFIED","verification":"native-browse-title-and-marketplace-images-only","frontVerified":false,"backVerified":false}	preliminary|68341f4b1f80f9e835	ebay|4bases|v1|389255757096|0	https://i.ebayimg.com/images/g/EQ0AAeSw5eRpHime/s-l225.jpg	https://i.ebayimg.com/images/g/EQ0AAeSw5eRpHime/s-l1600.jpg	FALSE	FALSE	FALSE	FALSE	{}											UNASSESSED	["tier_not_proven_from_title_image_review_required"]	22.49																		INSUFFICIENT																	MANUAL REVIEW / UNPRICED	FALSE	FALSE	["exact_parallel_or_variation_not_verified","front_and_back_identity_not_verified","full_delivered_acquisition_cost_not_proven","identical_completed_sales_not_loaded","instacomp_exact_market_not_completed","owned_copy_exclusion_not_proven","tier_not_proven_from_title_image_review_required"]	{"endpoints":["wnba"],"candidateId":"ebay:v1|389255757096|0","listingItemId":"v1|389255757096|0","queryFamilyIds":["wnba.paige-bueckers.broad-professional-rookies"],"buyingOptions":["FIXED_PRICE","BEST_OFFER"],"condition":"Graded","itemCreationDate":"2025-11-19T20:40:18.000Z","itemEndDate":null,"imageUrls":["https://i.ebayimg.com/images/g/EQ0AAeSw5eRpHime/s-l225.jpg","https://i.ebayimg.com/images/g/EQ0AAeSw5eRpHime/s-l1600.jpg"],"preliminaryScopeStatus":"IMAGE_OR_IDENTITY_REVIEW_REQUIRED","preliminaryRisks":["tier_not_proven_from_title_image_review_required"]}
cand-s4-ebay-8f31cca5fb9e16ffa4	dh-20260730T170046Z-7d4c2a91	4	2026-07-30T17:05:44.524826+00:00	WNBA / broad_professional_rookies	Paige Bueckers	professional_wnba_rookie_card	eBay	plant_mar		v1|397054066296|0	https://www.ebay.com/itm/397054066296?_skw=Paige+Bueckers+Dallas+Wings+WNBA+rookie+card&hash=item5c72443e78%3Ag%3ARocAAeSwGDhoxggX	LIVE	Paige Bueckers 2025 Panini Instant WNBA Rookie Card Dallas Wings 1st Graded 10	{"title":"Paige Bueckers 2025 Panini Instant WNBA Rookie Card Dallas Wings 1st Graded 10","preliminaryScopeStatus":"IMAGE_OR_IDENTITY_REVIEW_REQUIRED","queryFamilyIds":["wnba.paige-bueckers.broad-professional-rookies"],"preliminaryRisks":["tier_not_proven_from_title_image_review_required"]}	{"status":"UNVERIFIED","verification":"native-browse-title-and-marketplace-images-only","frontVerified":false,"backVerified":false}	preliminary|8f31cca5fb9e16ffa4	ebay|plant_mar|v1|397054066296|0	https://i.ebayimg.com/images/g/RocAAeSwGDhoxggX/s-l225.jpg	https://i.ebayimg.com/images/g/RocAAeSwGDhoxggX/s-l1200.jpg	FALSE	FALSE	FALSE	FALSE	{}											UNASSESSED	["tier_not_proven_from_title_image_review_required"]	29.99	0																	INSUFFICIENT																	MANUAL REVIEW / UNPRICED	FALSE	FALSE	["exact_parallel_or_variation_not_verified","front_and_back_identity_not_verified","full_delivered_acquisition_cost_not_proven","identical_completed_sales_not_loaded","instacomp_exact_market_not_completed","owned_copy_exclusion_not_proven","tier_not_proven_from_title_image_review_required"]	{"endpoints":["wnba"],"candidateId":"ebay:v1|397054066296|0","listingItemId":"v1|397054066296|0","queryFamilyIds":["wnba.paige-bueckers.broad-professional-rookies"],"buyingOptions":["FIXED_PRICE","BEST_OFFER"],"condition":"Graded","itemCreationDate":"2025-09-14T00:15:18.000Z","itemEndDate":null,"imageUrls":["https://i.ebayimg.com/images/g/RocAAeSwGDhoxggX/s-l225.jpg","https://i.ebayimg.com/images/g/RocAAeSwGDhoxggX/s-l1200.jpg"],"preliminaryScopeStatus":"IMAGE_OR_IDENTITY_REVIEW_REQUIRED","preliminaryRisks":["tier_not_proven_from_title_image_review_required"]}
cand-s4-ebay-2b3b8a69331c02764c	dh-20260730T170046Z-7d4c2a91	4	2026-07-30T17:05:44.524826+00:00	WNBA / broad_professional_rookies	Paige Bueckers	professional_wnba_rookie_card	eBay	plant_mar		v1|397650266114|0	https://www.ebay.com/itm/397650266114?_skw=Paige+Bueckers+Dallas+Wings+WNBA+rookie+card&hash=item5c95cd8802%3Ag%3AgC8AAeSwRgFpn5Qp&amdata=enc%3AAQALAAABEACCtXRWQnOEpyOqnQQ8KGZSFcpU7S08HGlVofQM5HsQGMGV8PmeQt3VHGGUe4NXgWDEzzhrP4w3zHaL4fwhyYkijgowErXIRXqsOB%2FwAQj25F2%2FCSU0%2BtXscMcLP7n7W1LDlnA4zVk5Jm%2Bpy4sMVz1vBIshOzPkBY078OmlY4Ye1kbLpmfYhvCmzFC4fKgaBokGa2h39Zwg6EAMbCa38QHKZqXkXOIvPK1v3bdnTQV3ydtCtRi7k7kXBpcIEWyUre8SPWih5qkmXTHlE%2FSgogSZZzYc3pglCS7%2B7Cq1EAc54bopSlR3PX9NLrXSvJXxQKUlz9rjNGdckW%2Bs5%2FNXYDbBamsYBPk2hyLdFrJ0uNpo	LIVE	Paige Bueckers 2025 Panini Prizm WNBA #5 Dallas Wings Rookie Card 1st Graded 10	{"title":"Paige Bueckers 2025 Panini Prizm WNBA #5 Dallas Wings Rookie Card 1st Graded 10","preliminaryScopeStatus":"DISCOVERY_SCOPE_PASS","queryFamilyIds":["wnba.paige-bueckers.broad-professional-rookies"],"preliminaryRisks":[]}	{"status":"UNVERIFIED","verification":"native-browse-title-and-marketplace-images-only","frontVerified":false,"backVerified":false}	preliminary|2b3b8a69331c02764c	ebay|plant_mar|v1|397650266114|0	https://i.ebayimg.com/images/g/gC8AAeSwRgFpn5Qp/s-l225.jpg	https://i.ebayimg.com/images/g/gC8AAeSwRgFpn5Qp/s-l1200.jpg	FALSE	FALSE	FALSE	FALSE	{}											UNASSESSED	[]	97.49	0																	INSUFFICIENT																	MANUAL REVIEW / UNPRICED	FALSE	FALSE	["exact_parallel_or_variation_not_verified","front_and_back_identity_not_verified","full_delivered_acquisition_cost_not_proven","identical_completed_sales_not_loaded","instacomp_exact_market_not_completed","owned_copy_exclusion_not_proven"]	{"endpoints":["wnba"],"candidateId":"ebay:v1|397650266114|0","listingItemId":"v1|397650266114|0","queryFamilyIds":["wnba.paige-bueckers.broad-professional-rookies"],"buyingOptions":["FIXED_PRICE","BEST_OFFER"],"condition":"Graded","itemCreationDate":"2026-02-26T00:43:25.000Z","itemEndDate":null,"imageUrls":["https://i.ebayimg.com/images/g/gC8AAeSwRgFpn5Qp/s-l225.jpg","https://i.ebayimg.com/images/g/gC8AAeSwRgFpn5Qp/s-l1200.jpg"],"preliminaryScopeStatus":"DISCOVERY_SCOPE_PASS","preliminaryRisks":[]}
cand-s4-ebay-42e9cf313f6a501e64	dh-20260730T170046Z-7d4c2a91	4	2026-07-30T17:05:44.524826+00:00	WNBA / broad_professional_rookies	Paige Bueckers	professional_wnba_rookie_card	eBay	imru59		v1|397901251417|0	https://www.ebay.com/itm/397901251417?_skw=Paige+Bueckers+Dallas+Wings+WNBA+rookie+card&hash=item5ca4c34359%3Ag%3ArDkAAeSw8iBp9TFX&amdata=enc%3AAQALAAABEACCtXRWQnOEpyOqnQQ8KGaX1sDDOq1YMIEuMPOUB3N4%2BLAVBO0uLETXbeDJbhCUytyYxFJEK3rce8KmAgAZQWyXLHfzK06SEHRveh6yXRjlyihNNAx5yVC8c6UFSiedQO5Lno6sVjOSazTJm7AnQnYvb3b5Bjx60CCdS%2FBTPgAftIqFyNe1nU%2FdHgLkdA8fkzhCt7vmL9K3no7rOUPM6Lvi4m57S04Z1JIKcDAiO2n7EMLMTexFMX0O06qR7n07YhUWjnFzCiSL2TkLCzD2tZIpYZ8vi8YlkRSU9IhJfZI0UYaU%2FiIl3OOD5fL5lebVGWdcWxRpth%2FtitXuVbP9tqxzp5Bm55pw9rohPNJPXA7d	LIVE	2025 Panini Prizm WNBA Paige Bueckers Groovy Red Rookie RC 42/99 #12 Wings HTF	{"title":"2025 Panini Prizm WNBA Paige Bueckers Groovy Red Rookie RC 42/99 #12 Wings HTF","preliminaryScopeStatus":"DISCOVERY_SCOPE_PASS","queryFamilyIds":["wnba.paige-bueckers.broad-professional-rookies"],"preliminaryRisks":[]}	{"status":"UNVERIFIED","verification":"native-browse-title-and-marketplace-images-only","frontVerified":false,"backVerified":false}	preliminary|42e9cf313f6a501e64	ebay|imru59|v1|397901251417|0	https://i.ebayimg.com/images/g/rDkAAeSw8iBp9TFX/s-l225.jpg	https://i.ebayimg.com/images/g/rDkAAeSw8iBp9TFX/s-l1600.jpg	FALSE	FALSE	FALSE	FALSE	{}											UNASSESSED	[]	135.22	6																	INSUFFICIENT																	MANUAL REVIEW / UNPRICED	FALSE	FALSE	["exact_parallel_or_variation_not_verified","front_and_back_identity_not_verified","full_delivered_acquisition_cost_not_proven","identical_completed_sales_not_loaded","instacomp_exact_market_not_completed","owned_copy_exclusion_not_proven"]	{"endpoints":["wnba"],"candidateId":"ebay:v1|397901251417|0","listingItemId":"v1|397901251417|0","queryFamilyIds":["wnba.paige-bueckers.broad-professional-rookies"],"buyingOptions":["FIXED_PRICE"],"condition":"Ungraded","itemCreationDate":"2026-05-01T23:19:14.000Z","itemEndDate":null,"imageUrls":["https://i.ebayimg.com/images/g/rDkAAeSw8iBp9TFX/s-l225.jpg","https://i.ebayimg.com/images/g/rDkAAeSw8iBp9TFX/s-l1600.jpg"],"preliminaryScopeStatus":"DISCOVERY_SCOPE_PASS","preliminaryRisks":[]}
cand-s4-ebay-1b656a0a8ca96f30f7	dh-20260730T170046Z-7d4c2a91	4	2026-07-30T17:05:44.524826+00:00	WNBA / broad_professional_rookies	Paige Bueckers	professional_wnba_rookie_card	eBay	imru59		v1|398216641324|0	https://www.ebay.com/itm/398216641324?_skw=Paige+Bueckers+Dallas+Wings+WNBA+rookie+card&hash=item5cb78fbb2c%3Ag%3Ab%7EkAAeSwLQ5qL0EH&amdata=enc%3AAQALAAABEACCtXRWQnOEpyOqnQQ8KGaWEKYKlaP9XTlD1xdJhirjNf6qjFFrKlAxvW71x4XsSlEyhVfNzjhbinY%2FBWZRI7oflWuUgqnF%2F7nkBJz6cn1mC0KZ0JBf%2FzoCqujUXW11szyhbI%2Byrz%2Fai3ZbHrDE%2B9c4Hu2GvBVQgrsLwP7HX4R6iMFWtotQ0MRVpEpJIaAAOlUTtrYtEai9gViGrMJca0AwPIxJo3pJsuPqnCzMsbEZQuRA9TbFcoVX07cm3kWl5mnTKkdNQfY1uOebkOZWabL%2FbZhUngZS0qF0ekzP2g0v7SrvTq0%2B6NvmgsYA7y0EaDQNl63hoqk%2BaFFsHRi0qY%2BZ2j%2BGd2pF3qunbvFHyC8C	LIVE	2025 WNBA Panini PAIGE BUECKERS Snakeskin 🔥 RC #147 Wings - Investment	{"title":"2025 WNBA Panini PAIGE BUECKERS Snakeskin 🔥 RC #147 Wings - Investment","preliminaryScopeStatus":"IMAGE_OR_IDENTITY_REVIEW_REQUIRED","queryFamilyIds":["wnba.paige-bueckers.broad-professional-rookies"],"preliminaryRisks":["tier_not_proven_from_title_image_review_required"]}	{"status":"UNVERIFIED","verification":"native-browse-title-and-marketplace-images-only","frontVerified":false,"backVerified":false}	preliminary|1b656a0a8ca96f30f7	ebay|imru59|v1|398216641324|0	https://i.ebayimg.com/images/g/b~kAAeSwLQ5qL0EH/s-l225.jpg	https://i.ebayimg.com/images/g/b~kAAeSwLQ5qL0EH/s-l1600.jpg	FALSE	FALSE	FALSE	FALSE	{}											UNASSESSED	["tier_not_proven_from_title_image_review_required"]	2000.66	14.5																	INSUFFICIENT																	MANUAL REVIEW / UNPRICED	FALSE	FALSE	["exact_parallel_or_variation_not_verified","front_and_back_identity_not_verified","full_delivered_acquisition_cost_not_proven","identical_completed_sales_not_loaded","instacomp_exact_market_not_completed","owned_copy_exclusion_not_proven","tier_not_proven_from_title_image_review_required"]	{"endpoints":["wnba"],"candidateId":"ebay:v1|398216641324|0","listingItemId":"v1|398216641324|0","queryFamilyIds":["wnba.paige-bueckers.broad-professional-rookies"],"buyingOptions":["FIXED_PRICE","BEST_OFFER"],"condition":"Ungraded","itemCreationDate":"2026-07-26T13:12:18.000Z","itemEndDate":null,"imageUrls":["https://i.ebayimg.com/images/g/b~kAAeSwLQ5qL0EH/s-l225.jpg","https://i.ebayimg.com/images/g/b~kAAeSwLQ5qL0EH/s-l1600.jpg"],"preliminaryScopeStatus":"IMAGE_OR_IDENTITY_REVIEW_REQUIRED","preliminaryRisks":["tier_not_proven_from_title_image_review_required"]}
cand-s4-ebay-10781364f78b1e88a2	dh-20260730T170046Z-7d4c2a91	4	2026-07-30T17:05:44.524826+00:00	WNBA / broad_professional_rookies	Paige Bueckers	professional_wnba_rookie_card	eBay	brysh3613		v1|407108518913|0	https://www.ebay.com/itm/407108518913?_skw=Paige+Bueckers+Dallas+Wings+WNBA+rookie+card&hash=item5ec98f0401%3Ag%3AjVUAAeSwf4Jqa1xf	LIVE	2025 Prizm WNBA Paige Bueckers RC Cracked Ice Rookie Variation #147 Dallas Wings	{"title":"2025 Prizm WNBA Paige Bueckers RC Cracked Ice Rookie Variation #147 Dallas Wings","preliminaryScopeStatus":"DISCOVERY_SCOPE_PASS","queryFamilyIds":["wnba.paige-bueckers.broad-professional-rookies"],"preliminaryRisks":[]}	{"status":"UNVERIFIED","verification":"native-browse-title-and-marketplace-images-only","frontVerified":false,"backVerified":false}	preliminary|10781364f78b1e88a2	ebay|brysh3613|v1|407108518913|0	https://i.ebayimg.com/images/g/jVUAAeSwf4Jqa1xf/s-l225.jpg	https://i.ebayimg.com/images/g/jVUAAeSwf4Jqa1xf/s-l1600.jpg	FALSE	FALSE	FALSE	FALSE	{}											UNASSESSED	[]	19.5																		INSUFFICIENT																	MANUAL REVIEW / UNPRICED	FALSE	FALSE	["exact_parallel_or_variation_not_verified","front_and_back_identity_not_verified","full_delivered_acquisition_cost_not_proven","identical_completed_sales_not_loaded","instacomp_exact_market_not_completed","owned_copy_exclusion_not_proven"]	{"endpoints":["wnba"],"candidateId":"ebay:v1|407108518913|0","listingItemId":"v1|407108518913|0","queryFamilyIds":["wnba.paige-bueckers.broad-professional-rookies"],"buyingOptions":["FIXED_PRICE","BEST_OFFER"],"condition":"Ungraded","itemCreationDate":"2026-07-30T14:19:07.000Z","itemEndDate":null,"imageUrls":["https://i.ebayimg.com/images/g/jVUAAeSwf4Jqa1xf/s-l225.jpg","https://i.ebayimg.com/images/g/jVUAAeSwf4Jqa1xf/s-l1600.jpg"],"preliminaryScopeStatus":"DISCOVERY_SCOPE_PASS","preliminaryRisks":[]}
cand-s4-ebay-49cefd5a3d958f559a	dh-20260730T170046Z-7d4c2a91	4	2026-07-30T17:05:44.524826+00:00	WNBA / autograph_memorabilia	Paige Bueckers	professional_wnba_rookie_autograph_memorabilia	eBay	breakpointllc-2020		v1|800278316810|0	https://www.ebay.com/itm/800278316810?_skw=Paige+Bueckers+WNBA+rookie+autograph+auto+patch+memorabilia&hash=itemba544e070a%3Ag%3AibgAAeSwznxqRpmF	LIVE	Paige Bueckers Silver Prizm Rookie Patch Auto 2025 Panini Select WNBA Basketball	{"title":"Paige Bueckers Silver Prizm Rookie Patch Auto 2025 Panini Select WNBA Basketball","preliminaryScopeStatus":"DISCOVERY_SCOPE_PASS","queryFamilyIds":["wnba.paige-bueckers.autograph-memorabilia"],"preliminaryRisks":[]}	{"status":"UNVERIFIED","verification":"native-browse-title-and-marketplace-images-only","frontVerified":false,"backVerified":false}	preliminary|49cefd5a3d958f559a	ebay|breakpointllc-2020|v1|800278316810|0	https://i.ebayimg.com/images/g/ibgAAeSwznxqRpmF/s-l225.jpg	https://i.ebayimg.com/images/g/ibgAAeSwznxqRpmF/s-l1600.jpg	FALSE	FALSE	FALSE	FALSE	{}											UNASSESSED	[]	700	15																	INSUFFICIENT																	MANUAL REVIEW / UNPRICED	FALSE	FALSE	["exact_parallel_or_variation_not_verified","front_and_back_identity_not_verified","full_delivered_acquisition_cost_not_proven","identical_completed_sales_not_loaded","instacomp_exact_market_not_completed","owned_copy_exclusion_not_proven"]	{"endpoints":["wnba"],"candidateId":"ebay:v1|800278316810|0","listingItemId":"v1|800278316810|0","queryFamilyIds":["wnba.paige-bueckers.autograph-memorabilia"],"buyingOptions":["FIXED_PRICE"],"condition":"Ungraded","itemCreationDate":"2026-07-02T17:05:53.000Z","itemEndDate":null,"imageUrls":["https://i.ebayimg.com/images/g/ibgAAeSwznxqRpmF/s-l225.jpg","https://i.ebayimg.com/images/g/ibgAAeSwznxqRpmF/s-l1600.jpg"],"preliminaryScopeStatus":"DISCOVERY_SCOPE_PASS","preliminaryRisks":[]}
cand-s4-ebay-c590c6ab1622c18644	dh-20260730T170046Z-7d4c2a91	4	2026-07-30T17:05:44.524826+00:00	WNBA / broad_professional_rookies	Sonia Citron	professional_wnba_rookie_card	eBay	stars-and-skulls		v1|117326153754|0	https://www.ebay.com/itm/117326153754?_skw=Sonia+Citron+Washington+Mystics+WNBA+rookie+card&hash=item1b512f081a%3Ag%3Ak%7E0AAeSw75ZqUtXs	LIVE	2025 Donruss WNBA - Rated Rookie Sonia Citron #87 (RC) Washington Mystics	{"title":"2025 Donruss WNBA - Rated Rookie Sonia Citron #87 (RC) Washington Mystics","preliminaryScopeStatus":"IMAGE_OR_IDENTITY_REVIEW_REQUIRED","queryFamilyIds":["wnba.sonia-citron.broad-professional-rookies"],"preliminaryRisks":["tier_not_proven_from_title_image_review_required"]}	{"status":"UNVERIFIED","verification":"native-browse-title-and-marketplace-images-only","frontVerified":false,"backVerified":false}	preliminary|c590c6ab1622c18644	ebay|stars-and-skulls|v1|117326153754|0	https://i.ebayimg.com/images/g/k~0AAeSw75ZqUtXs/s-l225.jpg	https://i.ebayimg.com/images/g/k~0AAeSw75ZqUtXs/s-l1200.jpg	FALSE	FALSE	FALSE	FALSE	{}											UNASSESSED	["tier_not_proven_from_title_image_review_required"]	1.39	0																	INSUFFICIENT																	MANUAL REVIEW / UNPRICED	FALSE	FALSE	["exact_parallel_or_variation_not_verified","front_and_back_identity_not_verified","full_delivered_acquisition_cost_not_proven","identical_completed_sales_not_loaded","instacomp_exact_market_not_completed","owned_copy_exclusion_not_proven","tier_not_proven_from_title_image_review_required"]	{"endpoints":["wnba"],"candidateId":"ebay:v1|117326153754|0","listingItemId":"v1|117326153754|0","queryFamilyIds":["wnba.sonia-citron.broad-professional-rookies"],"buyingOptions":["FIXED_PRICE"],"condition":"Ungraded","itemCreationDate":"2026-07-28T03:38:43.000Z","itemEndDate":null,"imageUrls":["https://i.ebayimg.com/images/g/k~0AAeSw75ZqUtXs/s-l225.jpg","https://i.ebayimg.com/images/g/k~0AAeSw75ZqUtXs/s-l1200.jpg"],"preliminaryScopeStatus":"IMAGE_OR_IDENTITY_REVIEW_REQUIRED","preliminaryRisks":["tier_not_proven_from_title_image_review_required"]}
cand-s4-ebay-c23235d0667ca57b4c	dh-20260730T170046Z-7d4c2a91	4	2026-07-30T17:05:44.524826+00:00	WNBA / broad_professional_rookies	Sonia Citron	professional_wnba_rookie_card	eBay	lets_make_stickers		v1|127998405633|0	https://www.ebay.com/itm/127998405633?_skw=Sonia+Citron+Washington+Mystics+WNBA+rookie+card&hash=item1dcd4cac01%3Ag%3AGcoAAeSwydZqaI9Z	LIVE	2025 Panini WNBA Prizm Fearless 15 Sonia Citron Washington Mystics Rookie Card	{"title":"2025 Panini WNBA Prizm Fearless 15 Sonia Citron Washington Mystics Rookie Card","preliminaryScopeStatus":"DISCOVERY_SCOPE_PASS","queryFamilyIds":["wnba.sonia-citron.broad-professional-rookies"],"preliminaryRisks":[]}	{"status":"UNVERIFIED","verification":"native-browse-title-and-marketplace-images-only","frontVerified":false,"backVerified":false}	preliminary|c23235d0667ca57b4c	ebay|lets_make_stickers|v1|127998405633|0	https://i.ebayimg.com/images/g/GcoAAeSwydZqaI9Z/s-l225.jpg	https://i.ebayimg.com/images/g/GcoAAeSwydZqaI9Z/s-l1600.jpg	FALSE	FALSE	FALSE	FALSE	{}											UNASSESSED	[]	1																		INSUFFICIENT																	MANUAL REVIEW / UNPRICED	FALSE	FALSE	["exact_parallel_or_variation_not_verified","front_and_back_identity_not_verified","full_delivered_acquisition_cost_not_proven","identical_completed_sales_not_loaded","instacomp_exact_market_not_completed","owned_copy_exclusion_not_proven"]	{"endpoints":["wnba"],"candidateId":"ebay:v1|127998405633|0","listingItemId":"v1|127998405633|0","queryFamilyIds":["wnba.sonia-citron.broad-professional-rookies"],"buyingOptions":["FIXED_PRICE","BEST_OFFER"],"condition":"Ungraded","itemCreationDate":"2026-07-28T11:16:16.000Z","itemEndDate":null,"imageUrls":["https://i.ebayimg.com/images/g/GcoAAeSwydZqaI9Z/s-l225.jpg","https://i.ebayimg.com/images/g/GcoAAeSwydZqaI9Z/s-l1600.jpg"],"preliminaryScopeStatus":"DISCOVERY_SCOPE_PASS","preliminaryRisks":[]}
cand-s4-ebay-923ca0240f9e17ed20	dh-20260730T170046Z-7d4c2a91	4	2026-07-30T17:05:44.524826+00:00	WNBA / autograph_memorabilia	Sonia Citron	professional_wnba_rookie_autograph_memorabilia	eBay	lombardycollectibles		v1|137344568759|0	https://www.ebay.com/itm/137344568759?_skw=Sonia+Citron+WNBA+rookie+autograph+auto+patch+memorabilia&hash=item1ffa5fcdb7%3Ag%3AXjUAAeSwjiVqFJbD	LIVE	Panini 2025 WNBA One and One Sonia Citron RC Jersey Auto Patch /25 RJJ-SC	{"title":"Panini 2025 WNBA One and One Sonia Citron RC Jersey Auto Patch /25 RJJ-SC","preliminaryScopeStatus":"DISCOVERY_SCOPE_PASS","queryFamilyIds":["wnba.sonia-citron.autograph-memorabilia"],"preliminaryRisks":[]}	{"status":"UNVERIFIED","verification":"native-browse-title-and-marketplace-images-only","frontVerified":false,"backVerified":false}	preliminary|923ca0240f9e17ed20	ebay|lombardycollectibles|v1|137344568759|0	https://i.ebayimg.com/images/g/XjUAAeSwjiVqFJbD/s-l225.jpg	https://i.ebayimg.com/images/g/XjUAAeSwjiVqFJbD/s-l1600.jpg	FALSE	FALSE	FALSE	FALSE	{}											UNASSESSED	[]	850																		INSUFFICIENT																	MANUAL REVIEW / UNPRICED	FALSE	FALSE	["exact_parallel_or_variation_not_verified","front_and_back_identity_not_verified","full_delivered_acquisition_cost_not_proven","identical_completed_sales_not_loaded","instacomp_exact_market_not_completed","owned_copy_exclusion_not_proven"]	{"endpoints":["wnba"],"candidateId":"ebay:v1|137344568759|0","listingItemId":"v1|137344568759|0","queryFamilyIds":["wnba.sonia-citron.autograph-memorabilia"],"buyingOptions":["FIXED_PRICE","BEST_OFFER"],"condition":"Ungraded","itemCreationDate":"2026-05-25T18:38:34.000Z","itemEndDate":null,"imageUrls":["https://i.ebayimg.com/images/g/XjUAAeSwjiVqFJbD/s-l225.jpg","https://i.ebayimg.com/images/g/XjUAAeSwjiVqFJbD/s-l1600.jpg"],"preliminaryScopeStatus":"DISCOVERY_SCOPE_PASS","preliminaryRisks":[]}
cand-s4-ebay-8c0b04096229a02316	dh-20260730T170046Z-7d4c2a91	4	2026-07-30T17:05:44.524826+00:00	WNBA / broad_professional_rookies	Sonia Citron	professional_wnba_rookie_card	eBay	bhub21		v1|137558348802|0	https://www.ebay.com/itm/137558348802?_skw=Sonia+Citron+Washington+Mystics+WNBA+rookie+card&hash=item20071dd402%3Ag%3ArtcAAeSwTy5qaBV3	LIVE	2025 Panini Select WNBA #12 Sonia Citron All-Stars Silver Flash Prizm Mystics RC	{"title":"2025 Panini Select WNBA #12 Sonia Citron All-Stars Silver Flash Prizm Mystics RC","preliminaryScopeStatus":"DISCOVERY_SCOPE_PASS","queryFamilyIds":["wnba.sonia-citron.broad-professional-rookies"],"preliminaryRisks":[]}	{"status":"UNVERIFIED","verification":"native-browse-title-and-marketplace-images-only","frontVerified":false,"backVerified":false}	preliminary|8c0b04096229a02316	ebay|bhub21|v1|137558348802|0	https://i.ebayimg.com/images/g/rtcAAeSwTy5qaBV3/s-l225.jpg	https://i.ebayimg.com/images/g/rtcAAeSwTy5qaBV3/s-l1600.jpg	FALSE	FALSE	FALSE	FALSE	{}											UNASSESSED	[]	4.99																		INSUFFICIENT																	MANUAL REVIEW / UNPRICED	FALSE	FALSE	["exact_parallel_or_variation_not_verified","front_and_back_identity_not_verified","full_delivered_acquisition_cost_not_proven","identical_completed_sales_not_loaded","instacomp_exact_market_not_completed","owned_copy_exclusion_not_proven"]	{"endpoints":["wnba"],"candidateId":"ebay:v1|137558348802|0","listingItemId":"v1|137558348802|0","queryFamilyIds":["wnba.sonia-citron.broad-professional-rookies"],"buyingOptions":["FIXED_PRICE"],"condition":"Ungraded","itemCreationDate":"2026-07-28T02:35:49.000Z","itemEndDate":null,"imageUrls":["https://i.ebayimg.com/images/g/rtcAAeSwTy5qaBV3/s-l225.jpg","https://i.ebayimg.com/images/g/rtcAAeSwTy5qaBV3/s-l1600.jpg"],"preliminaryScopeStatus":"DISCOVERY_SCOPE_PASS","preliminaryRisks":[]}
cand-s4-ebay-2b8da3ed669ada1bb6	dh-20260730T170046Z-7d4c2a91	4	2026-07-30T17:05:44.524826+00:00	WNBA / broad_professional_rookies	Sonia Citron	professional_wnba_rookie_card	eBay	bhub21		v1|137558351343|0	https://www.ebay.com/itm/137558351343?_skw=Sonia+Citron+Washington+Mystics+WNBA+rookie+card&hash=item20071dddef%3Ag%3AysAAAeSwNwVqaBYL	LIVE	2025 Panini Select WNBA #83 Sonia Citron Pink Ice Concourse Level RC Mystics	{"title":"2025 Panini Select WNBA #83 Sonia Citron Pink Ice Concourse Level RC Mystics","preliminaryScopeStatus":"DISCOVERY_SCOPE_PASS","queryFamilyIds":["wnba.sonia-citron.broad-professional-rookies"],"preliminaryRisks":[]}	{"status":"UNVERIFIED","verification":"native-browse-title-and-marketplace-images-only","frontVerified":false,"backVerified":false}	preliminary|2b8da3ed669ada1bb6	ebay|bhub21|v1|137558351343|0	https://i.ebayimg.com/images/g/ysAAAeSwNwVqaBYL/s-l225.jpg	https://i.ebayimg.com/images/g/ysAAAeSwNwVqaBYL/s-l1600.jpg	FALSE	FALSE	FALSE	FALSE	{}											UNASSESSED	[]	2.99																		INSUFFICIENT																	MANUAL REVIEW / UNPRICED	FALSE	FALSE	["exact_parallel_or_variation_not_verified","front_and_back_identity_not_verified","full_delivered_acquisition_cost_not_proven","identical_completed_sales_not_loaded","instacomp_exact_market_not_completed","owned_copy_exclusion_not_proven"]	{"endpoints":["wnba"],"candidateId":"ebay:v1|137558351343|0","listingItemId":"v1|137558351343|0","queryFamilyIds":["wnba.sonia-citron.broad-professional-rookies"],"buyingOptions":["FIXED_PRICE"],"condition":"Ungraded","itemCreationDate":"2026-07-28T02:38:16.000Z","itemEndDate":null,"imageUrls":["https://i.ebayimg.com/images/g/ysAAAeSwNwVqaBYL/s-l225.jpg","https://i.ebayimg.com/images/g/ysAAAeSwNwVqaBYL/s-l1600.jpg"],"preliminaryScopeStatus":"DISCOVERY_SCOPE_PASS","preliminaryRisks":[]}
cand-s4-ebay-d0d62fa1592d21df34	dh-20260730T170046Z-7d4c2a91	4	2026-07-30T17:05:44.524826+00:00	WNBA / broad_professional_rookies	Sonia Citron	professional_wnba_rookie_card	eBay	kn_644365		v1|147452783304|0	https://www.ebay.com/itm/147452783304?_skw=Sonia+Citron+Washington+Mystics+WNBA+rookie+card&hash=item2254deeac8%3Ag%3AxdEAAeSwtWFqXpn8	LIVE	SONIA CITRON 2025-26 PANINI PRIZM WNBA ROOKIE ICE #122 MYSTICS	{"title":"SONIA CITRON 2025-26 PANINI PRIZM WNBA ROOKIE ICE #122 MYSTICS","preliminaryScopeStatus":"DISCOVERY_SCOPE_PASS","queryFamilyIds":["wnba.sonia-citron.broad-professional-rookies"],"preliminaryRisks":[]}	{"status":"UNVERIFIED","verification":"native-browse-title-and-marketplace-images-only","frontVerified":false,"backVerified":false}	preliminary|d0d62fa1592d21df34	ebay|kn_644365|v1|147452783304|0	https://i.ebayimg.com/images/g/xdEAAeSwtWFqXpn8/s-l225.jpg	https://i.ebayimg.com/images/g/xdEAAeSwtWFqXpn8/s-l1200.jpg	FALSE	FALSE	FALSE	FALSE	{}											UNASSESSED	[]	2.99	0																	INSUFFICIENT																	MANUAL REVIEW / UNPRICED	FALSE	FALSE	["exact_parallel_or_variation_not_verified","front_and_back_identity_not_verified","full_delivered_acquisition_cost_not_proven","identical_completed_sales_not_loaded","instacomp_exact_market_not_completed","owned_copy_exclusion_not_proven"]	{"endpoints":["wnba"],"candidateId":"ebay:v1|147452783304|0","listingItemId":"v1|147452783304|0","queryFamilyIds":["wnba.sonia-citron.broad-professional-rookies"],"buyingOptions":["FIXED_PRICE"],"condition":"Ungraded","itemCreationDate":"2026-07-22T02:07:27.000Z","itemEndDate":null,"imageUrls":["https://i.ebayimg.com/images/g/xdEAAeSwtWFqXpn8/s-l225.jpg","https://i.ebayimg.com/images/g/xdEAAeSwtWFqXpn8/s-l1200.jpg"],"preliminaryScopeStatus":"DISCOVERY_SCOPE_PASS","preliminaryRisks":[]}
cand-s4-ebay-ec50e50ca1c22e1b16	dh-20260730T170046Z-7d4c2a91	4	2026-07-30T17:05:44.524826+00:00	WNBA / broad_professional_rookies	Sonia Citron	professional_wnba_rookie_card	eBay	gametimecards247		v1|178348852627|0	https://www.ebay.com/itm/178348852627?_skw=Sonia+Citron+Washington+Mystics+WNBA+rookie+card&hash=item29866b8593%3Ag%3A7cMAAeSwMDlqZ50f	LIVE	Sonia Citron Rookie 2025 Panini Prizm WNBA #122 Washington Mystics	{"title":"Sonia Citron Rookie 2025 Panini Prizm WNBA #122 Washington Mystics","preliminaryScopeStatus":"DISCOVERY_SCOPE_PASS","queryFamilyIds":["wnba.sonia-citron.broad-professional-rookies"],"preliminaryRisks":[]}	{"status":"UNVERIFIED","verification":"native-browse-title-and-marketplace-images-only","frontVerified":false,"backVerified":false}	preliminary|ec50e50ca1c22e1b16	ebay|gametimecards247|v1|178348852627|0	https://i.ebayimg.com/images/g/7cMAAeSwMDlqZ50f/s-l225.jpg	https://i.ebayimg.com/images/g/7cMAAeSwMDlqZ50f/s-l1600.jpg	FALSE	FALSE	FALSE	FALSE	{}											UNASSESSED	[]	1.58	0																	INSUFFICIENT																	MANUAL REVIEW / UNPRICED	FALSE	FALSE	["exact_parallel_or_variation_not_verified","front_and_back_identity_not_verified","full_delivered_acquisition_cost_not_proven","identical_completed_sales_not_loaded","instacomp_exact_market_not_completed","owned_copy_exclusion_not_proven"]	{"endpoints":["wnba"],"candidateId":"ebay:v1|178348852627|0","listingItemId":"v1|178348852627|0","queryFamilyIds":["wnba.sonia-citron.broad-professional-rookies"],"buyingOptions":["FIXED_PRICE"],"condition":"Ungraded","itemCreationDate":"2026-07-27T17:58:04.000Z","itemEndDate":null,"imageUrls":["https://i.ebayimg.com/images/g/7cMAAeSwMDlqZ50f/s-l225.jpg","https://i.ebayimg.com/images/g/7cMAAeSwMDlqZ50f/s-l1600.jpg"],"preliminaryScopeStatus":"DISCOVERY_SCOPE_PASS","preliminaryRisks":[]}
cand-s4-ebay-cd0f8c21fe65d9b4a8	dh-20260730T170046Z-7d4c2a91	4	2026-07-30T17:05:44.524826+00:00	WNBA / broad_professional_rookies	Sonia Citron	professional_wnba_rookie_card	eBay	wrv874		v1|188535509600|0	https://www.ebay.com/itm/188535509600?_skw=Sonia+Citron+Washington+Mystics+WNBA+rookie+card&hash=item2be5979260%3Ag%3Ac%7E8AAeSwlv5qNeWo&amdata=enc%3AAQALAAABEACCtXRWQnOEpyOqnQQ8KGZpfxuP13E7kmFwuI7Rt4qC1HQ9MI4U1U%2FEWzlath%2FeafWIjm7qlumM1dGhLZYGv41exJP%2B5yk4FgL1niM2%2FWZdpJPyWggn7Fs8wSE8F0%2Bpn6R1GZL8iVVK74buLHC6byGqmx6K14tb%2F2%2Beg1mB11xYUVUXEHLW%2B6SbHngwGMosa9UUEcl2UlKoaUCW%2BFxV87LgMkDFbEv3N2jC2YurRtTQ4idRkNBkEOw17TvQAdSSE%2FQCE5vaXQWLi7xp4Xb88N2bNpO2rB7zjniyogz5YAniIBbl38st0sRM4PVlFg67%2BSw1rWDtVzwoBCb5PiEXELDvQISBQtlQJC%2Bm4hWrzbTA	LIVE	Panini Sonia Citron Washington Mystics Rookie Card Lot (8) Prizm Select Donruss	{"title":"Panini Sonia Citron Washington Mystics Rookie Card Lot (8) Prizm Select Donruss","preliminaryScopeStatus":"DISCOVERY_SCOPE_PASS","queryFamilyIds":["wnba.sonia-citron.broad-professional-rookies"],"preliminaryRisks":[]}	{"status":"UNVERIFIED","verification":"native-browse-title-and-marketplace-images-only","frontVerified":false,"backVerified":false}	preliminary|cd0f8c21fe65d9b4a8	ebay|wrv874|v1|188535509600|0	https://i.ebayimg.com/images/g/c~8AAeSwlv5qNeWo/s-l225.jpg	https://i.ebayimg.com/images/g/c~8AAeSwlv5qNeWo/s-l1600.jpg	FALSE	FALSE	FALSE	FALSE	{}											UNASSESSED	[]	25																		INSUFFICIENT																	MANUAL REVIEW / UNPRICED	FALSE	FALSE	["exact_parallel_or_variation_not_verified","front_and_back_identity_not_verified","full_delivered_acquisition_cost_not_proven","identical_completed_sales_not_loaded","instacomp_exact_market_not_completed","owned_copy_exclusion_not_proven"]	{"endpoints":["wnba"],"candidateId":"ebay:v1|188535509600|0","listingItemId":"v1|188535509600|0","queryFamilyIds":["wnba.sonia-citron.broad-professional-rookies"],"buyingOptions":["FIXED_PRICE","BEST_OFFER"],"condition":"Used","itemCreationDate":"2026-06-20T01:02:48.000Z","itemEndDate":null,"imageUrls":["https://i.ebayimg.com/images/g/c~8AAeSwlv5qNeWo/s-l225.jpg","https://i.ebayimg.com/images/g/c~8AAeSwlv5qNeWo/s-l1600.jpg"],"preliminaryScopeStatus":"DISCOVERY_SCOPE_PASS","preliminaryRisks":[]}
cand-s4-ebay-11476defce60d6c487	dh-20260730T170046Z-7d4c2a91	4	2026-07-30T17:05:44.524826+00:00	WNBA / broad_professional_rookies	Sonia Citron	professional_wnba_rookie_card	eBay	aviiicollectibles		v1|188635306497|0	https://www.ebay.com/itm/188635306497?_skw=Sonia+Citron+Washington+Mystics+WNBA+rookie+card&hash=item2beb8a5a01%3Ag%3AaRsAAeSwBFtqVSsg&amdata=enc%3AAQALAAABEACCtXRWQnOEpyOqnQQ8KGa3CAnvwLfZBWZbo0R5NAor32a0MXyQNyCz3casS502SktcD%2Fqm0py61Xl6b8kVRgSWfCKa9TLwXvMFw5AuDfIxFv9zMa9l0PR8aTuTxOu02fro2jji6E9xGQhdCt6SQmccv0utHYIYWpwcXWiNCMmpEvDojwVCIQcleyzHYmmg%2Bsm0YZf%2F5jLeMJ5w%2FcLsETSgf9HExAVm70ZWfByAySGEniNk%2FypCzrj2I28XjjNmaif05mcu8d4qZ8u8wPPGfXeSl9ZoZhR0jrcIDA2WqVzj7uh2LbZ4T9LTNG8tok5jGmwaL%2FLbaX8MXP5%2BRizgkYPPYwFLD7cJ7HyyKaNEzf6x	LIVE	Sonia Citron | 2025 Panini Select 4-Card Rookie Lot | All Parallels | Mystics ⭐️	{"title":"Sonia Citron | 2025 Panini Select 4-Card Rookie Lot | All Parallels | Mystics ⭐️","preliminaryScopeStatus":"IMAGE_OR_IDENTITY_REVIEW_REQUIRED","queryFamilyIds":["wnba.sonia-citron.broad-professional-rookies"],"preliminaryRisks":["tier_not_proven_from_title_image_review_required"]}	{"status":"UNVERIFIED","verification":"native-browse-title-and-marketplace-images-only","frontVerified":false,"backVerified":false}	preliminary|11476defce60d6c487	ebay|aviiicollectibles|v1|188635306497|0	https://i.ebayimg.com/images/g/aRsAAeSwBFtqVSsg/s-l225.jpg	https://i.ebayimg.com/images/g/aRsAAeSwBFtqVSsg/s-l1600.jpg	FALSE	FALSE	FALSE	FALSE	{}											UNASSESSED	["tier_not_proven_from_title_image_review_required"]	79.99	0																	INSUFFICIENT																	MANUAL REVIEW / UNPRICED	FALSE	FALSE	["exact_parallel_or_variation_not_verified","front_and_back_identity_not_verified","full_delivered_acquisition_cost_not_proven","identical_completed_sales_not_loaded","instacomp_exact_market_not_completed","owned_copy_exclusion_not_proven","tier_not_proven_from_title_image_review_required"]	{"endpoints":["wnba"],"candidateId":"ebay:v1|188635306497|0","listingItemId":"v1|188635306497|0","queryFamilyIds":["wnba.sonia-citron.broad-professional-rookies"],"buyingOptions":["FIXED_PRICE"],"condition":"Used","itemCreationDate":"2026-07-13T18:27:05.000Z","itemEndDate":null,"imageUrls":["https://i.ebayimg.com/images/g/aRsAAeSwBFtqVSsg/s-l225.jpg","https://i.ebayimg.com/images/g/aRsAAeSwBFtqVSsg/s-l1600.jpg"],"preliminaryScopeStatus":"IMAGE_OR_IDENTITY_REVIEW_REQUIRED","preliminaryRisks":["tier_not_proven_from_title_image_review_required"]}
cand-s4-ebay-9f7e89e39383e7c8f6	dh-20260730T170046Z-7d4c2a91	4	2026-07-30T17:05:44.524826+00:00	WNBA / autograph_memorabilia	Sonia Citron	professional_wnba_rookie_autograph_memorabilia	eBay	cards704		v1|188655205914|0	https://www.ebay.com/itm/188655205914?_skw=Sonia+Citron+WNBA+rookie+autograph+auto+patch+memorabilia&hash=item2becb9fe1a%3Ag%3A5BUAAeSwrOpqObSL	LIVE	2025 Panini One & One WNBA Sonia Citron RC Rookie Jersey Purple Auto /25 #RJA-SC	{"title":"2025 Panini One & One WNBA Sonia Citron RC Rookie Jersey Purple Auto /25 #RJA-SC","preliminaryScopeStatus":"DISCOVERY_SCOPE_PASS","queryFamilyIds":["wnba.sonia-citron.autograph-memorabilia"],"preliminaryRisks":[]}	{"status":"UNVERIFIED","verification":"native-browse-title-and-marketplace-images-only","frontVerified":false,"backVerified":false}	preliminary|9f7e89e39383e7c8f6	ebay|cards704|v1|188655205914|0	https://i.ebayimg.com/images/g/5BUAAeSwrOpqObSL/s-l225.jpg	https://i.ebayimg.com/images/g/5BUAAeSwrOpqObSL/s-l1600.jpg	FALSE	FALSE	FALSE	FALSE	{}											UNASSESSED	[]	467.5	6																	INSUFFICIENT																	MANUAL REVIEW / UNPRICED	FALSE	FALSE	["exact_parallel_or_variation_not_verified","front_and_back_identity_not_verified","full_delivered_acquisition_cost_not_proven","identical_completed_sales_not_loaded","instacomp_exact_market_not_completed","owned_copy_exclusion_not_proven"]	{"endpoints":["wnba"],"candidateId":"ebay:v1|188655205914|0","listingItemId":"v1|188655205914|0","queryFamilyIds":["wnba.sonia-citron.autograph-memorabilia"],"buyingOptions":["FIXED_PRICE","BEST_OFFER"],"condition":"Ungraded","itemCreationDate":"2026-07-17T14:27:29.000Z","itemEndDate":null,"imageUrls":["https://i.ebayimg.com/images/g/5BUAAeSwrOpqObSL/s-l225.jpg","https://i.ebayimg.com/images/g/5BUAAeSwrOpqObSL/s-l1600.jpg"],"preliminaryScopeStatus":"DISCOVERY_SCOPE_PASS","preliminaryRisks":[]}
cand-s4-ebay-6f2d17c3ca0dff7b40	dh-20260730T170046Z-7d4c2a91	4	2026-07-30T17:05:44.524826+00:00	WNBA / autograph_memorabilia	Sonia Citron	professional_wnba_rookie_autograph_memorabilia	eBay	chgrif0		v1|198438146894|0	https://www.ebay.com/itm/198438146894?_skw=Sonia+Citron+WNBA+rookie+autograph+auto+patch+memorabilia&hash=item2e33d5d34e%3Ag%3Ac4MAAeSwMHJqNKRe	LIVE	2025 Panini WNBA Flawless SONIA CITRON ROOKIE PATCH AUTO EMERALD 1/5 Mystics 🔥	{"title":"2025 Panini WNBA Flawless SONIA CITRON ROOKIE PATCH AUTO EMERALD 1/5 Mystics 🔥","preliminaryScopeStatus":"DISCOVERY_SCOPE_PASS","queryFamilyIds":["wnba.sonia-citron.autograph-memorabilia"],"preliminaryRisks":[]}	{"status":"UNVERIFIED","verification":"native-browse-title-and-marketplace-images-only","frontVerified":false,"backVerified":false}	preliminary|6f2d17c3ca0dff7b40	ebay|chgrif0|v1|198438146894|0	https://i.ebayimg.com/images/g/c4MAAeSwMHJqNKRe/s-l225.jpg	https://i.ebayimg.com/images/g/c4MAAeSwMHJqNKRe/s-l1600.jpg	FALSE	FALSE	FALSE	FALSE	{}											UNASSESSED	[]	3999.99	0																	INSUFFICIENT																	MANUAL REVIEW / UNPRICED	FALSE	FALSE	["exact_parallel_or_variation_not_verified","front_and_back_identity_not_verified","full_delivered_acquisition_cost_not_proven","identical_completed_sales_not_loaded","instacomp_exact_market_not_completed","owned_copy_exclusion_not_proven"]	{"endpoints":["wnba"],"candidateId":"ebay:v1|198438146894|0","listingItemId":"v1|198438146894|0","queryFamilyIds":["wnba.sonia-citron.autograph-memorabilia"],"buyingOptions":["FIXED_PRICE"],"condition":"Ungraded","itemCreationDate":"2026-06-19T02:10:16.000Z","itemEndDate":null,"imageUrls":["https://i.ebayimg.com/images/g/c4MAAeSwMHJqNKRe/s-l225.jpg","https://i.ebayimg.com/images/g/c4MAAeSwMHJqNKRe/s-l1600.jpg"],"preliminaryScopeStatus":"DISCOVERY_SCOPE_PASS","preliminaryRisks":[]}
cand-s4-ebay-7680f8c09258eac0ab	dh-20260730T170046Z-7d4c2a91	4	2026-07-30T17:05:44.524826+00:00	WNBA / broad_professional_rookies	Sonia Citron	professional_wnba_rookie_card	eBay	kathwel_0		v1|227451805160|0	https://www.ebay.com/itm/227451805160?_skw=Sonia+Citron+Washington+Mystics+WNBA+rookie+card&hash=item34f52f1de8%3Ag%3AwkAAAeSwYrtqaIkF	LIVE	Sonia Citron Rookie 2025 Panini Green Prizm #122 WNBA Washington Mystics RC	{"title":"Sonia Citron Rookie 2025 Panini Green Prizm #122 WNBA Washington Mystics RC","preliminaryScopeStatus":"DISCOVERY_SCOPE_PASS","queryFamilyIds":["wnba.sonia-citron.broad-professional-rookies"],"preliminaryRisks":[]}	{"status":"UNVERIFIED","verification":"native-browse-title-and-marketplace-images-only","frontVerified":false,"backVerified":false}	preliminary|7680f8c09258eac0ab	ebay|kathwel_0|v1|227451805160|0	https://i.ebayimg.com/images/g/wkAAAeSwYrtqaIkF/s-l225.jpg	https://i.ebayimg.com/images/g/wkAAAeSwYrtqaIkF/s-l1600.jpg	FALSE	FALSE	FALSE	FALSE	{}											UNASSESSED	[]	3	1.07																	INSUFFICIENT																	MANUAL REVIEW / UNPRICED	FALSE	FALSE	["exact_parallel_or_variation_not_verified","front_and_back_identity_not_verified","full_delivered_acquisition_cost_not_proven","identical_completed_sales_not_loaded","instacomp_exact_market_not_completed","owned_copy_exclusion_not_proven"]	{"endpoints":["wnba"],"candidateId":"ebay:v1|227451805160|0","listingItemId":"v1|227451805160|0","queryFamilyIds":["wnba.sonia-citron.broad-professional-rookies"],"buyingOptions":["FIXED_PRICE","BEST_OFFER"],"condition":"Ungraded","itemCreationDate":"2026-07-28T10:50:41.000Z","itemEndDate":null,"imageUrls":["https://i.ebayimg.com/images/g/wkAAAeSwYrtqaIkF/s-l225.jpg","https://i.ebayimg.com/images/g/wkAAAeSwYrtqaIkF/s-l1600.jpg"],"preliminaryScopeStatus":"DISCOVERY_SCOPE_PASS","preliminaryRisks":[]}
cand-s4-ebay-c3b6e71b1ee508052a	dh-20260730T170046Z-7d4c2a91	4	2026-07-30T17:05:44.524826+00:00	WNBA / autograph_memorabilia	Sonia Citron	professional_wnba_rookie_autograph_memorabilia	eBay	harveyiscool		v1|236958697224|0	https://www.ebay.com/itm/236958697224?_skw=Sonia+Citron+WNBA+rookie+autograph+auto+patch+memorabilia&hash=item372bd6c708%3Ag%3AHDIAAeSwMndqYmZ9	LIVE	Sonia Citron 2025 Panini WNBA Crown Royale Silhouette RPA RC Patch Auto 01/99!	{"title":"Sonia Citron 2025 Panini WNBA Crown Royale Silhouette RPA RC Patch Auto 01/99!","preliminaryScopeStatus":"DISCOVERY_SCOPE_PASS","queryFamilyIds":["wnba.sonia-citron.autograph-memorabilia"],"preliminaryRisks":[]}	{"status":"UNVERIFIED","verification":"native-browse-title-and-marketplace-images-only","frontVerified":false,"backVerified":false}	preliminary|c3b6e71b1ee508052a	ebay|harveyiscool|v1|236958697224|0	https://i.ebayimg.com/images/g/HDIAAeSwMndqYmZ9/s-l225.jpg	https://i.ebayimg.com/images/g/HDIAAeSwMndqYmZ9/s-l1600.jpg	FALSE	FALSE	FALSE	FALSE	{}											UNASSESSED	[]	249.99	5.99																	INSUFFICIENT																	MANUAL REVIEW / UNPRICED	FALSE	FALSE	["exact_parallel_or_variation_not_verified","front_and_back_identity_not_verified","full_delivered_acquisition_cost_not_proven","identical_completed_sales_not_loaded","instacomp_exact_market_not_completed","owned_copy_exclusion_not_proven"]	{"endpoints":["wnba"],"candidateId":"ebay:v1|236958697224|0","listingItemId":"v1|236958697224|0","queryFamilyIds":["wnba.sonia-citron.autograph-memorabilia"],"buyingOptions":["FIXED_PRICE"],"condition":"Ungraded","itemCreationDate":"2026-07-23T19:10:59.000Z","itemEndDate":null,"imageUrls":["https://i.ebayimg.com/images/g/HDIAAeSwMndqYmZ9/s-l225.jpg","https://i.ebayimg.com/images/g/HDIAAeSwMndqYmZ9/s-l1600.jpg"],"preliminaryScopeStatus":"DISCOVERY_SCOPE_PASS","preliminaryRisks":[]}
cand-s4-ebay-8b322d694b4ad4b785	dh-20260730T170046Z-7d4c2a91	4	2026-07-30T17:05:44.524826+00:00	WNBA / autograph_memorabilia	Sonia Citron	professional_wnba_rookie_autograph_memorabilia	eBay	harveyiscool		v1|236958702247|0	https://www.ebay.com/itm/236958702247?_skw=Sonia+Citron+WNBA+rookie+autograph+auto+patch+memorabilia&hash=item372bd6daa7%3Ag%3AL0sAAeSwB-dqYmev	LIVE	Sonia Citron 2025 Panini WNBA Crown Royale Silhouette Gold RPA RC Patch Auto /10	{"title":"Sonia Citron 2025 Panini WNBA Crown Royale Silhouette Gold RPA RC Patch Auto /10","preliminaryScopeStatus":"DISCOVERY_SCOPE_PASS","queryFamilyIds":["wnba.sonia-citron.autograph-memorabilia"],"preliminaryRisks":[]}	{"status":"UNVERIFIED","verification":"native-browse-title-and-marketplace-images-only","frontVerified":false,"backVerified":false}	preliminary|8b322d694b4ad4b785	ebay|harveyiscool|v1|236958702247|0	https://i.ebayimg.com/images/g/L0sAAeSwB-dqYmev/s-l225.jpg	https://i.ebayimg.com/images/g/L0sAAeSwB-dqYmev/s-l1600.jpg	FALSE	FALSE	FALSE	FALSE	{}											UNASSESSED	[]	1999	0																	INSUFFICIENT																	MANUAL REVIEW / UNPRICED	FALSE	FALSE	["exact_parallel_or_variation_not_verified","front_and_back_identity_not_verified","full_delivered_acquisition_cost_not_proven","identical_completed_sales_not_loaded","instacomp_exact_market_not_completed","owned_copy_exclusion_not_proven"]	{"endpoints":["wnba"],"candidateId":"ebay:v1|236958702247|0","listingItemId":"v1|236958702247|0","queryFamilyIds":["wnba.sonia-citron.autograph-memorabilia"],"buyingOptions":["FIXED_PRICE"],"condition":"Ungraded","itemCreationDate":"2026-07-23T19:14:29.000Z","itemEndDate":null,"imageUrls":["https://i.ebayimg.com/images/g/L0sAAeSwB-dqYmev/s-l225.jpg","https://i.ebayimg.com/images/g/L0sAAeSwB-dqYmev/s-l1600.jpg"],"preliminaryScopeStatus":"DISCOVERY_SCOPE_PASS","preliminaryRisks":[]}
cand-s4-ebay-9821e64afaca2963b6	dh-20260730T170046Z-7d4c2a91	4	2026-07-30T17:05:44.524826+00:00	WNBA / broad_professional_rookies	Sonia Citron	professional_wnba_rookie_card	eBay	chippr10jones		v1|236966580289|0	https://www.ebay.com/itm/236966580289?_skw=Sonia+Citron+Washington+Mystics+WNBA+rookie+card&hash=item372c4f1041%3Ag%3AwaYAAeSwZB9qZ4Lr	LIVE	2025 Panini Prizm WNBA - Sonia Citron #13 - Groovy Green Washington Mystics	{"title":"2025 Panini Prizm WNBA - Sonia Citron #13 - Groovy Green Washington Mystics","preliminaryScopeStatus":"DISCOVERY_SCOPE_PASS","queryFamilyIds":["wnba.sonia-citron.broad-professional-rookies"],"preliminaryRisks":[]}	{"status":"UNVERIFIED","verification":"native-browse-title-and-marketplace-images-only","frontVerified":false,"backVerified":false}	preliminary|9821e64afaca2963b6	ebay|chippr10jones|v1|236966580289|0	https://i.ebayimg.com/images/g/waYAAeSwZB9qZ4Lr/s-l225.jpg	https://i.ebayimg.com/images/g/waYAAeSwZB9qZ4Lr/s-l1600.jpg	FALSE	FALSE	FALSE	FALSE	{}											UNASSESSED	[]	7.99	1.25																	INSUFFICIENT																	MANUAL REVIEW / UNPRICED	FALSE	FALSE	["exact_parallel_or_variation_not_verified","front_and_back_identity_not_verified","full_delivered_acquisition_cost_not_proven","identical_completed_sales_not_loaded","instacomp_exact_market_not_completed","owned_copy_exclusion_not_proven"]	{"endpoints":["wnba"],"candidateId":"ebay:v1|236966580289|0","listingItemId":"v1|236966580289|0","queryFamilyIds":["wnba.sonia-citron.broad-professional-rookies"],"buyingOptions":["FIXED_PRICE","BEST_OFFER"],"condition":"Ungraded","itemCreationDate":"2026-07-27T16:11:08.000Z","itemEndDate":null,"imageUrls":["https://i.ebayimg.com/images/g/waYAAeSwZB9qZ4Lr/s-l225.jpg","https://i.ebayimg.com/images/g/waYAAeSwZB9qZ4Lr/s-l1600.jpg"],"preliminaryScopeStatus":"DISCOVERY_SCOPE_PASS","preliminaryRisks":[]}
cand-s4-ebay-0a38b1943cfb526587	dh-20260730T170046Z-7d4c2a91	4	2026-07-30T17:05:44.524826+00:00	WNBA / broad_professional_rookies	Sonia Citron	professional_wnba_rookie_card	eBay	ryabrow-86		v1|257646166849|0	https://www.ebay.com/itm/257646166849?_skw=Sonia+Citron+Washington+Mystics+WNBA+rookie+card&hash=item3bfce88341%3Ag%3A2-AAAeSwMndqaAIU&amdata=enc%3AAQALAAABEACCtXRWQnOEpyOqnQQ8KGbVkRhQCwtYyQf3HveH0DAFzcj8Bb60QgPx43dDVyBDNk2%2BV91z8jTMpt%2Fo2RghOVoMl6IeHl1QuHIKOvgMNw1R4lVLYDbaTv7OoDwzBlp%2B14WL1psZhcLp3iK0tauYJ%2B%2FJUSgSp6f6Mqf645x%2BxXHxzwc8sfQbLTNG9kMYKCFZFTvPo%2BkZjSwrIJFAQIkWqAxFY57iHgPyfHpQ%2Fy2OtTfx6KuoL89eKMci%2BMmmohfG%2F%2BJQT3cwtZrGq5zWRWpTmwa3mwHOzU%2BY61n0VKYxbvUUtUnuNA7BvrnCS%2FXssn7alVSNhU89KEzaZJ2EJTZ9ZJfFU30VAeQ7WiTGLdii0V3I	LIVE	2025 Panini Donruss WNBA Sonia Citron Rated Rookie Holo Frame Auto PSA 10/10	{"title":"2025 Panini Donruss WNBA Sonia Citron Rated Rookie Holo Frame Auto PSA 10/10","preliminaryScopeStatus":"DISCOVERY_SCOPE_PASS","queryFamilyIds":["wnba.sonia-citron.broad-professional-rookies"],"preliminaryRisks":[]}	{"status":"UNVERIFIED","verification":"native-browse-title-and-marketplace-images-only","frontVerified":false,"backVerified":false}	preliminary|0a38b1943cfb526587	ebay|ryabrow-86|v1|257646166849|0	https://i.ebayimg.com/images/g/2-AAAeSwMndqaAIU/s-l225.jpg	https://i.ebayimg.com/images/g/2-AAAeSwMndqaAIU/s-l1600.jpg	FALSE	FALSE	FALSE	FALSE	{}											UNASSESSED	[]	500																		INSUFFICIENT																	MANUAL REVIEW / UNPRICED	FALSE	FALSE	["exact_parallel_or_variation_not_verified","front_and_back_identity_not_verified","full_delivered_acquisition_cost_not_proven","identical_completed_sales_not_loaded","instacomp_exact_market_not_completed","owned_copy_exclusion_not_proven"]	{"endpoints":["wnba"],"candidateId":"ebay:v1|257646166849|0","listingItemId":"v1|257646166849|0","queryFamilyIds":["wnba.sonia-citron.broad-professional-rookies"],"buyingOptions":["FIXED_PRICE","BEST_OFFER"],"condition":"Graded","itemCreationDate":"2026-07-28T01:17:20.000Z","itemEndDate":null,"imageUrls":["https://i.ebayimg.com/images/g/2-AAAeSwMndqaAIU/s-l225.jpg","https://i.ebayimg.com/images/g/2-AAAeSwMndqaAIU/s-l1600.jpg"],"preliminaryScopeStatus":"DISCOVERY_SCOPE_PASS","preliminaryRisks":[]}
cand-s4-ebay-48fda6694f13e2912d	dh-20260730T170046Z-7d4c2a91	4	2026-07-30T17:05:44.524826+00:00	WNBA / broad_professional_rookies	Sonia Citron	professional_wnba_rookie_card	eBay	e_comicsandcards_724		v1|267730741629|0	https://www.ebay.com/itm/267730741629?_skw=Sonia+Citron+Washington+Mystics+WNBA+rookie+card&hash=item3e55fee97d%3Ag%3AbI0AAeSw3QFqWn8X&amdata=enc%3AAQALAAABEACCtXRWQnOEpyOqnQQ8KGZAMxaXqYaHi7YrT02isg1yX%2FntJ9Jsi2aUuXjHFJyH%2F6OhpHebN3yGm6DNtXqg0yU9GH%2BHWmH%2BSou6z22hlGePXFM2IJHv34bz0DhkiCrlgVcLH9BWCmj2Xy9kGq641O60HoA46lpu1vmvdJ1cduLL6omq1ikedeOqvdNvlOCJoinSH2mYFH9I--5GPnlS%2BlSlUwizjjDmV26IkXBabppXYjv0HGJszBO%2F9Mlg8QxVYWa1MsVKwnDHtG61Cqh6Bvv%2F4Oxfe29cpYkrgTSnJdN0FLtSZfb4vSOyURlX4nuWc%2Buz2uE1sOq%2BhoCGNAOdxc%2BCCLybWg7c8o2lwUVrayly	LIVE	Sonia Citron 2025-26 Rookie Card Lot (6) - Studio Stars  /424, Orange Laser /199	{"title":"Sonia Citron 2025-26 Rookie Card Lot (6) - Studio Stars  /424, Orange Laser /199","preliminaryScopeStatus":"DISCOVERY_SCOPE_PASS","queryFamilyIds":["wnba.sonia-citron.broad-professional-rookies"],"preliminaryRisks":[]}	{"status":"UNVERIFIED","verification":"native-browse-title-and-marketplace-images-only","frontVerified":false,"backVerified":false}	preliminary|48fda6694f13e2912d	ebay|e_comicsandcards_724|v1|267730741629|0	https://i.ebayimg.com/images/g/bI0AAeSw3QFqWn8X/s-l225.jpg	https://i.ebayimg.com/images/g/bI0AAeSw3QFqWn8X/s-l1600.jpg	FALSE	FALSE	FALSE	FALSE	{}											UNASSESSED	[]	60	0																	INSUFFICIENT																	MANUAL REVIEW / UNPRICED	FALSE	FALSE	["exact_parallel_or_variation_not_verified","front_and_back_identity_not_verified","full_delivered_acquisition_cost_not_proven","identical_completed_sales_not_loaded","instacomp_exact_market_not_completed","owned_copy_exclusion_not_proven"]	{"endpoints":["wnba"],"candidateId":"ebay:v1|267730741629|0","listingItemId":"v1|267730741629|0","queryFamilyIds":["wnba.sonia-citron.broad-professional-rookies"],"buyingOptions":["FIXED_PRICE","BEST_OFFER"],"condition":"New","itemCreationDate":"2026-07-17T19:17:43.000Z","itemEndDate":null,"imageUrls":["https://i.ebayimg.com/images/g/bI0AAeSw3QFqWn8X/s-l225.jpg","https://i.ebayimg.com/images/g/bI0AAeSw3QFqWn8X/s-l1600.jpg"],"preliminaryScopeStatus":"DISCOVERY_SCOPE_PASS","preliminaryRisks":[]}
cand-s4-ebay-4ab778907485d516cd	dh-20260730T170046Z-7d4c2a91	4	2026-07-30T17:05:44.524826+00:00	WNBA / autograph_memorabilia	Sonia Citron	professional_wnba_rookie_autograph_memorabilia	eBay	robinsnest87		v1|278123003578|0	https://www.ebay.com/itm/278123003578?_skw=Sonia+Citron+WNBA+rookie+autograph+auto+patch+memorabilia&hash=item40c16c3eba%3Ag%3AerkAAeSwMtBqPI1h	LIVE	2025 Panini One & One WNBA Sonia Citron Rookie Jumbo Jersey Auto RC /99 Mystics	{"title":"2025 Panini One & One WNBA Sonia Citron Rookie Jumbo Jersey Auto RC /99 Mystics","preliminaryScopeStatus":"DISCOVERY_SCOPE_PASS","queryFamilyIds":["wnba.sonia-citron.autograph-memorabilia"],"preliminaryRisks":[]}	{"status":"UNVERIFIED","verification":"native-browse-title-and-marketplace-images-only","frontVerified":false,"backVerified":false}	preliminary|4ab778907485d516cd	ebay|robinsnest87|v1|278123003578|0	https://i.ebayimg.com/images/g/erkAAeSwMtBqPI1h/s-l225.jpg	https://i.ebayimg.com/images/g/erkAAeSwMtBqPI1h/s-l1600.jpg	FALSE	FALSE	FALSE	FALSE	{}											UNASSESSED	[]	300																		INSUFFICIENT																	MANUAL REVIEW / UNPRICED	FALSE	FALSE	["exact_parallel_or_variation_not_verified","front_and_back_identity_not_verified","full_delivered_acquisition_cost_not_proven","identical_completed_sales_not_loaded","instacomp_exact_market_not_completed","owned_copy_exclusion_not_proven"]	{"endpoints":["wnba"],"candidateId":"ebay:v1|278123003578|0","listingItemId":"v1|278123003578|0","queryFamilyIds":["wnba.sonia-citron.autograph-memorabilia"],"buyingOptions":["FIXED_PRICE","BEST_OFFER"],"condition":"Ungraded","itemCreationDate":"2026-06-25T02:08:10.000Z","itemEndDate":null,"imageUrls":["https://i.ebayimg.com/images/g/erkAAeSwMtBqPI1h/s-l225.jpg","https://i.ebayimg.com/images/g/erkAAeSwMtBqPI1h/s-l1600.jpg"],"preliminaryScopeStatus":"DISCOVERY_SCOPE_PASS","preliminaryRisks":[]}
cand-s4-ebay-913ddb4826561633fa	dh-20260730T170046Z-7d4c2a91	4	2026-07-30T17:05:44.524826+00:00	WNBA / autograph_memorabilia	Sonia Citron	professional_wnba_rookie_autograph_memorabilia	eBay	gregoryscottt		v1|278176589158|0	https://www.ebay.com/itm/278176589158?_skw=Sonia+Citron+WNBA+rookie+autograph+auto+patch+memorabilia&hash=item40c49de566%3Ag%3A4TAAAeSwUIlqVH3r	LIVE	2024-25 Bowman Best U Sonia Citron RC Orange Geometric Jumbo Patch Auto #25/25	{"title":"2024-25 Bowman Best U Sonia Citron RC Orange Geometric Jumbo Patch Auto #25/25","preliminaryScopeStatus":"DISCOVERY_SCOPE_PASS","queryFamilyIds":["wnba.sonia-citron.autograph-memorabilia"],"preliminaryRisks":[]}	{"status":"UNVERIFIED","verification":"native-browse-title-and-marketplace-images-only","frontVerified":false,"backVerified":false}	preliminary|913ddb4826561633fa	ebay|gregoryscottt|v1|278176589158|0	https://i.ebayimg.com/images/g/4TAAAeSwUIlqVH3r/s-l225.jpg	https://i.ebayimg.com/images/g/4TAAAeSwUIlqVH3r/s-l1600.jpg	FALSE	FALSE	FALSE	FALSE	{}											UNASSESSED	[]	309.99	5.17																	INSUFFICIENT																	MANUAL REVIEW / UNPRICED	FALSE	FALSE	["exact_parallel_or_variation_not_verified","front_and_back_identity_not_verified","full_delivered_acquisition_cost_not_proven","identical_completed_sales_not_loaded","instacomp_exact_market_not_completed","owned_copy_exclusion_not_proven"]	{"endpoints":["wnba"],"candidateId":"ebay:v1|278176589158|0","listingItemId":"v1|278176589158|0","queryFamilyIds":["wnba.sonia-citron.autograph-memorabilia"],"buyingOptions":["FIXED_PRICE"],"condition":"Ungraded","itemCreationDate":"2026-07-13T05:56:51.000Z","itemEndDate":null,"imageUrls":["https://i.ebayimg.com/images/g/4TAAAeSwUIlqVH3r/s-l225.jpg","https://i.ebayimg.com/images/g/4TAAAeSwUIlqVH3r/s-l1600.jpg"],"preliminaryScopeStatus":"DISCOVERY_SCOPE_PASS","preliminaryRisks":[]}
cand-s4-ebay-a31c151288a6d7d693	dh-20260730T170046Z-7d4c2a91	4	2026-07-30T17:05:44.524826+00:00	WNBA / broad_professional_rookies	Sonia Citron	professional_wnba_rookie_card	eBay	robdogg231023		v1|287448550937|0	https://www.ebay.com/itm/287448550937?_skw=Sonia+Citron+Washington+Mystics+WNBA+rookie+card&hash=item42ed44ce19%3Ag%3AfCIAAeSwirJpj-S8	LIVE	Sonia Citron RC - 2025 Prizm WNBA Logo Prizm SP #148 - Washington Mystics!	{"title":"Sonia Citron RC - 2025 Prizm WNBA Logo Prizm SP #148 - Washington Mystics!","preliminaryScopeStatus":"DISCOVERY_SCOPE_PASS","queryFamilyIds":["wnba.sonia-citron.broad-professional-rookies"],"preliminaryRisks":[]}	{"status":"UNVERIFIED","verification":"native-browse-title-and-marketplace-images-only","frontVerified":false,"backVerified":false}	preliminary|a31c151288a6d7d693	ebay|robdogg231023|v1|287448550937|0	https://i.ebayimg.com/images/g/fCIAAeSwirJpj-S8/s-l225.jpg	https://i.ebayimg.com/images/g/fCIAAeSwirJpj-S8/s-l1600.jpg	FALSE	FALSE	FALSE	FALSE	{}											UNASSESSED	[]	25	6.49																	INSUFFICIENT																	MANUAL REVIEW / UNPRICED	FALSE	FALSE	["exact_parallel_or_variation_not_verified","front_and_back_identity_not_verified","full_delivered_acquisition_cost_not_proven","identical_completed_sales_not_loaded","instacomp_exact_market_not_completed","owned_copy_exclusion_not_proven"]	{"endpoints":["wnba"],"candidateId":"ebay:v1|287448550937|0","listingItemId":"v1|287448550937|0","queryFamilyIds":["wnba.sonia-citron.broad-professional-rookies"],"buyingOptions":["FIXED_PRICE","BEST_OFFER"],"condition":"Ungraded","itemCreationDate":"2026-07-09T00:55:06.000Z","itemEndDate":null,"imageUrls":["https://i.ebayimg.com/images/g/fCIAAeSwirJpj-S8/s-l225.jpg","https://i.ebayimg.com/images/g/fCIAAeSwirJpj-S8/s-l1600.jpg"],"preliminaryScopeStatus":"DISCOVERY_SCOPE_PASS","preliminaryRisks":[]}
cand-s4-ebay-879e92611c93f30352	dh-20260730T170046Z-7d4c2a91	4	2026-07-30T17:05:44.524826+00:00	WNBA / broad_professional_rookies	Sonia Citron	professional_wnba_rookie_card	eBay	schu_3034		v1|318644814176|0	https://www.ebay.com/itm/318644814176?_skw=Sonia+Citron+Washington+Mystics+WNBA+rookie+card&hash=item4a30b60160%3Ag%3A2vcAAeSw3QtqaDMX&amdata=enc%3AAQALAAABEACCtXRWQnOEpyOqnQQ8KGaV4AFbwLCrILMsOV6EYNoEV5VR6p5GXcipwuxHozqDFGa1GI3lzpOU67Uu4lbWz4yL83tOlZ9iT4LFPEB8R6gEJFkiCvUOouHlPafZrYd4T1%2FUy0wGN2M0G6RYu%2Bd0J%2FW5zR0Cx5IOIcqjc%2B%2BD4EBlofCfCPsgIi2Yz2NqML0ZqGSgQoNLG%2BMXS06I%2B%2BjIYvDr4YiuGJdvZ5hEwsHqwD92knlIpguplysKa3BxwMxmtr0RcD47ZZx2EKE9ZF%2F79pYqZXkxoQXx8zMVH%2F69mZh2PHqqOSVpnXb6uuX0cvdlGugc%2FKjkVNQP4n2h8uo34%2FsMFVwva16pP43REHwm1B2v	LIVE	Panini 2025 Prizm WNBA Sonia Citron Rookie RC Abstract #10 Mystics	{"title":"Panini 2025 Prizm WNBA Sonia Citron Rookie RC Abstract #10 Mystics","preliminaryScopeStatus":"DISCOVERY_SCOPE_PASS","queryFamilyIds":["wnba.sonia-citron.broad-professional-rookies"],"preliminaryRisks":[]}	{"status":"UNVERIFIED","verification":"native-browse-title-and-marketplace-images-only","frontVerified":false,"backVerified":false}	preliminary|879e92611c93f30352	ebay|schu_3034|v1|318644814176|0	https://i.ebayimg.com/images/g/2vcAAeSw3QtqaDMX/s-l225.jpg	https://i.ebayimg.com/images/g/2vcAAeSw3QtqaDMX/s-l1600.jpg	FALSE	FALSE	FALSE	FALSE	{}											UNASSESSED	[]	125																		INSUFFICIENT																	MANUAL REVIEW / UNPRICED	FALSE	FALSE	["exact_parallel_or_variation_not_verified","front_and_back_identity_not_verified","full_delivered_acquisition_cost_not_proven","identical_completed_sales_not_loaded","instacomp_exact_market_not_completed","owned_copy_exclusion_not_proven"]	{"endpoints":["wnba"],"candidateId":"ebay:v1|318644814176|0","listingItemId":"v1|318644814176|0","queryFamilyIds":["wnba.sonia-citron.broad-professional-rookies"],"buyingOptions":["FIXED_PRICE","BEST_OFFER"],"condition":"Ungraded","itemCreationDate":"2026-07-28T04:42:18.000Z","itemEndDate":null,"imageUrls":["https://i.ebayimg.com/images/g/2vcAAeSw3QtqaDMX/s-l225.jpg","https://i.ebayimg.com/images/g/2vcAAeSw3QtqaDMX/s-l1600.jpg"],"preliminaryScopeStatus":"DISCOVERY_SCOPE_PASS","preliminaryRisks":[]}
cand-s4-ebay-24352fd4b503a2b963	dh-20260730T170046Z-7d4c2a91	4	2026-07-30T17:05:44.524826+00:00	WNBA / broad_professional_rookies	Sonia Citron	professional_wnba_rookie_card	eBay	saltyscollectibles		v1|318652026158|0	https://www.ebay.com/itm/318652026158?_skw=Sonia+Citron+Washington+Mystics+WNBA+rookie+card&hash=item4a31240d2e%3Ag%3AD3QAAeSw2OhqakDX	LIVE	Panini 2025 Prizm WNBA Sonia Citron Rookie Card #148 Washington Mystics	{"title":"Panini 2025 Prizm WNBA Sonia Citron Rookie Card #148 Washington Mystics","preliminaryScopeStatus":"DISCOVERY_SCOPE_PASS","queryFamilyIds":["wnba.sonia-citron.broad-professional-rookies"],"preliminaryRisks":[]}	{"status":"UNVERIFIED","verification":"native-browse-title-and-marketplace-images-only","frontVerified":false,"backVerified":false}	preliminary|24352fd4b503a2b963	ebay|saltyscollectibles|v1|318652026158|0	https://i.ebayimg.com/images/g/D3QAAeSw2OhqakDX/s-l225.jpg	https://i.ebayimg.com/images/g/D3QAAeSw2OhqakDX/s-l1600.jpg	FALSE	FALSE	FALSE	FALSE	{}											UNASSESSED	[]	2.29	0.99																	INSUFFICIENT																	MANUAL REVIEW / UNPRICED	FALSE	FALSE	["exact_parallel_or_variation_not_verified","front_and_back_identity_not_verified","full_delivered_acquisition_cost_not_proven","identical_completed_sales_not_loaded","instacomp_exact_market_not_completed","owned_copy_exclusion_not_proven"]	{"endpoints":["wnba"],"candidateId":"ebay:v1|318652026158|0","listingItemId":"v1|318652026158|0","queryFamilyIds":["wnba.sonia-citron.broad-professional-rookies"],"buyingOptions":["FIXED_PRICE"],"condition":"Ungraded","itemCreationDate":"2026-07-29T18:05:34.000Z","itemEndDate":null,"imageUrls":["https://i.ebayimg.com/images/g/D3QAAeSw2OhqakDX/s-l225.jpg","https://i.ebayimg.com/images/g/D3QAAeSw2OhqakDX/s-l1600.jpg"],"preliminaryScopeStatus":"DISCOVERY_SCOPE_PASS","preliminaryRisks":[]}
cand-s4-ebay-1f18e1023c1fb1afbb	dh-20260730T170046Z-7d4c2a91	4	2026-07-30T17:05:44.524826+00:00	WNBA / broad_professional_rookies	Sonia Citron	professional_wnba_rookie_card	eBay	teescardvault		v1|366170847121|0	https://www.ebay.com/itm/366170847121?_skw=Sonia+Citron+Washington+Mystics+WNBA+rookie+card&hash=item55417bb791%3Ag%3AZ4gAAeSwjVFpgUnn	LIVE	2025 Donruss WNBA Net Marvels Sonia Citron #4 - Washington Mystics [Rookie Card]	{"title":"2025 Donruss WNBA Net Marvels Sonia Citron #4 - Washington Mystics [Rookie Card]","preliminaryScopeStatus":"IMAGE_OR_IDENTITY_REVIEW_REQUIRED","queryFamilyIds":["wnba.sonia-citron.broad-professional-rookies"],"preliminaryRisks":["tier_not_proven_from_title_image_review_required"]}	{"status":"UNVERIFIED","verification":"native-browse-title-and-marketplace-images-only","frontVerified":false,"backVerified":false}	preliminary|1f18e1023c1fb1afbb	ebay|teescardvault|v1|366170847121|0	https://i.ebayimg.com/images/g/Z4gAAeSwjVFpgUnn/s-l225.jpg	https://i.ebayimg.com/images/g/Z4gAAeSwjVFpgUnn/s-l1600.jpg	FALSE	FALSE	FALSE	FALSE	{}											UNASSESSED	["tier_not_proven_from_title_image_review_required"]	1.39	0.74																	INSUFFICIENT																	MANUAL REVIEW / UNPRICED	FALSE	FALSE	["exact_parallel_or_variation_not_verified","front_and_back_identity_not_verified","full_delivered_acquisition_cost_not_proven","identical_completed_sales_not_loaded","instacomp_exact_market_not_completed","owned_copy_exclusion_not_proven","tier_not_proven_from_title_image_review_required"]	{"endpoints":["wnba"],"candidateId":"ebay:v1|366170847121|0","listingItemId":"v1|366170847121|0","queryFamilyIds":["wnba.sonia-citron.broad-professional-rookies"],"buyingOptions":["FIXED_PRICE"],"condition":"Ungraded","itemCreationDate":"2026-02-03T01:57:30.000Z","itemEndDate":null,"imageUrls":["https://i.ebayimg.com/images/g/Z4gAAeSwjVFpgUnn/s-l225.jpg","https://i.ebayimg.com/images/g/Z4gAAeSwjVFpgUnn/s-l1600.jpg"],"preliminaryScopeStatus":"IMAGE_OR_IDENTITY_REVIEW_REQUIRED","preliminaryRisks":["tier_not_proven_from_title_image_review_required"]}
cand-s4-ebay-3e67ac18b495ee6a97	dh-20260730T170046Z-7d4c2a91	4	2026-07-30T17:05:44.524826+00:00	WNBA / broad_professional_rookies	Sonia Citron	professional_wnba_rookie_card	eBay	jesz-17		v1|366531405555|0	https://www.ebay.com/itm/366531405555?_skw=Sonia+Citron+Washington+Mystics+WNBA+rookie+card&hash=item5556f966f3%3Ag%3AMjUAAeSwIo5qTxKJ	LIVE	Panini Select WNBA Sonia Citron Mystics #122 Rookie Premier Level 2025	{"title":"Panini Select WNBA Sonia Citron Mystics #122 Rookie Premier Level 2025","preliminaryScopeStatus":"DISCOVERY_SCOPE_PASS","queryFamilyIds":["wnba.sonia-citron.broad-professional-rookies"],"preliminaryRisks":[]}	{"status":"UNVERIFIED","verification":"native-browse-title-and-marketplace-images-only","frontVerified":false,"backVerified":false}	preliminary|3e67ac18b495ee6a97	ebay|jesz-17|v1|366531405555|0	https://i.ebayimg.com/images/g/MjUAAeSwIo5qTxKJ/s-l225.jpg	https://i.ebayimg.com/images/g/MjUAAeSwIo5qTxKJ/s-l1600.jpg	FALSE	FALSE	FALSE	FALSE	{}											UNASSESSED	[]	1.25																		INSUFFICIENT																	MANUAL REVIEW / UNPRICED	FALSE	FALSE	["exact_parallel_or_variation_not_verified","front_and_back_identity_not_verified","full_delivered_acquisition_cost_not_proven","identical_completed_sales_not_loaded","instacomp_exact_market_not_completed","owned_copy_exclusion_not_proven"]	{"endpoints":["wnba"],"candidateId":"ebay:v1|366531405555|0","listingItemId":"v1|366531405555|0","queryFamilyIds":["wnba.sonia-citron.broad-professional-rookies"],"buyingOptions":["FIXED_PRICE","BEST_OFFER"],"condition":"Ungraded","itemCreationDate":"2026-07-09T03:16:56.000Z","itemEndDate":null,"imageUrls":["https://i.ebayimg.com/images/g/MjUAAeSwIo5qTxKJ/s-l225.jpg","https://i.ebayimg.com/images/g/MjUAAeSwIo5qTxKJ/s-l1600.jpg"],"preliminaryScopeStatus":"DISCOVERY_SCOPE_PASS","preliminaryRisks":[]}
cand-s4-ebay-b02a61d5f878fb7dbe	dh-20260730T170046Z-7d4c2a91	4	2026-07-30T17:05:44.524826+00:00	WNBA / broad_professional_rookies	Sonia Citron	professional_wnba_rookie_card	eBay	rjgmemorabilia72		v1|406270120845|0	https://www.ebay.com/itm/406270120845?_skw=Sonia+Citron+Washington+Mystics+WNBA+rookie+card&hash=item5e9796138d%3Ag%3ALZMAAeSwO%7ENo5X6E	LIVE	2025 Panini Instant WNBA #183 Sonia Citron Washington Mystics RC - PR:261	{"title":"2025 Panini Instant WNBA #183 Sonia Citron Washington Mystics RC - PR:261","preliminaryScopeStatus":"IMAGE_OR_IDENTITY_REVIEW_REQUIRED","queryFamilyIds":["wnba.sonia-citron.broad-professional-rookies"],"preliminaryRisks":["tier_not_proven_from_title_image_review_required"]}	{"status":"UNVERIFIED","verification":"native-browse-title-and-marketplace-images-only","frontVerified":false,"backVerified":false}	preliminary|b02a61d5f878fb7dbe	ebay|rjgmemorabilia72|v1|406270120845|0	https://i.ebayimg.com/images/g/LZMAAeSwO~No5X6E/s-l225.jpg	https://i.ebayimg.com/images/g/LZMAAeSwO~No5X6E/s-l1600.jpg	FALSE	FALSE	FALSE	FALSE	{}											UNASSESSED	["tier_not_proven_from_title_image_review_required"]	6.99																		INSUFFICIENT																	MANUAL REVIEW / UNPRICED	FALSE	FALSE	["exact_parallel_or_variation_not_verified","front_and_back_identity_not_verified","full_delivered_acquisition_cost_not_proven","identical_completed_sales_not_loaded","instacomp_exact_market_not_completed","owned_copy_exclusion_not_proven","tier_not_proven_from_title_image_review_required"]	{"endpoints":["wnba"],"candidateId":"ebay:v1|406270120845|0","listingItemId":"v1|406270120845|0","queryFamilyIds":["wnba.sonia-citron.broad-professional-rookies"],"buyingOptions":["FIXED_PRICE"],"condition":"Ungraded","itemCreationDate":"2025-10-07T20:56:14.000Z","itemEndDate":null,"imageUrls":["https://i.ebayimg.com/images/g/LZMAAeSwO~No5X6E/s-l225.jpg","https://i.ebayimg.com/images/g/LZMAAeSwO~No5X6E/s-l1600.jpg"],"preliminaryScopeStatus":"IMAGE_OR_IDENTITY_REVIEW_REQUIRED","preliminaryRisks":["tier_not_proven_from_title_image_review_required"]}
cand-s4-ebay-7c269af89e4b42835c	dh-20260730T170046Z-7d4c2a91	4	2026-07-30T17:05:44.524826+00:00	WNBA / broad_professional_rookies	Sonia Citron	professional_wnba_rookie_card	eBay	evscards99		v1|407102645650|0	https://www.ebay.com/itm/407102645650?_skw=Sonia+Citron+Washington+Mystics+WNBA+rookie+card&hash=item5ec9356592%3Ag%3AyIEAAeSwhINqZ-4v	LIVE	2025 Panini Prizm WNBA Sonia Citron RC Variation #148 - Washington Mystics	{"title":"2025 Panini Prizm WNBA Sonia Citron RC Variation #148 - Washington Mystics","preliminaryScopeStatus":"DISCOVERY_SCOPE_PASS","queryFamilyIds":["wnba.sonia-citron.broad-professional-rookies"],"preliminaryRisks":[]}	{"status":"UNVERIFIED","verification":"native-browse-title-and-marketplace-images-only","frontVerified":false,"backVerified":false}	preliminary|7c269af89e4b42835c	ebay|evscards99|v1|407102645650|0	https://i.ebayimg.com/images/g/yIEAAeSwhINqZ-4v/s-l225.jpg	https://i.ebayimg.com/images/g/yIEAAeSwhINqZ-4v/s-l1600.jpg	FALSE	FALSE	FALSE	FALSE	{}											UNASSESSED	[]	1.8	0																	INSUFFICIENT																	MANUAL REVIEW / UNPRICED	FALSE	FALSE	["exact_parallel_or_variation_not_verified","front_and_back_identity_not_verified","full_delivered_acquisition_cost_not_proven","identical_completed_sales_not_loaded","instacomp_exact_market_not_completed","owned_copy_exclusion_not_proven"]	{"endpoints":["wnba"],"candidateId":"ebay:v1|407102645650|0","listingItemId":"v1|407102645650|0","queryFamilyIds":["wnba.sonia-citron.broad-professional-rookies"],"buyingOptions":["FIXED_PRICE","BEST_OFFER"],"condition":"Ungraded","itemCreationDate":"2026-07-27T23:48:24.000Z","itemEndDate":null,"imageUrls":["https://i.ebayimg.com/images/g/yIEAAeSwhINqZ-4v/s-l225.jpg","https://i.ebayimg.com/images/g/yIEAAeSwhINqZ-4v/s-l1600.jpg"],"preliminaryScopeStatus":"DISCOVERY_SCOPE_PASS","preliminaryRisks":[]}
cand-s4-ebay-06b1983f3c4f478771	dh-20260730T170046Z-7d4c2a91	4	2026-07-30T17:05:44.524826+00:00	WNBA / autograph_memorabilia	Sonia Citron	professional_wnba_rookie_autograph_memorabilia	eBay	tocl_4310		v1|800360753652|0	https://www.ebay.com/itm/800360753652?_skw=Sonia+Citron+WNBA+rookie+autograph+auto+patch+memorabilia&hash=itemba5937e9f4%3Ag%3Ax2cAAeSwr3RqWoyS	LIVE	SONIA CITRON 2025 WNBA NATIONAL TREASURES ROOKIE PATCH AUTO #50/99 🔥SEALED🔥	{"title":"SONIA CITRON 2025 WNBA NATIONAL TREASURES ROOKIE PATCH AUTO #50/99 🔥SEALED🔥","preliminaryScopeStatus":"DISCOVERY_SCOPE_PASS","queryFamilyIds":["wnba.sonia-citron.autograph-memorabilia"],"preliminaryRisks":[]}	{"status":"UNVERIFIED","verification":"native-browse-title-and-marketplace-images-only","frontVerified":false,"backVerified":false}	preliminary|06b1983f3c4f478771	ebay|tocl_4310|v1|800360753652|0	https://i.ebayimg.com/images/g/x2cAAeSwr3RqWoyS/s-l225.jpg	https://i.ebayimg.com/images/g/x2cAAeSwr3RqWoyS/s-l1600.jpg	FALSE	FALSE	FALSE	FALSE	{}											UNASSESSED	[]	1200	9.95																	INSUFFICIENT																	MANUAL REVIEW / UNPRICED	FALSE	FALSE	["exact_parallel_or_variation_not_verified","front_and_back_identity_not_verified","full_delivered_acquisition_cost_not_proven","identical_completed_sales_not_loaded","instacomp_exact_market_not_completed","owned_copy_exclusion_not_proven"]	{"endpoints":["wnba"],"candidateId":"ebay:v1|800360753652|0","listingItemId":"v1|800360753652|0","queryFamilyIds":["wnba.sonia-citron.autograph-memorabilia"],"buyingOptions":["FIXED_PRICE"],"condition":"Ungraded","itemCreationDate":"2026-07-17T20:16:59.000Z","itemEndDate":null,"imageUrls":["https://i.ebayimg.com/images/g/x2cAAeSwr3RqWoyS/s-l225.jpg","https://i.ebayimg.com/images/g/x2cAAeSwr3RqWoyS/s-l1600.jpg"],"preliminaryScopeStatus":"DISCOVERY_SCOPE_PASS","preliminaryRisks":[]}
cand-s4-ebay-d1c8dbc59b319fa185	dh-20260730T170046Z-7d4c2a91	4	2026-07-30T17:05:44.524826+00:00	WNBA / broad_professional_rookies	Sonia Citron	professional_wnba_rookie_card	eBay	cardsandthangs		v1|800395426843|0	https://www.ebay.com/itm/800395426843?_skw=Sonia+Citron+Washington+Mystics+WNBA+rookie+card&hash=itemba5b48fc1b%3Ag%3A49oAAeSw171p6nfm	LIVE	2025 Panini Prizm WNBA Sonia Citron #122 RC Mystics White Seismic Prizm	{"title":"2025 Panini Prizm WNBA Sonia Citron #122 RC Mystics White Seismic Prizm","preliminaryScopeStatus":"DISCOVERY_SCOPE_PASS","queryFamilyIds":["wnba.sonia-citron.broad-professional-rookies"],"preliminaryRisks":[]}	{"status":"UNVERIFIED","verification":"native-browse-title-and-marketplace-images-only","frontVerified":false,"backVerified":false}	preliminary|d1c8dbc59b319fa185	ebay|cardsandthangs|v1|800395426843|0	https://i.ebayimg.com/images/g/49oAAeSw171p6nfm/s-l225.jpg	https://i.ebayimg.com/images/g/49oAAeSw171p6nfm/s-l1600.jpg	FALSE	FALSE	FALSE	FALSE	{}											UNASSESSED	[]	6.5																		INSUFFICIENT																	MANUAL REVIEW / UNPRICED	FALSE	FALSE	["exact_parallel_or_variation_not_verified","front_and_back_identity_not_verified","full_delivered_acquisition_cost_not_proven","identical_completed_sales_not_loaded","instacomp_exact_market_not_completed","owned_copy_exclusion_not_proven"]	{"endpoints":["wnba"],"candidateId":"ebay:v1|800395426843|0","listingItemId":"v1|800395426843|0","queryFamilyIds":["wnba.sonia-citron.broad-professional-rookies"],"buyingOptions":["FIXED_PRICE","AUCTION"],"condition":"Ungraded","itemCreationDate":"2026-07-23T17:08:19.000Z","itemEndDate":"2026-07-30T17:08:19.000Z","imageUrls":["https://i.ebayimg.com/images/g/49oAAeSw171p6nfm/s-l225.jpg","https://i.ebayimg.com/images/g/49oAAeSw171p6nfm/s-l1600.jpg"],"preliminaryScopeStatus":"DISCOVERY_SCOPE_PASS","preliminaryRisks":[]}
