cand-s4-ebay-e9e87c9ad3636f5c87	dh-20260730T170046Z-7d4c2a91	4	2026-07-30T17:05:44.524826+00:00	BASEBALL PROSPECTS / first_bowman_autograph_color_numbered	Josue De Paula	true_first_bowman_autograph_parallel	eBay	olbaldie	'	v1|116047417563|416211551106	https://www.ebay.com/itm/116047417563	LIVE	2023 Bowman's Best ~ PICK YOUR CARD ~ Auto, Refractor, Wave, Color, Inserts, RC	{"q":["baseball-prospect.josue-de-paula.first-bowman-auto-color"],"s":"IMAGE_OR_IDENTITY_REVIEW_REQUIRED"}	{"status":"UNVERIFIED"}	preliminary|e9e87c9ad3636f5c87	ebay|olbaldie|v1|116047417563|416211551106	https://i.ebayimg.com/images/g/bIYAAOSwV0VlrxyR/s-l225.jpg	'	FALSE	FALSE	FALSE	FALSE	{}	'	'	'	'	'	'	'	'	'	'	UNASSESSED	["true_first_bowman_not_proven_from_title"]	4.95	0	'	'	'	'	'	'	'	'	'	'	'	'	'	'	'	'	INSUFFICIENT	'	'	'	'	'	'	'	'	'	'	'	'	'	'	'	'	MANUAL REVIEW / UNPRICED	FALSE	FALSE	["identity_unverified","exact_comps_missing","full_costs_unknown","owned_copy_check_missing","true_first_bowman_not_proven_from_title"]	{"ep":["baseball_prospects"],"q":["baseball-prospect.josue-de-paula.first-bowman-auto-color"],"id":"v1|116047417563|416211551106"}
cand-s4-ebay-35f7810cd66eac185b	dh-20260730T170046Z-7d4c2a91	4	2026-07-30T17:05:44.524826+00:00	BASEBALL PROSPECTS + SIGNED BASEBALLS / true_first_bowman	Jesus Made	true_first_bowman_card	eBay	redcompanyman	'	v1|117266552130|0	https://www.ebay.com/itm/117266552130	LIVE	2025 Bowman #BCP-50 SIGNED Jesus Made Chrome Prospects Autograph PSA DNA	{"q":["baseball-prospect.jesus-made.true-first-bowman","signed-baseball.jesus-made"],"s":"IMAGE_OR_IDENTITY_REVIEW_REQUIRED"}	{"status":"UNVERIFIED"}	preliminary|35f7810cd66eac185b	ebay|redcompanyman|v1|117266552130|0	https://i.ebayimg.com/images/g/CzEAAeSwplVqPAbQ/s-l225.jpg	'	FALSE	FALSE	FALSE	FALSE	{}	'	'	'	'	'	'	'	'	'	'	UNASSESSED	["true_first_bowman_not_proven_from_title"]	200	0	'	'	'	'	'	'	'	'	'	'	'	'	'	'	'	'	INSUFFICIENT	'	'	'	'	'	'	'	'	'	'	'	'	'	'	'	'	MANUAL REVIEW / UNPRICED	FALSE	FALSE	["identity_unverified","exact_comps_missing","full_costs_unknown","owned_copy_check_missing","true_first_bowman_not_proven_from_title"]	{"ep":["baseball_prospects","signed_baseballs"],"q":["baseball-prospect.jesus-made.true-first-bowman","signed-baseball.jesus-made"],"id":"v1|117266552130|0"}
cand-s4-ebay-ab1714ffb41e6d0f4c	dh-20260730T170046Z-7d4c2a91	4	2026-07-30T17:05:44.524826+00:00	BASEBALL PROSPECTS / true_first_bowman	Franklin Arias	true_first_bowman_card	eBay	bmhutchi	'	v1|117329766426|0	https://www.ebay.com/itm/117329766426	LIVE	2025 Bowman Chrome 1st Franklin Arias Refractor /499 RC #BCP-67 Red Sox	{"q":["baseball-prospect.franklin-arias.true-first-bowman"],"s":"DISCOVERY_SCOPE_PASS"}	{"status":"UNVERIFIED"}	preliminary|ab1714ffb41e6d0f4c	ebay|bmhutchi|v1|117329766426|0	https://i.ebayimg.com/images/g/ZRsAAeSw-jdqaqS-/s-l225.jpg	'	FALSE	FALSE	FALSE	FALSE	{}	'	'	'	'	'	'	'	'	'	'	UNASSESSED	[]	39.99	5.99	'	'	'	'	'	'	'	'	'	'	'	'	'	'	'	'	INSUFFICIENT	'	'	'	'	'	'	'	'	'	'	'	'	'	'	'	'	MANUAL REVIEW / UNPRICED	FALSE	FALSE	["identity_unverified","exact_comps_missing","full_costs_unknown","owned_copy_check_missing"]	{"ep":["baseball_prospects"],"q":["baseball-prospect.franklin-arias.true-first-bowman"],"id":"v1|117329766426|0"}
cand-s4-ebay-86ef8d1c180a57e63d	dh-20260730T170046Z-7d4c2a91	4	2026-07-30T17:05:44.524826+00:00	BASEBALL PROSPECTS / true_first_bowman	Jesus Made	true_first_bowman_card	eBay	breakingbadcc	'	v1|127905851794|0	https://www.ebay.com/itm/127905851794	LIVE	2025 Bowman Chrome Sapphire - Jesus Made 1st Edition Brewers MLB #1 Prospect	{"q":["baseball-prospect.jesus-made.true-first-bowman"],"s":"DISCOVERY_SCOPE_PASS"}	{"status":"UNVERIFIED"}	preliminary|86ef8d1c180a57e63d	ebay|breakingbadcc|v1|127905851794|0	https://i.ebayimg.com/images/g/klwAAeSww5JqI2el/s-l225.jpg	'	FALSE	FALSE	FALSE	FALSE	{}	'	'	'	'	'	'	'	'	'	'	UNASSESSED	[]	89	5.99	'	'	'	'	'	'	'	'	'	'	'	'	'	'	'	'	INSUFFICIENT	'	'	'	'	'	'	'	'	'	'	'	'	'	'	'	'	MANUAL REVIEW / UNPRICED	FALSE	FALSE	["identity_unverified","exact_comps_missing","full_costs_unknown","owned_copy_check_missing"]	{"ep":["baseball_prospects"],"q":["baseball-prospect.jesus-made.true-first-bowman"],"id":"v1|127905851794|0"}
cand-s4-ebay-f78f0227bad0d0c2de	dh-20260730T170046Z-7d4c2a91	4	2026-07-30T17:05:44.524826+00:00	BASEBALL PROSPECTS / true_first_bowman	Franklin Arias	true_first_bowman_card	eBay	bearsupplyco	'	v1|127924905298|0	https://www.ebay.com/itm/127924905298	LIVE	Franklin Arias (RC) 1st Bowman Chrome Prospects BCP-67 Rookie 2025	{"q":["baseball-prospect.franklin-arias.true-first-bowman"],"s":"DISCOVERY_SCOPE_PASS"}	{"status":"UNVERIFIED"}	preliminary|f78f0227bad0d0c2de	ebay|bearsupplyco|v1|127924905298|0	https://i.ebayimg.com/images/g/anYAAeSw2OhqW-iY/s-l225.jpg	'	FALSE	FALSE	FALSE	FALSE	{}	'	'	'	'	'	'	'	'	'	'	UNASSESSED	[]	4.24	0.89	'	'	'	'	'	'	'	'	'	'	'	'	'	'	'	'	INSUFFICIENT	'	'	'	'	'	'	'	'	'	'	'	'	'	'	'	'	MANUAL REVIEW / UNPRICED	FALSE	FALSE	["identity_unverified","exact_comps_missing","full_costs_unknown","owned_copy_check_missing"]	{"ep":["baseball_prospects"],"q":["baseball-prospect.franklin-arias.true-first-bowman"],"id":"v1|127924905298|0"}
cand-s4-ebay-59e203800883110f7a	dh-20260730T170046Z-7d4c2a91	4	2026-07-30T17:05:44.524826+00:00	BASEBALL PROSPECTS / true_first_bowman	Josue De Paula	true_first_bowman_card	eBay	sports22mom	'	v1|127983896089|0	https://www.ebay.com/itm/127983896089	LIVE	Josue De Paula 1st Bowman Chrome Mega Box /199	{"q":["baseball-prospect.josue-de-paula.true-first-bowman"],"s":"DISCOVERY_SCOPE_PASS"}	{"status":"UNVERIFIED"}	preliminary|59e203800883110f7a	ebay|sports22mom|v1|127983896089|0	https://i.ebayimg.com/images/g/JT4AAeSwFJVqXV7k/s-l225.jpg	'	FALSE	FALSE	FALSE	FALSE	{}	'	'	'	'	'	'	'	'	'	'	UNASSESSED	[]	75		'	'	'	'	'	'	'	'	'	'	'	'	'	'	'	'	INSUFFICIENT	'	'	'	'	'	'	'	'	'	'	'	'	'	'	'	'	MANUAL REVIEW / UNPRICED	FALSE	FALSE	["identity_unverified","exact_comps_missing","full_costs_unknown","owned_copy_check_missing"]	{"ep":["baseball_prospects"],"q":["baseball-prospect.josue-de-paula.true-first-bowman"],"id":"v1|127983896089|0"}
cand-s4-ebay-dc1cc020140634fc7e	dh-20260730T170046Z-7d4c2a91	4	2026-07-30T17:05:44.524826+00:00	BASEBALL PROSPECTS / true_first_bowman	Jesus Made	true_first_bowman_card	eBay	cmsportscardz	'	v1|127986838236|0	https://www.ebay.com/itm/127986838236	LIVE	JESUS MADE /250 2025 1st Bowman - Chrome Prospects BCP-50 Purple Raywave Brewers	{"q":["baseball-prospect.jesus-made.true-first-bowman"],"s":"DISCOVERY_SCOPE_PASS"}	{"status":"UNVERIFIED"}	preliminary|dc1cc020140634fc7e	ebay|cmsportscardz|v1|127986838236|0	https://i.ebayimg.com/images/g/ERgAAeSwC~ZqX3Lw/s-l225.jpg	'	FALSE	FALSE	FALSE	FALSE	{}	'	'	'	'	'	'	'	'	'	'	UNASSESSED	[]	89.99	5.89	'	'	'	'	'	'	'	'	'	'	'	'	'	'	'	'	INSUFFICIENT	'	'	'	'	'	'	'	'	'	'	'	'	'	'	'	'	MANUAL REVIEW / UNPRICED	FALSE	FALSE	["identity_unverified","exact_comps_missing","full_costs_unknown","owned_copy_check_missing"]	{"ep":["baseball_prospects"],"q":["baseball-prospect.jesus-made.true-first-bowman"],"id":"v1|127986838236|0"}
cand-s4-ebay-32211053151e54c769	dh-20260730T170046Z-7d4c2a91	4	2026-07-30T17:05:44.524826+00:00	BASEBALL PROSPECTS / true_first_bowman	George Lombard Jr	true_first_bowman_card	eBay	cory9er	'	v1|127992491414|0	https://www.ebay.com/itm/127992491414	LIVE	Bowman 2024 Chrome Prospects George Lombard Jr #79 Yankees PSA 10	{"q":["baseball-prospect.george-lombard-jr.true-first-bowman"],"s":"IMAGE_OR_IDENTITY_REVIEW_REQUIRED"}	{"status":"UNVERIFIED"}	preliminary|32211053151e54c769	ebay|cory9er|v1|127992491414|0	https://i.ebayimg.com/images/g/VrwAAeSwARVqY69u/s-l225.jpg	'	FALSE	FALSE	FALSE	FALSE	{}	'	'	'	'	'	'	'	'	'	'	UNASSESSED	["true_first_bowman_not_proven_from_title"]	96.28	0	'	'	'	'	'	'	'	'	'	'	'	'	'	'	'	'	INSUFFICIENT	'	'	'	'	'	'	'	'	'	'	'	'	'	'	'	'	MANUAL REVIEW / UNPRICED	FALSE	FALSE	["identity_unverified","exact_comps_missing","full_costs_unknown","owned_copy_check_missing","true_first_bowman_not_proven_from_title"]	{"ep":["baseball_prospects"],"q":["baseball-prospect.george-lombard-jr.true-first-bowman"],"id":"v1|127992491414|0"}
cand-s4-ebay-51443b849efe605602	dh-20260730T170046Z-7d4c2a91	4	2026-07-30T17:05:44.524826+00:00	BASEBALL PROSPECTS / true_first_bowman	George Lombard Jr	true_first_bowman_card	eBay	cheddarmawpete	'	v1|127992705314|0	https://www.ebay.com/itm/127992705314	LIVE	2024 Bowman Chrome George Lombard Jr 1st Lunar Glow Green Refractor Yankees SP	{"q":["baseball-prospect.george-lombard-jr.true-first-bowman"],"s":"DISCOVERY_SCOPE_PASS"}	{"status":"UNVERIFIED"}	preliminary|51443b849efe605602	ebay|cheddarmawpete|v1|127992705314|0	https://i.ebayimg.com/images/g/qvAAAeSwsHRqY9~U/s-l225.jpg	'	FALSE	FALSE	FALSE	FALSE	{}	'	'	'	'	'	'	'	'	'	'	UNASSESSED	[]	16.99	1.49	'	'	'	'	'	'	'	'	'	'	'	'	'	'	'	'	INSUFFICIENT	'	'	'	'	'	'	'	'	'	'	'	'	'	'	'	'	MANUAL REVIEW / UNPRICED	FALSE	FALSE	["identity_unverified","exact_comps_missing","full_costs_unknown","owned_copy_check_missing"]	{"ep":["baseball_prospects"],"q":["baseball-prospect.george-lombard-jr.true-first-bowman"],"id":"v1|127992705314|0"}
cand-s4-ebay-33feb0cb2b2d5f073c	dh-20260730T170046Z-7d4c2a91	4	2026-07-30T17:05:44.524826+00:00	BASEBALL PROSPECTS / true_first_bowman	Josue De Paula	true_first_bowman_card	eBay	thackattack2010	'	v1|127996915033|0	https://www.ebay.com/itm/127996915033	LIVE	2023 Bowman Josue De Paula Chrome Auto Autograph 1st Prospect #CPA-JDE Dodgers	{"q":["baseball-prospect.josue-de-paula.true-first-bowman"],"s":"DISCOVERY_SCOPE_PASS"}	{"status":"UNVERIFIED"}	preliminary|33feb0cb2b2d5f073c	ebay|thackattack2010|v1|127996915033|0	https://i.ebayimg.com/images/g/GmYAAeSwzM5qZ2Hd/s-l225.jpg	'	FALSE	FALSE	FALSE	FALSE	{}	'	'	'	'	'	'	'	'	'	'	UNASSESSED	[]	200	4.99	'	'	'	'	'	'	'	'	'	'	'	'	'	'	'	'	INSUFFICIENT	'	'	'	'	'	'	'	'	'	'	'	'	'	'	'	'	MANUAL REVIEW / UNPRICED	FALSE	FALSE	["identity_unverified","exact_comps_missing","full_costs_unknown","owned_copy_check_missing"]	{"ep":["baseball_prospects"],"q":["baseball-prospect.josue-de-paula.true-first-bowman"],"id":"v1|127996915033|0"}
cand-s4-ebay-b060ab2f8429eb8f89	dh-20260730T170046Z-7d4c2a91	4	2026-07-30T17:05:44.524826+00:00	BASEBALL PROSPECTS / true_first_bowman	George Lombard Jr	true_first_bowman_card	eBay	elmcityboy	'	v1|137386045513|0	https://www.ebay.com/itm/137386045513	LIVE	2024 Bowman Chrome 1st George Lombard Jr Silver Refractor /499 SP RC ROOKIE 9.5	{"q":["baseball-prospect.george-lombard-jr.true-first-bowman"],"s":"DISCOVERY_SCOPE_PASS"}	{"status":"UNVERIFIED"}	preliminary|b060ab2f8429eb8f89	ebay|elmcityboy|v1|137386045513|0	https://i.ebayimg.com/images/g/8ZMAAeSwynFqJHRO/s-l225.jpg	'	FALSE	FALSE	FALSE	FALSE	{}	'	'	'	'	'	'	'	'	'	'	UNASSESSED	[]	79.99	5.5	'	'	'	'	'	'	'	'	'	'	'	'	'	'	'	'	INSUFFICIENT	'	'	'	'	'	'	'	'	'	'	'	'	'	'	'	'	MANUAL REVIEW / UNPRICED	FALSE	FALSE	["identity_unverified","exact_comps_missing","full_costs_unknown","owned_copy_check_missing"]	{"ep":["baseball_prospects"],"q":["baseball-prospect.george-lombard-jr.true-first-bowman"],"id":"v1|137386045513|0"}
cand-s4-ebay-d31840a1edae5b7f32	dh-20260730T170046Z-7d4c2a91	4	2026-07-30T17:05:44.524826+00:00	BASEBALL PROSPECTS / true_first_bowman	Leo De Vries	true_first_bowman_card	eBay	chdi-7194	'	v1|137510050046|0	https://www.ebay.com/itm/137510050046	LIVE	⚾️Leo De Vries 15-CARD ROOKIE LOT (2024-2025), San Diego Padres	{"q":["baseball-prospect.leo-de-vries.true-first-bowman"],"s":"IMAGE_OR_IDENTITY_REVIEW_REQUIRED"}	{"status":"UNVERIFIED"}	preliminary|d31840a1edae5b7f32	ebay|chdi-7194|v1|137510050046|0	https://i.ebayimg.com/images/g/jhIAAeSw6PpqVU8r/s-l225.jpg	'	FALSE	FALSE	FALSE	FALSE	{}	'	'	'	'	'	'	'	'	'	'	UNASSESSED	["true_first_bowman_not_proven_from_title"]	18.99	1.99	'	'	'	'	'	'	'	'	'	'	'	'	'	'	'	'	INSUFFICIENT	'	'	'	'	'	'	'	'	'	'	'	'	'	'	'	'	MANUAL REVIEW / UNPRICED	FALSE	FALSE	["identity_unverified","exact_comps_missing","full_costs_unknown","owned_copy_check_missing","true_first_bowman_not_proven_from_title"]	{"ep":["baseball_prospects"],"q":["baseball-prospect.leo-de-vries.true-first-bowman"],"id":"v1|137510050046|0"}
cand-s4-ebay-ad95ced65f43adbe3d	dh-20260730T170046Z-7d4c2a91	4	2026-07-30T17:05:44.524826+00:00	BASEBALL PROSPECTS / true_first_bowman	George Lombard Jr	true_first_bowman_card	eBay	rzsc2006	'	v1|137514148905|0	https://www.ebay.com/itm/137514148905	LIVE	2024 Bowman Chrome George Lombard Jr 1st Pink Mojo /199 Yankees #BCP-79	{"q":["baseball-prospect.george-lombard-jr.true-first-bowman"],"s":"DISCOVERY_SCOPE_PASS"}	{"status":"UNVERIFIED"}	preliminary|ad95ced65f43adbe3d	ebay|rzsc2006|v1|137514148905|0	https://i.ebayimg.com/images/g/k3IAAeSwlktqVvHy/s-l225.jpg	'	FALSE	FALSE	FALSE	FALSE	{}	'	'	'	'	'	'	'	'	'	'	UNASSESSED	[]	79.99	4.95	'	'	'	'	'	'	'	'	'	'	'	'	'	'	'	'	INSUFFICIENT	'	'	'	'	'	'	'	'	'	'	'	'	'	'	'	'	MANUAL REVIEW / UNPRICED	FALSE	FALSE	["identity_unverified","exact_comps_missing","full_costs_unknown","owned_copy_check_missing"]	{"ep":["baseball_prospects"],"q":["baseball-prospect.george-lombard-jr.true-first-bowman"],"id":"v1|137514148905|0"}
cand-s4-ebay-4dae08be3cb2f94952	dh-20260730T170046Z-7d4c2a91	4	2026-07-30T17:05:44.524826+00:00	BASEBALL PROSPECTS / true_first_bowman	George Lombard Jr	true_first_bowman_card	eBay	ibuy.cards	'	v1|137554419964|0	https://www.ebay.com/itm/137554419964	LIVE	George Lombard Jr. RARE 1ST BOWMAN MOJO REFRACTOR INVESTMENT ROOKIE CARD SP RC	{"q":["baseball-prospect.george-lombard-jr.true-first-bowman"],"s":"DISCOVERY_SCOPE_PASS"}	{"status":"UNVERIFIED"}	preliminary|4dae08be3cb2f94952	ebay|ibuy.cards|v1|137554419964|0	https://i.ebayimg.com/images/g/LQwAAeSwEChqZacd/s-l225.jpg	'	FALSE	FALSE	FALSE	FALSE	{}	'	'	'	'	'	'	'	'	'	'	UNASSESSED	[]	33.74	6	'	'	'	'	'	'	'	'	'	'	'	'	'	'	'	'	INSUFFICIENT	'	'	'	'	'	'	'	'	'	'	'	'	'	'	'	'	MANUAL REVIEW / UNPRICED	FALSE	FALSE	["identity_unverified","exact_comps_missing","full_costs_unknown","owned_copy_check_missing"]	{"ep":["baseball_prospects"],"q":["baseball-prospect.george-lombard-jr.true-first-bowman"],"id":"v1|137554419964|0"}
cand-s4-ebay-0be54970bf08ba39b4	dh-20260730T170046Z-7d4c2a91	4	2026-07-30T17:05:44.524826+00:00	BASEBALL PROSPECTS / true_first_bowman	Josue De Paula	true_first_bowman_card	eBay	efrolal4l	'	v1|146470102880|0	https://www.ebay.com/itm/146470102880	LIVE	JOSUE DE PAULA 2024 Bowman Chrome Prospect Sapphire Refractor RC Dodgers #BCP-12	{"q":["baseball-prospect.josue-de-paula.true-first-bowman"],"s":"IMAGE_OR_IDENTITY_REVIEW_REQUIRED"}	{"status":"UNVERIFIED"}	preliminary|0be54970bf08ba39b4	ebay|efrolal4l|v1|146470102880|0	https://i.ebayimg.com/images/g/jzwAAOSwsmJn4HqP/s-l225.jpg	'	FALSE	FALSE	FALSE	FALSE	{}	'	'	'	'	'	'	'	'	'	'	UNASSESSED	["true_first_bowman_not_proven_from_title"]	3.99	1.89	'	'	'	'	'	'	'	'	'	'	'	'	'	'	'	'	INSUFFICIENT	'	'	'	'	'	'	'	'	'	'	'	'	'	'	'	'	MANUAL REVIEW / UNPRICED	FALSE	FALSE	["identity_unverified","exact_comps_missing","full_costs_unknown","owned_copy_check_missing","true_first_bowman_not_proven_from_title"]	{"ep":["baseball_prospects"],"q":["baseball-prospect.josue-de-paula.true-first-bowman"],"id":"v1|146470102880|0"}
cand-s4-ebay-9b714f9f29279c9348	dh-20260730T170046Z-7d4c2a91	4	2026-07-30T17:05:44.524826+00:00	BASEBALL PROSPECTS / true_first_bowman	Jesus Made	true_first_bowman_card	eBay	jthcollectibles	'	v1|147376557033|0	https://www.ebay.com/itm/147376557033	LIVE	2025 Bowman - Chrome Prospects Jesus Made #BCP-50 Fuchsia Wave Refractor /199...	{"q":["baseball-prospect.jesus-made.true-first-bowman"],"s":"IMAGE_OR_IDENTITY_REVIEW_REQUIRED"}	{"status":"UNVERIFIED"}	preliminary|9b714f9f29279c9348	ebay|jthcollectibles|v1|147376557033|0	https://i.ebayimg.com/images/g/UiIAAeSwSHJqMCAR/s-l225.jpg	'	FALSE	FALSE	FALSE	FALSE	{}	'	'	'	'	'	'	'	'	'	'	UNASSESSED	["true_first_bowman_not_proven_from_title"]	249.99	0	'	'	'	'	'	'	'	'	'	'	'	'	'	'	'	'	INSUFFICIENT	'	'	'	'	'	'	'	'	'	'	'	'	'	'	'	'	MANUAL REVIEW / UNPRICED	FALSE	FALSE	["identity_unverified","exact_comps_missing","full_costs_unknown","owned_copy_check_missing","true_first_bowman_not_proven_from_title"]	{"ep":["baseball_prospects"],"q":["baseball-prospect.jesus-made.true-first-bowman"],"id":"v1|147376557033|0"}
cand-s4-ebay-bd76bc7a476a2abc48	dh-20260730T170046Z-7d4c2a91	4	2026-07-30T17:05:44.524826+00:00	BASEBALL PROSPECTS / true_first_bowman	Josue De Paula	true_first_bowman_card	eBay	jthcollectibles	'	v1|147427500722|0	https://www.ebay.com/itm/147427500722	LIVE	2026 Bowman Chrome Prospects #BCP-83 Josue De Paula Gold Shimmer 12/50 (RC)	{"q":["baseball-prospect.josue-de-paula.true-first-bowman"],"s":"IMAGE_OR_IDENTITY_REVIEW_REQUIRED"}	{"status":"UNVERIFIED"}	preliminary|bd76bc7a476a2abc48	ebay|jthcollectibles|v1|147427500722|0	https://i.ebayimg.com/images/g/puoAAeSwsHRqUAIm/s-l225.jpg	'	FALSE	FALSE	FALSE	FALSE	{}	'	'	'	'	'	'	'	'	'	'	UNASSESSED	["true_first_bowman_not_proven_from_title"]	119.99	0	'	'	'	'	'	'	'	'	'	'	'	'	'	'	'	'	INSUFFICIENT	'	'	'	'	'	'	'	'	'	'	'	'	'	'	'	'	MANUAL REVIEW / UNPRICED	FALSE	FALSE	["identity_unverified","exact_comps_missing","full_costs_unknown","owned_copy_check_missing","true_first_bowman_not_proven_from_title"]	{"ep":["baseball_prospects"],"q":["baseball-prospect.josue-de-paula.true-first-bowman"],"id":"v1|147427500722|0"}
cand-s4-ebay-85cb832ae276bc01fb	dh-20260730T170046Z-7d4c2a91	4	2026-07-30T17:05:44.524826+00:00	BASEBALL PROSPECTS / true_first_bowman	George Lombard Jr	true_first_bowman_card	eBay	danhol_2236	'	v1|147462184001|0	https://www.ebay.com/itm/147462184001	LIVE	2024 Bowman - Chrome Prospect Autographs George Lombard Jr. #CPA-GLO (AU, RC)	{"q":["baseball-prospect.george-lombard-jr.true-first-bowman"],"s":"IMAGE_OR_IDENTITY_REVIEW_REQUIRED"}	{"status":"UNVERIFIED"}	preliminary|85cb832ae276bc01fb	ebay|danhol_2236|v1|147462184001|0	https://i.ebayimg.com/images/g/ZecAAeSwnxdqZgAu/s-l225.jpg	'	FALSE	FALSE	FALSE	FALSE	{}	'	'	'	'	'	'	'	'	'	'	UNASSESSED	["true_first_bowman_not_proven_from_title"]	249.99	6.75	'	'	'	'	'	'	'	'	'	'	'	'	'	'	'	'	INSUFFICIENT	'	'	'	'	'	'	'	'	'	'	'	'	'	'	'	'	MANUAL REVIEW / UNPRICED	FALSE	FALSE	["identity_unverified","exact_comps_missing","full_costs_unknown","owned_copy_check_missing","true_first_bowman_not_proven_from_title"]	{"ep":["baseball_prospects"],"q":["baseball-prospect.george-lombard-jr.true-first-bowman"],"id":"v1|147462184001|0"}
cand-s4-ebay-2bc133059a10403a39	dh-20260730T170046Z-7d4c2a91	4	2026-07-30T17:05:44.524826+00:00	BASEBALL PROSPECTS / true_first_bowman	Josue De Paula	true_first_bowman_card	eBay	jthcollectibles	'	v1|147467278658|0	https://www.ebay.com/itm/147467278658	LIVE	2026 Bowman - Chrome Prospects Josue De Paula #BCP-83 Orange Shimmer...	{"q":["baseball-prospect.josue-de-paula.true-first-bowman"],"s":"IMAGE_OR_IDENTITY_REVIEW_REQUIRED"}	{"status":"UNVERIFIED"}	preliminary|2bc133059a10403a39	ebay|jthcollectibles|v1|147467278658|0	https://i.ebayimg.com/images/g/5nsAAeSwZl5qaNmP/s-l225.jpg	'	FALSE	FALSE	FALSE	FALSE	{}	'	'	'	'	'	'	'	'	'	'	UNASSESSED	["true_first_bowman_not_proven_from_title"]	149.99	0	'	'	'	'	'	'	'	'	'	'	'	'	'	'	'	'	INSUFFICIENT	'	'	'	'	'	'	'	'	'	'	'	'	'	'	'	'	MANUAL REVIEW / UNPRICED	FALSE	FALSE	["identity_unverified","exact_comps_missing","full_costs_unknown","owned_copy_check_missing","true_first_bowman_not_proven_from_title"]	{"ep":["baseball_prospects"],"q":["baseball-prospect.josue-de-paula.true-first-bowman"],"id":"v1|147467278658|0"}
cand-s4-ebay-2934e31a60bad7d06d	dh-20260730T170046Z-7d4c2a91	4	2026-07-30T17:05:44.524826+00:00	BASEBALL PROSPECTS + SIGNED BASEBALLS / true_first_bowman	Josue De Paula	true_first_bowman_card	eBay	senjicards	'	v1|147468134368|0	https://www.ebay.com/itm/147468134368	LIVE	JOSUE DE PAULA 2023 BOWMAN CHROME 1ST PROSPECT AUTO REFRACTOR /499 PSA 9	{"q":["baseball-prospect.josue-de-paula.true-first-bowman","signed-baseball.josue-de-paula"],"s":"DISCOVERY_SCOPE_PASS"}	{"status":"UNVERIFIED"}	preliminary|2934e31a60bad7d06d	ebay|senjicards|v1|147468134368|0	https://i.ebayimg.com/images/g/GzQAAeSwQtRqaVlw/s-l225.jpg	'	FALSE	FALSE	FALSE	FALSE	{}	'	'	'	'	'	'	'	'	'	'	UNASSESSED	[]	409.99		'	'	'	'	'	'	'	'	'	'	'	'	'	'	'	'	INSUFFICIENT	'	'	'	'	'	'	'	'	'	'	'	'	'	'	'	'	MANUAL REVIEW / UNPRICED	FALSE	FALSE	["identity_unverified","exact_comps_missing","full_costs_unknown","owned_copy_check_missing"]	{"ep":["baseball_prospects","signed_baseballs"],"q":["baseball-prospect.josue-de-paula.true-first-bowman","signed-baseball.josue-de-paula"],"id":"v1|147468134368|0"}
cand-s4-ebay-6977e0bf47dbccd6ec	dh-20260730T170046Z-7d4c2a91	4	2026-07-30T17:05:44.524826+00:00	BASEBALL PROSPECTS / true_first_bowman	Jesus Made	true_first_bowman_card	eBay	baldimatth	'	v1|158096411280|0	https://www.ebay.com/itm/158096411280	LIVE	2025 Bowman - Chrome Prospects Jesus Made #BCP-50 (RC)	{"q":["baseball-prospect.jesus-made.true-first-bowman"],"s":"IMAGE_OR_IDENTITY_REVIEW_REQUIRED"}	{"status":"UNVERIFIED"}	preliminary|6977e0bf47dbccd6ec	ebay|baldimatth|v1|158096411280|0	https://i.ebayimg.com/images/g/ALwAAeSwwnxqW8uP/s-l225.jpg	'	FALSE	FALSE	FALSE	FALSE	{}	'	'	'	'	'	'	'	'	'	'	UNASSESSED	["true_first_bowman_not_proven_from_title"]	17.99		'	'	'	'	'	'	'	'	'	'	'	'	'	'	'	'	INSUFFICIENT	'	'	'	'	'	'	'	'	'	'	'	'	'	'	'	'	MANUAL REVIEW / UNPRICED	FALSE	FALSE	["identity_unverified","exact_comps_missing","full_costs_unknown","owned_copy_check_missing","true_first_bowman_not_proven_from_title"]	{"ep":["baseball_prospects"],"q":["baseball-prospect.jesus-made.true-first-bowman"],"id":"v1|158096411280|0"}
cand-s4-ebay-f901dbd55c88f3d643	dh-20260730T170046Z-7d4c2a91	4	2026-07-30T17:05:44.524826+00:00	BASEBALL PROSPECTS / true_first_bowman	George Lombard Jr	true_first_bowman_card	eBay	blendedvybz	'	v1|158117566064|0	https://www.ebay.com/itm/158117566064	LIVE	2024 Bowman Chrome George Lombard Jr. 1st Bowman #BCP-79 NY Yankees Hot Prospect	{"q":["baseball-prospect.george-lombard-jr.true-first-bowman"],"s":"DISCOVERY_SCOPE_PASS"}	{"status":"UNVERIFIED"}	preliminary|f901dbd55c88f3d643	ebay|blendedvybz|v1|158117566064|0	https://i.ebayimg.com/images/g/2uUAAeSwUXxqZAlg/s-l225.jpg	'	FALSE	FALSE	FALSE	FALSE	{}	'	'	'	'	'	'	'	'	'	'	UNASSESSED	[]	3.99		'	'	'	'	'	'	'	'	'	'	'	'	'	'	'	'	INSUFFICIENT	'	'	'	'	'	'	'	'	'	'	'	'	'	'	'	'	MANUAL REVIEW / UNPRICED	FALSE	FALSE	["identity_unverified","exact_comps_missing","full_costs_unknown","owned_copy_check_missing"]	{"ep":["baseball_prospects"],"q":["baseball-prospect.george-lombard-jr.true-first-bowman"],"id":"v1|158117566064|0"}
cand-s4-ebay-a6983585c51d731104	dh-20260730T170046Z-7d4c2a91	4	2026-07-30T17:05:44.524826+00:00	BASEBALL PROSPECTS / true_first_bowman	Leo De Vries	true_first_bowman_card	eBay	sportscards_wa1	'	v1|158132336112|0	https://www.ebay.com/itm/158132336112	LIVE	2024 Bowman Chrome - Prospects Leo De Vries #BCP-179 1st Bowman	{"q":["baseball-prospect.leo-de-vries.true-first-bowman"],"s":"DISCOVERY_SCOPE_PASS"}	{"status":"UNVERIFIED"}	preliminary|a6983585c51d731104	ebay|sportscards_wa1|v1|158132336112|0	https://i.ebayimg.com/images/g/g~IAAeSw7ehqak00/s-l225.jpg	'	FALSE	FALSE	FALSE	FALSE	{}	'	'	'	'	'	'	'	'	'	'	UNASSESSED	[]	10		'	'	'	'	'	'	'	'	'	'	'	'	'	'	'	'	INSUFFICIENT	'	'	'	'	'	'	'	'	'	'	'	'	'	'	'	'	MANUAL REVIEW / UNPRICED	FALSE	FALSE	["identity_unverified","exact_comps_missing","full_costs_unknown","owned_copy_check_missing"]	{"ep":["baseball_prospects"],"q":["baseball-prospect.leo-de-vries.true-first-bowman"],"id":"v1|158132336112|0"}
cand-s4-ebay-fa421b3e0bc889337c	dh-20260730T170046Z-7d4c2a91	4	2026-07-30T17:05:44.524826+00:00	BASEBALL PROSPECTS / true_first_bowman	George Lombard Jr	true_first_bowman_card	eBay	sc_cards_n_collectibles	'	v1|168528244166|0	https://www.ebay.com/itm/168528244166	LIVE	George Lombard Jr. 2024 Bowman Chrome 1st Blue Refractor /150 #BCP-79 Yankees	{"q":["baseball-prospect.george-lombard-jr.true-first-bowman"],"s":"DISCOVERY_SCOPE_PASS"}	{"status":"UNVERIFIED"}	preliminary|fa421b3e0bc889337c	ebay|sc_cards_n_collectibles|v1|168528244166|0	https://i.ebayimg.com/images/g/sJcAAeSwQw5qUUry/s-l225.jpg	'	FALSE	FALSE	FALSE	FALSE	{}	'	'	'	'	'	'	'	'	'	'	UNASSESSED	[]	149.99	6.25	'	'	'	'	'	'	'	'	'	'	'	'	'	'	'	'	INSUFFICIENT	'	'	'	'	'	'	'	'	'	'	'	'	'	'	'	'	MANUAL REVIEW / UNPRICED	FALSE	FALSE	["identity_unverified","exact_comps_missing","full_costs_unknown","owned_copy_check_missing"]	{"ep":["baseball_prospects"],"q":["baseball-prospect.george-lombard-jr.true-first-bowman"],"id":"v1|168528244166|0"}
cand-s4-ebay-9e7da12fa1ebc7e232	dh-20260730T170046Z-7d4c2a91	4	2026-07-30T17:05:44.524826+00:00	BASEBALL PROSPECTS / true_first_bowman	Josue De Paula	true_first_bowman_card	eBay	jk341	'	v1|168566156779|0	https://www.ebay.com/itm/168566156779	LIVE	2023 Bowman - Chrome Prospect Autographs Josue De Paula #CPA-JDE (AU, RC)	{"q":["baseball-prospect.josue-de-paula.true-first-bowman"],"s":"IMAGE_OR_IDENTITY_REVIEW_REQUIRED"}	{"status":"UNVERIFIED"}	preliminary|9e7da12fa1ebc7e232	ebay|jk341|v1|168566156779|0	https://i.ebayimg.com/images/g/1V8AAeSwVktqZsg~/s-l225.jpg	'	FALSE	FALSE	FALSE	FALSE	{}	'	'	'	'	'	'	'	'	'	'	UNASSESSED	["true_first_bowman_not_proven_from_title"]	184.99		'	'	'	'	'	'	'	'	'	'	'	'	'	'	'	'	INSUFFICIENT	'	'	'	'	'	'	'	'	'	'	'	'	'	'	'	'	MANUAL REVIEW / UNPRICED	FALSE	FALSE	["identity_unverified","exact_comps_missing","full_costs_unknown","owned_copy_check_missing","true_first_bowman_not_proven_from_title"]	{"ep":["baseball_prospects"],"q":["baseball-prospect.josue-de-paula.true-first-bowman"],"id":"v1|168566156779|0"}
cand-s4-ebay-35783c11334c7e454a	dh-20260730T170046Z-7d4c2a91	4	2026-07-30T17:05:44.524826+00:00	BASEBALL PROSPECTS / true_first_bowman	Franklin Arias	true_first_bowman_card	eBay	ks_cards4	'	v1|168568210903|0	https://www.ebay.com/itm/168568210903	LIVE	Franklin Arias 2025 Bowman Chrome 1st Reptilian Plus 2 Base Chrome Red Sox	{"q":["baseball-prospect.franklin-arias.true-first-bowman"],"s":"DISCOVERY_SCOPE_PASS"}	{"status":"UNVERIFIED"}	preliminary|35783c11334c7e454a	ebay|ks_cards4|v1|168568210903|0	https://i.ebayimg.com/images/g/BZ0AAeSwE55qZ8GW/s-l225.jpg	'	FALSE	FALSE	FALSE	FALSE	{}	'	'	'	'	'	'	'	'	'	'	UNASSESSED	[]	29.99	4.99	'	'	'	'	'	'	'	'	'	'	'	'	'	'	'	'	INSUFFICIENT	'	'	'	'	'	'	'	'	'	'	'	'	'	'	'	'	MANUAL REVIEW / UNPRICED	FALSE	FALSE	["identity_unverified","exact_comps_missing","full_costs_unknown","owned_copy_check_missing"]	{"ep":["baseball_prospects"],"q":["baseball-prospect.franklin-arias.true-first-bowman"],"id":"v1|168568210903|0"}
cand-s4-ebay-71923cc4f41d658644	dh-20260730T170046Z-7d4c2a91	4	2026-07-30T17:05:44.524826+00:00	BASEBALL PROSPECTS / true_first_bowman	George Lombard Jr	true_first_bowman_card	eBay	theprospectfinder	'	v1|178062436520|0	https://www.ebay.com/itm/178062436520	LIVE	GEORGE LOMBARD JR 2024 BOWMAN CHROME 1ST BLUE RAYWAVE SP #/150 GRADED PSA 9 MINT	{"q":["baseball-prospect.george-lombard-jr.true-first-bowman"],"s":"DISCOVERY_SCOPE_PASS"}	{"status":"UNVERIFIED"}	preliminary|71923cc4f41d658644	ebay|theprospectfinder|v1|178062436520|0	https://i.ebayimg.com/images/g/gnUAAeSwyVdpyAde/s-l225.jpg	'	FALSE	FALSE	FALSE	FALSE	{}	'	'	'	'	'	'	'	'	'	'	UNASSESSED	[]	155	5.99	'	'	'	'	'	'	'	'	'	'	'	'	'	'	'	'	INSUFFICIENT	'	'	'	'	'	'	'	'	'	'	'	'	'	'	'	'	MANUAL REVIEW / UNPRICED	FALSE	FALSE	["identity_unverified","exact_comps_missing","full_costs_unknown","owned_copy_check_missing"]	{"ep":["baseball_prospects"],"q":["baseball-prospect.george-lombard-jr.true-first-bowman"],"id":"v1|178062436520|0"}
cand-s4-ebay-536e1ab38baba00118	dh-20260730T170046Z-7d4c2a91	4	2026-07-30T17:05:44.524826+00:00	BASEBALL PROSPECTS / first_bowman_autograph_color_numbered	Leo De Vries	true_first_bowman_autograph_parallel	eBay	murcinary207	'	v1|178260668736|0	https://www.ebay.com/itm/178260668736	LIVE	2026 Leaf PRO SET Leo De Vries AUTO /20 REFRACTOR SSP Rookie Card No. 90A-LDV 📈	{"q":["baseball-prospect.leo-de-vries.first-bowman-auto-color"],"s":"IMAGE_OR_IDENTITY_REVIEW_REQUIRED"}	{"status":"UNVERIFIED"}	preliminary|536e1ab38baba00118	ebay|murcinary207|v1|178260668736|0	https://i.ebayimg.com/images/g/wlkAAeSwf55qQCXw/s-l225.jpg	'	FALSE	FALSE	FALSE	FALSE	{}	'	'	'	'	'	'	'	'	'	'	UNASSESSED	["true_first_bowman_not_proven_from_title"]	39.95	0	'	'	'	'	'	'	'	'	'	'	'	'	'	'	'	'	INSUFFICIENT	'	'	'	'	'	'	'	'	'	'	'	'	'	'	'	'	MANUAL REVIEW / UNPRICED	FALSE	FALSE	["identity_unverified","exact_comps_missing","full_costs_unknown","owned_copy_check_missing","true_first_bowman_not_proven_from_title"]	{"ep":["baseball_prospects"],"q":["baseball-prospect.leo-de-vries.first-bowman-auto-color"],"id":"v1|178260668736|0"}
cand-s4-ebay-18e5cae5b9a8ac5c6d	dh-20260730T170046Z-7d4c2a91	4	2026-07-30T17:05:44.524826+00:00	BASEBALL PROSPECTS / true_first_bowman	Leo De Vries	true_first_bowman_card	eBay	pandamonium_87	'	v1|178345991396|0	https://www.ebay.com/itm/178345991396	LIVE	LEO DE VRIES 2024 Bowman Chrome 1st Prospects Pearl Refractor PSA 9	{"q":["baseball-prospect.leo-de-vries.true-first-bowman"],"s":"DISCOVERY_SCOPE_PASS"}	{"status":"UNVERIFIED"}	preliminary|18e5cae5b9a8ac5c6d	ebay|pandamonium_87|v1|178345991396|0	https://i.ebayimg.com/images/g/poYAAeSwogFqZlsR/s-l225.jpg	'	FALSE	FALSE	FALSE	FALSE	{}	'	'	'	'	'	'	'	'	'	'	UNASSESSED	[]	450	4	'	'	'	'	'	'	'	'	'	'	'	'	'	'	'	'	INSUFFICIENT	'	'	'	'	'	'	'	'	'	'	'	'	'	'	'	'	MANUAL REVIEW / UNPRICED	FALSE	FALSE	["identity_unverified","exact_comps_missing","full_costs_unknown","owned_copy_check_missing"]	{"ep":["baseball_prospects"],"q":["baseball-prospect.leo-de-vries.true-first-bowman"],"id":"v1|178345991396|0"}
cand-s4-ebay-316a9cb03e071ec75f	dh-20260730T170046Z-7d4c2a91	4	2026-07-30T17:05:44.524826+00:00	BASEBALL PROSPECTS / true_first_bowman	Leo De Vries	true_first_bowman_card	eBay	cajunpicker	'	v1|178349791971|0	https://www.ebay.com/itm/178349791971	LIVE	Leo De Vries Lazer Refractor Rc 2025 Bowman Chrome Free Ship	{"q":["baseball-prospect.leo-de-vries.true-first-bowman"],"s":"IMAGE_OR_IDENTITY_REVIEW_REQUIRED"}	{"status":"UNVERIFIED"}	preliminary|316a9cb03e071ec75f	ebay|cajunpicker|v1|178349791971|0	https://i.ebayimg.com/images/g/UOsAAeSwbG9qaAR5/s-l225.jpg	'	FALSE	FALSE	FALSE	FALSE	{}	'	'	'	'	'	'	'	'	'	'	UNASSESSED	["true_first_bowman_not_proven_from_title"]	3	0	'	'	'	'	'	'	'	'	'	'	'	'	'	'	'	'	INSUFFICIENT	'	'	'	'	'	'	'	'	'	'	'	'	'	'	'	'	MANUAL REVIEW / UNPRICED	FALSE	FALSE	["identity_unverified","exact_comps_missing","full_costs_unknown","owned_copy_check_missing","true_first_bowman_not_proven_from_title"]	{"ep":["baseball_prospects"],"q":["baseball-prospect.leo-de-vries.true-first-bowman"],"id":"v1|178349791971|0"}
cand-s4-ebay-2176321d66c86f92e3	dh-20260730T170046Z-7d4c2a91	4	2026-07-30T17:05:44.524826+00:00	BASEBALL PROSPECTS / true_first_bowman	Leo De Vries	true_first_bowman_card	eBay	stonyrips	'	v1|188704244148|0	https://www.ebay.com/itm/188704244148	LIVE	2026 Bowman - Chrome Prospects Leo De Vries #BCP-63 Neon Green Mojo Refractor...	{"q":["baseball-prospect.leo-de-vries.true-first-bowman"],"s":"IMAGE_OR_IDENTITY_REVIEW_REQUIRED"}	{"status":"UNVERIFIED"}	preliminary|2176321d66c86f92e3	ebay|stonyrips|v1|188704244148|0	https://i.ebayimg.com/images/g/9XgAAeSw6Z5qZ8tw/s-l225.jpg	'	FALSE	FALSE	FALSE	FALSE	{}	'	'	'	'	'	'	'	'	'	'	UNASSESSED	["true_first_bowman_not_proven_from_title"]	12	0	'	'	'	'	'	'	'	'	'	'	'	'	'	'	'	'	INSUFFICIENT	'	'	'	'	'	'	'	'	'	'	'	'	'	'	'	'	MANUAL REVIEW / UNPRICED	FALSE	FALSE	["identity_unverified","exact_comps_missing","full_costs_unknown","owned_copy_check_missing","true_first_bowman_not_proven_from_title"]	{"ep":["baseball_prospects"],"q":["baseball-prospect.leo-de-vries.true-first-bowman"],"id":"v1|188704244148|0"}
cand-s4-ebay-91257cf34b6564ecd2	dh-20260730T170046Z-7d4c2a91	4	2026-07-30T17:05:44.524826+00:00	BASEBALL PROSPECTS / true_first_bowman	Leo De Vries	true_first_bowman_card	eBay	eandscards	'	v1|188709559795|0	https://www.ebay.com/itm/188709559795	LIVE	2024 Bowman Chrome Leo De Vries 1st Bowman Auto #CPA-LD	{"q":["baseball-prospect.leo-de-vries.true-first-bowman"],"s":"DISCOVERY_SCOPE_PASS"}	{"status":"UNVERIFIED"}	preliminary|91257cf34b6564ecd2	ebay|eandscards|v1|188709559795|0	https://i.ebayimg.com/images/g/PscAAeSwW0ZqaTv~/s-l225.jpg	'	FALSE	FALSE	FALSE	FALSE	{}	'	'	'	'	'	'	'	'	'	'	UNASSESSED	[]	245	9	'	'	'	'	'	'	'	'	'	'	'	'	'	'	'	'	INSUFFICIENT	'	'	'	'	'	'	'	'	'	'	'	'	'	'	'	'	MANUAL REVIEW / UNPRICED	FALSE	FALSE	["identity_unverified","exact_comps_missing","full_costs_unknown","owned_copy_check_missing"]	{"ep":["baseball_prospects"],"q":["baseball-prospect.leo-de-vries.true-first-bowman"],"id":"v1|188709559795|0"}
cand-s4-ebay-d8f8b783f92ebc3602	dh-20260730T170046Z-7d4c2a91	4	2026-07-30T17:05:44.524826+00:00	BASEBALL PROSPECTS / true_first_bowman	Franklin Arias	true_first_bowman_card	eBay	28mmeans	'	v1|188713239064|0	https://www.ebay.com/itm/188713239064	LIVE	2025 Bowman Chrome Prospects Franklin Arias #BCP-67 Reptilian Refractor (RC)	{"q":["baseball-prospect.franklin-arias.true-first-bowman"],"s":"IMAGE_OR_IDENTITY_REVIEW_REQUIRED"}	{"status":"UNVERIFIED"}	preliminary|d8f8b783f92ebc3602	ebay|28mmeans|v1|188713239064|0	https://i.ebayimg.com/images/g/YaAAAeSwYttqajlw/s-l225.jpg	'	FALSE	FALSE	FALSE	FALSE	{}	'	'	'	'	'	'	'	'	'	'	UNASSESSED	["true_first_bowman_not_proven_from_title"]	11.5		'	'	'	'	'	'	'	'	'	'	'	'	'	'	'	'	INSUFFICIENT	'	'	'	'	'	'	'	'	'	'	'	'	'	'	'	'	MANUAL REVIEW / UNPRICED	FALSE	FALSE	["identity_unverified","exact_comps_missing","full_costs_unknown","owned_copy_check_missing","true_first_bowman_not_proven_from_title"]	{"ep":["baseball_prospects"],"q":["baseball-prospect.franklin-arias.true-first-bowman"],"id":"v1|188713239064|0"}
cand-s4-ebay-0161d1cda791b0f30d	dh-20260730T170046Z-7d4c2a91	4	2026-07-30T17:05:44.524826+00:00	BASEBALL PROSPECTS / true_first_bowman	George Lombard Jr	true_first_bowman_card	eBay	harneysports	'	v1|188713316954|0	https://www.ebay.com/itm/188713316954	LIVE	2024 Bowman - Chrome Prospects George Lombard Jr. #BCP-79 Mojo Refractor (RC)	{"q":["baseball-prospect.george-lombard-jr.true-first-bowman"],"s":"IMAGE_OR_IDENTITY_REVIEW_REQUIRED"}	{"status":"UNVERIFIED"}	preliminary|0161d1cda791b0f30d	ebay|harneysports|v1|188713316954|0	https://i.ebayimg.com/images/g/0SMAAeSwHjNqakFP/s-l225.jpg	'	FALSE	FALSE	FALSE	FALSE	{}	'	'	'	'	'	'	'	'	'	'	UNASSESSED	["true_first_bowman_not_proven_from_title"]	11		'	'	'	'	'	'	'	'	'	'	'	'	'	'	'	'	INSUFFICIENT	'	'	'	'	'	'	'	'	'	'	'	'	'	'	'	'	MANUAL REVIEW / UNPRICED	FALSE	FALSE	["identity_unverified","exact_comps_missing","full_costs_unknown","owned_copy_check_missing","true_first_bowman_not_proven_from_title"]	{"ep":["baseball_prospects"],"q":["baseball-prospect.george-lombard-jr.true-first-bowman"],"id":"v1|188713316954|0"}
cand-s4-ebay-f00bec272363197b3d	dh-20260730T170046Z-7d4c2a91	4	2026-07-30T17:05:44.524826+00:00	BASEBALL PROSPECTS / true_first_bowman	Leo De Vries	true_first_bowman_card	eBay	mikeg1019	'	v1|188715291155|0	https://www.ebay.com/itm/188715291155	LIVE	Leo De Vries Auto 2024 Bowman Chrome 1st Sapphire /199 CSPA-LD	{"q":["baseball-prospect.leo-de-vries.true-first-bowman"],"s":"DISCOVERY_SCOPE_PASS"}	{"status":"UNVERIFIED"}	preliminary|f00bec272363197b3d	ebay|mikeg1019|v1|188715291155|0	https://i.ebayimg.com/images/g/g6YAAeSwimlqatNY/s-l225.jpg	'	FALSE	FALSE	FALSE	FALSE	{}	'	'	'	'	'	'	'	'	'	'	UNASSESSED	[]	599.99	5.99	'	'	'	'	'	'	'	'	'	'	'	'	'	'	'	'	INSUFFICIENT	'	'	'	'	'	'	'	'	'	'	'	'	'	'	'	'	MANUAL REVIEW / UNPRICED	FALSE	FALSE	["identity_unverified","exact_comps_missing","full_costs_unknown","owned_copy_check_missing"]	{"ep":["baseball_prospects"],"q":["baseball-prospect.leo-de-vries.true-first-bowman"],"id":"v1|188715291155|0"}
cand-s4-ebay-2cc99c967fc72d62a7	dh-20260730T170046Z-7d4c2a91	4	2026-07-30T17:05:44.524826+00:00	BASEBALL PROSPECTS / true_first_bowman	Jesus Made	true_first_bowman_card	eBay	cardcraze78	'	v1|198528491956|0	https://www.ebay.com/itm/198528491956	LIVE	JESUS MADE 2025 BOWMAN CHROME 1ST MINI-DIAMOND REFRACTOR BREWERS #BCP-50	{"q":["baseball-prospect.jesus-made.true-first-bowman"],"s":"DISCOVERY_SCOPE_PASS"}	{"status":"UNVERIFIED"}	preliminary|2cc99c967fc72d62a7	ebay|cardcraze78|v1|198528491956|0	https://i.ebayimg.com/images/g/ImQAAeSw~LpqVjXf/s-l225.jpg	'	FALSE	FALSE	FALSE	FALSE	{}	'	'	'	'	'	'	'	'	'	'	UNASSESSED	[]	48	5	'	'	'	'	'	'	'	'	'	'	'	'	'	'	'	'	INSUFFICIENT	'	'	'	'	'	'	'	'	'	'	'	'	'	'	'	'	MANUAL REVIEW / UNPRICED	FALSE	FALSE	["identity_unverified","exact_comps_missing","full_costs_unknown","owned_copy_check_missing"]	{"ep":["baseball_prospects"],"q":["baseball-prospect.jesus-made.true-first-bowman"],"id":"v1|198528491956|0"}
cand-s4-ebay-207c4de69d0d3c5833	dh-20260730T170046Z-7d4c2a91	4	2026-07-30T17:05:44.524826+00:00	BASEBALL PROSPECTS / true_first_bowman	Franklin Arias	true_first_bowman_card	eBay	mibur9505	'	v1|198531750876|0	https://www.ebay.com/itm/198531750876	LIVE	2026 Bowman -  Franklin Arias #BCP-27 Fuchsia Reptilian Refractor /199 (RC)	{"q":["baseball-prospect.franklin-arias.true-first-bowman"],"s":"IMAGE_OR_IDENTITY_REVIEW_REQUIRED"}	{"status":"UNVERIFIED"}	preliminary|207c4de69d0d3c5833	ebay|mibur9505|v1|198531750876|0	https://i.ebayimg.com/images/g/N~EAAeSwBDpqaWvE/s-l225.jpg	'	FALSE	FALSE	FALSE	FALSE	{}	'	'	'	'	'	'	'	'	'	'	UNASSESSED	["true_first_bowman_not_proven_from_title"]	12		'	'	'	'	'	'	'	'	'	'	'	'	'	'	'	'	INSUFFICIENT	'	'	'	'	'	'	'	'	'	'	'	'	'	'	'	'	MANUAL REVIEW / UNPRICED	FALSE	FALSE	["identity_unverified","exact_comps_missing","full_costs_unknown","owned_copy_check_missing","true_first_bowman_not_proven_from_title"]	{"ep":["baseball_prospects"],"q":["baseball-prospect.franklin-arias.true-first-bowman"],"id":"v1|198531750876|0"}
cand-s4-ebay-3f3c5c09067a486deb	dh-20260730T170046Z-7d4c2a91	4	2026-07-30T17:05:44.524826+00:00	BASEBALL PROSPECTS / true_first_bowman	Jesus Made	true_first_bowman_card	eBay	alan580	'	v1|198534265647|0	https://www.ebay.com/itm/198534265647	LIVE	2025 Bowman - Jesus Made Chrome 1st Prospect Milwaukee Brewers #BCP-50	{"q":["baseball-prospect.jesus-made.true-first-bowman"],"s":"DISCOVERY_SCOPE_PASS"}	{"status":"UNVERIFIED"}	preliminary|3f3c5c09067a486deb	ebay|alan580|v1|198534265647|0	https://i.ebayimg.com/images/g/co8AAeSw2S9qWTeh/s-l225.jpg	'	FALSE	FALSE	FALSE	FALSE	{}	'	'	'	'	'	'	'	'	'	'	UNASSESSED	[]	10	0.78	'	'	'	'	'	'	'	'	'	'	'	'	'	'	'	'	INSUFFICIENT	'	'	'	'	'	'	'	'	'	'	'	'	'	'	'	'	MANUAL REVIEW / UNPRICED	FALSE	FALSE	["identity_unverified","exact_comps_missing","full_costs_unknown","owned_copy_check_missing"]	{"ep":["baseball_prospects"],"q":["baseball-prospect.jesus-made.true-first-bowman"],"id":"v1|198534265647|0"}
cand-s4-ebay-45086e2b984b30f014	dh-20260730T170046Z-7d4c2a91	4	2026-07-30T17:05:44.524826+00:00	BASEBALL PROSPECTS / first_bowman_autograph_color_numbered	Jesus Made	true_first_bowman_autograph_parallel	eBay	aemort-1211	'	v1|206281046272|0	https://www.ebay.com/itm/206281046272	LIVE	2025 Bowman’s Best JESUS MADE LUIS PENA Dual Auto Gold #d /50 Brewers PDA-MP	{"q":["baseball-prospect.jesus-made.first-bowman-auto-color"],"s":"IMAGE_OR_IDENTITY_REVIEW_REQUIRED"}	{"status":"UNVERIFIED"}	preliminary|45086e2b984b30f014	ebay|aemort-1211|v1|206281046272|0	https://i.ebayimg.com/images/g/8BAAAeSwv5dqCg6l/s-l225.jpg	'	FALSE	FALSE	FALSE	FALSE	{}	'	'	'	'	'	'	'	'	'	'	UNASSESSED	["true_first_bowman_not_proven_from_title"]	499		'	'	'	'	'	'	'	'	'	'	'	'	'	'	'	'	INSUFFICIENT	'	'	'	'	'	'	'	'	'	'	'	'	'	'	'	'	MANUAL REVIEW / UNPRICED	FALSE	FALSE	["identity_unverified","exact_comps_missing","full_costs_unknown","owned_copy_check_missing","true_first_bowman_not_proven_from_title"]	{"ep":["baseball_prospects"],"q":["baseball-prospect.jesus-made.first-bowman-auto-color"],"id":"v1|206281046272|0"}
cand-s4-ebay-bec5597af3b9e500b7	dh-20260730T170046Z-7d4c2a91	4	2026-07-30T17:05:44.524826+00:00	BASEBALL PROSPECTS / true_first_bowman	Franklin Arias	true_first_bowman_card	eBay	isles-66	'	v1|206438631991|0	https://www.ebay.com/itm/206438631991	LIVE	2025 Bowman Chrome 1st Prospect Franklin Arias #BCP-67 Red Sox	{"q":["baseball-prospect.franklin-arias.true-first-bowman"],"s":"DISCOVERY_SCOPE_PASS"}	{"status":"UNVERIFIED"}	preliminary|bec5597af3b9e500b7	ebay|isles-66|v1|206438631991|0	https://i.ebayimg.com/images/g/UcYAAeSwizZqY67A/s-l225.jpg	'	FALSE	FALSE	FALSE	FALSE	{}	'	'	'	'	'	'	'	'	'	'	UNASSESSED	[]	2.5		'	'	'	'	'	'	'	'	'	'	'	'	'	'	'	'	INSUFFICIENT	'	'	'	'	'	'	'	'	'	'	'	'	'	'	'	'	MANUAL REVIEW / UNPRICED	FALSE	FALSE	["identity_unverified","exact_comps_missing","full_costs_unknown","owned_copy_check_missing"]	{"ep":["baseball_prospects"],"q":["baseball-prospect.franklin-arias.true-first-bowman"],"id":"v1|206438631991|0"}
cand-s4-ebay-4bdd8d724d2faee72a	dh-20260730T170046Z-7d4c2a91	4	2026-07-30T17:05:44.524826+00:00	BASEBALL PROSPECTS / true_first_bowman	Franklin Arias	true_first_bowman_card	eBay	babybulin4	'	v1|227374703113|0	https://www.ebay.com/itm/227374703113	LIVE	2025 TOPPS Bowman 1st Chrome Prospects - FRANKLIN ARIAS (Topps Bunt DigitallCard	{"q":["baseball-prospect.franklin-arias.true-first-bowman"],"s":"DISCOVERY_SCOPE_PASS"}	{"status":"UNVERIFIED"}	preliminary|4bdd8d724d2faee72a	ebay|babybulin4|v1|227374703113|0	https://i.ebayimg.com/images/g/9~YAAeSwgU1qIy91/s-l225.jpg	'	FALSE	FALSE	FALSE	FALSE	{}	'	'	'	'	'	'	'	'	'	'	UNASSESSED	[]	1.99	0	'	'	'	'	'	'	'	'	'	'	'	'	'	'	'	'	INSUFFICIENT	'	'	'	'	'	'	'	'	'	'	'	'	'	'	'	'	MANUAL REVIEW / UNPRICED	FALSE	FALSE	["identity_unverified","exact_comps_missing","full_costs_unknown","owned_copy_check_missing"]	{"ep":["baseball_prospects"],"q":["baseball-prospect.franklin-arias.true-first-bowman"],"id":"v1|227374703113|0"}
cand-s4-ebay-f9492c14c9b83c458f	dh-20260730T170046Z-7d4c2a91	4	2026-07-30T17:05:44.524826+00:00	BASEBALL PROSPECTS / true_first_bowman	Josue De Paula	true_first_bowman_card	eBay	lilbillz23	'	v1|227418614216|0	https://www.ebay.com/itm/227418614216	LIVE	JOSUE DE PAULA 2023 1st Bowman Chrome Prospect Green Lunar Refractor DODGERS	{"q":["baseball-prospect.josue-de-paula.true-first-bowman"],"s":"DISCOVERY_SCOPE_PASS"}	{"status":"UNVERIFIED"}	preliminary|f9492c14c9b83c458f	ebay|lilbillz23|v1|227418614216|0	https://i.ebayimg.com/images/g/NNsAAeSwkvxqSyTx/s-l225.jpg	'	FALSE	FALSE	FALSE	FALSE	{}	'	'	'	'	'	'	'	'	'	'	UNASSESSED	[]	19.99		'	'	'	'	'	'	'	'	'	'	'	'	'	'	'	'	INSUFFICIENT	'	'	'	'	'	'	'	'	'	'	'	'	'	'	'	'	MANUAL REVIEW / UNPRICED	FALSE	FALSE	["identity_unverified","exact_comps_missing","full_costs_unknown","owned_copy_check_missing"]	{"ep":["baseball_prospects"],"q":["baseball-prospect.josue-de-paula.true-first-bowman"],"id":"v1|227418614216|0"}
cand-s4-ebay-bd15213c8eba069cee	dh-20260730T170046Z-7d4c2a91	4	2026-07-30T17:05:44.524826+00:00	BASEBALL PROSPECTS / true_first_bowman	Leo De Vries	true_first_bowman_card	eBay	huntermafia	'	v1|227450423960|0	https://www.ebay.com/itm/227450423960	LIVE	2024 Bowman Chrome Prospects Leo De Vries 1st Mega Box Mojo Refractor Padres A’s	{"q":["baseball-prospect.leo-de-vries.true-first-bowman"],"s":"DISCOVERY_SCOPE_PASS"}	{"status":"UNVERIFIED"}	preliminary|bd15213c8eba069cee	ebay|huntermafia|v1|227450423960|0	https://i.ebayimg.com/images/g/4wYAAeSwAzZqZ2J7/s-l225.jpg	'	FALSE	FALSE	FALSE	FALSE	{}	'	'	'	'	'	'	'	'	'	'	UNASSESSED	[]	18.99		'	'	'	'	'	'	'	'	'	'	'	'	'	'	'	'	INSUFFICIENT	'	'	'	'	'	'	'	'	'	'	'	'	'	'	'	'	MANUAL REVIEW / UNPRICED	FALSE	FALSE	["identity_unverified","exact_comps_missing","full_costs_unknown","owned_copy_check_missing"]	{"ep":["baseball_prospects"],"q":["baseball-prospect.leo-de-vries.true-first-bowman"],"id":"v1|227450423960|0"}
cand-s4-ebay-5c51cd320c85b985cf	dh-20260730T170046Z-7d4c2a91	4	2026-07-30T17:05:44.524826+00:00	BASEBALL PROSPECTS / true_first_bowman	Jesus Made	true_first_bowman_card	eBay	itsoxicards	'	v1|227451040734|0	https://www.ebay.com/itm/227451040734	LIVE	2026 Bowman - Chrome Prospects Jesus Made Fuchsia Reptilian Refractor /199	{"q":["baseball-prospect.jesus-made.true-first-bowman"],"s":"IMAGE_OR_IDENTITY_REVIEW_REQUIRED"}	{"status":"UNVERIFIED"}	preliminary|5c51cd320c85b985cf	ebay|itsoxicards|v1|227451040734|0	https://i.ebayimg.com/images/g/la0AAeSwRRNqZ9WF/s-l225.jpg	'	FALSE	FALSE	FALSE	FALSE	{}	'	'	'	'	'	'	'	'	'	'	UNASSESSED	["true_first_bowman_not_proven_from_title"]	18		'	'	'	'	'	'	'	'	'	'	'	'	'	'	'	'	INSUFFICIENT	'	'	'	'	'	'	'	'	'	'	'	'	'	'	'	'	MANUAL REVIEW / UNPRICED	FALSE	FALSE	["identity_unverified","exact_comps_missing","full_costs_unknown","owned_copy_check_missing","true_first_bowman_not_proven_from_title"]	{"ep":["baseball_prospects"],"q":["baseball-prospect.jesus-made.true-first-bowman"],"id":"v1|227451040734|0"}
cand-s4-ebay-4d2a75faafc8baff9f	dh-20260730T170046Z-7d4c2a91	4	2026-07-30T17:05:44.524826+00:00	BASEBALL PROSPECTS + SIGNED BASEBALLS / true_first_bowman	Josue De Paula	true_first_bowman_card	eBay	jonnieringo	'	v1|236966736593|0	https://www.ebay.com/itm/236966736593	LIVE	💫 JOSUE DE PAULA 2023 1st Bowman Chrome Refractor RC Auto #/499 💫 Sharp	{"q":["baseball-prospect.josue-de-paula.true-first-bowman","signed-baseball.josue-de-paula"],"s":"DISCOVERY_SCOPE_PASS"}	{"status":"UNVERIFIED"}	preliminary|4d2a75faafc8baff9f	ebay|jonnieringo|v1|236966736593|0	https://i.ebayimg.com/images/g/SXMAAeSwan9qZ5w0/s-l225.jpg	'	FALSE	FALSE	FALSE	FALSE	{}	'	'	'	'	'	'	'	'	'	'	UNASSESSED	[]	499		'	'	'	'	'	'	'	'	'	'	'	'	'	'	'	'	INSUFFICIENT	'	'	'	'	'	'	'	'	'	'	'	'	'	'	'	'	MANUAL REVIEW / UNPRICED	FALSE	FALSE	["identity_unverified","exact_comps_missing","full_costs_unknown","owned_copy_check_missing"]	{"ep":["baseball_prospects","signed_baseballs"],"q":["baseball-prospect.josue-de-paula.true-first-bowman","signed-baseball.josue-de-paula"],"id":"v1|236966736593|0"}
cand-s4-ebay-d66ac8f460860ab4ef	dh-20260730T170046Z-7d4c2a91	4	2026-07-30T17:05:44.524826+00:00	BASEBALL PROSPECTS / true_first_bowman	Franklin Arias	true_first_bowman_card	eBay	sidhailmag71	'	v1|236973479108|0	https://www.ebay.com/itm/236973479108	LIVE	2025 Bowman Chrome Franklin Arias Achromatic Autograph Refractor #AA-FA/250	{"q":["baseball-prospect.franklin-arias.true-first-bowman"],"s":"IMAGE_OR_IDENTITY_REVIEW_REQUIRED"}	{"status":"UNVERIFIED"}	preliminary|d66ac8f460860ab4ef	ebay|sidhailmag71|v1|236973479108|0	https://i.ebayimg.com/images/g/hSYAAeSwcUpqa3FN/s-l225.jpg	'	FALSE	FALSE	FALSE	FALSE	{}	'	'	'	'	'	'	'	'	'	'	UNASSESSED	["true_first_bowman_not_proven_from_title"]	85		'	'	'	'	'	'	'	'	'	'	'	'	'	'	'	'	INSUFFICIENT	'	'	'	'	'	'	'	'	'	'	'	'	'	'	'	'	MANUAL REVIEW / UNPRICED	FALSE	FALSE	["identity_unverified","exact_comps_missing","full_costs_unknown","owned_copy_check_missing","true_first_bowman_not_proven_from_title"]	{"ep":["baseball_prospects"],"q":["baseball-prospect.franklin-arias.true-first-bowman"],"id":"v1|236973479108|0"}
cand-s4-ebay-537b2cf0b739b9950e	dh-20260730T170046Z-7d4c2a91	4	2026-07-30T17:05:44.524826+00:00	BASEBALL PROSPECTS / true_first_bowman	Leo De Vries	true_first_bowman_card	eBay	crowntowncollective	'	v1|257630674653|0	https://www.ebay.com/itm/257630674653	LIVE	Topps 2024 Bowman Chrome Prospects Leo De Vries Padres 1st Bowman #BCP-179	{"q":["baseball-prospect.leo-de-vries.true-first-bowman"],"s":"DISCOVERY_SCOPE_PASS"}	{"status":"UNVERIFIED"}	preliminary|537b2cf0b739b9950e	ebay|crowntowncollective|v1|257630674653|0	https://i.ebayimg.com/images/g/JFoAAeSwxUxqXR4U/s-l225.jpg	'	FALSE	FALSE	FALSE	FALSE	{}	'	'	'	'	'	'	'	'	'	'	UNASSESSED	[]	11.99		'	'	'	'	'	'	'	'	'	'	'	'	'	'	'	'	INSUFFICIENT	'	'	'	'	'	'	'	'	'	'	'	'	'	'	'	'	MANUAL REVIEW / UNPRICED	FALSE	FALSE	["identity_unverified","exact_comps_missing","full_costs_unknown","owned_copy_check_missing"]	{"ep":["baseball_prospects"],"q":["baseball-prospect.leo-de-vries.true-first-bowman"],"id":"v1|257630674653|0"}
cand-s4-ebay-76c88c68b97a32eb1f	dh-20260730T170046Z-7d4c2a91	4	2026-07-30T17:05:44.524826+00:00	BASEBALL PROSPECTS / true_first_bowman	George Lombard Jr	true_first_bowman_card	eBay	cyndeerella-creations	'	v1|257647912029|0	https://www.ebay.com/itm/257647912029	LIVE	2024 Bowman Mega - GEORGE LOMBARD JR - 1st Chrome Mojo Refractor Yankees #BCP-79	{"q":["baseball-prospect.george-lombard-jr.true-first-bowman"],"s":"DISCOVERY_SCOPE_PASS"}	{"status":"UNVERIFIED"}	preliminary|76c88c68b97a32eb1f	ebay|cyndeerella-creations|v1|257647912029|0	https://i.ebayimg.com/images/g/~3QAAeSw8KJqaR~W/s-l225.jpg	'	FALSE	FALSE	FALSE	FALSE	{}	'	'	'	'	'	'	'	'	'	'	UNASSESSED	[]	10.99	1.5	'	'	'	'	'	'	'	'	'	'	'	'	'	'	'	'	INSUFFICIENT	'	'	'	'	'	'	'	'	'	'	'	'	'	'	'	'	MANUAL REVIEW / UNPRICED	FALSE	FALSE	["identity_unverified","exact_comps_missing","full_costs_unknown","owned_copy_check_missing"]	{"ep":["baseball_prospects"],"q":["baseball-prospect.george-lombard-jr.true-first-bowman"],"id":"v1|257647912029|0"}
cand-s4-ebay-97d5cd253fd49b95a9	dh-20260730T170046Z-7d4c2a91	4	2026-07-30T17:05:44.524826+00:00	BASEBALL PROSPECTS / true_first_bowman	Franklin Arias	true_first_bowman_card	eBay	mrtrammell3	'	v1|257650363446|0	https://www.ebay.com/itm/257650363446	LIVE	Franklin Arias 2025 Bowman Chrome Mega Box Pink Mojo Refractor /199 1st Rookie	{"q":["baseball-prospect.franklin-arias.true-first-bowman"],"s":"DISCOVERY_SCOPE_PASS"}	{"status":"UNVERIFIED"}	preliminary|97d5cd253fd49b95a9	ebay|mrtrammell3|v1|257650363446|0	https://i.ebayimg.com/images/g/4OUAAeSwcXdqasVM/s-l225.jpg	'	FALSE	FALSE	FALSE	FALSE	{}	'	'	'	'	'	'	'	'	'	'	UNASSESSED	[]	44.99	5.99	'	'	'	'	'	'	'	'	'	'	'	'	'	'	'	'	INSUFFICIENT	'	'	'	'	'	'	'	'	'	'	'	'	'	'	'	'	MANUAL REVIEW / UNPRICED	FALSE	FALSE	["identity_unverified","exact_comps_missing","full_costs_unknown","owned_copy_check_missing"]	{"ep":["baseball_prospects"],"q":["baseball-prospect.franklin-arias.true-first-bowman"],"id":"v1|257650363446|0"}
cand-s4-ebay-15dfc6be813028fac2	dh-20260730T170046Z-7d4c2a91	4	2026-07-30T17:05:44.524826+00:00	BASEBALL PROSPECTS / true_first_bowman	Josue De Paula	true_first_bowman_card	eBay	vmuro3	'	v1|257650448263|0	https://www.ebay.com/itm/257650448263	LIVE	2023 Bowman Josue De Paula 1st Bowman Lava Refractor 110/399 Dodgers	{"q":["baseball-prospect.josue-de-paula.true-first-bowman"],"s":"DISCOVERY_SCOPE_PASS"}	{"status":"UNVERIFIED"}	preliminary|15dfc6be813028fac2	ebay|vmuro3|v1|257650448263|0	https://i.ebayimg.com/images/g/kbYAAeSwsHRqatTU/s-l225.jpg	'	FALSE	FALSE	FALSE	FALSE	{}	'	'	'	'	'	'	'	'	'	'	UNASSESSED	[]	190		'	'	'	'	'	'	'	'	'	'	'	'	'	'	'	'	INSUFFICIENT	'	'	'	'	'	'	'	'	'	'	'	'	'	'	'	'	MANUAL REVIEW / UNPRICED	FALSE	FALSE	["identity_unverified","exact_comps_missing","full_costs_unknown","owned_copy_check_missing"]	{"ep":["baseball_prospects"],"q":["baseball-prospect.josue-de-paula.true-first-bowman"],"id":"v1|257650448263|0"}
cand-s4-ebay-2c2624ec6e8b8af5d2	dh-20260730T170046Z-7d4c2a91	4	2026-07-30T17:05:44.524826+00:00	BASEBALL PROSPECTS / first_bowman_autograph_color_numbered	Jesus Made	true_first_bowman_autograph_parallel	eBay	jrod123whos	'	v1|266224925293|566836078182	https://www.ebay.com/itm/266224925293	LIVE	MILWAUKEE BREWERS TOP PROSPECTS Jesus Made, Cooper Pratt, Misiorowski, Bitonti	{"q":["baseball-prospect.jesus-made.first-bowman-auto-color"],"s":"IMAGE_OR_IDENTITY_REVIEW_REQUIRED"}	{"status":"UNVERIFIED"}	preliminary|2c2624ec6e8b8af5d2	ebay|jrod123whos|v1|266224925293|566836078182	https://i.ebayimg.com/images/g/oKQAAOSwF59nSLDq/s-l225.jpg	'	FALSE	FALSE	FALSE	FALSE	{}	'	'	'	'	'	'	'	'	'	'	UNASSESSED	["true_first_bowman_not_proven_from_title"]	1500	0	'	'	'	'	'	'	'	'	'	'	'	'	'	'	'	'	INSUFFICIENT	'	'	'	'	'	'	'	'	'	'	'	'	'	'	'	'	MANUAL REVIEW / UNPRICED	FALSE	FALSE	["identity_unverified","exact_comps_missing","full_costs_unknown","owned_copy_check_missing","true_first_bowman_not_proven_from_title"]	{"ep":["baseball_prospects"],"q":["baseball-prospect.jesus-made.first-bowman-auto-color"],"id":"v1|266224925293|566836078182"}
cand-s4-ebay-ae7327a331efe172df	dh-20260730T170046Z-7d4c2a91	4	2026-07-30T17:05:44.524826+00:00	BASEBALL PROSPECTS / true_first_bowman	Josue De Paula	true_first_bowman_card	eBay	kes935	'	v1|266283528379|0	https://www.ebay.com/itm/266283528379	LIVE	PSA 10 JOSUE DE PAULA 1st 2023 Bowman Chrome Prospects DODGERS RC GEM MINT	{"q":["baseball-prospect.josue-de-paula.true-first-bowman"],"s":"DISCOVERY_SCOPE_PASS"}	{"status":"UNVERIFIED"}	preliminary|ae7327a331efe172df	ebay|kes935|v1|266283528379|0	https://i.ebayimg.com/images/g/aBAAAOSw6xNke0z9/s-l225.jpg	'	FALSE	FALSE	FALSE	FALSE	{}	'	'	'	'	'	'	'	'	'	'	UNASSESSED	[]	139.99	0	'	'	'	'	'	'	'	'	'	'	'	'	'	'	'	'	INSUFFICIENT	'	'	'	'	'	'	'	'	'	'	'	'	'	'	'	'	MANUAL REVIEW / UNPRICED	FALSE	FALSE	["identity_unverified","exact_comps_missing","full_costs_unknown","owned_copy_check_missing"]	{"ep":["baseball_prospects"],"q":["baseball-prospect.josue-de-paula.true-first-bowman"],"id":"v1|266283528379|0"}
cand-s4-ebay-a619fc96bc16acca45	dh-20260730T170046Z-7d4c2a91	4	2026-07-30T17:05:44.524826+00:00	BASEBALL PROSPECTS / true_first_bowman	Jesus Made	true_first_bowman_card	eBay	kes935	'	v1|267420598517|0	https://www.ebay.com/itm/267420598517	LIVE	PSA 10 JESUS MADE 1st 2025 Bowman Chrome Mega Box Mojo Refractor RC GEM MINT	{"q":["baseball-prospect.jesus-made.true-first-bowman"],"s":"DISCOVERY_SCOPE_PASS"}	{"status":"UNVERIFIED"}	preliminary|a619fc96bc16acca45	ebay|kes935|v1|267420598517|0	https://i.ebayimg.com/images/g/ABkAAeSw6wpo2xw2/s-l225.jpg	'	FALSE	FALSE	FALSE	FALSE	{}	'	'	'	'	'	'	'	'	'	'	UNASSESSED	[]	249.99	0	'	'	'	'	'	'	'	'	'	'	'	'	'	'	'	'	INSUFFICIENT	'	'	'	'	'	'	'	'	'	'	'	'	'	'	'	'	MANUAL REVIEW / UNPRICED	FALSE	FALSE	["identity_unverified","exact_comps_missing","full_costs_unknown","owned_copy_check_missing"]	{"ep":["baseball_prospects"],"q":["baseball-prospect.jesus-made.true-first-bowman"],"id":"v1|267420598517|0"}
cand-s4-ebay-cc9f780454607852a4	dh-20260730T170046Z-7d4c2a91	4	2026-07-30T17:05:44.524826+00:00	BASEBALL PROSPECTS / true_first_bowman	Leo De Vries	true_first_bowman_card	eBay	lfg0525	'	v1|267623606532|0	https://www.ebay.com/itm/267623606532	LIVE	Leo De Vries 2024 Bowman Chrome Prospects 1st  #BCP179 PSA 10 GEM MT	{"q":["baseball-prospect.leo-de-vries.true-first-bowman"],"s":"DISCOVERY_SCOPE_PASS"}	{"status":"UNVERIFIED"}	preliminary|cc9f780454607852a4	ebay|lfg0525|v1|267623606532|0	https://i.ebayimg.com/images/g/EqAAAeSwLTtpyV8b/s-l225.jpg	'	FALSE	FALSE	FALSE	FALSE	{}	'	'	'	'	'	'	'	'	'	'	UNASSESSED	[]	149	0	'	'	'	'	'	'	'	'	'	'	'	'	'	'	'	'	INSUFFICIENT	'	'	'	'	'	'	'	'	'	'	'	'	'	'	'	'	MANUAL REVIEW / UNPRICED	FALSE	FALSE	["identity_unverified","exact_comps_missing","full_costs_unknown","owned_copy_check_missing"]	{"ep":["baseball_prospects"],"q":["baseball-prospect.leo-de-vries.true-first-bowman"],"id":"v1|267623606532|0"}
cand-s4-ebay-7c4b024588a7c386f5	dh-20260730T170046Z-7d4c2a91	4	2026-07-30T17:05:44.524826+00:00	BASEBALL PROSPECTS / true_first_bowman	Leo De Vries	true_first_bowman_card	eBay	ovacollectibles	'	v1|267742408198|0	https://www.ebay.com/itm/267742408198	LIVE	2024 Bowman Chrome - Prospects Leo De Vries Speckle Refractor /299 (RC) PSA 10	{"q":["baseball-prospect.leo-de-vries.true-first-bowman"],"s":"IMAGE_OR_IDENTITY_REVIEW_REQUIRED"}	{"status":"UNVERIFIED"}	preliminary|7c4b024588a7c386f5	ebay|ovacollectibles|v1|267742408198|0	https://i.ebayimg.com/images/g/eS0AAeSwMttqakxO/s-l225.jpg	'	FALSE	FALSE	FALSE	FALSE	{}	'	'	'	'	'	'	'	'	'	'	UNASSESSED	["true_first_bowman_not_proven_from_title"]	190		'	'	'	'	'	'	'	'	'	'	'	'	'	'	'	'	INSUFFICIENT	'	'	'	'	'	'	'	'	'	'	'	'	'	'	'	'	MANUAL REVIEW / UNPRICED	FALSE	FALSE	["identity_unverified","exact_comps_missing","full_costs_unknown","owned_copy_check_missing","true_first_bowman_not_proven_from_title"]	{"ep":["baseball_prospects"],"q":["baseball-prospect.leo-de-vries.true-first-bowman"],"id":"v1|267742408198|0"}
cand-s4-ebay-90cfadb0ec2fbc5537	dh-20260730T170046Z-7d4c2a91	4	2026-07-30T17:05:44.524826+00:00	BASEBALL PROSPECTS / true_first_bowman	Franklin Arias	true_first_bowman_card	eBay	cyberkimmer	'	v1|277357529046|0	https://www.ebay.com/itm/277357529046	LIVE	Franklin Arias Autographed 2025 Bowman Chrome 1st Prospect Mojo Refractor BCP67	{"q":["baseball-prospect.franklin-arias.true-first-bowman"],"s":"DISCOVERY_SCOPE_PASS"}	{"status":"UNVERIFIED"}	preliminary|90cfadb0ec2fbc5537	ebay|cyberkimmer|v1|277357529046|0	https://i.ebayimg.com/images/g/yY4AAeSw7FlotaSS/s-l225.jpg	'	FALSE	FALSE	FALSE	FALSE	{}	'	'	'	'	'	'	'	'	'	'	UNASSESSED	[]	69.99		'	'	'	'	'	'	'	'	'	'	'	'	'	'	'	'	INSUFFICIENT	'	'	'	'	'	'	'	'	'	'	'	'	'	'	'	'	MANUAL REVIEW / UNPRICED	FALSE	FALSE	["identity_unverified","exact_comps_missing","full_costs_unknown","owned_copy_check_missing"]	{"ep":["baseball_prospects"],"q":["baseball-prospect.franklin-arias.true-first-bowman"],"id":"v1|277357529046|0"}
cand-s4-ebay-687801d2d87d7527b2	dh-20260730T170046Z-7d4c2a91	4	2026-07-30T17:05:44.524826+00:00	BASEBALL PROSPECTS / true_first_bowman	Franklin Arias	true_first_bowman_card	eBay	cyberkimmer	'	v1|277357529047|0	https://www.ebay.com/itm/277357529047	LIVE	Franklin Arias Autographed 2025 Bowman Chrome 1st Prospect Reptilian Refractor	{"q":["baseball-prospect.franklin-arias.true-first-bowman"],"s":"DISCOVERY_SCOPE_PASS"}	{"status":"UNVERIFIED"}	preliminary|687801d2d87d7527b2	ebay|cyberkimmer|v1|277357529047|0	https://i.ebayimg.com/images/g/1I0AAeSwEkpotaVI/s-l225.jpg	'	FALSE	FALSE	FALSE	FALSE	{}	'	'	'	'	'	'	'	'	'	'	UNASSESSED	[]	69.99		'	'	'	'	'	'	'	'	'	'	'	'	'	'	'	'	INSUFFICIENT	'	'	'	'	'	'	'	'	'	'	'	'	'	'	'	'	MANUAL REVIEW / UNPRICED	FALSE	FALSE	["identity_unverified","exact_comps_missing","full_costs_unknown","owned_copy_check_missing"]	{"ep":["baseball_prospects"],"q":["baseball-prospect.franklin-arias.true-first-bowman"],"id":"v1|277357529047|0"}
cand-s4-ebay-48f268317a412c449d	dh-20260730T170046Z-7d4c2a91	4	2026-07-30T17:05:44.524826+00:00	BASEBALL PROSPECTS / true_first_bowman	Josue De Paula	true_first_bowman_card	eBay	fltoolbox	'	v1|277793258985|0	https://www.ebay.com/itm/277793258985	LIVE	2023 Bowman Josue De Paula 1st Aqua Crater Ref /125 #BCP-111 PSA 10 Gem Dodgers	{"q":["baseball-prospect.josue-de-paula.true-first-bowman"],"s":"DISCOVERY_SCOPE_PASS"}	{"status":"UNVERIFIED"}	preliminary|48f268317a412c449d	ebay|fltoolbox|v1|277793258985|0	https://i.ebayimg.com/images/g/HQIAAeSwpZhpsZxL/s-l225.jpg	'	FALSE	FALSE	FALSE	FALSE	{}	'	'	'	'	'	'	'	'	'	'	UNASSESSED	[]	239.96	5.95	'	'	'	'	'	'	'	'	'	'	'	'	'	'	'	'	INSUFFICIENT	'	'	'	'	'	'	'	'	'	'	'	'	'	'	'	'	MANUAL REVIEW / UNPRICED	FALSE	FALSE	["identity_unverified","exact_comps_missing","full_costs_unknown","owned_copy_check_missing"]	{"ep":["baseball_prospects"],"q":["baseball-prospect.josue-de-paula.true-first-bowman"],"id":"v1|277793258985|0"}
cand-s4-ebay-eca7d6f73914985254	dh-20260730T170046Z-7d4c2a91	4	2026-07-30T17:05:44.524826+00:00	BASEBALL PROSPECTS / true_first_bowman	Franklin Arias	true_first_bowman_card	eBay	bcaverhill4	'	v1|278214628973|0	https://www.ebay.com/itm/278214628973	LIVE	2025 FRANKLIN ARIAS Bowman Chrome 1st Mojo Refractor #BCP-67 - Boston Red Sox	{"q":["baseball-prospect.franklin-arias.true-first-bowman"],"s":"DISCOVERY_SCOPE_PASS"}	{"status":"UNVERIFIED"}	preliminary|eca7d6f73914985254	ebay|bcaverhill4|v1|278214628973|0	https://i.ebayimg.com/images/g/cqAAAeSwx7pqY7FV/s-l225.jpg	'	FALSE	FALSE	FALSE	FALSE	{}	'	'	'	'	'	'	'	'	'	'	UNASSESSED	[]	10		'	'	'	'	'	'	'	'	'	'	'	'	'	'	'	'	INSUFFICIENT	'	'	'	'	'	'	'	'	'	'	'	'	'	'	'	'	MANUAL REVIEW / UNPRICED	FALSE	FALSE	["identity_unverified","exact_comps_missing","full_costs_unknown","owned_copy_check_missing"]	{"ep":["baseball_prospects"],"q":["baseball-prospect.franklin-arias.true-first-bowman"],"id":"v1|278214628973|0"}
cand-s4-ebay-9f6f02d2be640acdd0	dh-20260730T170046Z-7d4c2a91	4	2026-07-30T17:05:44.524826+00:00	BASEBALL PROSPECTS / true_first_bowman	Josue De Paula	true_first_bowman_card	eBay	bonebad1	'	v1|278230023439|0	https://www.ebay.com/itm/278230023439	LIVE	2023 Bowman Chrome Josue De Paula Mega Box Rookie PSA 10	{"q":["baseball-prospect.josue-de-paula.true-first-bowman"],"s":"IMAGE_OR_IDENTITY_REVIEW_REQUIRED"}	{"status":"UNVERIFIED"}	preliminary|9f6f02d2be640acdd0	ebay|bonebad1|v1|278230023439|0	https://i.ebayimg.com/images/g/ERMAAeSwW3hqatAh/s-l225.jpg	'	FALSE	FALSE	FALSE	FALSE	{}	'	'	'	'	'	'	'	'	'	'	UNASSESSED	["true_first_bowman_not_proven_from_title"]	75	0	'	'	'	'	'	'	'	'	'	'	'	'	'	'	'	'	INSUFFICIENT	'	'	'	'	'	'	'	'	'	'	'	'	'	'	'	'	MANUAL REVIEW / UNPRICED	FALSE	FALSE	["identity_unverified","exact_comps_missing","full_costs_unknown","owned_copy_check_missing","true_first_bowman_not_proven_from_title"]	{"ep":["baseball_prospects"],"q":["baseball-prospect.josue-de-paula.true-first-bowman"],"id":"v1|278230023439|0"}
cand-s4-ebay-900178f6ca75568533	dh-20260730T170046Z-7d4c2a91	4	2026-07-30T17:05:44.524826+00:00	BASEBALL PROSPECTS / true_first_bowman	Franklin Arias	true_first_bowman_card	eBay	cyberkimmer	'	v1|286796239174|0	https://www.ebay.com/itm/286796239174	LIVE	Franklin Arias Autographed 2025 Bowman Chrome 1st Prospect BCP67 Rookie Card RC	{"q":["baseball-prospect.franklin-arias.true-first-bowman"],"s":"DISCOVERY_SCOPE_PASS"}	{"status":"UNVERIFIED"}	preliminary|900178f6ca75568533	ebay|cyberkimmer|v1|286796239174|0	https://i.ebayimg.com/images/g/5BUAAeSwTyVotaQU/s-l225.jpg	'	FALSE	FALSE	FALSE	FALSE	{}	'	'	'	'	'	'	'	'	'	'	UNASSESSED	[]	69.99		'	'	'	'	'	'	'	'	'	'	'	'	'	'	'	'	INSUFFICIENT	'	'	'	'	'	'	'	'	'	'	'	'	'	'	'	'	MANUAL REVIEW / UNPRICED	FALSE	FALSE	["identity_unverified","exact_comps_missing","full_costs_unknown","owned_copy_check_missing"]	{"ep":["baseball_prospects"],"q":["baseball-prospect.franklin-arias.true-first-bowman"],"id":"v1|286796239174|0"}
cand-s4-ebay-e628d3621df906f8b2	dh-20260730T170046Z-7d4c2a91	4	2026-07-30T17:05:44.524826+00:00	BASEBALL PROSPECTS / true_first_bowman	Jesus Made	true_first_bowman_card	eBay	magnusalexander111	'	v1|287484322315|0	https://www.ebay.com/itm/287484322315	LIVE	2025 Bowman - Chrome Prospects Jesus Made #BCP-50 Speckle Ref /299 (RC) PSA 10	{"q":["baseball-prospect.jesus-made.true-first-bowman"],"s":"IMAGE_OR_IDENTITY_REVIEW_REQUIRED"}	{"status":"UNVERIFIED"}	preliminary|e628d3621df906f8b2	ebay|magnusalexander111|v1|287484322315|0	https://i.ebayimg.com/images/g/7EEAAeSw0ZZqZWkj/s-l225.jpg	'	FALSE	FALSE	FALSE	FALSE	{}	'	'	'	'	'	'	'	'	'	'	UNASSESSED	["true_first_bowman_not_proven_from_title"]	300		'	'	'	'	'	'	'	'	'	'	'	'	'	'	'	'	INSUFFICIENT	'	'	'	'	'	'	'	'	'	'	'	'	'	'	'	'	MANUAL REVIEW / UNPRICED	FALSE	FALSE	["identity_unverified","exact_comps_missing","full_costs_unknown","owned_copy_check_missing","true_first_bowman_not_proven_from_title"]	{"ep":["baseball_prospects"],"q":["baseball-prospect.jesus-made.true-first-bowman"],"id":"v1|287484322315|0"}
cand-s4-ebay-3ff8e55354778e3260	dh-20260730T170046Z-7d4c2a91	4	2026-07-30T17:05:44.524826+00:00	BASEBALL PROSPECTS / true_first_bowman	Jesus Made	true_first_bowman_card	eBay	bucka_2308	'	v1|287485375327|0	https://www.ebay.com/itm/287485375327	LIVE	2026 Bowman - Chrome Prospects Jesus Made #BCP-96 Aqua Shimmer Refractor /125	{"q":["baseball-prospect.jesus-made.true-first-bowman"],"s":"IMAGE_OR_IDENTITY_REVIEW_REQUIRED"}	{"status":"UNVERIFIED"}	preliminary|3ff8e55354778e3260	ebay|bucka_2308|v1|287485375327|0	https://i.ebayimg.com/images/g/wZgAAeSwvTxqZi9o/s-l225.jpg	'	FALSE	FALSE	FALSE	FALSE	{}	'	'	'	'	'	'	'	'	'	'	UNASSESSED	["true_first_bowman_not_proven_from_title"]	19.99		'	'	'	'	'	'	'	'	'	'	'	'	'	'	'	'	INSUFFICIENT	'	'	'	'	'	'	'	'	'	'	'	'	'	'	'	'	MANUAL REVIEW / UNPRICED	FALSE	FALSE	["identity_unverified","exact_comps_missing","full_costs_unknown","owned_copy_check_missing","true_first_bowman_not_proven_from_title"]	{"ep":["baseball_prospects"],"q":["baseball-prospect.jesus-made.true-first-bowman"],"id":"v1|287485375327|0"}
cand-s4-ebay-27967fa4fe9950f620	dh-20260730T170046Z-7d4c2a91	4	2026-07-30T17:05:44.524826+00:00	BASEBALL PROSPECTS / true_first_bowman	Josue De Paula	true_first_bowman_card	eBay	ludet35	'	v1|287486061506|0	https://www.ebay.com/itm/287486061506	LIVE	2023 Josue De Paula 1st Bowman Chrome Auto PSA 9 Invest!	{"q":["baseball-prospect.josue-de-paula.true-first-bowman"],"s":"DISCOVERY_SCOPE_PASS"}	{"status":"UNVERIFIED"}	preliminary|27967fa4fe9950f620	ebay|ludet35|v1|287486061506|0	https://i.ebayimg.com/images/g/nyEAAeSw8QJqZqNI/s-l225.jpg	'	FALSE	FALSE	FALSE	FALSE	{}	'	'	'	'	'	'	'	'	'	'	UNASSESSED	[]	240	6	'	'	'	'	'	'	'	'	'	'	'	'	'	'	'	'	INSUFFICIENT	'	'	'	'	'	'	'	'	'	'	'	'	'	'	'	'	MANUAL REVIEW / UNPRICED	FALSE	FALSE	["identity_unverified","exact_comps_missing","full_costs_unknown","owned_copy_check_missing"]	{"ep":["baseball_prospects"],"q":["baseball-prospect.josue-de-paula.true-first-bowman"],"id":"v1|287486061506|0"}
cand-s4-ebay-85edc410e0dc085051	dh-20260730T170046Z-7d4c2a91	4	2026-07-30T17:05:44.524826+00:00	BASEBALL PROSPECTS / true_first_bowman	Josue De Paula	true_first_bowman_card	eBay	yeehawgcards	'	v1|298513229221|0	https://www.ebay.com/itm/298513229221	LIVE	Josue De Paula 2023 Bowman Chrome 1st Atomic Refractor #BCP-111 PSA 10 Dodgers	{"q":["baseball-prospect.josue-de-paula.true-first-bowman"],"s":"DISCOVERY_SCOPE_PASS"}	{"status":"UNVERIFIED"}	preliminary|85edc410e0dc085051	ebay|yeehawgcards|v1|298513229221|0	https://i.ebayimg.com/images/g/xTwAAeSwhQNqWpuC/s-l225.jpg	'	FALSE	FALSE	FALSE	FALSE	{}	'	'	'	'	'	'	'	'	'	'	UNASSESSED	[]	199	8.99	'	'	'	'	'	'	'	'	'	'	'	'	'	'	'	'	INSUFFICIENT	'	'	'	'	'	'	'	'	'	'	'	'	'	'	'	'	MANUAL REVIEW / UNPRICED	FALSE	FALSE	["identity_unverified","exact_comps_missing","full_costs_unknown","owned_copy_check_missing"]	{"ep":["baseball_prospects"],"q":["baseball-prospect.josue-de-paula.true-first-bowman"],"id":"v1|298513229221|0"}
cand-s4-ebay-f9a7f5e6d306c7a1fc	dh-20260730T170046Z-7d4c2a91	4	2026-07-30T17:05:44.524826+00:00	BASEBALL PROSPECTS / true_first_bowman	Franklin Arias	true_first_bowman_card	eBay	bvscards	'	v1|298532603155|0	https://www.ebay.com/itm/298532603155	LIVE	4/5 PSA 10 2025 Franklin Arias Bowman Chrome  1st Bowman Red Rookie Red Sox	{"q":["baseball-prospect.franklin-arias.true-first-bowman"],"s":"DISCOVERY_SCOPE_PASS"}	{"status":"UNVERIFIED"}	preliminary|f9a7f5e6d306c7a1fc	ebay|bvscards|v1|298532603155|0	https://i.ebayimg.com/images/g/iGoAAeSwN09qZL~M/s-l225.jpg	'	FALSE	FALSE	FALSE	FALSE	{}	'	'	'	'	'	'	'	'	'	'	UNASSESSED	[]	3999	8.99	'	'	'	'	'	'	'	'	'	'	'	'	'	'	'	'	INSUFFICIENT	'	'	'	'	'	'	'	'	'	'	'	'	'	'	'	'	MANUAL REVIEW / UNPRICED	FALSE	FALSE	["identity_unverified","exact_comps_missing","full_costs_unknown","owned_copy_check_missing"]	{"ep":["baseball_prospects"],"q":["baseball-prospect.franklin-arias.true-first-bowman"],"id":"v1|298532603155|0"}
cand-s4-ebay-494dc5947c579425c4	dh-20260730T170046Z-7d4c2a91	4	2026-07-30T17:05:44.524826+00:00	BASEBALL PROSPECTS / true_first_bowman	George Lombard Jr	true_first_bowman_card	eBay	bagzycards	'	v1|307059270367|0	https://www.ebay.com/itm/307059270367	LIVE	2024 Bowman - Chrome Prospects George Lombard Jr. #BCP-79 Mojo Refractor (RC)	{"q":["baseball-prospect.george-lombard-jr.true-first-bowman"],"s":"IMAGE_OR_IDENTITY_REVIEW_REQUIRED"}	{"status":"UNVERIFIED"}	preliminary|494dc5947c579425c4	ebay|bagzycards|v1|307059270367|0	https://i.ebayimg.com/images/g/uP4AAeSwL49qVCHA/s-l225.jpg	'	FALSE	FALSE	FALSE	FALSE	{}	'	'	'	'	'	'	'	'	'	'	UNASSESSED	["true_first_bowman_not_proven_from_title"]	8.99		'	'	'	'	'	'	'	'	'	'	'	'	'	'	'	'	INSUFFICIENT	'	'	'	'	'	'	'	'	'	'	'	'	'	'	'	'	MANUAL REVIEW / UNPRICED	FALSE	FALSE	["identity_unverified","exact_comps_missing","full_costs_unknown","owned_copy_check_missing","true_first_bowman_not_proven_from_title"]	{"ep":["baseball_prospects"],"q":["baseball-prospect.george-lombard-jr.true-first-bowman"],"id":"v1|307059270367|0"}
cand-s4-ebay-950ddb637fe14b4f64	dh-20260730T170046Z-7d4c2a91	4	2026-07-30T17:05:44.524826+00:00	BASEBALL PROSPECTS / true_first_bowman	George Lombard Jr	true_first_bowman_card	eBay	rb7sportsngamez	'	v1|307082049599|0	https://www.ebay.com/itm/307082049599	LIVE	2024 Bowman Chrome - George Lombard Jr. Green Lunar Glow Refractor # BCP-79	{"q":["baseball-prospect.george-lombard-jr.true-first-bowman"],"s":"IMAGE_OR_IDENTITY_REVIEW_REQUIRED"}	{"status":"UNVERIFIED"}	preliminary|950ddb637fe14b4f64	ebay|rb7sportsngamez|v1|307082049599|0	https://i.ebayimg.com/images/g/Bk8AAeSw9ABqYp4e/s-l225.jpg	'	FALSE	FALSE	FALSE	FALSE	{}	'	'	'	'	'	'	'	'	'	'	UNASSESSED	["true_first_bowman_not_proven_from_title"]	15.99	0	'	'	'	'	'	'	'	'	'	'	'	'	'	'	'	'	INSUFFICIENT	'	'	'	'	'	'	'	'	'	'	'	'	'	'	'	'	MANUAL REVIEW / UNPRICED	FALSE	FALSE	["identity_unverified","exact_comps_missing","full_costs_unknown","owned_copy_check_missing","true_first_bowman_not_proven_from_title"]	{"ep":["baseball_prospects"],"q":["baseball-prospect.george-lombard-jr.true-first-bowman"],"id":"v1|307082049599|0"}
cand-s4-ebay-f860617eec4187f7b3	dh-20260730T170046Z-7d4c2a91	4	2026-07-30T17:05:44.524826+00:00	BASEBALL PROSPECTS / first_bowman_autograph_color_numbered	Jesus Made	true_first_bowman_autograph_parallel	eBay	whatif4	'	v1|318021043361|0	https://www.ebay.com/itm/318021043361	LIVE	2025 Bowman’s Best JESUS MADE LUIS PENA Dual Auto Gold #d 07/50 Brewers PDA-MP	{"q":["baseball-prospect.jesus-made.first-bowman-auto-color"],"s":"IMAGE_OR_IDENTITY_REVIEW_REQUIRED"}	{"status":"UNVERIFIED"}	preliminary|f860617eec4187f7b3	ebay|whatif4|v1|318021043361|0	https://i.ebayimg.com/images/g/q2IAAeSwSEVpuf6U/s-l225.jpg	'	FALSE	FALSE	FALSE	FALSE	{}	'	'	'	'	'	'	'	'	'	'	UNASSESSED	["true_first_bowman_not_proven_from_title"]	499.95		'	'	'	'	'	'	'	'	'	'	'	'	'	'	'	'	INSUFFICIENT	'	'	'	'	'	'	'	'	'	'	'	'	'	'	'	'	MANUAL REVIEW / UNPRICED	FALSE	FALSE	["identity_unverified","exact_comps_missing","full_costs_unknown","owned_copy_check_missing","true_first_bowman_not_proven_from_title"]	{"ep":["baseball_prospects"],"q":["baseball-prospect.jesus-made.first-bowman-auto-color"],"id":"v1|318021043361|0"}
cand-s4-ebay-bda47e81961c347931	dh-20260730T170046Z-7d4c2a91	4	2026-07-30T17:05:44.524826+00:00	BASEBALL PROSPECTS / first_bowman_autograph_color_numbered	Leo De Vries	true_first_bowman_autograph_parallel	eBay	cmzcards	'	v1|318587432589|0	https://www.ebay.com/itm/318587432589	LIVE	Athletics LOT OF 36 🔥AUTOS, Relics, #’d Color, SPs, RCs: KURTZ WILSON DE VRIES	{"q":["baseball-prospect.leo-de-vries.first-bowman-auto-color"],"s":"IMAGE_OR_IDENTITY_REVIEW_REQUIRED"}	{"status":"UNVERIFIED"}	preliminary|bda47e81961c347931	ebay|cmzcards|v1|318587432589|0	https://i.ebayimg.com/images/g/m0wAAeSwAY9qV8im/s-l225.jpg	'	FALSE	FALSE	FALSE	FALSE	{}	'	'	'	'	'	'	'	'	'	'	UNASSESSED	["true_first_bowman_not_proven_from_title"]	65		'	'	'	'	'	'	'	'	'	'	'	'	'	'	'	'	INSUFFICIENT	'	'	'	'	'	'	'	'	'	'	'	'	'	'	'	'	MANUAL REVIEW / UNPRICED	FALSE	FALSE	["identity_unverified","exact_comps_missing","full_costs_unknown","owned_copy_check_missing","true_first_bowman_not_proven_from_title"]	{"ep":["baseball_prospects"],"q":["baseball-prospect.leo-de-vries.first-bowman-auto-color"],"id":"v1|318587432589|0"}
cand-s4-ebay-520e16527aa542adee	dh-20260730T170046Z-7d4c2a91	4	2026-07-30T17:05:44.524826+00:00	BASEBALL PROSPECTS / true_first_bowman	Leo De Vries	true_first_bowman_card	eBay	cbho18	'	v1|318635271872|0	https://www.ebay.com/itm/318635271872	LIVE	2024 Bowman Chrome - Prospects Leo De Vries #BCP-179 Aqua Mojo Refractor /299	{"q":["baseball-prospect.leo-de-vries.true-first-bowman"],"s":"IMAGE_OR_IDENTITY_REVIEW_REQUIRED"}	{"status":"UNVERIFIED"}	preliminary|520e16527aa542adee	ebay|cbho18|v1|318635271872|0	https://i.ebayimg.com/images/g/RtQAAeSwR-dqZVeB/s-l225.jpg	'	FALSE	FALSE	FALSE	FALSE	{}	'	'	'	'	'	'	'	'	'	'	UNASSESSED	["true_first_bowman_not_proven_from_title"]	60		'	'	'	'	'	'	'	'	'	'	'	'	'	'	'	'	INSUFFICIENT	'	'	'	'	'	'	'	'	'	'	'	'	'	'	'	'	MANUAL REVIEW / UNPRICED	FALSE	FALSE	["identity_unverified","exact_comps_missing","full_costs_unknown","owned_copy_check_missing","true_first_bowman_not_proven_from_title"]	{"ep":["baseball_prospects"],"q":["baseball-prospect.leo-de-vries.true-first-bowman"],"id":"v1|318635271872|0"}
cand-s4-ebay-a963a36fea98a752f4	dh-20260730T170046Z-7d4c2a91	4	2026-07-30T17:05:44.524826+00:00	BASEBALL PROSPECTS / true_first_bowman	Jesus Made	true_first_bowman_card	eBay	full-count-collectibles	'	v1|318645751013|0	https://www.ebay.com/itm/318645751013	LIVE	2025 Bowman Chrome Jesus Made 1st Bowman Reptilian Refractor PSA 10 Brewers	{"q":["baseball-prospect.jesus-made.true-first-bowman"],"s":"DISCOVERY_SCOPE_PASS"}	{"status":"UNVERIFIED"}	preliminary|a963a36fea98a752f4	ebay|full-count-collectibles|v1|318645751013|0	https://i.ebayimg.com/images/g/2TkAAeSwROhqVZsn/s-l225.jpg	'	FALSE	FALSE	FALSE	FALSE	{}	'	'	'	'	'	'	'	'	'	'	UNASSESSED	[]	220		'	'	'	'	'	'	'	'	'	'	'	'	'	'	'	'	INSUFFICIENT	'	'	'	'	'	'	'	'	'	'	'	'	'	'	'	'	MANUAL REVIEW / UNPRICED	FALSE	FALSE	["identity_unverified","exact_comps_missing","full_costs_unknown","owned_copy_check_missing"]	{"ep":["baseball_prospects"],"q":["baseball-prospect.jesus-made.true-first-bowman"],"id":"v1|318645751013|0"}
cand-s4-ebay-a95ec29643b758c6d8	dh-20260730T170046Z-7d4c2a91	4	2026-07-30T17:05:44.524826+00:00	BASEBALL PROSPECTS / true_first_bowman	Jesus Made	true_first_bowman_card	eBay	cshelcardz	'	v1|318646714503|0	https://www.ebay.com/itm/318646714503	LIVE	PSA 9 2025 Bowman Jesus Made 1st Bowman Chrome Refractor /499	{"q":["baseball-prospect.jesus-made.true-first-bowman"],"s":"DISCOVERY_SCOPE_PASS"}	{"status":"UNVERIFIED"}	preliminary|a95ec29643b758c6d8	ebay|cshelcardz|v1|318646714503|0	https://i.ebayimg.com/images/g/vg0AAeSwD-lqaLZp/s-l225.jpg	'	FALSE	FALSE	FALSE	FALSE	{}	'	'	'	'	'	'	'	'	'	'	UNASSESSED	[]	110		'	'	'	'	'	'	'	'	'	'	'	'	'	'	'	'	INSUFFICIENT	'	'	'	'	'	'	'	'	'	'	'	'	'	'	'	'	MANUAL REVIEW / UNPRICED	FALSE	FALSE	["identity_unverified","exact_comps_missing","full_costs_unknown","owned_copy_check_missing"]	{"ep":["baseball_prospects"],"q":["baseball-prospect.jesus-made.true-first-bowman"],"id":"v1|318646714503|0"}
cand-s4-ebay-ec4c2181aa555fefd6	dh-20260730T170046Z-7d4c2a91	4	2026-07-30T17:05:44.524826+00:00	BASEBALL PROSPECTS / true_first_bowman	Jesus Made	true_first_bowman_card	eBay	cmas3177	'	v1|327287080060|0	https://www.ebay.com/itm/327287080060	LIVE	2025 Bowman Chrome - Prospects Jesus Made #BCP-245 Aqua Pulsar Refractor /125...	{"q":["baseball-prospect.jesus-made.true-first-bowman"],"s":"IMAGE_OR_IDENTITY_REVIEW_REQUIRED"}	{"status":"UNVERIFIED"}	preliminary|ec4c2181aa555fefd6	ebay|cmas3177|v1|327287080060|0	https://i.ebayimg.com/images/g/Cd8AAeSwe41qa2in/s-l225.jpg	'	FALSE	FALSE	FALSE	FALSE	{}	'	'	'	'	'	'	'	'	'	'	UNASSESSED	["true_first_bowman_not_proven_from_title"]	28.99		'	'	'	'	'	'	'	'	'	'	'	'	'	'	'	'	INSUFFICIENT	'	'	'	'	'	'	'	'	'	'	'	'	'	'	'	'	MANUAL REVIEW / UNPRICED	FALSE	FALSE	["identity_unverified","exact_comps_missing","full_costs_unknown","owned_copy_check_missing","true_first_bowman_not_proven_from_title"]	{"ep":["baseball_prospects"],"q":["baseball-prospect.jesus-made.true-first-bowman"],"id":"v1|327287080060|0"}
cand-s4-ebay-5611dd69c19b1d5c70	dh-20260730T170046Z-7d4c2a91	4	2026-07-30T17:05:44.524826+00:00	BASEBALL PROSPECTS / true_first_bowman	Leo De Vries	true_first_bowman_card	eBay	cmas3177	'	v1|327287097158|0	https://www.ebay.com/itm/327287097158	LIVE	2024 Bowman Chrome Sapphire Leo De Vries BCP-179 1st Prospect RC SP Rookie Card	{"q":["baseball-prospect.leo-de-vries.true-first-bowman"],"s":"DISCOVERY_SCOPE_PASS"}	{"status":"UNVERIFIED"}	preliminary|5611dd69c19b1d5c70	ebay|cmas3177|v1|327287097158|0	https://i.ebayimg.com/images/g/KcEAAeSwIoZqa2zv/s-l225.jpg	'	FALSE	FALSE	FALSE	FALSE	{}	'	'	'	'	'	'	'	'	'	'	UNASSESSED	[]	45		'	'	'	'	'	'	'	'	'	'	'	'	'	'	'	'	INSUFFICIENT	'	'	'	'	'	'	'	'	'	'	'	'	'	'	'	'	MANUAL REVIEW / UNPRICED	FALSE	FALSE	["identity_unverified","exact_comps_missing","full_costs_unknown","owned_copy_check_missing"]	{"ep":["baseball_prospects"],"q":["baseball-prospect.leo-de-vries.true-first-bowman"],"id":"v1|327287097158|0"}
cand-s4-ebay-d041bfe0403fb7ee18	dh-20260730T170046Z-7d4c2a91	4	2026-07-30T17:05:44.524826+00:00	BASEBALL PROSPECTS / first_bowman_autograph_color_numbered	Jesus Made	true_first_bowman_autograph_parallel	eBay	siouxss38	'	v1|335958180783|0	https://www.ebay.com/itm/335958180783	LIVE	2025 Bowman Kyle DeBarge 1st Bowman Auto Blue /150 Minnesota Twins Color Match	{"q":["baseball-prospect.jesus-made.first-bowman-auto-color"],"s":"DISCOVERY_SCOPE_PASS"}	{"status":"UNVERIFIED"}	preliminary|d041bfe0403fb7ee18	ebay|siouxss38|v1|335958180783|0	https://i.ebayimg.com/images/g/5VwAAeSwpeJoIoNs/s-l225.jpg	'	FALSE	FALSE	FALSE	FALSE	{}	'	'	'	'	'	'	'	'	'	'	UNASSESSED	[]	99.99		'	'	'	'	'	'	'	'	'	'	'	'	'	'	'	'	INSUFFICIENT	'	'	'	'	'	'	'	'	'	'	'	'	'	'	'	'	MANUAL REVIEW / UNPRICED	FALSE	FALSE	["identity_unverified","exact_comps_missing","full_costs_unknown","owned_copy_check_missing"]	{"ep":["baseball_prospects"],"q":["baseball-prospect.jesus-made.first-bowman-auto-color"],"id":"v1|335958180783|0"}
cand-s4-ebay-4d2a2eda3f507ba2a3	dh-20260730T170046Z-7d4c2a91	4	2026-07-30T17:05:44.524826+00:00	BASEBALL PROSPECTS / true_first_bowman	George Lombard Jr	true_first_bowman_card	eBay	whatadeal4unow	'	v1|336706721180|0	https://www.ebay.com/itm/336706721180	LIVE	2024 Bowman GEORGE LOMBARD JR. 🔥  1st  Chrome Gold Shimmer 🔥 Auto /50 -  PSA 9	{"q":["baseball-prospect.george-lombard-jr.true-first-bowman"],"s":"DISCOVERY_SCOPE_PASS"}	{"status":"UNVERIFIED"}	preliminary|4d2a2eda3f507ba2a3	ebay|whatadeal4unow|v1|336706721180|0	https://i.ebayimg.com/images/g/5FMAAeSwoi5qY5Pj/s-l225.jpg	'	FALSE	FALSE	FALSE	FALSE	{}	'	'	'	'	'	'	'	'	'	'	UNASSESSED	[]	1399.99	7.49	'	'	'	'	'	'	'	'	'	'	'	'	'	'	'	'	INSUFFICIENT	'	'	'	'	'	'	'	'	'	'	'	'	'	'	'	'	MANUAL REVIEW / UNPRICED	FALSE	FALSE	["identity_unverified","exact_comps_missing","full_costs_unknown","owned_copy_check_missing"]	{"ep":["baseball_prospects"],"q":["baseball-prospect.george-lombard-jr.true-first-bowman"],"id":"v1|336706721180|0"}
cand-s4-ebay-aee43297d0a809119f	dh-20260730T170046Z-7d4c2a91	4	2026-07-30T17:05:44.524826+00:00	BASEBALL PROSPECTS / true_first_bowman	Franklin Arias	true_first_bowman_card	eBay	crushercards	'	v1|336712177971|0	https://www.ebay.com/itm/336712177971	LIVE	2025 Bowman Chrome Franklin Arias Red Sox 1st Prospects Lava Refractor /399	{"q":["baseball-prospect.franklin-arias.true-first-bowman"],"s":"DISCOVERY_SCOPE_PASS"}	{"status":"UNVERIFIED"}	preliminary|aee43297d0a809119f	ebay|crushercards|v1|336712177971|0	https://i.ebayimg.com/images/g/014AAeSwh~xqZ~~c/s-l225.jpg	'	FALSE	FALSE	FALSE	FALSE	{}	'	'	'	'	'	'	'	'	'	'	UNASSESSED	[]	39.99		'	'	'	'	'	'	'	'	'	'	'	'	'	'	'	'	INSUFFICIENT	'	'	'	'	'	'	'	'	'	'	'	'	'	'	'	'	MANUAL REVIEW / UNPRICED	FALSE	FALSE	["identity_unverified","exact_comps_missing","full_costs_unknown","owned_copy_check_missing"]	{"ep":["baseball_prospects"],"q":["baseball-prospect.franklin-arias.true-first-bowman"],"id":"v1|336712177971|0"}
cand-s4-ebay-44bdafd508f9d4fb62	dh-20260730T170046Z-7d4c2a91	4	2026-07-30T17:05:44.524826+00:00	BASEBALL PROSPECTS / true_first_bowman	Franklin Arias	true_first_bowman_card	eBay	northeast.cards	'	v1|336716835815|0	https://www.ebay.com/itm/336716835815	LIVE	2025 Bowman Sapphire Edition - Chrome Prospects Franklin Arias #BCP-67 (RC) QTY	{"q":["baseball-prospect.franklin-arias.true-first-bowman"],"s":"IMAGE_OR_IDENTITY_REVIEW_REQUIRED"}	{"status":"UNVERIFIED"}	preliminary|44bdafd508f9d4fb62	ebay|northeast.cards|v1|336716835815|0	https://i.ebayimg.com/images/g/Ui8AAeSwe4Rqa1jh/s-l225.jpg	'	FALSE	FALSE	FALSE	FALSE	{}	'	'	'	'	'	'	'	'	'	'	UNASSESSED	["true_first_bowman_not_proven_from_title"]	32.95		'	'	'	'	'	'	'	'	'	'	'	'	'	'	'	'	INSUFFICIENT	'	'	'	'	'	'	'	'	'	'	'	'	'	'	'	'	MANUAL REVIEW / UNPRICED	FALSE	FALSE	["identity_unverified","exact_comps_missing","full_costs_unknown","owned_copy_check_missing","true_first_bowman_not_proven_from_title"]	{"ep":["baseball_prospects"],"q":["baseball-prospect.franklin-arias.true-first-bowman"],"id":"v1|336716835815|0"}
cand-s4-ebay-86cbf3ef7a4174c26a	dh-20260730T170046Z-7d4c2a91	4	2026-07-30T17:05:44.524826+00:00	BASEBALL PROSPECTS / true_first_bowman	George Lombard Jr	true_first_bowman_card	eBay	ma471978	'	v1|336716963239|0	https://www.ebay.com/itm/336716963239	LIVE	George Lombard Jr. 2026 Bowman Chrome Blue Shimmer Refractor 011/150 Yankees #64	{"q":["baseball-prospect.george-lombard-jr.true-first-bowman"],"s":"IMAGE_OR_IDENTITY_REVIEW_REQUIRED"}	{"status":"UNVERIFIED"}	preliminary|86cbf3ef7a4174c26a	ebay|ma471978|v1|336716963239|0	https://i.ebayimg.com/images/g/XZUAAeSwQw5qa3X9/s-l225.jpg	'	FALSE	FALSE	FALSE	FALSE	{}	'	'	'	'	'	'	'	'	'	'	UNASSESSED	["true_first_bowman_not_proven_from_title"]	16		'	'	'	'	'	'	'	'	'	'	'	'	'	'	'	'	INSUFFICIENT	'	'	'	'	'	'	'	'	'	'	'	'	'	'	'	'	MANUAL REVIEW / UNPRICED	FALSE	FALSE	["identity_unverified","exact_comps_missing","full_costs_unknown","owned_copy_check_missing","true_first_bowman_not_proven_from_title"]	{"ep":["baseball_prospects"],"q":["baseball-prospect.george-lombard-jr.true-first-bowman"],"id":"v1|336716963239|0"}
cand-s4-ebay-ecab29ccd9187c9f24	dh-20260730T170046Z-7d4c2a91	4	2026-07-30T17:05:44.524826+00:00	BASEBALL PROSPECTS / true_first_bowman	Jesus Made	true_first_bowman_card	eBay	amsterdamsportscards	'	v1|358669438064|0	https://www.ebay.com/itm/358669438064	LIVE	JESUS MADE ROOKIE LIGHTNING REFRACTOR 2026 Bowman Chrome Electric Sluggers Card	{"q":["baseball-prospect.jesus-made.true-first-bowman"],"s":"IMAGE_OR_IDENTITY_REVIEW_REQUIRED"}	{"status":"UNVERIFIED"}	preliminary|ecab29ccd9187c9f24	ebay|amsterdamsportscards|v1|358669438064|0	https://i.ebayimg.com/images/g/BcMAAeSwTLhqK3rm/s-l225.jpg	'	FALSE	FALSE	FALSE	FALSE	{}	'	'	'	'	'	'	'	'	'	'	UNASSESSED	["true_first_bowman_not_proven_from_title"]	23.99	5.99	'	'	'	'	'	'	'	'	'	'	'	'	'	'	'	'	INSUFFICIENT	'	'	'	'	'	'	'	'	'	'	'	'	'	'	'	'	MANUAL REVIEW / UNPRICED	FALSE	FALSE	["identity_unverified","exact_comps_missing","full_costs_unknown","owned_copy_check_missing","true_first_bowman_not_proven_from_title"]	{"ep":["baseball_prospects"],"q":["baseball-prospect.jesus-made.true-first-bowman"],"id":"v1|358669438064|0"}
cand-s4-ebay-fd8d5db1e56a0d50c5	dh-20260730T170046Z-7d4c2a91	4	2026-07-30T17:05:44.524826+00:00	BASEBALL PROSPECTS / true_first_bowman	Jesus Made	true_first_bowman_card	eBay	amsterdamsportscards	'	v1|358703679469|0	https://www.ebay.com/itm/358703679469	LIVE	JESUS MADE ROOKIE SILVER MOJO REFRACTOR 2026 Bowman Chrome Parallel Card	{"q":["baseball-prospect.jesus-made.true-first-bowman"],"s":"IMAGE_OR_IDENTITY_REVIEW_REQUIRED"}	{"status":"UNVERIFIED"}	preliminary|fd8d5db1e56a0d50c5	ebay|amsterdamsportscards|v1|358703679469|0	https://i.ebayimg.com/images/g/8YwAAeSwpfdqNhU2/s-l225.jpg	'	FALSE	FALSE	FALSE	FALSE	{}	'	'	'	'	'	'	'	'	'	'	UNASSESSED	["true_first_bowman_not_proven_from_title"]	23.99	5.99	'	'	'	'	'	'	'	'	'	'	'	'	'	'	'	'	INSUFFICIENT	'	'	'	'	'	'	'	'	'	'	'	'	'	'	'	'	MANUAL REVIEW / UNPRICED	FALSE	FALSE	["identity_unverified","exact_comps_missing","full_costs_unknown","owned_copy_check_missing","true_first_bowman_not_proven_from_title"]	{"ep":["baseball_prospects"],"q":["baseball-prospect.jesus-made.true-first-bowman"],"id":"v1|358703679469|0"}
cand-s4-ebay-ad3fb6a98d4632f0fa	dh-20260730T170046Z-7d4c2a91	4	2026-07-30T17:05:44.524826+00:00	BASEBALL PROSPECTS / true_first_bowman	George Lombard Jr	true_first_bowman_card	eBay	jesbesportscardinvestments	'	v1|358845250591|0	https://www.ebay.com/itm/358845250591	LIVE	2024 Bowman Chrome Prospects GEORGE LOMBARD JR. #BCP79 1st RC PSA 10 GEM MINT	{"q":["baseball-prospect.george-lombard-jr.true-first-bowman"],"s":"DISCOVERY_SCOPE_PASS"}	{"status":"UNVERIFIED"}	preliminary|ad3fb6a98d4632f0fa	ebay|jesbesportscardinvestments|v1|358845250591|0	https://i.ebayimg.com/images/g/KUYAAeSwXRFqZfCn/s-l225.jpg	'	FALSE	FALSE	FALSE	FALSE	{}	'	'	'	'	'	'	'	'	'	'	UNASSESSED	[]	119.99	7.99	'	'	'	'	'	'	'	'	'	'	'	'	'	'	'	'	INSUFFICIENT	'	'	'	'	'	'	'	'	'	'	'	'	'	'	'	'	MANUAL REVIEW / UNPRICED	FALSE	FALSE	["identity_unverified","exact_comps_missing","full_costs_unknown","owned_copy_check_missing"]	{"ep":["baseball_prospects"],"q":["baseball-prospect.george-lombard-jr.true-first-bowman"],"id":"v1|358845250591|0"}
cand-s4-ebay-ed380fed068afcbb15	dh-20260730T170046Z-7d4c2a91	4	2026-07-30T17:05:44.524826+00:00	BASEBALL PROSPECTS / true_first_bowman	Leo De Vries	true_first_bowman_card	eBay	vegaswildcats	'	v1|358854206864|0	https://www.ebay.com/itm/358854206864	LIVE	2025 Bowman - Chrome Prospect Autographs Leo De Vries #CPA-LD Refractor /499...	{"q":["baseball-prospect.leo-de-vries.true-first-bowman"],"s":"IMAGE_OR_IDENTITY_REVIEW_REQUIRED"}	{"status":"UNVERIFIED"}	preliminary|ed380fed068afcbb15	ebay|vegaswildcats|v1|358854206864|0	https://i.ebayimg.com/images/g/QWgAAeSwgPtqaK4G/s-l225.jpg	'	FALSE	FALSE	FALSE	FALSE	{}	'	'	'	'	'	'	'	'	'	'	UNASSESSED	["true_first_bowman_not_proven_from_title"]	120		'	'	'	'	'	'	'	'	'	'	'	'	'	'	'	'	INSUFFICIENT	'	'	'	'	'	'	'	'	'	'	'	'	'	'	'	'	MANUAL REVIEW / UNPRICED	FALSE	FALSE	["identity_unverified","exact_comps_missing","full_costs_unknown","owned_copy_check_missing","true_first_bowman_not_proven_from_title"]	{"ep":["baseball_prospects"],"q":["baseball-prospect.leo-de-vries.true-first-bowman"],"id":"v1|358854206864|0"}
cand-s4-ebay-aefa6b8e2a6e08f5f6	dh-20260730T170046Z-7d4c2a91	4	2026-07-30T17:05:44.524826+00:00	BASEBALL PROSPECTS / true_first_bowman	Leo De Vries	true_first_bowman_card	eBay	micwo_3776	'	v1|358862357221|0	https://www.ebay.com/itm/358862357221	LIVE	LEO DE VRIES Bowman Chrome Refractors Non Auto Gold 4/50 Orange 4/25 Switch Hit	{"q":["baseball-prospect.leo-de-vries.true-first-bowman"],"s":"IMAGE_OR_IDENTITY_REVIEW_REQUIRED"}	{"status":"UNVERIFIED"}	preliminary|aefa6b8e2a6e08f5f6	ebay|micwo_3776|v1|358862357221|0	https://i.ebayimg.com/images/g/IuIAAeSwOKhqa0kL/s-l225.jpg	'	FALSE	FALSE	FALSE	FALSE	{}	'	'	'	'	'	'	'	'	'	'	UNASSESSED	["true_first_bowman_not_proven_from_title"]	349.99	0	'	'	'	'	'	'	'	'	'	'	'	'	'	'	'	'	INSUFFICIENT	'	'	'	'	'	'	'	'	'	'	'	'	'	'	'	'	MANUAL REVIEW / UNPRICED	FALSE	FALSE	["identity_unverified","exact_comps_missing","full_costs_unknown","owned_copy_check_missing","true_first_bowman_not_proven_from_title"]	{"ep":["baseball_prospects"],"q":["baseball-prospect.leo-de-vries.true-first-bowman"],"id":"v1|358862357221|0"}
cand-s4-ebay-ef275f25b544f79e02	dh-20260730T170046Z-7d4c2a91	4	2026-07-30T17:05:44.524826+00:00	BASEBALL PROSPECTS / true_first_bowman	Leo De Vries	true_first_bowman_card	eBay	woodenwaltonlove	'	v1|366524662558|0	https://www.ebay.com/itm/366524662558	LIVE	2024 Goodwin Champions Leo De Vries Goudey Autographs Auto RC 1:240 packs	{"q":["baseball-prospect.leo-de-vries.true-first-bowman"],"s":"IMAGE_OR_IDENTITY_REVIEW_REQUIRED"}	{"status":"UNVERIFIED"}	preliminary|ef275f25b544f79e02	ebay|woodenwaltonlove|v1|366524662558|0	https://i.ebayimg.com/images/g/gXAAAeSw1KlqWwPk/s-l225.jpg	'	FALSE	FALSE	FALSE	FALSE	{}	'	'	'	'	'	'	'	'	'	'	UNASSESSED	["true_first_bowman_not_proven_from_title"]	27.99	6.75	'	'	'	'	'	'	'	'	'	'	'	'	'	'	'	'	INSUFFICIENT	'	'	'	'	'	'	'	'	'	'	'	'	'	'	'	'	MANUAL REVIEW / UNPRICED	FALSE	FALSE	["identity_unverified","exact_comps_missing","full_costs_unknown","owned_copy_check_missing","true_first_bowman_not_proven_from_title"]	{"ep":["baseball_prospects"],"q":["baseball-prospect.leo-de-vries.true-first-bowman"],"id":"v1|366524662558|0"}
cand-s4-ebay-cbef10cf85a7aca449	dh-20260730T170046Z-7d4c2a91	4	2026-07-30T17:05:44.524826+00:00	BASEBALL PROSPECTS / true_first_bowman	Josue De Paula	true_first_bowman_card	eBay	jimbobsportscards	'	v1|366568881065|0	https://www.ebay.com/itm/366568881065	LIVE	Josue De Paula 1st Bowman Chrome Blue Refractor /150 PSA 10 Dodgers Rookie	{"q":["baseball-prospect.josue-de-paula.true-first-bowman"],"s":"DISCOVERY_SCOPE_PASS"}	{"status":"UNVERIFIED"}	preliminary|cbef10cf85a7aca449	ebay|jimbobsportscards|v1|366568881065|0	https://i.ebayimg.com/images/g/a-4AAeSwmaVqZ3bb/s-l225.jpg	'	FALSE	FALSE	FALSE	FALSE	{}	'	'	'	'	'	'	'	'	'	'	UNASSESSED	[]	450		'	'	'	'	'	'	'	'	'	'	'	'	'	'	'	'	INSUFFICIENT	'	'	'	'	'	'	'	'	'	'	'	'	'	'	'	'	MANUAL REVIEW / UNPRICED	FALSE	FALSE	["identity_unverified","exact_comps_missing","full_costs_unknown","owned_copy_check_missing"]	{"ep":["baseball_prospects"],"q":["baseball-prospect.josue-de-paula.true-first-bowman"],"id":"v1|366568881065|0"}
cand-s4-ebay-e8e6de1af6e312923f	dh-20260730T170046Z-7d4c2a91	4	2026-07-30T17:05:44.524826+00:00	BASEBALL PROSPECTS / true_first_bowman	Leo De Vries	true_first_bowman_card	eBay	taclbox626	'	v1|366573973638|0	https://www.ebay.com/itm/366573973638	LIVE	2024 Bowman Chrome Prospects Leo De Vries 1st #BCP-179 Fuchsia Shimmer /199 A’s	{"q":["baseball-prospect.leo-de-vries.true-first-bowman"],"s":"DISCOVERY_SCOPE_PASS"}	{"status":"UNVERIFIED"}	preliminary|e8e6de1af6e312923f	ebay|taclbox626|v1|366573973638|0	https://i.ebayimg.com/images/g/Ou4AAeSw17BqauWO/s-l225.jpg	'	FALSE	FALSE	FALSE	FALSE	{}	'	'	'	'	'	'	'	'	'	'	UNASSESSED	[]	85	5.5	'	'	'	'	'	'	'	'	'	'	'	'	'	'	'	'	INSUFFICIENT	'	'	'	'	'	'	'	'	'	'	'	'	'	'	'	'	MANUAL REVIEW / UNPRICED	FALSE	FALSE	["identity_unverified","exact_comps_missing","full_costs_unknown","owned_copy_check_missing"]	{"ep":["baseball_prospects"],"q":["baseball-prospect.leo-de-vries.true-first-bowman"],"id":"v1|366573973638|0"}
cand-s4-ebay-3d7a3b7a6ff2a982e7	dh-20260730T170046Z-7d4c2a91	4	2026-07-30T17:05:44.524826+00:00	BASEBALL PROSPECTS / true_first_bowman	George Lombard Jr	true_first_bowman_card	eBay	raso_2760	'	v1|377276661132|0	https://www.ebay.com/itm/377276661132	LIVE	2025 Bowman Chrome - Prospects George Lombard Jr. Wave Refractor /100	{"q":["baseball-prospect.george-lombard-jr.true-first-bowman"],"s":"IMAGE_OR_IDENTITY_REVIEW_REQUIRED"}	{"status":"UNVERIFIED"}	preliminary|3d7a3b7a6ff2a982e7	ebay|raso_2760|v1|377276661132|0	https://i.ebayimg.com/images/g/geYAAeSwp-1qNGCi/s-l225.jpg	'	FALSE	FALSE	FALSE	FALSE	{}	'	'	'	'	'	'	'	'	'	'	UNASSESSED	["true_first_bowman_not_proven_from_title"]	50	5.17	'	'	'	'	'	'	'	'	'	'	'	'	'	'	'	'	INSUFFICIENT	'	'	'	'	'	'	'	'	'	'	'	'	'	'	'	'	MANUAL REVIEW / UNPRICED	FALSE	FALSE	["identity_unverified","exact_comps_missing","full_costs_unknown","owned_copy_check_missing","true_first_bowman_not_proven_from_title"]	{"ep":["baseball_prospects"],"q":["baseball-prospect.george-lombard-jr.true-first-bowman"],"id":"v1|377276661132|0"}
cand-s4-ebay-b22ffeea42fd5a520d	dh-20260730T170046Z-7d4c2a91	4	2026-07-30T17:05:44.524826+00:00	BASEBALL PROSPECTS / true_first_bowman	Franklin Arias	true_first_bowman_card	eBay	shepardcards	'	v1|377295672751|0	https://www.ebay.com/itm/377295672751	LIVE	2025 Bowman Chrome Prospects #BCP-67 Franklin Arias 1st Boston Red Sox	{"q":["baseball-prospect.franklin-arias.true-first-bowman"],"s":"DISCOVERY_SCOPE_PASS"}	{"status":"UNVERIFIED"}	preliminary|b22ffeea42fd5a520d	ebay|shepardcards|v1|377295672751|0	https://i.ebayimg.com/images/g/-kwAAeSw6tJqPYBe/s-l225.jpg	'	FALSE	FALSE	FALSE	FALSE	{}	'	'	'	'	'	'	'	'	'	'	UNASSESSED	[]	4		'	'	'	'	'	'	'	'	'	'	'	'	'	'	'	'	INSUFFICIENT	'	'	'	'	'	'	'	'	'	'	'	'	'	'	'	'	MANUAL REVIEW / UNPRICED	FALSE	FALSE	["identity_unverified","exact_comps_missing","full_costs_unknown","owned_copy_check_missing"]	{"ep":["baseball_prospects"],"q":["baseball-prospect.franklin-arias.true-first-bowman"],"id":"v1|377295672751|0"}
cand-s4-ebay-7ba31fd58ae49a7ae4	dh-20260730T170046Z-7d4c2a91	4	2026-07-30T17:05:44.524826+00:00	BASEBALL PROSPECTS / true_first_bowman	Jesus Made	true_first_bowman_card	eBay	goodworldpublishing	'	v1|377367232277|0	https://www.ebay.com/itm/377367232277	LIVE	2025 BOWMAN CHROME JESUS MADE BOWMAN 1ST PROSPECTS #BCP-50	{"q":["baseball-prospect.jesus-made.true-first-bowman"],"s":"DISCOVERY_SCOPE_PASS"}	{"status":"UNVERIFIED"}	preliminary|7ba31fd58ae49a7ae4	ebay|goodworldpublishing|v1|377367232277|0	https://i.ebayimg.com/images/g/K~AAAeSwpfRqY3VX/s-l225.jpg	'	FALSE	FALSE	FALSE	FALSE	{}	'	'	'	'	'	'	'	'	'	'	UNASSESSED	[]	7.99	1.5	'	'	'	'	'	'	'	'	'	'	'	'	'	'	'	'	INSUFFICIENT	'	'	'	'	'	'	'	'	'	'	'	'	'	'	'	'	MANUAL REVIEW / UNPRICED	FALSE	FALSE	["identity_unverified","exact_comps_missing","full_costs_unknown","owned_copy_check_missing"]	{"ep":["baseball_prospects"],"q":["baseball-prospect.jesus-made.true-first-bowman"],"id":"v1|377367232277|0"}
cand-s4-ebay-e1ad95c492a3d48583	dh-20260730T170046Z-7d4c2a91	4	2026-07-30T17:05:44.524826+00:00	BASEBALL PROSPECTS / true_first_bowman	George Lombard Jr	true_first_bowman_card	eBay	shanabombs	'	v1|377380155011|0	https://www.ebay.com/itm/377380155011	LIVE	George Lombard Jr 2026 Bowman Chrome Auto Green Shimmer Refractor 28/99 Yankees	{"q":["baseball-prospect.george-lombard-jr.true-first-bowman"],"s":"IMAGE_OR_IDENTITY_REVIEW_REQUIRED"}	{"status":"UNVERIFIED"}	preliminary|e1ad95c492a3d48583	ebay|shanabombs|v1|377380155011|0	https://i.ebayimg.com/images/g/GD0AAeSwgvZqaqBa/s-l225.jpg	'	FALSE	FALSE	FALSE	FALSE	{}	'	'	'	'	'	'	'	'	'	'	UNASSESSED	["true_first_bowman_not_proven_from_title"]	160		'	'	'	'	'	'	'	'	'	'	'	'	'	'	'	'	INSUFFICIENT	'	'	'	'	'	'	'	'	'	'	'	'	'	'	'	'	MANUAL REVIEW / UNPRICED	FALSE	FALSE	["identity_unverified","exact_comps_missing","full_costs_unknown","owned_copy_check_missing","true_first_bowman_not_proven_from_title"]	{"ep":["baseball_prospects"],"q":["baseball-prospect.george-lombard-jr.true-first-bowman"],"id":"v1|377380155011|0"}
cand-s4-ebay-d3585c20e332ae8f4a	dh-20260730T170046Z-7d4c2a91	4	2026-07-30T17:05:44.524826+00:00	BASEBALL PROSPECTS / true_first_bowman	Leo De Vries	true_first_bowman_card	eBay	jaxgo-8902	'	v1|398198041372|0	https://www.ebay.com/itm/398198041372	LIVE	Topps 2024 Bowman Chrome Prospects 1st Bowman Leo De Vries #BCP-179 Padres	{"q":["baseball-prospect.leo-de-vries.true-first-bowman"],"s":"DISCOVERY_SCOPE_PASS"}	{"status":"UNVERIFIED"}	preliminary|d3585c20e332ae8f4a	ebay|jaxgo-8902|v1|398198041372|0	https://i.ebayimg.com/images/g/7VYAAeSwGjJqXw6f/s-l225.jpg	'	FALSE	FALSE	FALSE	FALSE	{}	'	'	'	'	'	'	'	'	'	'	UNASSESSED	[]	10		'	'	'	'	'	'	'	'	'	'	'	'	'	'	'	'	INSUFFICIENT	'	'	'	'	'	'	'	'	'	'	'	'	'	'	'	'	MANUAL REVIEW / UNPRICED	FALSE	FALSE	["identity_unverified","exact_comps_missing","full_costs_unknown","owned_copy_check_missing"]	{"ep":["baseball_prospects"],"q":["baseball-prospect.leo-de-vries.true-first-bowman"],"id":"v1|398198041372|0"}
cand-s4-ebay-ce4192f7c88fec39db	dh-20260730T170046Z-7d4c2a91	4	2026-07-30T17:05:44.524826+00:00	BASEBALL PROSPECTS / true_first_bowman	Franklin Arias	true_first_bowman_card	eBay	shoresideshop	'	v1|398203797856|0	https://www.ebay.com/itm/398203797856	LIVE	2025 Franklin Arias Bowman Chrome 1st Yellow Refractor Auto /75 PSA 10 Red Sox	{"q":["baseball-prospect.franklin-arias.true-first-bowman"],"s":"DISCOVERY_SCOPE_PASS"}	{"status":"UNVERIFIED"}	preliminary|ce4192f7c88fec39db	ebay|shoresideshop|v1|398203797856|0	https://i.ebayimg.com/images/g/7K4AAeSwzM5qYVPI/s-l225.jpg	'	FALSE	FALSE	FALSE	FALSE	{}	'	'	'	'	'	'	'	'	'	'	UNASSESSED	[]	2399.99	0	'	'	'	'	'	'	'	'	'	'	'	'	'	'	'	'	INSUFFICIENT	'	'	'	'	'	'	'	'	'	'	'	'	'	'	'	'	MANUAL REVIEW / UNPRICED	FALSE	FALSE	["identity_unverified","exact_comps_missing","full_costs_unknown","owned_copy_check_missing"]	{"ep":["baseball_prospects"],"q":["baseball-prospect.franklin-arias.true-first-bowman"],"id":"v1|398203797856|0"}
cand-s4-ebay-926dbae2fc482fcc3d	dh-20260730T170046Z-7d4c2a91	4	2026-07-30T17:05:44.524826+00:00	BASEBALL PROSPECTS / true_first_bowman	Franklin Arias	true_first_bowman_card	eBay	masoncardpro	'	v1|398218213886|0	https://www.ebay.com/itm/398218213886	LIVE	2025 Bowman - Chrome Prospects Franklin Arias #BCP-67 Mojo Refractor (RC)	{"q":["baseball-prospect.franklin-arias.true-first-bowman"],"s":"IMAGE_OR_IDENTITY_REVIEW_REQUIRED"}	{"status":"UNVERIFIED"}	preliminary|926dbae2fc482fcc3d	ebay|masoncardpro|v1|398218213886|0	https://i.ebayimg.com/images/g/xKIAAeSw5eRqZqHU/s-l225.jpg	'	FALSE	FALSE	FALSE	FALSE	{}	'	'	'	'	'	'	'	'	'	'	UNASSESSED	["true_first_bowman_not_proven_from_title"]	6.99		'	'	'	'	'	'	'	'	'	'	'	'	'	'	'	'	INSUFFICIENT	'	'	'	'	'	'	'	'	'	'	'	'	'	'	'	'	MANUAL REVIEW / UNPRICED	FALSE	FALSE	["identity_unverified","exact_comps_missing","full_costs_unknown","owned_copy_check_missing","true_first_bowman_not_proven_from_title"]	{"ep":["baseball_prospects"],"q":["baseball-prospect.franklin-arias.true-first-bowman"],"id":"v1|398218213886|0"}
cand-s4-ebay-36f9c03c62288783e3	dh-20260730T170046Z-7d4c2a91	4	2026-07-30T17:05:44.524826+00:00	BASEBALL PROSPECTS / true_first_bowman	Josue De Paula	true_first_bowman_card	eBay	cvillecollectiblesig	'	v1|398228011506|0	https://www.ebay.com/itm/398228011506	LIVE	2023 Bowman Josue De Paula 1st Chrome Atomic Refractor Auto /100 PSA 10	{"q":["baseball-prospect.josue-de-paula.true-first-bowman"],"s":"DISCOVERY_SCOPE_PASS"}	{"status":"UNVERIFIED"}	preliminary|36f9c03c62288783e3	ebay|cvillecollectiblesig|v1|398228011506|0	https://i.ebayimg.com/images/g/fHwAAeSw0XBqajfi/s-l225.jpg	'	FALSE	FALSE	FALSE	FALSE	{}	'	'	'	'	'	'	'	'	'	'	UNASSESSED	[]	1799.99	0	'	'	'	'	'	'	'	'	'	'	'	'	'	'	'	'	INSUFFICIENT	'	'	'	'	'	'	'	'	'	'	'	'	'	'	'	'	MANUAL REVIEW / UNPRICED	FALSE	FALSE	["identity_unverified","exact_comps_missing","full_costs_unknown","owned_copy_check_missing"]	{"ep":["baseball_prospects"],"q":["baseball-prospect.josue-de-paula.true-first-bowman"],"id":"v1|398228011506|0"}
cand-s4-ebay-7c4badcde64cea2a4a	dh-20260730T170046Z-7d4c2a91	4	2026-07-30T17:05:44.524826+00:00	BASEBALL PROSPECTS / true_first_bowman	Jesus Made	true_first_bowman_card	eBay	608cardsales	'	v1|398231485536|0	https://www.ebay.com/itm/398231485536	LIVE	Topps 2025 Bowman Chrome Prospects Jesus Made 1st Bowman /125 AQUA X-FRACTOR	{"q":["baseball-prospect.jesus-made.true-first-bowman"],"s":"DISCOVERY_SCOPE_PASS"}	{"status":"UNVERIFIED"}	preliminary|7c4badcde64cea2a4a	ebay|608cardsales|v1|398231485536|0	https://i.ebayimg.com/images/g/R-4AAeSwcQBqa3Ak/s-l225.jpg	'	FALSE	FALSE	FALSE	FALSE	{}	'	'	'	'	'	'	'	'	'	'	UNASSESSED	[]	200		'	'	'	'	'	'	'	'	'	'	'	'	'	'	'	'	INSUFFICIENT	'	'	'	'	'	'	'	'	'	'	'	'	'	'	'	'	MANUAL REVIEW / UNPRICED	FALSE	FALSE	["identity_unverified","exact_comps_missing","full_costs_unknown","owned_copy_check_missing"]	{"ep":["baseball_prospects"],"q":["baseball-prospect.jesus-made.true-first-bowman"],"id":"v1|398231485536|0"}
cand-s4-ebay-9f745ac2f97c9527d7	dh-20260730T170046Z-7d4c2a91	4	2026-07-30T17:05:44.524826+00:00	BASEBALL PROSPECTS / true_first_bowman	Jesus Made	true_first_bowman_card	eBay	608cardsales	'	v1|398231492562|0	https://www.ebay.com/itm/398231492562	LIVE	Jesus Made 2025 Bowman Sapphire Chrome Prospect 1st BCP-50 PSA 8	{"q":["baseball-prospect.jesus-made.true-first-bowman"],"s":"DISCOVERY_SCOPE_PASS"}	{"status":"UNVERIFIED"}	preliminary|9f745ac2f97c9527d7	ebay|608cardsales|v1|398231492562|0	https://i.ebayimg.com/images/g/wUsAAeSwAY9qa3E3/s-l225.jpg	'	FALSE	FALSE	FALSE	FALSE	{}	'	'	'	'	'	'	'	'	'	'	UNASSESSED	[]	99.99		'	'	'	'	'	'	'	'	'	'	'	'	'	'	'	'	INSUFFICIENT	'	'	'	'	'	'	'	'	'	'	'	'	'	'	'	'	MANUAL REVIEW / UNPRICED	FALSE	FALSE	["identity_unverified","exact_comps_missing","full_costs_unknown","owned_copy_check_missing"]	{"ep":["baseball_prospects"],"q":["baseball-prospect.jesus-made.true-first-bowman"],"id":"v1|398231492562|0"}
cand-s4-ebay-7fcd0e79cbd30826d3	dh-20260730T170046Z-7d4c2a91	4	2026-07-30T17:05:44.524826+00:00	BASEBALL PROSPECTS / true_first_bowman	Josue De Paula	true_first_bowman_card	eBay	rootn4davillain	'	v1|407066714173|0	https://www.ebay.com/itm/407066714173	LIVE	Josue De Paula 2023 Bowman Chrome 1st Bowman Mega Box Mojo Refractor #BCP-111	{"q":["baseball-prospect.josue-de-paula.true-first-bowman"],"s":"DISCOVERY_SCOPE_PASS"}	{"status":"UNVERIFIED"}	preliminary|7fcd0e79cbd30826d3	ebay|rootn4davillain|v1|407066714173|0	https://i.ebayimg.com/images/g/-icAAeSwNRxqUw3B/s-l225.jpg	'	FALSE	FALSE	FALSE	FALSE	{}	'	'	'	'	'	'	'	'	'	'	UNASSESSED	[]	9.99	0.85	'	'	'	'	'	'	'	'	'	'	'	'	'	'	'	'	INSUFFICIENT	'	'	'	'	'	'	'	'	'	'	'	'	'	'	'	'	MANUAL REVIEW / UNPRICED	FALSE	FALSE	["identity_unverified","exact_comps_missing","full_costs_unknown","owned_copy_check_missing"]	{"ep":["baseball_prospects"],"q":["baseball-prospect.josue-de-paula.true-first-bowman"],"id":"v1|407066714173|0"}
cand-s4-ebay-994c4ba8287c0170b5	dh-20260730T170046Z-7d4c2a91	4	2026-07-30T17:05:44.524826+00:00	BASEBALL PROSPECTS / true_first_bowman	Josue De Paula	true_first_bowman_card	eBay	djn369	'	v1|407068073324|0	https://www.ebay.com/itm/407068073324	LIVE	2023 1st Bowman Chrome Josue De Paula BCP-111 Mojo Refractor	{"q":["baseball-prospect.josue-de-paula.true-first-bowman"],"s":"DISCOVERY_SCOPE_PASS"}	{"status":"UNVERIFIED"}	preliminary|994c4ba8287c0170b5	ebay|djn369|v1|407068073324|0	https://i.ebayimg.com/images/g/~n8AAeSwlYhqU93w/s-l225.jpg	'	FALSE	FALSE	FALSE	FALSE	{}	'	'	'	'	'	'	'	'	'	'	UNASSESSED	[]	6.99		'	'	'	'	'	'	'	'	'	'	'	'	'	'	'	'	INSUFFICIENT	'	'	'	'	'	'	'	'	'	'	'	'	'	'	'	'	MANUAL REVIEW / UNPRICED	FALSE	FALSE	["identity_unverified","exact_comps_missing","full_costs_unknown","owned_copy_check_missing"]	{"ep":["baseball_prospects"],"q":["baseball-prospect.josue-de-paula.true-first-bowman"],"id":"v1|407068073324|0"}
cand-s4-ebay-9d62ebda2db9a447e2	dh-20260730T170046Z-7d4c2a91	4	2026-07-30T17:05:44.524826+00:00	BASEBALL PROSPECTS / true_first_bowman	George Lombard Jr	true_first_bowman_card	eBay	sportscardsbysnydes	'	v1|407102536376|0	https://www.ebay.com/itm/407102536376	LIVE	2024 Bowman Mega - GEORGE LOMBARD JR - 1st Chrome Mojo Refractor Yankees #BCP-79	{"q":["baseball-prospect.george-lombard-jr.true-first-bowman"],"s":"DISCOVERY_SCOPE_PASS"}	{"status":"UNVERIFIED"}	preliminary|9d62ebda2db9a447e2	ebay|sportscardsbysnydes|v1|407102536376|0	https://i.ebayimg.com/images/g/394AAeSwxUxqZ9nW/s-l225.jpg	'	FALSE	FALSE	FALSE	FALSE	{}	'	'	'	'	'	'	'	'	'	'	UNASSESSED	[]	10		'	'	'	'	'	'	'	'	'	'	'	'	'	'	'	'	INSUFFICIENT	'	'	'	'	'	'	'	'	'	'	'	'	'	'	'	'	MANUAL REVIEW / UNPRICED	FALSE	FALSE	["identity_unverified","exact_comps_missing","full_costs_unknown","owned_copy_check_missing"]	{"ep":["baseball_prospects"],"q":["baseball-prospect.george-lombard-jr.true-first-bowman"],"id":"v1|407102536376|0"}
cand-s4-ebay-e7555c97ec9226a7e1	dh-20260730T170046Z-7d4c2a91	4	2026-07-30T17:05:44.524826+00:00	BASEBALL PROSPECTS / true_first_bowman	Jesus Made	true_first_bowman_card	eBay	matts_card_shop253	'	v1|407108092489|0	https://www.ebay.com/itm/407108092489	LIVE	2025 Bowman Jesus Made Chrome Reptilian 1st #/50 Brewers PSA 10	{"q":["baseball-prospect.jesus-made.true-first-bowman"],"s":"DISCOVERY_SCOPE_PASS"}	{"status":"UNVERIFIED"}	preliminary|e7555c97ec9226a7e1	ebay|matts_card_shop253|v1|407108092489|0	https://i.ebayimg.com/images/g/I1cAAeSwjYdqazFA/s-l225.jpg	'	FALSE	FALSE	FALSE	FALSE	{}	'	'	'	'	'	'	'	'	'	'	UNASSESSED	[]	244.99		'	'	'	'	'	'	'	'	'	'	'	'	'	'	'	'	INSUFFICIENT	'	'	'	'	'	'	'	'	'	'	'	'	'	'	'	'	MANUAL REVIEW / UNPRICED	FALSE	FALSE	["identity_unverified","exact_comps_missing","full_costs_unknown","owned_copy_check_missing"]	{"ep":["baseball_prospects"],"q":["baseball-prospect.jesus-made.true-first-bowman"],"id":"v1|407108092489|0"}
cand-s4-ebay-0ab9512cfc5829887b	dh-20260730T170046Z-7d4c2a91	4	2026-07-30T17:05:44.524826+00:00	BASEBALL PROSPECTS / true_first_bowman	Franklin Arias	true_first_bowman_card	eBay	4bases	'	v1|800086885655|0	https://www.ebay.com/itm/800086885655	LIVE	2026 Bowman Chrome Franklin Arias Rookie Prospect Card #BCP-27 Gem Mint 10	{"q":["baseball-prospect.franklin-arias.true-first-bowman"],"s":"IMAGE_OR_IDENTITY_REVIEW_REQUIRED"}	{"status":"UNVERIFIED"}	preliminary|0ab9512cfc5829887b	ebay|4bases|v1|800086885655|0	https://i.ebayimg.com/images/g/64cAAeSwKepqIQLG/s-l225.jpg	'	FALSE	FALSE	FALSE	FALSE	{}	'	'	'	'	'	'	'	'	'	'	UNASSESSED	["true_first_bowman_not_proven_from_title"]	22.49		'	'	'	'	'	'	'	'	'	'	'	'	'	'	'	'	INSUFFICIENT	'	'	'	'	'	'	'	'	'	'	'	'	'	'	'	'	MANUAL REVIEW / UNPRICED	FALSE	FALSE	["identity_unverified","exact_comps_missing","full_costs_unknown","owned_copy_check_missing","true_first_bowman_not_proven_from_title"]	{"ep":["baseball_prospects"],"q":["baseball-prospect.franklin-arias.true-first-bowman"],"id":"v1|800086885655|0"}
cand-s4-ebay-3901a024e100b8baa0	dh-20260730T170046Z-7d4c2a91	4	2026-07-30T17:05:44.524826+00:00	BASEBALL PROSPECTS / true_first_bowman	George Lombard Jr	true_first_bowman_card	eBay	terl1232	'	v1|800355419986|0	https://www.ebay.com/itm/800355419986	LIVE	2024 Bowman MLB -Mega Box Chrome Pros. -George Lombard Jr #79   PSA 10   *READ *	{"q":["baseball-prospect.george-lombard-jr.true-first-bowman"],"s":"IMAGE_OR_IDENTITY_REVIEW_REQUIRED"}	{"status":"UNVERIFIED"}	preliminary|3901a024e100b8baa0	ebay|terl1232|v1|800355419986|0	https://i.ebayimg.com/images/g/ue4AAeSwUKRqWXPy/s-l225.jpg	'	FALSE	FALSE	FALSE	FALSE	{}	'	'	'	'	'	'	'	'	'	'	UNASSESSED	["true_first_bowman_not_proven_from_title"]	97.99		'	'	'	'	'	'	'	'	'	'	'	'	'	'	'	'	INSUFFICIENT	'	'	'	'	'	'	'	'	'	'	'	'	'	'	'	'	MANUAL REVIEW / UNPRICED	FALSE	FALSE	["identity_unverified","exact_comps_missing","full_costs_unknown","owned_copy_check_missing","true_first_bowman_not_proven_from_title"]	{"ep":["baseball_prospects"],"q":["baseball-prospect.george-lombard-jr.true-first-bowman"],"id":"v1|800355419986|0"}
cand-s4-ebay-cc9e7d979e89119be9	dh-20260730T170046Z-7d4c2a91	4	2026-07-30T17:05:44.524826+00:00	BASEBALL PROSPECTS / true_first_bowman	Leo De Vries	true_first_bowman_card	eBay	robko_6488	'	v1|800371881232|0	https://www.ebay.com/itm/800371881232	LIVE	2024 1st Bowman Chrome - Prospects Leo De Vries #BCP-179 Mojo Refractor (RC)	{"q":["baseball-prospect.leo-de-vries.true-first-bowman"],"s":"DISCOVERY_SCOPE_PASS"}	{"status":"UNVERIFIED"}	preliminary|cc9e7d979e89119be9	ebay|robko_6488|v1|800371881232|0	https://i.ebayimg.com/images/g/a7wAAeSwbG9qXPRb/s-l225.jpg	'	FALSE	FALSE	FALSE	FALSE	{}	'	'	'	'	'	'	'	'	'	'	UNASSESSED	[]	18.99		'	'	'	'	'	'	'	'	'	'	'	'	'	'	'	'	INSUFFICIENT	'	'	'	'	'	'	'	'	'	'	'	'	'	'	'	'	MANUAL REVIEW / UNPRICED	FALSE	FALSE	["identity_unverified","exact_comps_missing","full_costs_unknown","owned_copy_check_missing"]	{"ep":["baseball_prospects"],"q":["baseball-prospect.leo-de-vries.true-first-bowman"],"id":"v1|800371881232|0"}
cand-s4-ebay-b3aa2505ab1dd0e670	dh-20260730T170046Z-7d4c2a91	4	2026-07-30T17:05:44.524826+00:00	BASEBALL PROSPECTS / true_first_bowman	Josue De Paula	true_first_bowman_card	eBay	thepkcollects	'	v1|800407450184|0	https://www.ebay.com/itm/800407450184	LIVE	2026 Bowman Chrome Josue De Paula #BCP-83 Purple Geometric Refractor /250	{"q":["baseball-prospect.josue-de-paula.true-first-bowman"],"s":"IMAGE_OR_IDENTITY_REVIEW_REQUIRED"}	{"status":"UNVERIFIED"}	preliminary|b3aa2505ab1dd0e670	ebay|thepkcollects|v1|800407450184|0	https://i.ebayimg.com/images/g/Dt0AAeSwRQxqZUQi/s-l225.jpg	'	FALSE	FALSE	FALSE	FALSE	{}	'	'	'	'	'	'	'	'	'	'	UNASSESSED	["true_first_bowman_not_proven_from_title"]	6.99		'	'	'	'	'	'	'	'	'	'	'	'	'	'	'	'	INSUFFICIENT	'	'	'	'	'	'	'	'	'	'	'	'	'	'	'	'	MANUAL REVIEW / UNPRICED	FALSE	FALSE	["identity_unverified","exact_comps_missing","full_costs_unknown","owned_copy_check_missing","true_first_bowman_not_proven_from_title"]	{"ep":["baseball_prospects"],"q":["baseball-prospect.josue-de-paula.true-first-bowman"],"id":"v1|800407450184|0"}
cand-s4-ebay-f2ae23241f30debd4b	dh-20260730T170046Z-7d4c2a91	4	2026-07-30T17:05:44.524826+00:00	BASEBALL PROSPECTS / true_first_bowman	Leo De Vries	true_first_bowman_card	eBay	nu_4785	'	v1|800420471621|0	https://www.ebay.com/itm/800420471621	LIVE	2026 Bowman - Chrome Prospects Leo De Vries #BCP-63 Lazer Refractor (RC)	{"q":["baseball-prospect.leo-de-vries.true-first-bowman"],"s":"IMAGE_OR_IDENTITY_REVIEW_REQUIRED"}	{"status":"UNVERIFIED"}	preliminary|f2ae23241f30debd4b	ebay|nu_4785|v1|800420471621|0	https://i.ebayimg.com/images/g/bHEAAeSwTy5qaEt0/s-l225.jpg	'	FALSE	FALSE	FALSE	FALSE	{}	'	'	'	'	'	'	'	'	'	'	UNASSESSED	["true_first_bowman_not_proven_from_title"]	1.99	0	'	'	'	'	'	'	'	'	'	'	'	'	'	'	'	'	INSUFFICIENT	'	'	'	'	'	'	'	'	'	'	'	'	'	'	'	'	MANUAL REVIEW / UNPRICED	FALSE	FALSE	["identity_unverified","exact_comps_missing","full_costs_unknown","owned_copy_check_missing","true_first_bowman_not_proven_from_title"]	{"ep":["baseball_prospects"],"q":["baseball-prospect.leo-de-vries.true-first-bowman"],"id":"v1|800420471621|0"}
cand-s4-ebay-fe9f77cb6707e4333e	dh-20260730T170046Z-7d4c2a91	4	2026-07-30T17:05:44.524826+00:00	IVAN DEMIDOV / professional_rookies	Ivan Demidov	professional_nhl_rookie_card	eBay	thekinghing	'	v1|116978711039|0	https://www.ebay.com/itm/116978711039	LIVE	IVAN DEMIDOV 2025-26 Topps Now NHL Stickers ROOKIE #52 Montreal Canadiens	{"q":["ivan-demidov.professional-rookies"],"s":"DISCOVERY_SCOPE_PASS"}	{"status":"UNVERIFIED"}	preliminary|fe9f77cb6707e4333e	ebay|thekinghing|v1|116978711039|0	https://i.ebayimg.com/images/g/DbgAAeSwhYZpZE5T/s-l225.jpg	'	FALSE	FALSE	FALSE	FALSE	{}	'	'	'	'	'	'	'	'	'	'	UNASSESSED	[]	2.95	0	'	'	'	'	'	'	'	'	'	'	'	'	'	'	'	'	INSUFFICIENT	'	'	'	'	'	'	'	'	'	'	'	'	'	'	'	'	MANUAL REVIEW / UNPRICED	FALSE	FALSE	["identity_unverified","exact_comps_missing","full_costs_unknown","owned_copy_check_missing"]	{"ep":["ivan_demidov"],"q":["ivan-demidov.professional-rookies"],"id":"v1|116978711039|0"}
cand-s4-ebay-1eb99716478c2bbedb	dh-20260730T170046Z-7d4c2a91	4	2026-07-30T17:05:44.524826+00:00	IVAN DEMIDOV / professional_rookies	Ivan Demidov	professional_nhl_rookie_card	eBay	mnsportscards22	'	v1|117091315603|0	https://www.ebay.com/itm/117091315603	LIVE	2025-26 Upper Deck Ivan Demidov Star Rookie GMG Graded 10 Gem Mint 💎 RC #1	{"q":["ivan-demidov.professional-rookies"],"s":"DISCOVERY_SCOPE_PASS"}	{"status":"UNVERIFIED"}	preliminary|1eb99716478c2bbedb	ebay|mnsportscards22|v1|117091315603|0	https://i.ebayimg.com/images/g/p5MAAeSwchFpuEU6/s-l225.jpg	'	FALSE	FALSE	FALSE	FALSE	{}	'	'	'	'	'	'	'	'	'	'	UNASSESSED	[]	29.5	4.95	'	'	'	'	'	'	'	'	'	'	'	'	'	'	'	'	INSUFFICIENT	'	'	'	'	'	'	'	'	'	'	'	'	'	'	'	'	MANUAL REVIEW / UNPRICED	FALSE	FALSE	["identity_unverified","exact_comps_missing","full_costs_unknown","owned_copy_check_missing"]	{"ep":["ivan_demidov"],"q":["ivan-demidov.professional-rookies"],"id":"v1|117091315603|0"}
cand-s4-ebay-0f2c79957372e98222	dh-20260730T170046Z-7d4c2a91	4	2026-07-30T17:05:44.524826+00:00	IVAN DEMIDOV / young_guns_parallels	Ivan Demidov	young_guns_rookie_parallel	eBay	seaocallagha21	'	v1|127898526942|0	https://www.ebay.com/itm/127898526942	LIVE	2025-26 Upper Deck Series 1 - Young Guns Ivan Demidov, Artyom Levshunov #250	{"q":["ivan-demidov.young-guns-parallels"],"s":"DISCOVERY_SCOPE_PASS"}	{"status":"UNVERIFIED"}	preliminary|0f2c79957372e98222	ebay|seaocallagha21|v1|127898526942|0	https://i.ebayimg.com/images/g/vmsAAeSwENFpxhkK/s-l225.jpg	'	FALSE	FALSE	FALSE	FALSE	{}	'	'	'	'	'	'	'	'	'	'	UNASSESSED	[]	6.79	0	'	'	'	'	'	'	'	'	'	'	'	'	'	'	'	'	INSUFFICIENT	'	'	'	'	'	'	'	'	'	'	'	'	'	'	'	'	MANUAL REVIEW / UNPRICED	FALSE	FALSE	["identity_unverified","exact_comps_missing","full_costs_unknown","owned_copy_check_missing"]	{"ep":["ivan_demidov"],"q":["ivan-demidov.young-guns-parallels"],"id":"v1|127898526942|0"}
cand-s4-ebay-0dc900cfe0ffa33deb	dh-20260730T170046Z-7d4c2a91	4	2026-07-30T17:05:44.524826+00:00	IVAN DEMIDOV / young_guns_parallels	Ivan Demidov	young_guns_rookie_parallel	eBay	downthestretchsports	'	v1|127976355949|0	https://www.ebay.com/itm/127976355949	LIVE	2025-26 Upper deck Series One Ivan Demidov Young Guns #205	{"q":["ivan-demidov.young-guns-parallels"],"s":"DISCOVERY_SCOPE_PASS"}	{"status":"UNVERIFIED"}	preliminary|0dc900cfe0ffa33deb	ebay|downthestretchsports|v1|127976355949|0	https://i.ebayimg.com/images/g/lNkAAeSwBGxqV6h1/s-l225.jpg	'	FALSE	FALSE	FALSE	FALSE	{}	'	'	'	'	'	'	'	'	'	'	UNASSESSED	[]	99.67		'	'	'	'	'	'	'	'	'	'	'	'	'	'	'	'	INSUFFICIENT	'	'	'	'	'	'	'	'	'	'	'	'	'	'	'	'	MANUAL REVIEW / UNPRICED	FALSE	FALSE	["identity_unverified","exact_comps_missing","full_costs_unknown","owned_copy_check_missing"]	{"ep":["ivan_demidov"],"q":["ivan-demidov.young-guns-parallels"],"id":"v1|127976355949|0"}
cand-s4-ebay-e211e051679fdb948e	dh-20260730T170046Z-7d4c2a91	4	2026-07-30T17:05:44.524826+00:00	IVAN DEMIDOV / professional_rookies	Ivan Demidov	professional_nhl_rookie_card	eBay	rchandler3	'	v1|127992355107|0	https://www.ebay.com/itm/127992355107	LIVE	2025 26 Sp Game Used Hockey Ivan Demidov Rc NHL Master /299	{"q":["ivan-demidov.professional-rookies"],"s":"DISCOVERY_SCOPE_PASS"}	{"status":"UNVERIFIED"}	preliminary|e211e051679fdb948e	ebay|rchandler3|v1|127992355107|0	https://i.ebayimg.com/images/g/Bd4AAeSwtD9qY5IM/s-l225.jpg	'	FALSE	FALSE	FALSE	FALSE	{}	'	'	'	'	'	'	'	'	'	'	UNASSESSED	[]	29.99	5.99	'	'	'	'	'	'	'	'	'	'	'	'	'	'	'	'	INSUFFICIENT	'	'	'	'	'	'	'	'	'	'	'	'	'	'	'	'	MANUAL REVIEW / UNPRICED	FALSE	FALSE	["identity_unverified","exact_comps_missing","full_costs_unknown","owned_copy_check_missing"]	{"ep":["ivan_demidov"],"q":["ivan-demidov.professional-rookies"],"id":"v1|127992355107|0"}
cand-s4-ebay-e1463d9cf8ed14e3a5	dh-20260730T170046Z-7d4c2a91	4	2026-07-30T17:05:44.524826+00:00	IVAN DEMIDOV / autograph_memorabilia	Ivan Demidov	nhl_rookie_autograph_memorabilia	eBay	wax.crackers	'	v1|137184833706|0	https://www.ebay.com/itm/137184833706	LIVE	2025-26 SP Game Used Ivan Demidov Rookie Sweaters Jersey Patch RC /299	{"q":["ivan-demidov.autograph-memorabilia"],"s":"DISCOVERY_SCOPE_PASS"}	{"status":"UNVERIFIED"}	preliminary|e1463d9cf8ed14e3a5	ebay|wax.crackers|v1|137184833706|0	https://i.ebayimg.com/images/g/fWsAAeSwVpNpzCvJ/s-l225.jpg	'	FALSE	FALSE	FALSE	FALSE	{}	'	'	'	'	'	'	'	'	'	'	UNASSESSED	[]	125	6.49	'	'	'	'	'	'	'	'	'	'	'	'	'	'	'	'	INSUFFICIENT	'	'	'	'	'	'	'	'	'	'	'	'	'	'	'	'	MANUAL REVIEW / UNPRICED	FALSE	FALSE	["identity_unverified","exact_comps_missing","full_costs_unknown","owned_copy_check_missing"]	{"ep":["ivan_demidov"],"q":["ivan-demidov.autograph-memorabilia"],"id":"v1|137184833706|0"}
cand-s4-ebay-ede3c0c0a3393e80ad	dh-20260730T170046Z-7d4c2a91	4	2026-07-30T17:05:44.524826+00:00	IVAN DEMIDOV / professional_rookies	Ivan Demidov	professional_nhl_rookie_card	eBay	ratamburro	'	v1|137259435746|0	https://www.ebay.com/itm/137259435746	LIVE	Ivan Demidov 2026 UD National Hockey Card Day 50 Card Rookie Moments Lot NCHD-31	{"q":["ivan-demidov.professional-rookies"],"s":"DISCOVERY_SCOPE_PASS"}	{"status":"UNVERIFIED"}	preliminary|ede3c0c0a3393e80ad	ebay|ratamburro|v1|137259435746|0	https://i.ebayimg.com/images/g/YPcAAeSwp2Jp7qVx/s-l225.jpg	'	FALSE	FALSE	FALSE	FALSE	{}	'	'	'	'	'	'	'	'	'	'	UNASSESSED	[]	35		'	'	'	'	'	'	'	'	'	'	'	'	'	'	'	'	INSUFFICIENT	'	'	'	'	'	'	'	'	'	'	'	'	'	'	'	'	MANUAL REVIEW / UNPRICED	FALSE	FALSE	["identity_unverified","exact_comps_missing","full_costs_unknown","owned_copy_check_missing"]	{"ep":["ivan_demidov"],"q":["ivan-demidov.professional-rookies"],"id":"v1|137259435746|0"}
cand-s4-ebay-a5041539cb19676792	dh-20260730T170046Z-7d4c2a91	4	2026-07-30T17:05:44.524826+00:00	IVAN DEMIDOV / professional_rookies	Ivan Demidov	professional_nhl_rookie_card	eBay	shotimecards	'	v1|137416988814|0	https://www.ebay.com/itm/137416988814	LIVE	2025-26 Topps Now NHL Stickers #RC-4 Ivan Demidov Rookie Collection Blue Ice	{"q":["ivan-demidov.professional-rookies"],"s":"DISCOVERY_SCOPE_PASS"}	{"status":"UNVERIFIED"}	preliminary|a5041539cb19676792	ebay|shotimecards|v1|137416988814|0	https://i.ebayimg.com/images/g/1RgAAeSw4PlqL3Hp/s-l225.jpg	'	FALSE	FALSE	FALSE	FALSE	{}	'	'	'	'	'	'	'	'	'	'	UNASSESSED	[]	20		'	'	'	'	'	'	'	'	'	'	'	'	'	'	'	'	INSUFFICIENT	'	'	'	'	'	'	'	'	'	'	'	'	'	'	'	'	MANUAL REVIEW / UNPRICED	FALSE	FALSE	["identity_unverified","exact_comps_missing","full_costs_unknown","owned_copy_check_missing"]	{"ep":["ivan_demidov"],"q":["ivan-demidov.professional-rookies"],"id":"v1|137416988814|0"}
cand-s4-ebay-801840337a4cdda9b0	dh-20260730T170046Z-7d4c2a91	4	2026-07-30T17:05:44.524826+00:00	IVAN DEMIDOV / professional_rookies	Ivan Demidov	professional_nhl_rookie_card	eBay	avzensportscards	'	v1|147026747634|445546612900	https://www.ebay.com/itm/147026747634	LIVE	2025-26 Upper Deck Series 1 NHL Hockey Base Singles (Pick Your Cards)	{"q":["ivan-demidov.professional-rookies"],"s":"DISCOVERY_SCOPE_PASS"}	{"status":"UNVERIFIED"}	preliminary|801840337a4cdda9b0	ebay|avzensportscards|v1|147026747634|445546612900	https://i.ebayimg.com/images/g/t7wAAeSwANFp~stN/s-l225.jpg	'	FALSE	FALSE	FALSE	FALSE	{}	'	'	'	'	'	'	'	'	'	'	UNASSESSED	[]	189.95	0	'	'	'	'	'	'	'	'	'	'	'	'	'	'	'	'	INSUFFICIENT	'	'	'	'	'	'	'	'	'	'	'	'	'	'	'	'	MANUAL REVIEW / UNPRICED	FALSE	FALSE	["identity_unverified","exact_comps_missing","full_costs_unknown","owned_copy_check_missing"]	{"ep":["ivan_demidov"],"q":["ivan-demidov.professional-rookies"],"id":"v1|147026747634|445546612900"}
cand-s4-ebay-493c01f4f47679d039	dh-20260730T170046Z-7d4c2a91	4	2026-07-30T17:05:44.524826+00:00	IVAN DEMIDOV / young_guns_parallels	Ivan Demidov	young_guns_rookie_parallel	eBay	fimmiecards	'	v1|157666659353|0	https://www.ebay.com/itm/157666659353	LIVE	2025-26 Upper Deck Series 1 - Young Guns Ivan Demidov #205 (RC)	{"q":["ivan-demidov.young-guns-parallels"],"s":"DISCOVERY_SCOPE_PASS"}	{"status":"UNVERIFIED"}	preliminary|493c01f4f47679d039	ebay|fimmiecards|v1|157666659353|0	https://i.ebayimg.com/images/g/yRUAAeSwUBJph3mS/s-l225.jpg	'	FALSE	FALSE	FALSE	FALSE	{}	'	'	'	'	'	'	'	'	'	'	UNASSESSED	[]	90		'	'	'	'	'	'	'	'	'	'	'	'	'	'	'	'	INSUFFICIENT	'	'	'	'	'	'	'	'	'	'	'	'	'	'	'	'	MANUAL REVIEW / UNPRICED	FALSE	FALSE	["identity_unverified","exact_comps_missing","full_costs_unknown","owned_copy_check_missing"]	{"ep":["ivan_demidov"],"q":["ivan-demidov.young-guns-parallels"],"id":"v1|157666659353|0"}
cand-s4-ebay-747b4c4ffbe6525b1e	dh-20260730T170046Z-7d4c2a91	4	2026-07-30T17:05:44.524826+00:00	IVAN DEMIDOV / professional_rookies	Ivan Demidov	professional_nhl_rookie_card	eBay	raiders_of_the_lost_arkanoid	'	v1|158103092154|0	https://www.ebay.com/itm/158103092154	LIVE	2025-26 UD Series 1 Ivan Demidov Silver Outburst Young Guns Rookie #205 RARE	{"q":["ivan-demidov.professional-rookies","ivan-demidov.young-guns-parallels"],"s":"DISCOVERY_SCOPE_PASS"}	{"status":"UNVERIFIED"}	preliminary|747b4c4ffbe6525b1e	ebay|raiders_of_the_lost_arkanoid|v1|158103092154|0	https://i.ebayimg.com/images/g/o04AAeSwKs5qXnRq/s-l225.jpg	'	FALSE	FALSE	FALSE	FALSE	{}	'	'	'	'	'	'	'	'	'	'	UNASSESSED	[]	485	5	'	'	'	'	'	'	'	'	'	'	'	'	'	'	'	'	INSUFFICIENT	'	'	'	'	'	'	'	'	'	'	'	'	'	'	'	'	MANUAL REVIEW / UNPRICED	FALSE	FALSE	["identity_unverified","exact_comps_missing","full_costs_unknown","owned_copy_check_missing"]	{"ep":["ivan_demidov"],"q":["ivan-demidov.professional-rookies","ivan-demidov.young-guns-parallels"],"id":"v1|158103092154|0"}
cand-s4-ebay-d7baa4269baafbb871	dh-20260730T170046Z-7d4c2a91	4	2026-07-30T17:05:44.524826+00:00	IVAN DEMIDOV / professional_rookies	Ivan Demidov	professional_nhl_rookie_card	eBay	chris.gots.it83	'	v1|158130268969|0	https://www.ebay.com/itm/158130268969	LIVE	Matthew Schaefer RC Ivan Demidov RC 2 Card Lot Star Rookies Set #5 #1 🔥🔥🔥	{"q":["ivan-demidov.professional-rookies"],"s":"DISCOVERY_SCOPE_PASS"}	{"status":"UNVERIFIED"}	preliminary|d7baa4269baafbb871	ebay|chris.gots.it83|v1|158130268969|0	https://i.ebayimg.com/images/g/wwMAAeSwYwRqaYWy/s-l225.jpg	'	FALSE	FALSE	FALSE	FALSE	{}	'	'	'	'	'	'	'	'	'	'	UNASSESSED	[]	7.99		'	'	'	'	'	'	'	'	'	'	'	'	'	'	'	'	INSUFFICIENT	'	'	'	'	'	'	'	'	'	'	'	'	'	'	'	'	MANUAL REVIEW / UNPRICED	FALSE	FALSE	["identity_unverified","exact_comps_missing","full_costs_unknown","owned_copy_check_missing"]	{"ep":["ivan_demidov"],"q":["ivan-demidov.professional-rookies"],"id":"v1|158130268969|0"}
cand-s4-ebay-dd55b869229f24e144	dh-20260730T170046Z-7d4c2a91	4	2026-07-30T17:05:44.524826+00:00	IVAN DEMIDOV / young_guns_parallels	Ivan Demidov	young_guns_rookie_parallel	eBay	mc_sportscards	'	v1|178210243291|0	https://www.ebay.com/itm/178210243291	LIVE	IVAN DEMIDOV 2025 UPPER DECK S1 #205 ROOKIE UD EXCLUSIVES YOUNG GUNS RC 38/100	{"q":["ivan-demidov.young-guns-parallels"],"s":"DISCOVERY_SCOPE_PASS"}	{"status":"UNVERIFIED"}	preliminary|dd55b869229f24e144	ebay|mc_sportscards|v1|178210243291|0	https://i.ebayimg.com/images/g/zpQAAeSwqThqKYXu/s-l225.jpg	'	FALSE	FALSE	FALSE	FALSE	{}	'	'	'	'	'	'	'	'	'	'	UNASSESSED	[]	1449.99	19.95	'	'	'	'	'	'	'	'	'	'	'	'	'	'	'	'	INSUFFICIENT	'	'	'	'	'	'	'	'	'	'	'	'	'	'	'	'	MANUAL REVIEW / UNPRICED	FALSE	FALSE	["identity_unverified","exact_comps_missing","full_costs_unknown","owned_copy_check_missing"]	{"ep":["ivan_demidov"],"q":["ivan-demidov.young-guns-parallels"],"id":"v1|178210243291|0"}
cand-s4-ebay-8bd3fff1d169248e53	dh-20260730T170046Z-7d4c2a91	4	2026-07-30T17:05:44.524826+00:00	IVAN DEMIDOV / young_guns_parallels	Ivan Demidov	young_guns_rookie_parallel	eBay	ssjtz60	'	v1|178306017491|0	https://www.ebay.com/itm/178306017491	LIVE	2025 Upper Deck Series 1 Young Guns Speckled Rainbow Foil Ivan Demidov Rookie RC	{"q":["ivan-demidov.young-guns-parallels"],"s":"DISCOVERY_SCOPE_PASS"}	{"status":"UNVERIFIED"}	preliminary|8bd3fff1d169248e53	ebay|ssjtz60|v1|178306017491|0	https://i.ebayimg.com/images/g/ifUAAeSw-ghqPskH/s-l225.jpg	'	FALSE	FALSE	FALSE	FALSE	{}	'	'	'	'	'	'	'	'	'	'	UNASSESSED	[]	4271.37	17.8	'	'	'	'	'	'	'	'	'	'	'	'	'	'	'	'	INSUFFICIENT	'	'	'	'	'	'	'	'	'	'	'	'	'	'	'	'	MANUAL REVIEW / UNPRICED	FALSE	FALSE	["identity_unverified","exact_comps_missing","full_costs_unknown","owned_copy_check_missing"]	{"ep":["ivan_demidov"],"q":["ivan-demidov.young-guns-parallels"],"id":"v1|178306017491|0"}
cand-s4-ebay-2f12d2a9398b152485	dh-20260730T170046Z-7d4c2a91	4	2026-07-30T17:05:44.524826+00:00	IVAN DEMIDOV / autograph_memorabilia	Ivan Demidov	nhl_rookie_autograph_memorabilia	eBay	the_hockey_stop_cards	'	v1|188257994958|0	https://www.ebay.com/itm/188257994958	LIVE	2025-26 UD Black Diamond Ivan Demidov Exquisite Dual Swatch Rookie Patch /5	{"q":["ivan-demidov.autograph-memorabilia"],"s":"DISCOVERY_SCOPE_PASS"}	{"status":"UNVERIFIED"}	preliminary|2f12d2a9398b152485	ebay|the_hockey_stop_cards|v1|188257994958|0	https://i.ebayimg.com/images/g/dQ8AAeSwXldp1U0N/s-l225.jpg	'	FALSE	FALSE	FALSE	FALSE	{}	'	'	'	'	'	'	'	'	'	'	UNASSESSED	[]	1499.99	24.99	'	'	'	'	'	'	'	'	'	'	'	'	'	'	'	'	INSUFFICIENT	'	'	'	'	'	'	'	'	'	'	'	'	'	'	'	'	MANUAL REVIEW / UNPRICED	FALSE	FALSE	["identity_unverified","exact_comps_missing","full_costs_unknown","owned_copy_check_missing"]	{"ep":["ivan_demidov"],"q":["ivan-demidov.autograph-memorabilia"],"id":"v1|188257994958|0"}
cand-s4-ebay-3373876a1c8482d589	dh-20260730T170046Z-7d4c2a91	4	2026-07-30T17:05:44.524826+00:00	IVAN DEMIDOV / professional_rookies	Ivan Demidov	professional_nhl_rookie_card	eBay	helenda-59	'	v1|206436541269|0	https://www.ebay.com/itm/206436541269	LIVE	Upper Deck 2025-26 Series 1 Young Guns Ivan Demidov RC #205 PSA 9 Canadiens	{"q":["ivan-demidov.professional-rookies"],"s":"DISCOVERY_SCOPE_PASS"}	{"status":"UNVERIFIED"}	preliminary|3373876a1c8482d589	ebay|helenda-59|v1|206436541269|0	https://i.ebayimg.com/images/g/tjsAAeSwan9qYqch/s-l225.jpg	'	FALSE	FALSE	FALSE	FALSE	{}	'	'	'	'	'	'	'	'	'	'	UNASSESSED	[]	144		'	'	'	'	'	'	'	'	'	'	'	'	'	'	'	'	INSUFFICIENT	'	'	'	'	'	'	'	'	'	'	'	'	'	'	'	'	MANUAL REVIEW / UNPRICED	FALSE	FALSE	["identity_unverified","exact_comps_missing","full_costs_unknown","owned_copy_check_missing"]	{"ep":["ivan_demidov"],"q":["ivan-demidov.professional-rookies"],"id":"v1|206436541269|0"}
cand-s4-ebay-2af7cebc288c1a45e1	dh-20260730T170046Z-7d4c2a91	4	2026-07-30T17:05:44.524826+00:00	IVAN DEMIDOV / young_guns_parallels	Ivan Demidov	young_guns_rookie_parallel	eBay	wingedwheelcards	'	v1|206439179371|0	https://www.ebay.com/itm/206439179371	LIVE	2025-26 Upper Deck Series 1 - Young Guns Ivan Demidov #205 (RC)	{"q":["ivan-demidov.young-guns-parallels"],"s":"DISCOVERY_SCOPE_PASS"}	{"status":"UNVERIFIED"}	preliminary|2af7cebc288c1a45e1	ebay|wingedwheelcards|v1|206439179371|0	https://i.ebayimg.com/images/g/gUcAAeSwydZqY~in/s-l225.jpg	'	FALSE	FALSE	FALSE	FALSE	{}	'	'	'	'	'	'	'	'	'	'	UNASSESSED	[]	100		'	'	'	'	'	'	'	'	'	'	'	'	'	'	'	'	INSUFFICIENT	'	'	'	'	'	'	'	'	'	'	'	'	'	'	'	'	MANUAL REVIEW / UNPRICED	FALSE	FALSE	["identity_unverified","exact_comps_missing","full_costs_unknown","owned_copy_check_missing"]	{"ep":["ivan_demidov"],"q":["ivan-demidov.young-guns-parallels"],"id":"v1|206439179371|0"}
cand-s4-ebay-ab4a6c3fc846e88fea	dh-20260730T170046Z-7d4c2a91	4	2026-07-30T17:05:44.524826+00:00	IVAN DEMIDOV / young_guns_parallels	Ivan Demidov	young_guns_rookie_parallel	eBay	evannfld89	'	v1|257619654437|0	https://www.ebay.com/itm/257619654437	LIVE	2025-26 Series 1 Ivan Demidov Young Guns Ksa 10 Gem Mint	{"q":["ivan-demidov.young-guns-parallels"],"s":"DISCOVERY_SCOPE_PASS"}	{"status":"UNVERIFIED"}	preliminary|ab4a6c3fc846e88fea	ebay|evannfld89|v1|257619654437|0	https://i.ebayimg.com/images/g/hXYAAeSwW3hqVRPX/s-l225.jpg	'	FALSE	FALSE	FALSE	FALSE	{}	'	'	'	'	'	'	'	'	'	'	UNASSESSED	[]	355.94	12.81	'	'	'	'	'	'	'	'	'	'	'	'	'	'	'	'	INSUFFICIENT	'	'	'	'	'	'	'	'	'	'	'	'	'	'	'	'	MANUAL REVIEW / UNPRICED	FALSE	FALSE	["identity_unverified","exact_comps_missing","full_costs_unknown","owned_copy_check_missing"]	{"ep":["ivan_demidov"],"q":["ivan-demidov.young-guns-parallels"],"id":"v1|257619654437|0"}
cand-s4-ebay-cbe774b0e5fe007eba	dh-20260730T170046Z-7d4c2a91	4	2026-07-30T17:05:44.524826+00:00	IVAN DEMIDOV / professional_rookies	Ivan Demidov	professional_nhl_rookie_card	eBay	taargus202	'	v1|257650101725|0	https://www.ebay.com/itm/257650101725	LIVE	2025-26 Upper Deck Ultimate Ultimate Rookies Ivan Demidov Jersey /499 #197	{"q":["ivan-demidov.professional-rookies"],"s":"DISCOVERY_SCOPE_PASS"}	{"status":"UNVERIFIED"}	preliminary|cbe774b0e5fe007eba	ebay|taargus202|v1|257650101725|0	https://i.ebayimg.com/images/g/o9kAAeSw2S9qapg0/s-l225.jpg	'	FALSE	FALSE	FALSE	FALSE	{}	'	'	'	'	'	'	'	'	'	'	UNASSESSED	[]	45	5.17	'	'	'	'	'	'	'	'	'	'	'	'	'	'	'	'	INSUFFICIENT	'	'	'	'	'	'	'	'	'	'	'	'	'	'	'	'	MANUAL REVIEW / UNPRICED	FALSE	FALSE	["identity_unverified","exact_comps_missing","full_costs_unknown","owned_copy_check_missing"]	{"ep":["ivan_demidov"],"q":["ivan-demidov.professional-rookies"],"id":"v1|257650101725|0"}
cand-s4-ebay-e04ff6ce7bf2b3356c	dh-20260730T170046Z-7d4c2a91	4	2026-07-30T17:05:44.524826+00:00	IVAN DEMIDOV / young_guns_parallels	Ivan Demidov	young_guns_rookie_parallel	eBay	5_star_cards	'	v1|267662742008|0	https://www.ebay.com/itm/267662742008	LIVE	2025-26 Upper Deck Ivan Demidov Outburst Young Guns Rookie #205 PSA 10 Gem Mint	{"q":["ivan-demidov.young-guns-parallels"],"s":"DISCOVERY_SCOPE_PASS"}	{"status":"UNVERIFIED"}	preliminary|e04ff6ce7bf2b3356c	ebay|5_star_cards|v1|267662742008|0	https://i.ebayimg.com/images/g/25cAAeSwyXRp~LFM/s-l225.jpg	'	FALSE	FALSE	FALSE	FALSE	{}	'	'	'	'	'	'	'	'	'	'	UNASSESSED	[]	1449.18	29.99	'	'	'	'	'	'	'	'	'	'	'	'	'	'	'	'	INSUFFICIENT	'	'	'	'	'	'	'	'	'	'	'	'	'	'	'	'	MANUAL REVIEW / UNPRICED	FALSE	FALSE	["identity_unverified","exact_comps_missing","full_costs_unknown","owned_copy_check_missing"]	{"ep":["ivan_demidov"],"q":["ivan-demidov.young-guns-parallels"],"id":"v1|267662742008|0"}
cand-s4-ebay-08f99c4c8f333c8b98	dh-20260730T170046Z-7d4c2a91	4	2026-07-30T17:05:44.524826+00:00	IVAN DEMIDOV / autograph_memorabilia	Ivan Demidov	nhl_rookie_autograph_memorabilia	eBay	flun5853	'	v1|267738512532|0	https://www.ebay.com/itm/267738512532	LIVE	2025-26 Upper Deck Artifacts - Rookie Patch Auto Ivan Demidov Gold Material /199	{"q":["ivan-demidov.autograph-memorabilia"],"s":"DISCOVERY_SCOPE_PASS"}	{"status":"UNVERIFIED"}	preliminary|08f99c4c8f333c8b98	ebay|flun5853|v1|267738512532|0	https://i.ebayimg.com/images/g/UQEAAeSwBFtqa3tW/s-l225.jpg	'	FALSE	FALSE	FALSE	FALSE	{}	'	'	'	'	'	'	'	'	'	'	UNASSESSED	[]	500	20	'	'	'	'	'	'	'	'	'	'	'	'	'	'	'	'	INSUFFICIENT	'	'	'	'	'	'	'	'	'	'	'	'	'	'	'	'	MANUAL REVIEW / UNPRICED	FALSE	FALSE	["identity_unverified","exact_comps_missing","full_costs_unknown","owned_copy_check_missing"]	{"ep":["ivan_demidov"],"q":["ivan-demidov.autograph-memorabilia"],"id":"v1|267738512532|0"}
cand-s4-ebay-4ffade7ce7e15cdee2	dh-20260730T170046Z-7d4c2a91	4	2026-07-30T17:05:44.524826+00:00	IVAN DEMIDOV / professional_rookies	Ivan Demidov	professional_nhl_rookie_card	eBay	antsas0	'	v1|277785800630|0	https://www.ebay.com/itm/277785800630	LIVE	5 Card NHL Lot, 2 Michael Misa Rookie/Numbered, 2 Clear cut, Ivan Demidov Rookie	{"q":["ivan-demidov.professional-rookies"],"s":"DISCOVERY_SCOPE_PASS"}	{"status":"UNVERIFIED"}	preliminary|4ffade7ce7e15cdee2	ebay|antsas0|v1|277785800630|0	https://i.ebayimg.com/images/g/DgUAAeSwCxZprfo7/s-l225.jpg	'	FALSE	FALSE	FALSE	FALSE	{}	'	'	'	'	'	'	'	'	'	'	UNASSESSED	[]	100	0	'	'	'	'	'	'	'	'	'	'	'	'	'	'	'	'	INSUFFICIENT	'	'	'	'	'	'	'	'	'	'	'	'	'	'	'	'	MANUAL REVIEW / UNPRICED	FALSE	FALSE	["identity_unverified","exact_comps_missing","full_costs_unknown","owned_copy_check_missing"]	{"ep":["ivan_demidov"],"q":["ivan-demidov.professional-rookies"],"id":"v1|277785800630|0"}
cand-s4-ebay-89f8b402f229560655	dh-20260730T170046Z-7d4c2a91	4	2026-07-30T17:05:44.524826+00:00	IVAN DEMIDOV / young_guns_parallels	Ivan Demidov	young_guns_rookie_parallel	eBay	hitz-rip.pull.repeat	'	v1|278215952579|0	https://www.ebay.com/itm/278215952579	LIVE	2025-26 Upper Deck Series 1 #205 - Young Guns - Ivan Demidov	{"q":["ivan-demidov.young-guns-parallels"],"s":"DISCOVERY_SCOPE_PASS"}	{"status":"UNVERIFIED"}	preliminary|89f8b402f229560655	ebay|hitz-rip.pull.repeat|v1|278215952579|0	https://i.ebayimg.com/images/g/k-wAAeSwDB5qZD8l/s-l225.jpg	'	FALSE	FALSE	FALSE	FALSE	{}	'	'	'	'	'	'	'	'	'	'	UNASSESSED	[]	160.18	14.24	'	'	'	'	'	'	'	'	'	'	'	'	'	'	'	'	INSUFFICIENT	'	'	'	'	'	'	'	'	'	'	'	'	'	'	'	'	MANUAL REVIEW / UNPRICED	FALSE	FALSE	["identity_unverified","exact_comps_missing","full_costs_unknown","owned_copy_check_missing"]	{"ep":["ivan_demidov"],"q":["ivan-demidov.young-guns-parallels"],"id":"v1|278215952579|0"}
cand-s4-ebay-2cc99e224f84d96038	dh-20260730T170046Z-7d4c2a91	4	2026-07-30T17:05:44.524826+00:00	IVAN DEMIDOV / professional_rookies	Ivan Demidov	professional_nhl_rookie_card	eBay	xbrick	'	v1|298540881050|0	https://www.ebay.com/itm/298540881050	LIVE	2025-26 Upper Deck NHL MVP - Ivan Demidov - Rookie Base SP #233	{"q":["ivan-demidov.professional-rookies"],"s":"DISCOVERY_SCOPE_PASS"}	{"status":"UNVERIFIED"}	preliminary|2cc99e224f84d96038	ebay|xbrick|v1|298540881050|0	https://i.ebayimg.com/images/g/FPUAAeSwIoZqaWKa/s-l225.jpg	'	FALSE	FALSE	FALSE	FALSE	{}	'	'	'	'	'	'	'	'	'	'	UNASSESSED	[]	5		'	'	'	'	'	'	'	'	'	'	'	'	'	'	'	'	INSUFFICIENT	'	'	'	'	'	'	'	'	'	'	'	'	'	'	'	'	MANUAL REVIEW / UNPRICED	FALSE	FALSE	["identity_unverified","exact_comps_missing","full_costs_unknown","owned_copy_check_missing"]	{"ep":["ivan_demidov"],"q":["ivan-demidov.professional-rookies"],"id":"v1|298540881050|0"}
cand-s4-ebay-5485c3b085e36686aa	dh-20260730T170046Z-7d4c2a91	4	2026-07-30T17:05:44.524826+00:00	IVAN DEMIDOV / autograph_memorabilia	Ivan Demidov	nhl_rookie_autograph_memorabilia	eBay	russcardworld	'	v1|306989729658|0	https://www.ebay.com/itm/306989729658	LIVE	2025-26 Upper Deck #93 Ivan Demidov NHL All Star Rookies	{"q":["ivan-demidov.autograph-memorabilia"],"s":"DISCOVERY_SCOPE_PASS"}	{"status":"UNVERIFIED"}	preliminary|5485c3b085e36686aa	ebay|russcardworld|v1|306989729658|0	https://i.ebayimg.com/images/g/jw0AAeSw2dNqJpEL/s-l225.jpg	'	FALSE	FALSE	FALSE	FALSE	{}	'	'	'	'	'	'	'	'	'	'	UNASSESSED	[]	25	5.5	'	'	'	'	'	'	'	'	'	'	'	'	'	'	'	'	INSUFFICIENT	'	'	'	'	'	'	'	'	'	'	'	'	'	'	'	'	MANUAL REVIEW / UNPRICED	FALSE	FALSE	["identity_unverified","exact_comps_missing","full_costs_unknown","owned_copy_check_missing"]	{"ep":["ivan_demidov"],"q":["ivan-demidov.autograph-memorabilia"],"id":"v1|306989729658|0"}
cand-s4-ebay-59b4f375b757b378cd	dh-20260730T170046Z-7d4c2a91	4	2026-07-30T17:05:44.524826+00:00	IVAN DEMIDOV / professional_rookies	Ivan Demidov	professional_nhl_rookie_card	eBay	renbern775	'	v1|318533877895|0	https://www.ebay.com/itm/318533877895	LIVE	2025-26 Sp - Rookie Authentics Ivan Demidov #137 Blue (RC)	{"q":["ivan-demidov.professional-rookies"],"s":"DISCOVERY_SCOPE_PASS"}	{"status":"UNVERIFIED"}	preliminary|59b4f375b757b378cd	ebay|renbern775|v1|318533877895|0	https://i.ebayimg.com/images/g/Z5kAAeSwcIlqRnk-/s-l225.jpg	'	FALSE	FALSE	FALSE	FALSE	{}	'	'	'	'	'	'	'	'	'	'	UNASSESSED	[]	2.25		'	'	'	'	'	'	'	'	'	'	'	'	'	'	'	'	INSUFFICIENT	'	'	'	'	'	'	'	'	'	'	'	'	'	'	'	'	MANUAL REVIEW / UNPRICED	FALSE	FALSE	["identity_unverified","exact_comps_missing","full_costs_unknown","owned_copy_check_missing"]	{"ep":["ivan_demidov"],"q":["ivan-demidov.professional-rookies"],"id":"v1|318533877895|0"}
cand-s4-ebay-715603c90151d89f01	dh-20260730T170046Z-7d4c2a91	4	2026-07-30T17:05:44.524826+00:00	IVAN DEMIDOV / autograph_memorabilia	Ivan Demidov	nhl_rookie_autograph_memorabilia	eBay	glitchy_420	'	v1|326992521008|0	https://www.ebay.com/itm/326992521008	LIVE	Ivan Demidov RPA Gold Material Auto 2025-26 Artifacts /199	{"q":["ivan-demidov.autograph-memorabilia"],"s":"DISCOVERY_SCOPE_PASS"}	{"status":"UNVERIFIED"}	preliminary|715603c90151d89f01	ebay|glitchy_420|v1|326992521008|0	https://i.ebayimg.com/images/g/gwUAAeSwRytpiRFk/s-l225.jpg	'	FALSE	FALSE	FALSE	FALSE	{}	'	'	'	'	'	'	'	'	'	'	UNASSESSED	[]	1250	0	'	'	'	'	'	'	'	'	'	'	'	'	'	'	'	'	INSUFFICIENT	'	'	'	'	'	'	'	'	'	'	'	'	'	'	'	'	MANUAL REVIEW / UNPRICED	FALSE	FALSE	["identity_unverified","exact_comps_missing","full_costs_unknown","owned_copy_check_missing"]	{"ep":["ivan_demidov"],"q":["ivan-demidov.autograph-memorabilia"],"id":"v1|326992521008|0"}
cand-s4-ebay-7a427cc7f6ff43357b	dh-20260730T170046Z-7d4c2a91	4	2026-07-30T17:05:44.524826+00:00	IVAN DEMIDOV / young_guns_parallels	Ivan Demidov	young_guns_rookie_parallel	eBay	massivemountainsofmedia	'	v1|327283756668|0	https://www.ebay.com/itm/327283756668	LIVE	2025 UPPER DECK #205 IVAN DEMIDOV OUTBURST SILVER YOUNG GUNS RC ROOKIE BGS 9.5	{"q":["ivan-demidov.young-guns-parallels"],"s":"DISCOVERY_SCOPE_PASS"}	{"status":"UNVERIFIED"}	preliminary|7a427cc7f6ff43357b	ebay|massivemountainsofmedia|v1|327283756668|0	https://i.ebayimg.com/images/g/YFIAAeSwZLVp5Xl8/s-l225.jpg	'	FALSE	FALSE	FALSE	FALSE	{}	'	'	'	'	'	'	'	'	'	'	UNASSESSED	[]	799.99	0	'	'	'	'	'	'	'	'	'	'	'	'	'	'	'	'	INSUFFICIENT	'	'	'	'	'	'	'	'	'	'	'	'	'	'	'	'	MANUAL REVIEW / UNPRICED	FALSE	FALSE	["identity_unverified","exact_comps_missing","full_costs_unknown","owned_copy_check_missing"]	{"ep":["ivan_demidov"],"q":["ivan-demidov.young-guns-parallels"],"id":"v1|327283756668|0"}
cand-s4-ebay-876cd4d47b45ff7a42	dh-20260730T170046Z-7d4c2a91	4	2026-07-30T17:05:44.524826+00:00	IVAN DEMIDOV / young_guns_parallels	Ivan Demidov	young_guns_rookie_parallel	eBay	comc_consignment	'	v1|336668615592|0	https://www.ebay.com/itm/336668615592	LIVE	2025-26 Upper Deck Series 1 Young Guns Outburst Ivan Demidov #205 Rookie RC 1s8l	{"q":["ivan-demidov.young-guns-parallels"],"s":"DISCOVERY_SCOPE_PASS"}	{"status":"UNVERIFIED"}	preliminary|876cd4d47b45ff7a42	ebay|comc_consignment|v1|336668615592|0	https://i.ebayimg.com/images/g/7qwAAeSw50hqRwoM/s-l225.jpg	'	FALSE	FALSE	FALSE	FALSE	{}	'	'	'	'	'	'	'	'	'	'	UNASSESSED	[]	580	4.99	'	'	'	'	'	'	'	'	'	'	'	'	'	'	'	'	INSUFFICIENT	'	'	'	'	'	'	'	'	'	'	'	'	'	'	'	'	MANUAL REVIEW / UNPRICED	FALSE	FALSE	["identity_unverified","exact_comps_missing","full_costs_unknown","owned_copy_check_missing"]	{"ep":["ivan_demidov"],"q":["ivan-demidov.young-guns-parallels"],"id":"v1|336668615592|0"}
cand-s4-ebay-92c7b74871271e95e1	dh-20260730T170046Z-7d4c2a91	4	2026-07-30T17:05:44.524826+00:00	IVAN DEMIDOV / professional_rookies	Ivan Demidov	professional_nhl_rookie_card	eBay	nygiants05	'	v1|336714860837|0	https://www.ebay.com/itm/336714860837	LIVE	2025-26 Upper Deck Ultimate IVAN DEMIDOV Ultimate Rookies 'Number' Patch /50🔥	{"q":["ivan-demidov.professional-rookies"],"s":"DISCOVERY_SCOPE_PASS"}	{"status":"UNVERIFIED"}	preliminary|92c7b74871271e95e1	ebay|nygiants05|v1|336714860837|0	https://i.ebayimg.com/images/g/z-kAAeSwGjJqad6r/s-l225.jpg	'	FALSE	FALSE	FALSE	FALSE	{}	'	'	'	'	'	'	'	'	'	'	UNASSESSED	[]	650	11.99	'	'	'	'	'	'	'	'	'	'	'	'	'	'	'	'	INSUFFICIENT	'	'	'	'	'	'	'	'	'	'	'	'	'	'	'	'	MANUAL REVIEW / UNPRICED	FALSE	FALSE	["identity_unverified","exact_comps_missing","full_costs_unknown","owned_copy_check_missing"]	{"ep":["ivan_demidov"],"q":["ivan-demidov.professional-rookies"],"id":"v1|336714860837|0"}
cand-s4-ebay-db114cd9eb9535bc8f	dh-20260730T170046Z-7d4c2a91	4	2026-07-30T17:05:44.524826+00:00	IVAN DEMIDOV / young_guns_parallels	Ivan Demidov	young_guns_rookie_parallel	eBay	wests01	'	v1|358204128227|0	https://www.ebay.com/itm/358204128227	LIVE	25-26 IVAN DEMIDOV RC UPPER DECK S1 YOUNG GUNS CLEAR CUT ROOKIE #205 CANADIENS	{"q":["ivan-demidov.young-guns-parallels"],"s":"DISCOVERY_SCOPE_PASS"}	{"status":"UNVERIFIED"}	preliminary|db114cd9eb9535bc8f	ebay|wests01|v1|358204128227|0	https://i.ebayimg.com/images/g/eqYAAeSwBy5pikkp/s-l225.jpg	'	FALSE	FALSE	FALSE	FALSE	{}	'	'	'	'	'	'	'	'	'	'	UNASSESSED	[]	999.97	8	'	'	'	'	'	'	'	'	'	'	'	'	'	'	'	'	INSUFFICIENT	'	'	'	'	'	'	'	'	'	'	'	'	'	'	'	'	MANUAL REVIEW / UNPRICED	FALSE	FALSE	["identity_unverified","exact_comps_missing","full_costs_unknown","owned_copy_check_missing"]	{"ep":["ivan_demidov"],"q":["ivan-demidov.young-guns-parallels"],"id":"v1|358204128227|0"}
cand-s4-ebay-77b5b9e8d95e1dc320	dh-20260730T170046Z-7d4c2a91	4	2026-07-30T17:05:44.524826+00:00	IVAN DEMIDOV / professional_rookies	Ivan Demidov	professional_nhl_rookie_card	eBay	55burgers55fries	'	v1|358602328364|0	https://www.ebay.com/itm/358602328364	LIVE	Ivan Demidov O-Pee-Chee 2025-26 Marquee Rookie   #542 Purple /49 Canadiens NHL	{"q":["ivan-demidov.professional-rookies"],"s":"DISCOVERY_SCOPE_PASS"}	{"status":"UNVERIFIED"}	preliminary|77b5b9e8d95e1dc320	ebay|55burgers55fries|v1|358602328364|0	https://i.ebayimg.com/images/g/gmYAAeSw0rNqFeuU/s-l225.jpg	'	FALSE	FALSE	FALSE	FALSE	{}	'	'	'	'	'	'	'	'	'	'	UNASSESSED	[]	175		'	'	'	'	'	'	'	'	'	'	'	'	'	'	'	'	INSUFFICIENT	'	'	'	'	'	'	'	'	'	'	'	'	'	'	'	'	MANUAL REVIEW / UNPRICED	FALSE	FALSE	["identity_unverified","exact_comps_missing","full_costs_unknown","owned_copy_check_missing"]	{"ep":["ivan_demidov"],"q":["ivan-demidov.professional-rookies"],"id":"v1|358602328364|0"}
cand-s4-ebay-8e76deda96985b55cf	dh-20260730T170046Z-7d4c2a91	4	2026-07-30T17:05:44.524826+00:00	IVAN DEMIDOV / young_guns_parallels	Ivan Demidov	young_guns_rookie_parallel	eBay	moosecards72	'	v1|358793324437|0	https://www.ebay.com/itm/358793324437	LIVE	2025-26 Upper Deck Series 1 - Ivan Demidov Artyom Levshunov Young Guns Checklist	{"q":["ivan-demidov.young-guns-parallels"],"s":"DISCOVERY_SCOPE_PASS"}	{"status":"UNVERIFIED"}	preliminary|8e76deda96985b55cf	ebay|moosecards72|v1|358793324437|0	https://i.ebayimg.com/images/g/W8kAAeSwan9qVauS/s-l225.jpg	'	FALSE	FALSE	FALSE	FALSE	{}	'	'	'	'	'	'	'	'	'	'	UNASSESSED	[]	2.79		'	'	'	'	'	'	'	'	'	'	'	'	'	'	'	'	INSUFFICIENT	'	'	'	'	'	'	'	'	'	'	'	'	'	'	'	'	MANUAL REVIEW / UNPRICED	FALSE	FALSE	["identity_unverified","exact_comps_missing","full_costs_unknown","owned_copy_check_missing"]	{"ep":["ivan_demidov"],"q":["ivan-demidov.young-guns-parallels"],"id":"v1|358793324437|0"}
cand-s4-ebay-f0dcf9b88dab7c37f6	dh-20260730T170046Z-7d4c2a91	4	2026-07-30T17:05:44.524826+00:00	IVAN DEMIDOV / professional_rookies	Ivan Demidov	professional_nhl_rookie_card	eBay	ezcards27	'	v1|377023422500|0	https://www.ebay.com/itm/377023422500	LIVE	2025-26 NHL Star Rookies Upper Deck Ivan Demidov Rookie Blue Parallel #1	{"q":["ivan-demidov.professional-rookies"],"s":"DISCOVERY_SCOPE_PASS"}	{"status":"UNVERIFIED"}	preliminary|f0dcf9b88dab7c37f6	ebay|ezcards27|v1|377023422500|0	https://i.ebayimg.com/images/g/OgcAAeSw0x1prfEB/s-l225.jpg	'	FALSE	FALSE	FALSE	FALSE	{}	'	'	'	'	'	'	'	'	'	'	UNASSESSED	[]	9.49	1.49	'	'	'	'	'	'	'	'	'	'	'	'	'	'	'	'	INSUFFICIENT	'	'	'	'	'	'	'	'	'	'	'	'	'	'	'	'	MANUAL REVIEW / UNPRICED	FALSE	FALSE	["identity_unverified","exact_comps_missing","full_costs_unknown","owned_copy_check_missing"]	{"ep":["ivan_demidov"],"q":["ivan-demidov.professional-rookies"],"id":"v1|377023422500|0"}
cand-s4-ebay-41abc6c3d8ade6ee69	dh-20260730T170046Z-7d4c2a91	4	2026-07-30T17:05:44.524826+00:00	IVAN DEMIDOV / professional_rookies	Ivan Demidov	professional_nhl_rookie_card	eBay	kebr6902	'	v1|377115767924|0	https://www.ebay.com/itm/377115767924	LIVE	2025 UD National Hockey Card Day Ivan Demidov NHCD-31 Rookie Moments Fire Sale!	{"q":["ivan-demidov.professional-rookies"],"s":"DISCOVERY_SCOPE_PASS"}	{"status":"UNVERIFIED"}	preliminary|41abc6c3d8ade6ee69	ebay|kebr6902|v1|377115767924|0	https://i.ebayimg.com/images/g/29sAAeSwUbhp34Mp/s-l225.jpg	'	FALSE	FALSE	FALSE	FALSE	{}	'	'	'	'	'	'	'	'	'	'	UNASSESSED	[]	1.36	0.99	'	'	'	'	'	'	'	'	'	'	'	'	'	'	'	'	INSUFFICIENT	'	'	'	'	'	'	'	'	'	'	'	'	'	'	'	'	MANUAL REVIEW / UNPRICED	FALSE	FALSE	["identity_unverified","exact_comps_missing","full_costs_unknown","owned_copy_check_missing"]	{"ep":["ivan_demidov"],"q":["ivan-demidov.professional-rookies"],"id":"v1|377115767924|0"}
cand-s4-ebay-87cd322d2596aad59b	dh-20260730T170046Z-7d4c2a91	4	2026-07-30T17:05:44.524826+00:00	IVAN DEMIDOV / young_guns_parallels	Ivan Demidov	young_guns_rookie_parallel	eBay	dravistcg	'	v1|377193788480|0	https://www.ebay.com/itm/377193788480	LIVE	2025-26 Upper Deck Series 1 - Young Guns Ivan Demidov #205 Outburst (RC)	{"q":["ivan-demidov.young-guns-parallels"],"s":"DISCOVERY_SCOPE_PASS"}	{"status":"UNVERIFIED"}	preliminary|87cd322d2596aad59b	ebay|dravistcg|v1|377193788480|0	https://i.ebayimg.com/images/g/jgAAAeSwJVVqC4e3/s-l225.jpg	'	FALSE	FALSE	FALSE	FALSE	{}	'	'	'	'	'	'	'	'	'	'	UNASSESSED	[]	525		'	'	'	'	'	'	'	'	'	'	'	'	'	'	'	'	INSUFFICIENT	'	'	'	'	'	'	'	'	'	'	'	'	'	'	'	'	MANUAL REVIEW / UNPRICED	FALSE	FALSE	["identity_unverified","exact_comps_missing","full_costs_unknown","owned_copy_check_missing"]	{"ep":["ivan_demidov"],"q":["ivan-demidov.young-guns-parallels"],"id":"v1|377193788480|0"}
cand-s4-ebay-6046fc163980d37ca1	dh-20260730T170046Z-7d4c2a91	4	2026-07-30T17:05:44.524826+00:00	IVAN DEMIDOV / young_guns_parallels	Ivan Demidov	young_guns_rookie_parallel	eBay	ketelandgoose2026	'	v1|377365010955|0	https://www.ebay.com/itm/377365010955	LIVE	2025-26 Upper Deck Series 1 - Young Guns  Levshunov, Demidov #250 Outburst	{"q":["ivan-demidov.young-guns-parallels"],"s":"DISCOVERY_SCOPE_PASS"}	{"status":"UNVERIFIED"}	preliminary|6046fc163980d37ca1	ebay|ketelandgoose2026|v1|377365010955|0	https://i.ebayimg.com/images/g/EJEAAeSwUr5qYk9d/s-l225.jpg	'	FALSE	FALSE	FALSE	FALSE	{}	'	'	'	'	'	'	'	'	'	'	UNASSESSED	[]	44.5		'	'	'	'	'	'	'	'	'	'	'	'	'	'	'	'	INSUFFICIENT	'	'	'	'	'	'	'	'	'	'	'	'	'	'	'	'	MANUAL REVIEW / UNPRICED	FALSE	FALSE	["identity_unverified","exact_comps_missing","full_costs_unknown","owned_copy_check_missing"]	{"ep":["ivan_demidov"],"q":["ivan-demidov.young-guns-parallels"],"id":"v1|377365010955|0"}
cand-s4-ebay-af6b16f54cd7ea2447	dh-20260730T170046Z-7d4c2a91	4	2026-07-30T17:05:44.524826+00:00	IVAN DEMIDOV / professional_rookies	Ivan Demidov	professional_nhl_rookie_card	eBay	hgillespie1174	'	v1|397861383468|0	https://www.ebay.com/itm/397861383468	LIVE	Ivan Demidov Rookie Moments Canadiens NHL 2024-25 Sports Trading Card	{"q":["ivan-demidov.professional-rookies"],"s":"DISCOVERY_SCOPE_PASS"}	{"status":"UNVERIFIED"}	preliminary|af6b16f54cd7ea2447	ebay|hgillespie1174|v1|397861383468|0	https://i.ebayimg.com/images/g/9a8AAeSw0F5p5jvI/s-l225.jpg	'	FALSE	FALSE	FALSE	FALSE	{}	'	'	'	'	'	'	'	'	'	'	UNASSESSED	[]	5		'	'	'	'	'	'	'	'	'	'	'	'	'	'	'	'	INSUFFICIENT	'	'	'	'	'	'	'	'	'	'	'	'	'	'	'	'	MANUAL REVIEW / UNPRICED	FALSE	FALSE	["identity_unverified","exact_comps_missing","full_costs_unknown","owned_copy_check_missing"]	{"ep":["ivan_demidov"],"q":["ivan-demidov.professional-rookies"],"id":"v1|397861383468|0"}
cand-s4-ebay-bcb0c03de711a6682e	dh-20260730T170046Z-7d4c2a91	4	2026-07-30T17:05:44.524826+00:00	IVAN DEMIDOV / young_guns_parallels	Ivan Demidov	young_guns_rookie_parallel	eBay	brothers_kb_collectibles	'	v1|397881196152|0	https://www.ebay.com/itm/397881196152	LIVE	2025-26 Upper Deck Series 1 - Young Guns Ivan Demidov #205 (RC)	{"q":["ivan-demidov.young-guns-parallels"],"s":"DISCOVERY_SCOPE_PASS"}	{"status":"UNVERIFIED"}	preliminary|bcb0c03de711a6682e	ebay|brothers_kb_collectibles|v1|397881196152|0	https://i.ebayimg.com/images/g/FccAAeSwTU5p7X7s/s-l225.jpg	'	FALSE	FALSE	FALSE	FALSE	{}	'	'	'	'	'	'	'	'	'	'	UNASSESSED	[]	99.99		'	'	'	'	'	'	'	'	'	'	'	'	'	'	'	'	INSUFFICIENT	'	'	'	'	'	'	'	'	'	'	'	'	'	'	'	'	MANUAL REVIEW / UNPRICED	FALSE	FALSE	["identity_unverified","exact_comps_missing","full_costs_unknown","owned_copy_check_missing"]	{"ep":["ivan_demidov"],"q":["ivan-demidov.young-guns-parallels"],"id":"v1|397881196152|0"}
cand-s4-ebay-69f641077b6a80980f	dh-20260730T170046Z-7d4c2a91	4	2026-07-30T17:05:44.524826+00:00	IVAN DEMIDOV / autograph_memorabilia	Ivan Demidov	nhl_rookie_autograph_memorabilia	eBay	dayoma_ltd	'	v1|397898770917|0	https://www.ebay.com/itm/397898770917	LIVE	2025-26 SP Game Used Ivan Demidov New Grooves Gold Patch RC #NG-13 /15	{"q":["ivan-demidov.autograph-memorabilia"],"s":"DISCOVERY_SCOPE_PASS"}	{"status":"UNVERIFIED"}	preliminary|69f641077b6a80980f	ebay|dayoma_ltd|v1|397898770917|0	https://i.ebayimg.com/images/g/xekAAeSwPmNp9EhB/s-l225.jpg	'	FALSE	FALSE	FALSE	FALSE	{}	'	'	'	'	'	'	'	'	'	'	UNASSESSED	[]	95		'	'	'	'	'	'	'	'	'	'	'	'	'	'	'	'	INSUFFICIENT	'	'	'	'	'	'	'	'	'	'	'	'	'	'	'	'	MANUAL REVIEW / UNPRICED	FALSE	FALSE	["identity_unverified","exact_comps_missing","full_costs_unknown","owned_copy_check_missing"]	{"ep":["ivan_demidov"],"q":["ivan-demidov.autograph-memorabilia"],"id":"v1|397898770917|0"}
cand-s4-ebay-314410c61956bb0d39	dh-20260730T170046Z-7d4c2a91	4	2026-07-30T17:05:44.524826+00:00	IVAN DEMIDOV / professional_rookies	Ivan Demidov	professional_nhl_rookie_card	eBay	ixchelofthexcel	'	v1|398015897981|0	https://www.ebay.com/itm/398015897981	LIVE	Ivan Demidov Rookie Hockey Card Lot of 4 - Montreal Canadiens - NHL	{"q":["ivan-demidov.professional-rookies"],"s":"DISCOVERY_SCOPE_PASS"}	{"status":"UNVERIFIED"}	preliminary|314410c61956bb0d39	ebay|ixchelofthexcel|v1|398015897981|0	https://i.ebayimg.com/images/g/qCoAAeSwZYRqHfOZ/s-l225.jpg	'	FALSE	FALSE	FALSE	FALSE	{}	'	'	'	'	'	'	'	'	'	'	UNASSESSED	[]	19		'	'	'	'	'	'	'	'	'	'	'	'	'	'	'	'	INSUFFICIENT	'	'	'	'	'	'	'	'	'	'	'	'	'	'	'	'	MANUAL REVIEW / UNPRICED	FALSE	FALSE	["identity_unverified","exact_comps_missing","full_costs_unknown","owned_copy_check_missing"]	{"ep":["ivan_demidov"],"q":["ivan-demidov.professional-rookies"],"id":"v1|398015897981|0"}
cand-s4-ebay-10ea8e15fab23d7115	dh-20260730T170046Z-7d4c2a91	4	2026-07-30T17:05:44.524826+00:00	IVAN DEMIDOV / professional_rookies	Ivan Demidov	professional_nhl_rookie_card	eBay	threeb2923-0	'	v1|398179154870|0	https://www.ebay.com/itm/398179154870	LIVE	2025-26 O-Pee-Chee Platinum - Retro Rookies Ivan Demidov #R-66 (RC)	{"q":["ivan-demidov.professional-rookies"],"s":"DISCOVERY_SCOPE_PASS"}	{"status":"UNVERIFIED"}	preliminary|10ea8e15fab23d7115	ebay|threeb2923-0|v1|398179154870|0	https://i.ebayimg.com/images/g/sSAAAeSwGs1qWEWp/s-l225.jpg	'	FALSE	FALSE	FALSE	FALSE	{}	'	'	'	'	'	'	'	'	'	'	UNASSESSED	[]	7		'	'	'	'	'	'	'	'	'	'	'	'	'	'	'	'	INSUFFICIENT	'	'	'	'	'	'	'	'	'	'	'	'	'	'	'	'	MANUAL REVIEW / UNPRICED	FALSE	FALSE	["identity_unverified","exact_comps_missing","full_costs_unknown","owned_copy_check_missing"]	{"ep":["ivan_demidov"],"q":["ivan-demidov.professional-rookies"],"id":"v1|398179154870|0"}
cand-s4-ebay-917ad309beff44f76b	dh-20260730T170046Z-7d4c2a91	4	2026-07-30T17:05:44.524826+00:00	IVAN DEMIDOV / young_guns_parallels	Ivan Demidov	young_guns_rookie_parallel	eBay	cardempire4	'	v1|398197881178|0	https://www.ebay.com/itm/398197881178	LIVE	30 NHL Upper Deck Current/Previous Year Rookies Bundle (Misa, Schaefer, Demidov)	{"q":["ivan-demidov.young-guns-parallels"],"s":"DISCOVERY_SCOPE_PASS"}	{"status":"UNVERIFIED"}	preliminary|917ad309beff44f76b	ebay|cardempire4|v1|398197881178|0	https://i.ebayimg.com/images/g/4LwAAeSwwvJqXvOk/s-l225.jpg	'	FALSE	FALSE	FALSE	FALSE	{}	'	'	'	'	'	'	'	'	'	'	UNASSESSED	[]	185		'	'	'	'	'	'	'	'	'	'	'	'	'	'	'	'	INSUFFICIENT	'	'	'	'	'	'	'	'	'	'	'	'	'	'	'	'	MANUAL REVIEW / UNPRICED	FALSE	FALSE	["identity_unverified","exact_comps_missing","full_costs_unknown","owned_copy_check_missing"]	{"ep":["ivan_demidov"],"q":["ivan-demidov.young-guns-parallels"],"id":"v1|398197881178|0"}
cand-s4-ebay-6d50f9635a2741cde7	dh-20260730T170046Z-7d4c2a91	4	2026-07-30T17:05:44.524826+00:00	IVAN DEMIDOV / young_guns_parallels	Ivan Demidov	young_guns_rookie_parallel	eBay	ghostdoublem	'	v1|406851356375|0	https://www.ebay.com/itm/406851356375	LIVE	Montreal Canadiens Lot 🔥 Demidov RC, Suzuki Yellow Taxi & Caufield Collab	{"q":["ivan-demidov.young-guns-parallels"],"s":"DISCOVERY_SCOPE_PASS"}	{"status":"UNVERIFIED"}	preliminary|6d50f9635a2741cde7	ebay|ghostdoublem|v1|406851356375|0	https://i.ebayimg.com/images/g/PKcAAeSwcCJp2-iK/s-l225.jpg	'	FALSE	FALSE	FALSE	FALSE	{}	'	'	'	'	'	'	'	'	'	'	UNASSESSED	[]	68.99		'	'	'	'	'	'	'	'	'	'	'	'	'	'	'	'	INSUFFICIENT	'	'	'	'	'	'	'	'	'	'	'	'	'	'	'	'	MANUAL REVIEW / UNPRICED	FALSE	FALSE	["identity_unverified","exact_comps_missing","full_costs_unknown","owned_copy_check_missing"]	{"ep":["ivan_demidov"],"q":["ivan-demidov.young-guns-parallels"],"id":"v1|406851356375|0"}
cand-s4-ebay-cd141aade62c5738e8	dh-20260730T170046Z-7d4c2a91	4	2026-07-30T17:05:44.524826+00:00	IVAN DEMIDOV / young_guns_parallels	Ivan Demidov	young_guns_rookie_parallel	eBay	chap1515	'	v1|407096174138|0	https://www.ebay.com/itm/407096174138	LIVE	2025-26 Upper Deck Series 1 - Young Guns Ivan Demidov #205 Silver Foil (RC)	{"q":["ivan-demidov.young-guns-parallels"],"s":"DISCOVERY_SCOPE_PASS"}	{"status":"UNVERIFIED"}	preliminary|cd141aade62c5738e8	ebay|chap1515|v1|407096174138|0	https://i.ebayimg.com/images/g/TKAAAeSwKzZqY7xX/s-l225.jpg	'	FALSE	FALSE	FALSE	FALSE	{}	'	'	'	'	'	'	'	'	'	'	UNASSESSED	[]	600		'	'	'	'	'	'	'	'	'	'	'	'	'	'	'	'	INSUFFICIENT	'	'	'	'	'	'	'	'	'	'	'	'	'	'	'	'	MANUAL REVIEW / UNPRICED	FALSE	FALSE	["identity_unverified","exact_comps_missing","full_costs_unknown","owned_copy_check_missing"]	{"ep":["ivan_demidov"],"q":["ivan-demidov.young-guns-parallels"],"id":"v1|407096174138|0"}
cand-s4-ebay-74c82f46e1a8beba59	dh-20260730T170046Z-7d4c2a91	4	2026-07-30T17:05:44.524826+00:00	IVAN DEMIDOV / autograph_memorabilia	Ivan Demidov	nhl_rookie_autograph_memorabilia	eBay	crimsoncloakcollectibles	'	v1|800361419621|0	https://www.ebay.com/itm/800361419621	LIVE	2025-26 Parkhurst #236 Ivan Demidov Rookie Patch Auto #/25 Canadiens RC	{"q":["ivan-demidov.autograph-memorabilia"],"s":"DISCOVERY_SCOPE_PASS"}	{"status":"UNVERIFIED"}	preliminary|74c82f46e1a8beba59	ebay|crimsoncloakcollectibles|v1|800361419621|0	https://i.ebayimg.com/images/g/7mkAAeSw8EFqWrNT/s-l225.jpg	'	FALSE	FALSE	FALSE	FALSE	{}	'	'	'	'	'	'	'	'	'	'	UNASSESSED	[]	1799.95	0.99	'	'	'	'	'	'	'	'	'	'	'	'	'	'	'	'	INSUFFICIENT	'	'	'	'	'	'	'	'	'	'	'	'	'	'	'	'	MANUAL REVIEW / UNPRICED	FALSE	FALSE	["identity_unverified","exact_comps_missing","full_costs_unknown","owned_copy_check_missing"]	{"ep":["ivan_demidov"],"q":["ivan-demidov.autograph-memorabilia"],"id":"v1|800361419621|0"}
cand-s4-ebay-2534e901e0a9d3b628	dh-20260730T170046Z-7d4c2a91	4	2026-07-30T17:05:44.524826+00:00	MICHKOV OPC PLATINUM / opc_platinum_rookie_rainbow_or_better	Matvei Michkov	opc_platinum_rookie_parallel_or_autograph	eBay	dtmkyle	'	v1|116700938434|0	https://www.ebay.com/itm/116700938434	LIVE	🔥MATVEI MICHKOV🔥24/25 OPC Platinum RAINBOW Marquee Rookie Card	{"q":["matvei-michkov-opc-platinum.matvey-first-name"],"s":"DISCOVERY_SCOPE_PASS"}	{"status":"UNVERIFIED"}	preliminary|2534e901e0a9d3b628	ebay|dtmkyle|v1|116700938434|0	https://i.ebayimg.com/images/g/0FoAAeSweGxofuoi/s-l225.jpg	'	FALSE	FALSE	FALSE	FALSE	{}	'	'	'	'	'	'	'	'	'	'	UNASSESSED	[]	18.99		'	'	'	'	'	'	'	'	'	'	'	'	'	'	'	'	INSUFFICIENT	'	'	'	'	'	'	'	'	'	'	'	'	'	'	'	'	MANUAL REVIEW / UNPRICED	FALSE	FALSE	["identity_unverified","exact_comps_missing","full_costs_unknown","owned_copy_check_missing"]	{"ep":["matvei_michkov_opc_platinum"],"q":["matvei-michkov-opc-platinum.matvey-first-name"],"id":"v1|116700938434|0"}
cand-s4-ebay-138fad574c79915ca4	dh-20260730T170046Z-7d4c2a91	4	2026-07-30T17:05:44.524826+00:00	MICHKOV OPC PLATINUM / opc_platinum_rookie_rainbow_or_better	Matvei Michkov	opc_platinum_rookie_parallel_or_autograph	eBay	svsportscardsllc	'	v1|127623778599|0	https://www.ebay.com/itm/127623778599	LIVE	2024-25 O-Pee-Chee Platinum Retro Rainbow #R92 Matvei Michkov	{"q":["matvei-michkov-opc-platinum.exact-o-pee-chee-rainbow","matvei-michkov-opc-platinum.opc-rainbow","matvei-michkov-opc-platinum.o-pee-chee-no-punctuation","matvei-michkov-opc-platinum.matvey-first-name"],"s":"IMAGE_OR_IDENTITY_REVIEW_REQUIRED"}	{"status":"UNVERIFIED"}	preliminary|138fad574c79915ca4	ebay|svsportscardsllc|v1|127623778599|0	https://i.ebayimg.com/images/g/DF4AAeSwBqxpZ9jw/s-l225.jpg	'	FALSE	FALSE	FALSE	FALSE	{}	'	'	'	'	'	'	'	'	'	'	UNASSESSED	["rookie_status_not_explicit_verify_exact_card"]	14.95	0.85	'	'	'	'	'	'	'	'	'	'	'	'	'	'	'	'	INSUFFICIENT	'	'	'	'	'	'	'	'	'	'	'	'	'	'	'	'	MANUAL REVIEW / UNPRICED	FALSE	FALSE	["identity_unverified","exact_comps_missing","full_costs_unknown","owned_copy_check_missing","rookie_status_not_explicit_verify_exact_card"]	{"ep":["matvei_michkov_opc_platinum"],"q":["matvei-michkov-opc-platinum.exact-o-pee-chee-rainbow","matvei-michkov-opc-platinum.opc-rainbow","matvei-michkov-opc-platinum.o-pee-chee-no-punctuation","matvei-michkov-opc-platinum.matvey-first-name"],"id":"v1|127623778599|0"}
cand-s4-ebay-69305b07b6a76790bc	dh-20260730T170046Z-7d4c2a91	4	2026-07-30T17:05:44.524826+00:00	MICHKOV OPC PLATINUM / opc_platinum_rookie_rainbow_or_better	Matvei Michkov	opc_platinum_rookie_parallel_or_autograph	eBay	zac_ford91	'	v1|127723870121|0	https://www.ebay.com/itm/127723870121	LIVE	636 2024-25 O-Pee-Chee Platinum - Retro Rookies Matvei Michkov #R92 Rainbow (RC)	{"q":["matvei-michkov-opc-platinum.matvey-first-name"],"s":"DISCOVERY_SCOPE_PASS"}	{"status":"UNVERIFIED"}	preliminary|69305b07b6a76790bc	ebay|zac_ford91|v1|127723870121|0	https://i.ebayimg.com/images/g/YhcAAeSwNYFpq1aN/s-l225.jpg	'	FALSE	FALSE	FALSE	FALSE	{}	'	'	'	'	'	'	'	'	'	'	UNASSESSED	[]	9		'	'	'	'	'	'	'	'	'	'	'	'	'	'	'	'	INSUFFICIENT	'	'	'	'	'	'	'	'	'	'	'	'	'	'	'	'	MANUAL REVIEW / UNPRICED	FALSE	FALSE	["identity_unverified","exact_comps_missing","full_costs_unknown","owned_copy_check_missing"]	{"ep":["matvei_michkov_opc_platinum"],"q":["matvei-michkov-opc-platinum.matvey-first-name"],"id":"v1|127723870121|0"}
cand-s4-ebay-d8e5b8deb7f14ccfa3	dh-20260730T170046Z-7d4c2a91	4	2026-07-30T17:05:44.524826+00:00	MICHKOV OPC PLATINUM / opc_platinum_rookie_rainbow_or_better	Matvei Michkov	opc_platinum_rookie_parallel_or_autograph	eBay	ultsportscards	'	v1|167864708311|0	https://www.ebay.com/itm/167864708311	LIVE	2024 2024-25 O-Pee-Chee Platinum Retro Rainbow Rookie #R92 Matvei Michkov Flyers	{"q":["matvei-michkov-opc-platinum.matvey-first-name"],"s":"DISCOVERY_SCOPE_PASS"}	{"status":"UNVERIFIED"}	preliminary|d8e5b8deb7f14ccfa3	ebay|ultsportscards|v1|167864708311|0	https://i.ebayimg.com/images/g/r2YAAeSw5QFo8Ojr/s-l225.jpg	'	FALSE	FALSE	FALSE	FALSE	{}	'	'	'	'	'	'	'	'	'	'	UNASSESSED	[]	24.99	14.99	'	'	'	'	'	'	'	'	'	'	'	'	'	'	'	'	INSUFFICIENT	'	'	'	'	'	'	'	'	'	'	'	'	'	'	'	'	MANUAL REVIEW / UNPRICED	FALSE	FALSE	["identity_unverified","exact_comps_missing","full_costs_unknown","owned_copy_check_missing"]	{"ep":["matvei_michkov_opc_platinum"],"q":["matvei-michkov-opc-platinum.matvey-first-name"],"id":"v1|167864708311|0"}
cand-s4-ebay-0bf1546570b56d1d9e	dh-20260730T170046Z-7d4c2a91	4	2026-07-30T17:05:44.524826+00:00	MICHKOV OPC PLATINUM / opc_platinum_rookie_rainbow_or_better	Matvei Michkov	opc_platinum_rookie_parallel_or_autograph	eBay	samuel_roy_06	'	v1|188453942425|0	https://www.ebay.com/itm/188453942425	LIVE	Matvei Michkov 2024-25 O-Pee-Chee Platinum Marquee Rookie Rainbow #264 Flyers	{"q":["matvei-michkov-opc-platinum.exact-o-pee-chee-rainbow","matvei-michkov-opc-platinum.opc-rainbow","matvei-michkov-opc-platinum.o-pee-chee-no-punctuation","matvei-michkov-opc-platinum.matvey-first-name"],"s":"DISCOVERY_SCOPE_PASS"}	{"status":"UNVERIFIED"}	preliminary|0bf1546570b56d1d9e	ebay|samuel_roy_06|v1|188453942425|0	https://i.ebayimg.com/images/g/R18AAeSw-UlqHeXw/s-l225.jpg	'	FALSE	FALSE	FALSE	FALSE	{}	'	'	'	'	'	'	'	'	'	'	UNASSESSED	[]	6.97		'	'	'	'	'	'	'	'	'	'	'	'	'	'	'	'	INSUFFICIENT	'	'	'	'	'	'	'	'	'	'	'	'	'	'	'	'	MANUAL REVIEW / UNPRICED	FALSE	FALSE	["identity_unverified","exact_comps_missing","full_costs_unknown","owned_copy_check_missing"]	{"ep":["matvei_michkov_opc_platinum"],"q":["matvei-michkov-opc-platinum.exact-o-pee-chee-rainbow","matvei-michkov-opc-platinum.opc-rainbow","matvei-michkov-opc-platinum.o-pee-chee-no-punctuation","matvei-michkov-opc-platinum.matvey-first-name"],"id":"v1|188453942425|0"}
cand-s4-ebay-1ce90d28074f3692f6	dh-20260730T170046Z-7d4c2a91	4	2026-07-30T17:05:44.524826+00:00	MICHKOV OPC PLATINUM / opc_platinum_rookie_rainbow_or_better	Matvei Michkov	opc_platinum_rookie_parallel_or_autograph	eBay	mnwildroy	'	v1|188534742519|0	https://www.ebay.com/itm/188534742519	LIVE	Upper Deck 2024-25 O-Pee-Chee Platinum Matvei Michkov Auto RC /10 PSA 10	{"q":["matvei-michkov-opc-platinum.rookie-autographs"],"s":"DISCOVERY_SCOPE_PASS"}	{"status":"UNVERIFIED"}	preliminary|1ce90d28074f3692f6	ebay|mnwildroy|v1|188534742519|0	https://i.ebayimg.com/images/g/Mo0AAeSweeRqNai4/s-l225.jpg	'	FALSE	FALSE	FALSE	FALSE	{}	'	'	'	'	'	'	'	'	'	'	UNASSESSED	[]	3500		'	'	'	'	'	'	'	'	'	'	'	'	'	'	'	'	INSUFFICIENT	'	'	'	'	'	'	'	'	'	'	'	'	'	'	'	'	MANUAL REVIEW / UNPRICED	FALSE	FALSE	["identity_unverified","exact_comps_missing","full_costs_unknown","owned_copy_check_missing"]	{"ep":["matvei_michkov_opc_platinum"],"q":["matvei-michkov-opc-platinum.rookie-autographs"],"id":"v1|188534742519|0"}
cand-s4-ebay-01c75e360042eff221	dh-20260730T170046Z-7d4c2a91	4	2026-07-30T17:05:44.524826+00:00	MICHKOV OPC PLATINUM / opc_platinum_rookie_rainbow_or_better	Matvei Michkov	opc_platinum_rookie_parallel_or_autograph	eBay	samuel_roy_06	'	v1|188540323520|0	https://www.ebay.com/itm/188540323520	LIVE	O-Pee-Chee Platinum 2024-25 Matvei Michkov Rookie Rainbow Retro R92 Flyers NHL	{"q":["matvei-michkov-opc-platinum.exact-o-pee-chee-rainbow","matvei-michkov-opc-platinum.opc-rainbow","matvei-michkov-opc-platinum.o-pee-chee-no-punctuation","matvei-michkov-opc-platinum.matvey-first-name"],"s":"DISCOVERY_SCOPE_PASS"}	{"status":"UNVERIFIED"}	preliminary|01c75e360042eff221	ebay|samuel_roy_06|v1|188540323520|0	https://i.ebayimg.com/images/g/KUEAAeSwh8lqN3KQ/s-l225.jpg	'	FALSE	FALSE	FALSE	FALSE	{}	'	'	'	'	'	'	'	'	'	'	UNASSESSED	[]	7.97		'	'	'	'	'	'	'	'	'	'	'	'	'	'	'	'	INSUFFICIENT	'	'	'	'	'	'	'	'	'	'	'	'	'	'	'	'	MANUAL REVIEW / UNPRICED	FALSE	FALSE	["identity_unverified","exact_comps_missing","full_costs_unknown","owned_copy_check_missing"]	{"ep":["matvei_michkov_opc_platinum"],"q":["matvei-michkov-opc-platinum.exact-o-pee-chee-rainbow","matvei-michkov-opc-platinum.opc-rainbow","matvei-michkov-opc-platinum.o-pee-chee-no-punctuation","matvei-michkov-opc-platinum.matvey-first-name"],"id":"v1|188540323520|0"}
cand-s4-ebay-7eeb99ee006e0f553f	dh-20260730T170046Z-7d4c2a91	4	2026-07-30T17:05:44.524826+00:00	MICHKOV OPC PLATINUM / opc_platinum_rookie_rainbow_or_better	Matvei Michkov	opc_platinum_rookie_parallel_or_autograph	eBay	flipm0de27	'	v1|227110301398|0	https://www.ebay.com/itm/227110301398	LIVE	2024-25 O-PEE-CHEE PLATINUM - MATVEI MICHKOV COSMIC ROOKIE ON CARD AUTO 05/50	{"q":["matvei-michkov-opc-platinum.rookie-autographs"],"s":"DISCOVERY_SCOPE_PASS"}	{"status":"UNVERIFIED"}	preliminary|7eeb99ee006e0f553f	ebay|flipm0de27|v1|227110301398|0	https://i.ebayimg.com/images/g/O3oAAeSwMIJpLN7b/s-l225.jpg	'	FALSE	FALSE	FALSE	FALSE	{}	'	'	'	'	'	'	'	'	'	'	UNASSESSED	[]	395	4.99	'	'	'	'	'	'	'	'	'	'	'	'	'	'	'	'	INSUFFICIENT	'	'	'	'	'	'	'	'	'	'	'	'	'	'	'	'	MANUAL REVIEW / UNPRICED	FALSE	FALSE	["identity_unverified","exact_comps_missing","full_costs_unknown","owned_copy_check_missing"]	{"ep":["matvei_michkov_opc_platinum"],"q":["matvei-michkov-opc-platinum.rookie-autographs"],"id":"v1|227110301398|0"}
cand-s4-ebay-a83951976ed34922c1	dh-20260730T170046Z-7d4c2a91	4	2026-07-30T17:05:44.524826+00:00	MICHKOV OPC PLATINUM / opc_platinum_rookie_rainbow_or_better	Matvei Michkov	opc_platinum_rookie_parallel_or_autograph	eBay	newxon	'	v1|227341097578|0	https://www.ebay.com/itm/227341097578	LIVE	2024-25 OPC Platinum Marquee Rookie Rainbow Matvei Michkov 264 Flyers RC 7006	{"q":["matvei-michkov-opc-platinum.exact-o-pee-chee-rainbow","matvei-michkov-opc-platinum.opc-rainbow"],"s":"DISCOVERY_SCOPE_PASS"}	{"status":"UNVERIFIED"}	preliminary|a83951976ed34922c1	ebay|newxon|v1|227341097578|0	https://i.ebayimg.com/images/g/yKcAAeSwMCZqAyh1/s-l225.jpg	'	FALSE	FALSE	FALSE	FALSE	{}	'	'	'	'	'	'	'	'	'	'	UNASSESSED	[]	7.11	7.57	'	'	'	'	'	'	'	'	'	'	'	'	'	'	'	'	INSUFFICIENT	'	'	'	'	'	'	'	'	'	'	'	'	'	'	'	'	MANUAL REVIEW / UNPRICED	FALSE	FALSE	["identity_unverified","exact_comps_missing","full_costs_unknown","owned_copy_check_missing"]	{"ep":["matvei_michkov_opc_platinum"],"q":["matvei-michkov-opc-platinum.exact-o-pee-chee-rainbow","matvei-michkov-opc-platinum.opc-rainbow"],"id":"v1|227341097578|0"}
cand-s4-ebay-7fbe1520bdbd8b9471	dh-20260730T170046Z-7d4c2a91	4	2026-07-30T17:05:44.524826+00:00	MICHKOV OPC PLATINUM / opc_platinum_rookie_rainbow_or_better	Matvei Michkov	opc_platinum_rookie_parallel_or_autograph	eBay	comc_consignment	'	v1|236915009027|0	https://www.ebay.com/itm/236915009027	LIVE	2024 O-Pee-Chee Platinum Rookie Red Prism 1/30 Matvei Michkov #R-MM Auto RC 0hw	{"q":["matvei-michkov-opc-platinum.rookie-autographs"],"s":"DISCOVERY_SCOPE_PASS"}	{"status":"UNVERIFIED"}	preliminary|7fbe1520bdbd8b9471	ebay|comc_consignment|v1|236915009027|0	https://i.ebayimg.com/images/g/O2gAAeSwk8FqSBGg/s-l225.jpg	'	FALSE	FALSE	FALSE	FALSE	{}	'	'	'	'	'	'	'	'	'	'	UNASSESSED	[]	856.1	4.99	'	'	'	'	'	'	'	'	'	'	'	'	'	'	'	'	INSUFFICIENT	'	'	'	'	'	'	'	'	'	'	'	'	'	'	'	'	MANUAL REVIEW / UNPRICED	FALSE	FALSE	["identity_unverified","exact_comps_missing","full_costs_unknown","owned_copy_check_missing"]	{"ep":["matvei_michkov_opc_platinum"],"q":["matvei-michkov-opc-platinum.rookie-autographs"],"id":"v1|236915009027|0"}
cand-s4-ebay-294ee3b2d9e2e2033d	dh-20260730T170046Z-7d4c2a91	4	2026-07-30T17:05:44.524826+00:00	MICHKOV OPC PLATINUM / opc_platinum_rookie_rainbow_or_better	Matvei Michkov	opc_platinum_rookie_parallel_or_autograph	eBay	comc_consignment	'	v1|236922821237|0	https://www.ebay.com/itm/236922821237	LIVE	2024-25 O-Pee-Chee Platinum Retro Rookies Rainbow Matvei Michkov Rookie RC 08t3	{"q":["matvei-michkov-opc-platinum.exact-o-pee-chee-rainbow","matvei-michkov-opc-platinum.opc-rainbow","matvei-michkov-opc-platinum.o-pee-chee-no-punctuation","matvei-michkov-opc-platinum.matvey-first-name"],"s":"DISCOVERY_SCOPE_PASS"}	{"status":"UNVERIFIED"}	preliminary|294ee3b2d9e2e2033d	ebay|comc_consignment|v1|236922821237|0	https://i.ebayimg.com/images/g/qrEAAeSwCOdqTPNK/s-l225.jpg	'	FALSE	FALSE	FALSE	FALSE	{}	'	'	'	'	'	'	'	'	'	'	UNASSESSED	[]	4.56	4.99	'	'	'	'	'	'	'	'	'	'	'	'	'	'	'	'	INSUFFICIENT	'	'	'	'	'	'	'	'	'	'	'	'	'	'	'	'	MANUAL REVIEW / UNPRICED	FALSE	FALSE	["identity_unverified","exact_comps_missing","full_costs_unknown","owned_copy_check_missing"]	{"ep":["matvei_michkov_opc_platinum"],"q":["matvei-michkov-opc-platinum.exact-o-pee-chee-rainbow","matvei-michkov-opc-platinum.opc-rainbow","matvei-michkov-opc-platinum.o-pee-chee-no-punctuation","matvei-michkov-opc-platinum.matvey-first-name"],"id":"v1|236922821237|0"}
cand-s4-ebay-b22cb3dbf0b3c73967	dh-20260730T170046Z-7d4c2a91	4	2026-07-30T17:05:44.524826+00:00	MICHKOV OPC PLATINUM / opc_platinum_rookie_rainbow_or_better	Matvei Michkov	opc_platinum_rookie_parallel_or_autograph	eBay	comc_consignment	'	v1|236946073907|0	https://www.ebay.com/itm/236946073907	LIVE	2024 O-Pee-Chee Platinum Retro Rainbow Matvei Michkov #R92 Rookie RC READ 0r0m	{"q":["matvei-michkov-opc-platinum.exact-o-pee-chee-rainbow","matvei-michkov-opc-platinum.o-pee-chee-no-punctuation","matvei-michkov-opc-platinum.matvey-first-name"],"s":"DISCOVERY_SCOPE_PASS"}	{"status":"UNVERIFIED"}	preliminary|b22cb3dbf0b3c73967	ebay|comc_consignment|v1|236946073907|0	https://i.ebayimg.com/images/g/DW8AAeSwS0BqW3bD/s-l225.jpg	'	FALSE	FALSE	FALSE	FALSE	{}	'	'	'	'	'	'	'	'	'	'	UNASSESSED	[]	5.43	4.99	'	'	'	'	'	'	'	'	'	'	'	'	'	'	'	'	INSUFFICIENT	'	'	'	'	'	'	'	'	'	'	'	'	'	'	'	'	MANUAL REVIEW / UNPRICED	FALSE	FALSE	["identity_unverified","exact_comps_missing","full_costs_unknown","owned_copy_check_missing"]	{"ep":["matvei_michkov_opc_platinum"],"q":["matvei-michkov-opc-platinum.exact-o-pee-chee-rainbow","matvei-michkov-opc-platinum.o-pee-chee-no-punctuation","matvei-michkov-opc-platinum.matvey-first-name"],"id":"v1|236946073907|0"}
cand-s4-ebay-404f427d2a50f705c8	dh-20260730T170046Z-7d4c2a91	4	2026-07-30T17:05:44.524826+00:00	MICHKOV OPC PLATINUM / opc_platinum_rookie_rainbow_or_better	Matvei Michkov	opc_platinum_rookie_parallel_or_autograph	eBay	comc_consignment	'	v1|236946089175|0	https://www.ebay.com/itm/236946089175	LIVE	2024-25 O-Pee-Chee Platinum Rainbow Matvei Michkov #264 Rookie RC READ l7p	{"q":["matvei-michkov-opc-platinum.exact-o-pee-chee-rainbow","matvei-michkov-opc-platinum.o-pee-chee-no-punctuation"],"s":"DISCOVERY_SCOPE_PASS"}	{"status":"UNVERIFIED"}	preliminary|404f427d2a50f705c8	ebay|comc_consignment|v1|236946089175|0	https://i.ebayimg.com/images/g/cmsAAeSw1vZqW3h8/s-l225.jpg	'	FALSE	FALSE	FALSE	FALSE	{}	'	'	'	'	'	'	'	'	'	'	UNASSESSED	[]	4.05	4.99	'	'	'	'	'	'	'	'	'	'	'	'	'	'	'	'	INSUFFICIENT	'	'	'	'	'	'	'	'	'	'	'	'	'	'	'	'	MANUAL REVIEW / UNPRICED	FALSE	FALSE	["identity_unverified","exact_comps_missing","full_costs_unknown","owned_copy_check_missing"]	{"ep":["matvei_michkov_opc_platinum"],"q":["matvei-michkov-opc-platinum.exact-o-pee-chee-rainbow","matvei-michkov-opc-platinum.o-pee-chee-no-punctuation"],"id":"v1|236946089175|0"}
cand-s4-ebay-bb3b2e747d7f44423a	dh-20260730T170046Z-7d4c2a91	4	2026-07-30T17:05:44.524826+00:00	MICHKOV OPC PLATINUM / opc_platinum_rookie_rainbow_or_better	Matvei Michkov	opc_platinum_rookie_parallel_or_autograph	eBay	comc_consignment	'	v1|236956378982|0	https://www.ebay.com/itm/236956378982	LIVE	2024 O-Pee-Chee Platinum Rainbow Color Wheel Matvei Michkov Rookie RC READ 0il7	{"q":["matvei-michkov-opc-platinum.exact-o-pee-chee-rainbow","matvei-michkov-opc-platinum.opc-rainbow","matvei-michkov-opc-platinum.o-pee-chee-no-punctuation","matvei-michkov-opc-platinum.matvey-first-name"],"s":"DISCOVERY_SCOPE_PASS"}	{"status":"UNVERIFIED"}	preliminary|bb3b2e747d7f44423a	ebay|comc_consignment|v1|236956378982|0	https://i.ebayimg.com/images/g/ctYAAeSwUr5qYS8b/s-l225.jpg	'	FALSE	FALSE	FALSE	FALSE	{}	'	'	'	'	'	'	'	'	'	'	UNASSESSED	[]	5.02	4.99	'	'	'	'	'	'	'	'	'	'	'	'	'	'	'	'	INSUFFICIENT	'	'	'	'	'	'	'	'	'	'	'	'	'	'	'	'	MANUAL REVIEW / UNPRICED	FALSE	FALSE	["identity_unverified","exact_comps_missing","full_costs_unknown","owned_copy_check_missing"]	{"ep":["matvei_michkov_opc_platinum"],"q":["matvei-michkov-opc-platinum.exact-o-pee-chee-rainbow","matvei-michkov-opc-platinum.opc-rainbow","matvei-michkov-opc-platinum.o-pee-chee-no-punctuation","matvei-michkov-opc-platinum.matvey-first-name"],"id":"v1|236956378982|0"}
cand-s4-ebay-1ee4e607051c8fe0fb	dh-20260730T170046Z-7d4c2a91	4	2026-07-30T17:05:44.524826+00:00	MICHKOV OPC PLATINUM / opc_platinum_rookie_rainbow_or_better	Matvei Michkov	opc_platinum_rookie_parallel_or_autograph	eBay	mark.kersten	'	v1|257031988276|0	https://www.ebay.com/itm/257031988276	LIVE	2024-25 OPC Platinum Matvei Michkov Marquee Rookie, Marquee  Rookie Showmanship	{"q":["matvei-michkov-opc-platinum.opc-rainbow"],"s":"IMAGE_OR_IDENTITY_REVIEW_REQUIRED"}	{"status":"UNVERIFIED"}	preliminary|1ee4e607051c8fe0fb	ebay|mark.kersten|v1|257031988276|0	https://i.ebayimg.com/images/g/~vwAAeSwNo1ogYwQ/s-l225.jpg	'	FALSE	FALSE	FALSE	FALSE	{}	'	'	'	'	'	'	'	'	'	'	UNASSESSED	["rainbow_or_better_not_proven_from_title_verify_images"]	24.92	10.68	'	'	'	'	'	'	'	'	'	'	'	'	'	'	'	'	INSUFFICIENT	'	'	'	'	'	'	'	'	'	'	'	'	'	'	'	'	MANUAL REVIEW / UNPRICED	FALSE	FALSE	["identity_unverified","exact_comps_missing","full_costs_unknown","owned_copy_check_missing","rainbow_or_better_not_proven_from_title_verify_images"]	{"ep":["matvei_michkov_opc_platinum"],"q":["matvei-michkov-opc-platinum.opc-rainbow"],"id":"v1|257031988276|0"}
cand-s4-ebay-5ef1e52d8f63d616d4	dh-20260730T170046Z-7d4c2a91	4	2026-07-30T17:05:44.524826+00:00	MICHKOV OPC PLATINUM / opc_platinum_rookie_rainbow_or_better	Matvei Michkov	opc_platinum_rookie_parallel_or_autograph	eBay	comc_consignment	'	v1|257618405158|0	https://www.ebay.com/itm/257618405158	LIVE	2024-25 O-Pee-Chee Platinum Rainbow Matvei Michkov #264 Rookie RC READ 8tn	{"q":["matvei-michkov-opc-platinum.exact-o-pee-chee-rainbow","matvei-michkov-opc-platinum.o-pee-chee-no-punctuation","matvei-michkov-opc-platinum.matvey-first-name"],"s":"DISCOVERY_SCOPE_PASS"}	{"status":"UNVERIFIED"}	preliminary|5ef1e52d8f63d616d4	ebay|comc_consignment|v1|257618405158|0	https://i.ebayimg.com/images/g/CBoAAeSwQBhqU7UJ/s-l225.jpg	'	FALSE	FALSE	FALSE	FALSE	{}	'	'	'	'	'	'	'	'	'	'	UNASSESSED	[]	4.83	4.99	'	'	'	'	'	'	'	'	'	'	'	'	'	'	'	'	INSUFFICIENT	'	'	'	'	'	'	'	'	'	'	'	'	'	'	'	'	MANUAL REVIEW / UNPRICED	FALSE	FALSE	["identity_unverified","exact_comps_missing","full_costs_unknown","owned_copy_check_missing"]	{"ep":["matvei_michkov_opc_platinum"],"q":["matvei-michkov-opc-platinum.exact-o-pee-chee-rainbow","matvei-michkov-opc-platinum.o-pee-chee-no-punctuation","matvei-michkov-opc-platinum.matvey-first-name"],"id":"v1|257618405158|0"}
cand-s4-ebay-b970e5cfa7d7a02497	dh-20260730T170046Z-7d4c2a91	4	2026-07-30T17:05:44.524826+00:00	MICHKOV OPC PLATINUM / opc_platinum_rookie_rainbow_or_better	Matvei Michkov	opc_platinum_rookie_parallel_or_autograph	eBay	comc_consignment	'	v1|257628439669|0	https://www.ebay.com/itm/257628439669	LIVE	2024 O-Pee-Chee Platinum Retro Rookies Rainbow Matvei Michkov Rookie RC READ 9jn	{"q":["matvei-michkov-opc-platinum.matvey-first-name"],"s":"DISCOVERY_SCOPE_PASS"}	{"status":"UNVERIFIED"}	preliminary|b970e5cfa7d7a02497	ebay|comc_consignment|v1|257628439669|0	https://i.ebayimg.com/images/g/~oMAAeSwGjJqW9ON/s-l225.jpg	'	FALSE	FALSE	FALSE	FALSE	{}	'	'	'	'	'	'	'	'	'	'	UNASSESSED	[]	6	4.99	'	'	'	'	'	'	'	'	'	'	'	'	'	'	'	'	INSUFFICIENT	'	'	'	'	'	'	'	'	'	'	'	'	'	'	'	'	MANUAL REVIEW / UNPRICED	FALSE	FALSE	["identity_unverified","exact_comps_missing","full_costs_unknown","owned_copy_check_missing"]	{"ep":["matvei_michkov_opc_platinum"],"q":["matvei-michkov-opc-platinum.matvey-first-name"],"id":"v1|257628439669|0"}
cand-s4-ebay-0d6c8059c76ea3b70d	dh-20260730T170046Z-7d4c2a91	4	2026-07-30T17:05:44.524826+00:00	MICHKOV OPC PLATINUM / opc_platinum_rookie_rainbow_or_better	Matvei Michkov	opc_platinum_rookie_parallel_or_autograph	eBay	lucianovinci7	'	v1|277816837429|0	https://www.ebay.com/itm/277816837429	LIVE	Matvei Michkov 2024-25 O-Pee-Chee Platinum Marquee Rookie Rainbow #264 Flyers	{"q":["matvei-michkov-opc-platinum.exact-o-pee-chee-rainbow","matvei-michkov-opc-platinum.opc-rainbow","matvei-michkov-opc-platinum.o-pee-chee-no-punctuation","matvei-michkov-opc-platinum.matvey-first-name"],"s":"DISCOVERY_SCOPE_PASS"}	{"status":"UNVERIFIED"}	preliminary|0d6c8059c76ea3b70d	ebay|lucianovinci7|v1|277816837429|0	https://i.ebayimg.com/images/g/kOIAAeSwIO1pu-1p/s-l225.jpg	'	FALSE	FALSE	FALSE	FALSE	{}	'	'	'	'	'	'	'	'	'	'	UNASSESSED	[]	10	1.5	'	'	'	'	'	'	'	'	'	'	'	'	'	'	'	'	INSUFFICIENT	'	'	'	'	'	'	'	'	'	'	'	'	'	'	'	'	MANUAL REVIEW / UNPRICED	FALSE	FALSE	["identity_unverified","exact_comps_missing","full_costs_unknown","owned_copy_check_missing"]	{"ep":["matvei_michkov_opc_platinum"],"q":["matvei-michkov-opc-platinum.exact-o-pee-chee-rainbow","matvei-michkov-opc-platinum.opc-rainbow","matvei-michkov-opc-platinum.o-pee-chee-no-punctuation","matvei-michkov-opc-platinum.matvey-first-name"],"id":"v1|277816837429|0"}
cand-s4-ebay-a698d066ab0f1e95b8	dh-20260730T170046Z-7d4c2a91	4	2026-07-30T17:05:44.524826+00:00	MICHKOV OPC PLATINUM / opc_platinum_rookie_rainbow_or_better	Matvei Michkov	opc_platinum_rookie_parallel_or_autograph	eBay	lorenzmancin2	'	v1|286717752088|0	https://www.ebay.com/itm/286717752088	LIVE	Matvei Michkov Pink Magma Rookie Auto SP 2024-25 O-Pee-Chee Platinum	{"q":["matvei-michkov-opc-platinum.rookie-autographs"],"s":"DISCOVERY_SCOPE_PASS"}	{"status":"UNVERIFIED"}	preliminary|a698d066ab0f1e95b8	ebay|lorenzmancin2|v1|286717752088|0	https://i.ebayimg.com/images/g/H3sAAeSwHp5oe9uF/s-l225.jpg	'	FALSE	FALSE	FALSE	FALSE	{}	'	'	'	'	'	'	'	'	'	'	UNASSESSED	[]	1138.32	14.23	'	'	'	'	'	'	'	'	'	'	'	'	'	'	'	'	INSUFFICIENT	'	'	'	'	'	'	'	'	'	'	'	'	'	'	'	'	MANUAL REVIEW / UNPRICED	FALSE	FALSE	["identity_unverified","exact_comps_missing","full_costs_unknown","owned_copy_check_missing"]	{"ep":["matvei_michkov_opc_platinum"],"q":["matvei-michkov-opc-platinum.rookie-autographs"],"id":"v1|286717752088|0"}
cand-s4-ebay-7aeef810e490611572	dh-20260730T170046Z-7d4c2a91	4	2026-07-30T17:05:44.524826+00:00	MICHKOV OPC PLATINUM / opc_platinum_rookie_rainbow_or_better	Matvei Michkov	opc_platinum_rookie_parallel_or_autograph	eBay	johnnyhockey1976	'	v1|287196448337|0	https://www.ebay.com/itm/287196448337	LIVE	2024 O-PEE-CHEE PLATINUM #264 MATVEI MICHKOV RC MARQUEE ROOKIE ROOKIE	{"q":["matvei-michkov-opc-platinum.exact-o-pee-chee-rainbow","matvei-michkov-opc-platinum.opc-rainbow","matvei-michkov-opc-platinum.o-pee-chee-no-punctuation","matvei-michkov-opc-platinum.matvey-first-name"],"s":"IMAGE_OR_IDENTITY_REVIEW_REQUIRED"}	{"status":"UNVERIFIED"}	preliminary|7aeef810e490611572	ebay|johnnyhockey1976|v1|287196448337|0	https://i.ebayimg.com/images/g/QNAAAeSwPxdpb8KA/s-l225.jpg	'	FALSE	FALSE	FALSE	FALSE	{}	'	'	'	'	'	'	'	'	'	'	UNASSESSED	["rainbow_or_better_not_proven_from_title_verify_images"]	3.75		'	'	'	'	'	'	'	'	'	'	'	'	'	'	'	'	INSUFFICIENT	'	'	'	'	'	'	'	'	'	'	'	'	'	'	'	'	MANUAL REVIEW / UNPRICED	FALSE	FALSE	["identity_unverified","exact_comps_missing","full_costs_unknown","owned_copy_check_missing","rainbow_or_better_not_proven_from_title_verify_images"]	{"ep":["matvei_michkov_opc_platinum"],"q":["matvei-michkov-opc-platinum.exact-o-pee-chee-rainbow","matvei-michkov-opc-platinum.opc-rainbow","matvei-michkov-opc-platinum.o-pee-chee-no-punctuation","matvei-michkov-opc-platinum.matvey-first-name"],"id":"v1|287196448337|0"}
cand-s4-ebay-74618d25feb3902d90	dh-20260730T170046Z-7d4c2a91	4	2026-07-30T17:05:44.524826+00:00	MICHKOV OPC PLATINUM / opc_platinum_rookie_rainbow_or_better	Matvei Michkov	opc_platinum_rookie_parallel_or_autograph	eBay	joeshillings	'	v1|287485450395|0	https://www.ebay.com/itm/287485450395	LIVE	2024-25 O-Pee-Chee Platinum Retro Rookies Matvei Michkov #R92 Rainbow (RC)	{"q":["matvei-michkov-opc-platinum.exact-o-pee-chee-rainbow","matvei-michkov-opc-platinum.opc-rainbow","matvei-michkov-opc-platinum.o-pee-chee-no-punctuation","matvei-michkov-opc-platinum.matvey-first-name"],"s":"DISCOVERY_SCOPE_PASS"}	{"status":"UNVERIFIED"}	preliminary|74618d25feb3902d90	ebay|joeshillings|v1|287485450395|0	https://i.ebayimg.com/images/g/cRAAAeSw-jdqZjhG/s-l225.jpg	'	FALSE	FALSE	FALSE	FALSE	{}	'	'	'	'	'	'	'	'	'	'	UNASSESSED	[]	10		'	'	'	'	'	'	'	'	'	'	'	'	'	'	'	'	INSUFFICIENT	'	'	'	'	'	'	'	'	'	'	'	'	'	'	'	'	MANUAL REVIEW / UNPRICED	FALSE	FALSE	["identity_unverified","exact_comps_missing","full_costs_unknown","owned_copy_check_missing"]	{"ep":["matvei_michkov_opc_platinum"],"q":["matvei-michkov-opc-platinum.exact-o-pee-chee-rainbow","matvei-michkov-opc-platinum.opc-rainbow","matvei-michkov-opc-platinum.o-pee-chee-no-punctuation","matvei-michkov-opc-platinum.matvey-first-name"],"id":"v1|287485450395|0"}
cand-s4-ebay-2a4a3798fcaaa20ab0	dh-20260730T170046Z-7d4c2a91	4	2026-07-30T17:05:44.524826+00:00	MICHKOV OPC PLATINUM / opc_platinum_rookie_rainbow_or_better	Matvei Michkov	opc_platinum_rookie_parallel_or_autograph	eBay	psa	'	v1|298545038736|0	https://www.ebay.com/itm/298545038736	LIVE	2024 UD O-PEE-CHEE PLATINUM ROOKIE AUTOS SEISMIC GOLD MATVEI MICHKOV 18/25 PSA 9	{"q":["matvei-michkov-opc-platinum.rookie-autographs"],"s":"DISCOVERY_SCOPE_PASS"}	{"status":"UNVERIFIED"}	preliminary|2a4a3798fcaaa20ab0	ebay|psa|v1|298545038736|0	https://i.ebayimg.com/images/g/8AgAAeSwgWRpXoER/s-l225.jpg	'	FALSE	FALSE	FALSE	FALSE	{}	'	'	'	'	'	'	'	'	'	'	UNASSESSED	[]	1000	5.99	'	'	'	'	'	'	'	'	'	'	'	'	'	'	'	'	INSUFFICIENT	'	'	'	'	'	'	'	'	'	'	'	'	'	'	'	'	MANUAL REVIEW / UNPRICED	FALSE	FALSE	["identity_unverified","exact_comps_missing","full_costs_unknown","owned_copy_check_missing"]	{"ep":["matvei_michkov_opc_platinum"],"q":["matvei-michkov-opc-platinum.rookie-autographs"],"id":"v1|298545038736|0"}
cand-s4-ebay-99832afc27e79772a4	dh-20260730T170046Z-7d4c2a91	4	2026-07-30T17:05:44.524826+00:00	MICHKOV OPC PLATINUM / opc_platinum_rookie_rainbow_or_better	Matvei Michkov	opc_platinum_rookie_parallel_or_autograph	eBay	vancitytr-85	'	v1|306933531830|0	https://www.ebay.com/itm/306933531830	LIVE	2024-25 O-Pee-Chee Platinum #264 Matvei Michkov Rookie Rainbow 🌈 Mint	{"q":["matvei-michkov-opc-platinum.opc-rainbow","matvei-michkov-opc-platinum.o-pee-chee-no-punctuation"],"s":"DISCOVERY_SCOPE_PASS"}	{"status":"UNVERIFIED"}	preliminary|99832afc27e79772a4	ebay|vancitytr-85|v1|306933531830|0	https://i.ebayimg.com/images/g/KocAAeSwpZhqArGz/s-l225.jpg	'	FALSE	FALSE	FALSE	FALSE	{}	'	'	'	'	'	'	'	'	'	'	UNASSESSED	[]	9.97	5.66	'	'	'	'	'	'	'	'	'	'	'	'	'	'	'	'	INSUFFICIENT	'	'	'	'	'	'	'	'	'	'	'	'	'	'	'	'	MANUAL REVIEW / UNPRICED	FALSE	FALSE	["identity_unverified","exact_comps_missing","full_costs_unknown","owned_copy_check_missing"]	{"ep":["matvei_michkov_opc_platinum"],"q":["matvei-michkov-opc-platinum.opc-rainbow","matvei-michkov-opc-platinum.o-pee-chee-no-punctuation"],"id":"v1|306933531830|0"}
cand-s4-ebay-d7ed28f5dd6c3a28f6	dh-20260730T170046Z-7d4c2a91	4	2026-07-30T17:05:44.524826+00:00	MICHKOV OPC PLATINUM / opc_platinum_rookie_rainbow_or_better	Matvei Michkov	opc_platinum_rookie_parallel_or_autograph	eBay	sulleycollects	'	v1|318010432611|0	https://www.ebay.com/itm/318010432611	LIVE	2024-25 O-Pee-Chee Platinum Rainbow Rookie Matvei Michkov #R92 Flyers Retro	{"q":["matvei-michkov-opc-platinum.exact-o-pee-chee-rainbow","matvei-michkov-opc-platinum.opc-rainbow","matvei-michkov-opc-platinum.o-pee-chee-no-punctuation","matvei-michkov-opc-platinum.matvey-first-name"],"s":"DISCOVERY_SCOPE_PASS"}	{"status":"UNVERIFIED"}	preliminary|d7ed28f5dd6c3a28f6	ebay|sulleycollects|v1|318010432611|0	https://i.ebayimg.com/images/g/PuYAAeSwezhpt1Eo/s-l225.jpg	'	FALSE	FALSE	FALSE	FALSE	{}	'	'	'	'	'	'	'	'	'	'	UNASSESSED	[]	6.71		'	'	'	'	'	'	'	'	'	'	'	'	'	'	'	'	INSUFFICIENT	'	'	'	'	'	'	'	'	'	'	'	'	'	'	'	'	MANUAL REVIEW / UNPRICED	FALSE	FALSE	["identity_unverified","exact_comps_missing","full_costs_unknown","owned_copy_check_missing"]	{"ep":["matvei_michkov_opc_platinum"],"q":["matvei-michkov-opc-platinum.exact-o-pee-chee-rainbow","matvei-michkov-opc-platinum.opc-rainbow","matvei-michkov-opc-platinum.o-pee-chee-no-punctuation","matvei-michkov-opc-platinum.matvey-first-name"],"id":"v1|318010432611|0"}
cand-s4-ebay-4dc57ad0a2971d333a	dh-20260730T170046Z-7d4c2a91	4	2026-07-30T17:05:44.524826+00:00	MICHKOV OPC PLATINUM / opc_platinum_rookie_rainbow_or_better	Matvei Michkov	opc_platinum_rookie_parallel_or_autograph	eBay	sulleycollects	'	v1|318406257341|0	https://www.ebay.com/itm/318406257341	LIVE	Matvei Michkov 2024-25 O-Pee-Chee Platinum Marquee Rookie Rainbow #264 Flyers	{"q":["matvei-michkov-opc-platinum.exact-o-pee-chee-rainbow","matvei-michkov-opc-platinum.opc-rainbow","matvei-michkov-opc-platinum.o-pee-chee-no-punctuation","matvei-michkov-opc-platinum.matvey-first-name"],"s":"DISCOVERY_SCOPE_PASS"}	{"status":"UNVERIFIED"}	preliminary|4dc57ad0a2971d333a	ebay|sulleycollects|v1|318406257341|0	https://i.ebayimg.com/images/g/4yoAAeSwS89qH29S/s-l225.jpg	'	FALSE	FALSE	FALSE	FALSE	{}	'	'	'	'	'	'	'	'	'	'	UNASSESSED	[]	6.99	1.36	'	'	'	'	'	'	'	'	'	'	'	'	'	'	'	'	INSUFFICIENT	'	'	'	'	'	'	'	'	'	'	'	'	'	'	'	'	MANUAL REVIEW / UNPRICED	FALSE	FALSE	["identity_unverified","exact_comps_missing","full_costs_unknown","owned_copy_check_missing"]	{"ep":["matvei_michkov_opc_platinum"],"q":["matvei-michkov-opc-platinum.exact-o-pee-chee-rainbow","matvei-michkov-opc-platinum.opc-rainbow","matvei-michkov-opc-platinum.o-pee-chee-no-punctuation","matvei-michkov-opc-platinum.matvey-first-name"],"id":"v1|318406257341|0"}
cand-s4-ebay-4defb86cb7fcae535b	dh-20260730T170046Z-7d4c2a91	4	2026-07-30T17:05:44.524826+00:00	MICHKOV OPC PLATINUM / opc_platinum_rookie_rainbow_or_better	Matvei Michkov	opc_platinum_rookie_parallel_or_autograph	eBay	dr.tooth	'	v1|336052535217|0	https://www.ebay.com/itm/336052535217	LIVE	Matvei Michkov 2024-25  OPC  Platinum SP RC Rainbow	{"q":["matvei-michkov-opc-platinum.exact-o-pee-chee-rainbow","matvei-michkov-opc-platinum.opc-rainbow","matvei-michkov-opc-platinum.o-pee-chee-no-punctuation","matvei-michkov-opc-platinum.matvey-first-name"],"s":"DISCOVERY_SCOPE_PASS"}	{"status":"UNVERIFIED"}	preliminary|4defb86cb7fcae535b	ebay|dr.tooth|v1|336052535217|0	https://i.ebayimg.com/images/g/bzUAAeSwmd5oano9/s-l225.jpg	'	FALSE	FALSE	FALSE	FALSE	{}	'	'	'	'	'	'	'	'	'	'	UNASSESSED	[]	65.99	8.5	'	'	'	'	'	'	'	'	'	'	'	'	'	'	'	'	INSUFFICIENT	'	'	'	'	'	'	'	'	'	'	'	'	'	'	'	'	MANUAL REVIEW / UNPRICED	FALSE	FALSE	["identity_unverified","exact_comps_missing","full_costs_unknown","owned_copy_check_missing"]	{"ep":["matvei_michkov_opc_platinum"],"q":["matvei-michkov-opc-platinum.exact-o-pee-chee-rainbow","matvei-michkov-opc-platinum.opc-rainbow","matvei-michkov-opc-platinum.o-pee-chee-no-punctuation","matvei-michkov-opc-platinum.matvey-first-name"],"id":"v1|336052535217|0"}
cand-s4-ebay-3294a1473fb45cf0a3	dh-20260730T170046Z-7d4c2a91	4	2026-07-30T17:05:44.524826+00:00	MICHKOV OPC PLATINUM / opc_platinum_rookie_rainbow_or_better	Matvei Michkov	opc_platinum_rookie_parallel_or_autograph	eBay	mattsdugoutfl	'	v1|336388497232|0	https://www.ebay.com/itm/336388497232	LIVE	2024 OPC  Platinum Matvei Michkov Rookie Auto Cosmic /50 PSA 8	{"q":["matvei-michkov-opc-platinum.rookie-autographs"],"s":"DISCOVERY_SCOPE_PASS"}	{"status":"UNVERIFIED"}	preliminary|3294a1473fb45cf0a3	ebay|mattsdugoutfl|v1|336388497232|0	https://i.ebayimg.com/images/g/o7UAAeSw21ZpZrF4/s-l225.jpg	'	FALSE	FALSE	FALSE	FALSE	{}	'	'	'	'	'	'	'	'	'	'	UNASSESSED	[]	495	4.99	'	'	'	'	'	'	'	'	'	'	'	'	'	'	'	'	INSUFFICIENT	'	'	'	'	'	'	'	'	'	'	'	'	'	'	'	'	MANUAL REVIEW / UNPRICED	FALSE	FALSE	["identity_unverified","exact_comps_missing","full_costs_unknown","owned_copy_check_missing"]	{"ep":["matvei_michkov_opc_platinum"],"q":["matvei-michkov-opc-platinum.rookie-autographs"],"id":"v1|336388497232|0"}
cand-s4-ebay-93c70381aa79e9d879	dh-20260730T170046Z-7d4c2a91	4	2026-07-30T17:05:44.524826+00:00	MICHKOV OPC PLATINUM / opc_platinum_rookie_rainbow_or_better	Matvei Michkov	opc_platinum_rookie_parallel_or_autograph	eBay	comc_consignment	'	v1|336683918296|0	https://www.ebay.com/itm/336683918296	LIVE	2024-25 O-Pee-Chee Platinum Rookie Matvei Michkov #R-MM Auto RC 0iv9	{"q":["matvei-michkov-opc-platinum.rookie-autographs"],"s":"DISCOVERY_SCOPE_PASS"}	{"status":"UNVERIFIED"}	preliminary|93c70381aa79e9d879	ebay|comc_consignment|v1|336683918296|0	https://i.ebayimg.com/images/g/hvQAAeSwZlJqUtNK/s-l225.jpg	'	FALSE	FALSE	FALSE	FALSE	{}	'	'	'	'	'	'	'	'	'	'	UNASSESSED	[]	287.2	4.99	'	'	'	'	'	'	'	'	'	'	'	'	'	'	'	'	INSUFFICIENT	'	'	'	'	'	'	'	'	'	'	'	'	'	'	'	'	MANUAL REVIEW / UNPRICED	FALSE	FALSE	["identity_unverified","exact_comps_missing","full_costs_unknown","owned_copy_check_missing"]	{"ep":["matvei_michkov_opc_platinum"],"q":["matvei-michkov-opc-platinum.rookie-autographs"],"id":"v1|336683918296|0"}
cand-s4-ebay-1864d16d63aa3e57e5	dh-20260730T170046Z-7d4c2a91	4	2026-07-30T17:05:44.524826+00:00	MICHKOV OPC PLATINUM / opc_platinum_rookie_rainbow_or_better	Matvei Michkov	opc_platinum_rookie_parallel_or_autograph	eBay	comc_consignment	'	v1|336683918454|0	https://www.ebay.com/itm/336683918454	LIVE	2024 O-Pee-Chee Platinum Rookie Cosmic 40/50 Matvei Michkov #R-MM Auto RC 15sc	{"q":["matvei-michkov-opc-platinum.rookie-autographs"],"s":"DISCOVERY_SCOPE_PASS"}	{"status":"UNVERIFIED"}	preliminary|1864d16d63aa3e57e5	ebay|comc_consignment|v1|336683918454|0	https://i.ebayimg.com/images/g/T34AAeSwPxJqUtNU/s-l225.jpg	'	FALSE	FALSE	FALSE	FALSE	{}	'	'	'	'	'	'	'	'	'	'	UNASSESSED	[]	637.2	4.99	'	'	'	'	'	'	'	'	'	'	'	'	'	'	'	'	INSUFFICIENT	'	'	'	'	'	'	'	'	'	'	'	'	'	'	'	'	MANUAL REVIEW / UNPRICED	FALSE	FALSE	["identity_unverified","exact_comps_missing","full_costs_unknown","owned_copy_check_missing"]	{"ep":["matvei_michkov_opc_platinum"],"q":["matvei-michkov-opc-platinum.rookie-autographs"],"id":"v1|336683918454|0"}
cand-s4-ebay-0b2ca4ed3043c18078	dh-20260730T170046Z-7d4c2a91	4	2026-07-30T17:05:44.524826+00:00	MICHKOV OPC PLATINUM / opc_platinum_rookie_rainbow_or_better	Matvei Michkov	opc_platinum_rookie_parallel_or_autograph	eBay	comc_consignment	'	v1|336694298077|0	https://www.ebay.com/itm/336694298077	LIVE	2024-25 O-Pee-Chee Platinum Rainbow Matvei Michkov #264 Rookie RC READ 11f7	{"q":["matvei-michkov-opc-platinum.exact-o-pee-chee-rainbow","matvei-michkov-opc-platinum.o-pee-chee-no-punctuation","matvei-michkov-opc-platinum.matvey-first-name"],"s":"DISCOVERY_SCOPE_PASS"}	{"status":"UNVERIFIED"}	preliminary|0b2ca4ed3043c18078	ebay|comc_consignment|v1|336694298077|0	https://i.ebayimg.com/images/g/a04AAeSwPFVqWyge/s-l225.jpg	'	FALSE	FALSE	FALSE	FALSE	{}	'	'	'	'	'	'	'	'	'	'	UNASSESSED	[]	6.29	4.99	'	'	'	'	'	'	'	'	'	'	'	'	'	'	'	'	INSUFFICIENT	'	'	'	'	'	'	'	'	'	'	'	'	'	'	'	'	MANUAL REVIEW / UNPRICED	FALSE	FALSE	["identity_unverified","exact_comps_missing","full_costs_unknown","owned_copy_check_missing"]	{"ep":["matvei_michkov_opc_platinum"],"q":["matvei-michkov-opc-platinum.exact-o-pee-chee-rainbow","matvei-michkov-opc-platinum.o-pee-chee-no-punctuation","matvei-michkov-opc-platinum.matvey-first-name"],"id":"v1|336694298077|0"}
cand-s4-ebay-af68822a81c41f0aa4	dh-20260730T170046Z-7d4c2a91	4	2026-07-30T17:05:44.524826+00:00	MICHKOV OPC PLATINUM / opc_platinum_rookie_rainbow_or_better	Matvei Michkov	opc_platinum_rookie_parallel_or_autograph	eBay	comc_consignment	'	v1|336694805001|0	https://www.ebay.com/itm/336694805001	LIVE	2024-25 O-Pee-Chee Platinum Rainbow Matvei Michkov #264 Rookie RC READ 1t5g	{"q":["matvei-michkov-opc-platinum.exact-o-pee-chee-rainbow","matvei-michkov-opc-platinum.o-pee-chee-no-punctuation"],"s":"DISCOVERY_SCOPE_PASS"}	{"status":"UNVERIFIED"}	preliminary|af68822a81c41f0aa4	ebay|comc_consignment|v1|336694805001|0	https://i.ebayimg.com/images/g/b0EAAeSw3QtqW3h8/s-l225.jpg	'	FALSE	FALSE	FALSE	FALSE	{}	'	'	'	'	'	'	'	'	'	'	UNASSESSED	[]	6.58	4.99	'	'	'	'	'	'	'	'	'	'	'	'	'	'	'	'	INSUFFICIENT	'	'	'	'	'	'	'	'	'	'	'	'	'	'	'	'	MANUAL REVIEW / UNPRICED	FALSE	FALSE	["identity_unverified","exact_comps_missing","full_costs_unknown","owned_copy_check_missing"]	{"ep":["matvei_michkov_opc_platinum"],"q":["matvei-michkov-opc-platinum.exact-o-pee-chee-rainbow","matvei-michkov-opc-platinum.o-pee-chee-no-punctuation"],"id":"v1|336694805001|0"}
cand-s4-ebay-e8c6d1c1557ecf8630	dh-20260730T170046Z-7d4c2a91	4	2026-07-30T17:05:44.524826+00:00	MICHKOV OPC PLATINUM / opc_platinum_rookie_rainbow_or_better	Matvei Michkov	opc_platinum_rookie_parallel_or_autograph	eBay	comc_consignment	'	v1|336709861177|0	https://www.ebay.com/itm/336709861177	LIVE	2024 O-Pee-Chee Platinum Retro Rainbow Matvei Michkov #R92 Rookie RC READ 1tf5	{"q":["matvei-michkov-opc-platinum.exact-o-pee-chee-rainbow","matvei-michkov-opc-platinum.opc-rainbow","matvei-michkov-opc-platinum.o-pee-chee-no-punctuation","matvei-michkov-opc-platinum.matvey-first-name"],"s":"DISCOVERY_SCOPE_PASS"}	{"status":"UNVERIFIED"}	preliminary|e8c6d1c1557ecf8630	ebay|comc_consignment|v1|336709861177|0	https://i.ebayimg.com/images/g/1dsAAeSwc5lqZp3y/s-l225.jpg	'	FALSE	FALSE	FALSE	FALSE	{}	'	'	'	'	'	'	'	'	'	'	UNASSESSED	[]	5.43	4.99	'	'	'	'	'	'	'	'	'	'	'	'	'	'	'	'	INSUFFICIENT	'	'	'	'	'	'	'	'	'	'	'	'	'	'	'	'	MANUAL REVIEW / UNPRICED	FALSE	FALSE	["identity_unverified","exact_comps_missing","full_costs_unknown","owned_copy_check_missing"]	{"ep":["matvei_michkov_opc_platinum"],"q":["matvei-michkov-opc-platinum.exact-o-pee-chee-rainbow","matvei-michkov-opc-platinum.opc-rainbow","matvei-michkov-opc-platinum.o-pee-chee-no-punctuation","matvei-michkov-opc-platinum.matvey-first-name"],"id":"v1|336709861177|0"}
cand-s4-ebay-bbb46cdb0d5809c5e0	dh-20260730T170046Z-7d4c2a91	4	2026-07-30T17:05:44.524826+00:00	MICHKOV OPC PLATINUM / opc_platinum_rookie_rainbow_or_better	Matvei Michkov	opc_platinum_rookie_parallel_or_autograph	eBay	tmg_collectables	'	v1|376981668645|0	https://www.ebay.com/itm/376981668645	LIVE	2024-25 O-Pee Chee Platinum Matvei Michkov Seismic Gold 49/50 MARQUEE ROOKIE RC	{"q":["matvei-michkov-opc-platinum.rookie-autographs"],"s":"DISCOVERY_SCOPE_PASS"}	{"status":"UNVERIFIED"}	preliminary|bbb46cdb0d5809c5e0	ebay|tmg_collectables|v1|376981668645|0	https://i.ebayimg.com/images/g/Mm0AAeSwzGxpmjjV/s-l225.jpg	'	FALSE	FALSE	FALSE	FALSE	{}	'	'	'	'	'	'	'	'	'	'	UNASSESSED	[]	569.51	14.23	'	'	'	'	'	'	'	'	'	'	'	'	'	'	'	'	INSUFFICIENT	'	'	'	'	'	'	'	'	'	'	'	'	'	'	'	'	MANUAL REVIEW / UNPRICED	FALSE	FALSE	["identity_unverified","exact_comps_missing","full_costs_unknown","owned_copy_check_missing"]	{"ep":["matvei_michkov_opc_platinum"],"q":["matvei-michkov-opc-platinum.rookie-autographs"],"id":"v1|376981668645|0"}
cand-s4-ebay-93f1125f6fcd75bef2	dh-20260730T170046Z-7d4c2a91	4	2026-07-30T17:05:44.524826+00:00	MICHKOV OPC PLATINUM / opc_platinum_rookie_rainbow_or_better	Matvei Michkov	opc_platinum_rookie_parallel_or_autograph	eBay	tmg_collectables	'	v1|377209057958|0	https://www.ebay.com/itm/377209057958	LIVE	2024-25 O-Pee-Chee Platinum MARQUEE ROOKIE SILVER FOIL Matvei Michkov Mint RC	{"q":["matvei-michkov-opc-platinum.rookie-autographs"],"s":"IMAGE_OR_IDENTITY_REVIEW_REQUIRED"}	{"status":"UNVERIFIED"}	preliminary|93f1125f6fcd75bef2	ebay|tmg_collectables|v1|377209057958|0	https://i.ebayimg.com/images/g/XOIAAeSwE7locpFS/s-l225.jpg	'	FALSE	FALSE	FALSE	FALSE	{}	'	'	'	'	'	'	'	'	'	'	UNASSESSED	["rainbow_or_better_not_proven_from_title_verify_images"]	14.23	4.26	'	'	'	'	'	'	'	'	'	'	'	'	'	'	'	'	INSUFFICIENT	'	'	'	'	'	'	'	'	'	'	'	'	'	'	'	'	MANUAL REVIEW / UNPRICED	FALSE	FALSE	["identity_unverified","exact_comps_missing","full_costs_unknown","owned_copy_check_missing","rainbow_or_better_not_proven_from_title_verify_images"]	{"ep":["matvei_michkov_opc_platinum"],"q":["matvei-michkov-opc-platinum.rookie-autographs"],"id":"v1|377209057958|0"}
cand-s4-ebay-a5c6c53881891f7603	dh-20260730T170046Z-7d4c2a91	4	2026-07-30T17:05:44.524826+00:00	MICHKOV OPC PLATINUM / opc_platinum_rookie_rainbow_or_better	Matvei Michkov	opc_platinum_rookie_parallel_or_autograph	eBay	tmg_collectables	'	v1|377324246629|0	https://www.ebay.com/itm/377324246629	LIVE	2024-25 O-Pee-Chee Platinum Matvei Michkov ROOKIE CARD Sweet Selections Mint RC.	{"q":["matvei-michkov-opc-platinum.rookie-autographs"],"s":"IMAGE_OR_IDENTITY_REVIEW_REQUIRED"}	{"status":"UNVERIFIED"}	preliminary|a5c6c53881891f7603	ebay|tmg_collectables|v1|377324246629|0	https://i.ebayimg.com/images/g/y48AAeSwuORocpKQ/s-l225.jpg	'	FALSE	FALSE	FALSE	FALSE	{}	'	'	'	'	'	'	'	'	'	'	UNASSESSED	["rainbow_or_better_not_proven_from_title_verify_images"]	11.35	4.26	'	'	'	'	'	'	'	'	'	'	'	'	'	'	'	'	INSUFFICIENT	'	'	'	'	'	'	'	'	'	'	'	'	'	'	'	'	MANUAL REVIEW / UNPRICED	FALSE	FALSE	["identity_unverified","exact_comps_missing","full_costs_unknown","owned_copy_check_missing","rainbow_or_better_not_proven_from_title_verify_images"]	{"ep":["matvei_michkov_opc_platinum"],"q":["matvei-michkov-opc-platinum.rookie-autographs"],"id":"v1|377324246629|0"}
cand-s4-ebay-f045496b8593f4a8c3	dh-20260730T170046Z-7d4c2a91	4	2026-07-30T17:05:44.524826+00:00	MICHKOV OPC PLATINUM / opc_platinum_rookie_rainbow_or_better	Matvei Michkov	opc_platinum_rookie_parallel_or_autograph	eBay	tmg_collectables	'	v1|377329056982|0	https://www.ebay.com/itm/377329056982	LIVE	2024-25 O-Pee-Chee Platinum Matvei Michkov ROOKIE CARD SILVER FOIL Showmanship	{"q":["matvei-michkov-opc-platinum.rookie-autographs"],"s":"IMAGE_OR_IDENTITY_REVIEW_REQUIRED"}	{"status":"UNVERIFIED"}	preliminary|f045496b8593f4a8c3	ebay|tmg_collectables|v1|377329056982|0	https://i.ebayimg.com/images/g/pfsAAeSwPHBocpH6/s-l225.jpg	'	FALSE	FALSE	FALSE	FALSE	{}	'	'	'	'	'	'	'	'	'	'	UNASSESSED	["rainbow_or_better_not_proven_from_title_verify_images"]	14.2	4.26	'	'	'	'	'	'	'	'	'	'	'	'	'	'	'	'	INSUFFICIENT	'	'	'	'	'	'	'	'	'	'	'	'	'	'	'	'	MANUAL REVIEW / UNPRICED	FALSE	FALSE	["identity_unverified","exact_comps_missing","full_costs_unknown","owned_copy_check_missing","rainbow_or_better_not_proven_from_title_verify_images"]	{"ep":["matvei_michkov_opc_platinum"],"q":["matvei-michkov-opc-platinum.rookie-autographs"],"id":"v1|377329056982|0"}
cand-s4-ebay-0e9a1fcf10ae6c09a3	dh-20260730T170046Z-7d4c2a91	4	2026-07-30T17:05:44.524826+00:00	MICHKOV OPC PLATINUM / opc_platinum_rookie_rainbow_or_better	Matvei Michkov	opc_platinum_rookie_parallel_or_autograph	eBay	nickscardshack24	'	v1|389526595416|0	https://www.ebay.com/itm/389526595416	LIVE	11x 2024-25 OPC Platinum NHL Lot - Matvei Michkov RC + Kovalenko Neon Yellow	{"q":["matvei-michkov-opc-platinum.opc-rainbow"],"s":"DISCOVERY_SCOPE_PASS"}	{"status":"UNVERIFIED"}	preliminary|0e9a1fcf10ae6c09a3	ebay|nickscardshack24|v1|389526595416|0	https://i.ebayimg.com/images/g/StgAAeSwzfNpVFWI/s-l225.jpg	'	FALSE	FALSE	FALSE	FALSE	{}	'	'	'	'	'	'	'	'	'	'	UNASSESSED	[]	7.99		'	'	'	'	'	'	'	'	'	'	'	'	'	'	'	'	INSUFFICIENT	'	'	'	'	'	'	'	'	'	'	'	'	'	'	'	'	MANUAL REVIEW / UNPRICED	FALSE	FALSE	["identity_unverified","exact_comps_missing","full_costs_unknown","owned_copy_check_missing"]	{"ep":["matvei_michkov_opc_platinum"],"q":["matvei-michkov-opc-platinum.opc-rainbow"],"id":"v1|389526595416|0"}
cand-s4-ebay-762888e8b65317e805	dh-20260730T170046Z-7d4c2a91	4	2026-07-30T17:05:44.524826+00:00	MICHKOV OPC PLATINUM / opc_platinum_rookie_rainbow_or_better	Matvei Michkov	opc_platinum_rookie_parallel_or_autograph	eBay	carlsonkard	'	v1|397536090189|0	https://www.ebay.com/itm/397536090189	LIVE	2024-25 O-Pee-Chee Platinum Rookie Violet Pixels /65 Matvei Michkov #R-MM Auto	{"q":["matvei-michkov-opc-platinum.rookie-autographs"],"s":"DISCOVERY_SCOPE_PASS"}	{"status":"UNVERIFIED"}	preliminary|762888e8b65317e805	ebay|carlsonkard|v1|397536090189|0	https://i.ebayimg.com/images/g/a~MAAeSw-Jdpdrhv/s-l225.jpg	'	FALSE	FALSE	FALSE	FALSE	{}	'	'	'	'	'	'	'	'	'	'	UNASSESSED	[]	300	5	'	'	'	'	'	'	'	'	'	'	'	'	'	'	'	'	INSUFFICIENT	'	'	'	'	'	'	'	'	'	'	'	'	'	'	'	'	MANUAL REVIEW / UNPRICED	FALSE	FALSE	["identity_unverified","exact_comps_missing","full_costs_unknown","owned_copy_check_missing"]	{"ep":["matvei_michkov_opc_platinum"],"q":["matvei-michkov-opc-platinum.rookie-autographs"],"id":"v1|397536090189|0"}
cand-s4-ebay-9a9ac7fdb1e3b34c3e	dh-20260730T170046Z-7d4c2a91	4	2026-07-30T17:05:44.524826+00:00	MICHKOV OPC PLATINUM / opc_platinum_rookie_rainbow_or_better	Matvei Michkov	opc_platinum_rookie_parallel_or_autograph	eBay	kingpinsportscards	'	v1|406436666279|0	https://www.ebay.com/itm/406436666279	LIVE	2024-25 O-Pee-Chee Platinum Matvei Michkov Rainbow Rookie Retro PSA 8 Pop 1	{"q":["matvei-michkov-opc-platinum.exact-o-pee-chee-rainbow","matvei-michkov-opc-platinum.opc-rainbow","matvei-michkov-opc-platinum.o-pee-chee-no-punctuation"],"s":"DISCOVERY_SCOPE_PASS"}	{"status":"UNVERIFIED"}	preliminary|9a9ac7fdb1e3b34c3e	ebay|kingpinsportscards|v1|406436666279|0	https://i.ebayimg.com/images/g/2C8AAeSw8~ppLJXb/s-l225.jpg	'	FALSE	FALSE	FALSE	FALSE	{}	'	'	'	'	'	'	'	'	'	'	UNASSESSED	[]	35.59	14.23	'	'	'	'	'	'	'	'	'	'	'	'	'	'	'	'	INSUFFICIENT	'	'	'	'	'	'	'	'	'	'	'	'	'	'	'	'	MANUAL REVIEW / UNPRICED	FALSE	FALSE	["identity_unverified","exact_comps_missing","full_costs_unknown","owned_copy_check_missing"]	{"ep":["matvei_michkov_opc_platinum"],"q":["matvei-michkov-opc-platinum.exact-o-pee-chee-rainbow","matvei-michkov-opc-platinum.opc-rainbow","matvei-michkov-opc-platinum.o-pee-chee-no-punctuation"],"id":"v1|406436666279|0"}
cand-s4-ebay-fc14e8cc929e5f9cad	dh-20260730T170046Z-7d4c2a91	4	2026-07-30T17:05:44.524826+00:00	MICHKOV OPC PLATINUM / opc_platinum_rookie_rainbow_or_better	Matvei Michkov	opc_platinum_rookie_parallel_or_autograph	eBay	87pensfan66	'	v1|407036948104|0	https://www.ebay.com/itm/407036948104	LIVE	24-25 UD OPC PLATINUM MATVEI MICHKOV RC LOT OF 4 SUNSET RETRO RAINBOW #264 2024	{"q":["matvei-michkov-opc-platinum.opc-rainbow"],"s":"DISCOVERY_SCOPE_PASS"}	{"status":"UNVERIFIED"}	preliminary|fc14e8cc929e5f9cad	ebay|87pensfan66|v1|407036948104|0	https://i.ebayimg.com/images/g/qH4AAeSwp21qQy3v/s-l225.jpg	'	FALSE	FALSE	FALSE	FALSE	{}	'	'	'	'	'	'	'	'	'	'	UNASSESSED	[]	17.79	9.25	'	'	'	'	'	'	'	'	'	'	'	'	'	'	'	'	INSUFFICIENT	'	'	'	'	'	'	'	'	'	'	'	'	'	'	'	'	MANUAL REVIEW / UNPRICED	FALSE	FALSE	["identity_unverified","exact_comps_missing","full_costs_unknown","owned_copy_check_missing"]	{"ep":["matvei_michkov_opc_platinum"],"q":["matvei-michkov-opc-platinum.opc-rainbow"],"id":"v1|407036948104|0"}
cand-s4-ebay-4bc151d016d59b7382	dh-20260730T170046Z-7d4c2a91	4	2026-07-30T17:05:44.524826+00:00	MICHKOV OPC PLATINUM / opc_platinum_rookie_rainbow_or_better	Matvei Michkov	opc_platinum_rookie_parallel_or_autograph	eBay	111gold	'	v1|800167451245|0	https://www.ebay.com/itm/800167451245	LIVE	2024-25  O-Pee-Chee Platinum #R92 Matvei Michkov Rookie Rainbow Retro R/C	{"q":["matvei-michkov-opc-platinum.exact-o-pee-chee-rainbow","matvei-michkov-opc-platinum.opc-rainbow","matvei-michkov-opc-platinum.o-pee-chee-no-punctuation","matvei-michkov-opc-platinum.matvey-first-name"],"s":"DISCOVERY_SCOPE_PASS"}	{"status":"UNVERIFIED"}	preliminary|4bc151d016d59b7382	ebay|111gold|v1|800167451245|0	https://i.ebayimg.com/images/g/eW0AAeSwoDpqJJ9a/s-l225.jpg	'	FALSE	FALSE	FALSE	FALSE	{}	'	'	'	'	'	'	'	'	'	'	UNASSESSED	[]	5.99	0.89	'	'	'	'	'	'	'	'	'	'	'	'	'	'	'	'	INSUFFICIENT	'	'	'	'	'	'	'	'	'	'	'	'	'	'	'	'	MANUAL REVIEW / UNPRICED	FALSE	FALSE	["identity_unverified","exact_comps_missing","full_costs_unknown","owned_copy_check_missing"]	{"ep":["matvei_michkov_opc_platinum"],"q":["matvei-michkov-opc-platinum.exact-o-pee-chee-rainbow","matvei-michkov-opc-platinum.opc-rainbow","matvei-michkov-opc-platinum.o-pee-chee-no-punctuation","matvei-michkov-opc-platinum.matvey-first-name"],"id":"v1|800167451245|0"}
cand-s4-ebay-3e504ca2a259ff24f6	dh-20260730T170046Z-7d4c2a91	4	2026-07-30T17:05:44.524826+00:00	MICHKOV YOUNG GUNS / young_guns_deal_and_misspelling	Matvei Michkov	young_guns_rookie_card	eBay	pjcinc192	'	v1|127359366330|0	https://www.ebay.com/itm/127359366330	LIVE	2024-25 Upper Deck Series 2 - Young Guns Matvei Michkov, Ivan Fedotov #496 (RC)	{"q":["matvei-michkov.yg-abbreviation"],"s":"DISCOVERY_SCOPE_PASS"}	{"status":"UNVERIFIED"}	preliminary|3e504ca2a259ff24f6	ebay|pjcinc192|v1|127359366330|0	https://i.ebayimg.com/images/g/naUAAeSwH6Zovzkq/s-l225.jpg	'	FALSE	FALSE	FALSE	FALSE	{}	'	'	'	'	'	'	'	'	'	'	UNASSESSED	[]	4.99	0	'	'	'	'	'	'	'	'	'	'	'	'	'	'	'	'	INSUFFICIENT	'	'	'	'	'	'	'	'	'	'	'	'	'	'	'	'	MANUAL REVIEW / UNPRICED	FALSE	FALSE	["identity_unverified","exact_comps_missing","full_costs_unknown","owned_copy_check_missing"]	{"ep":["matvei_michkov_young_guns"],"q":["matvei-michkov.yg-abbreviation"],"id":"v1|127359366330|0"}
cand-s4-ebay-a50109ca9f43f64ca7	dh-20260730T170046Z-7d4c2a91	4	2026-07-30T17:05:44.524826+00:00	MICHKOV YOUNG GUNS / young_guns_deal_and_misspelling	Matvei Michkov	young_guns_rookie_card	eBay	usa-breaks	'	v1|127658262931|0	https://www.ebay.com/itm/127658262931	LIVE	2024-25 Upper Deck #496 Matvei Michkov / Ivan Fedotov YG, UER	{"q":["matvei-michkov.yg-abbreviation"],"s":"DISCOVERY_SCOPE_PASS"}	{"status":"UNVERIFIED"}	preliminary|a50109ca9f43f64ca7	ebay|usa-breaks|v1|127658262931|0	https://i.ebayimg.com/images/g/gwkAAeSwmNdpfzNq/s-l225.jpg	'	FALSE	FALSE	FALSE	FALSE	{}	'	'	'	'	'	'	'	'	'	'	UNASSESSED	[]	1.61	1.32	'	'	'	'	'	'	'	'	'	'	'	'	'	'	'	'	INSUFFICIENT	'	'	'	'	'	'	'	'	'	'	'	'	'	'	'	'	MANUAL REVIEW / UNPRICED	FALSE	FALSE	["identity_unverified","exact_comps_missing","full_costs_unknown","owned_copy_check_missing"]	{"ep":["matvei_michkov_young_guns"],"q":["matvei-michkov.yg-abbreviation"],"id":"v1|127658262931|0"}
cand-s4-ebay-fd47b0af93c6e3c54d	dh-20260730T170046Z-7d4c2a91	4	2026-07-30T17:05:44.524826+00:00	MICHKOV YOUNG GUNS / young_guns_deal_and_misspelling	Matvei Michkov	young_guns_rookie_card	eBay	nashercards	'	v1|128001464354|0	https://www.ebay.com/itm/128001464354	LIVE	Upper Deck Young Guns #492 Matvei Michkov Rookie Philadelphia Flyers 2024-25 S2	{"q":["matvei-michkov.exact-young-guns","matvei-michkov.matvey-first-name"],"s":"DISCOVERY_SCOPE_PASS"}	{"status":"UNVERIFIED"}	preliminary|fd47b0af93c6e3c54d	ebay|nashercards|v1|128001464354|0	https://i.ebayimg.com/images/g/3Y4AAeSwkB5qatRc/s-l225.jpg	'	FALSE	FALSE	FALSE	FALSE	{}	'	'	'	'	'	'	'	'	'	'	UNASSESSED	[]	17		'	'	'	'	'	'	'	'	'	'	'	'	'	'	'	'	INSUFFICIENT	'	'	'	'	'	'	'	'	'	'	'	'	'	'	'	'	MANUAL REVIEW / UNPRICED	FALSE	FALSE	["identity_unverified","exact_comps_missing","full_costs_unknown","owned_copy_check_missing"]	{"ep":["matvei_michkov_young_guns"],"q":["matvei-michkov.exact-young-guns","matvei-michkov.matvey-first-name"],"id":"v1|128001464354|0"}
cand-s4-ebay-e1c3a5aa6dc87e888c	dh-20260730T170046Z-7d4c2a91	4	2026-07-30T17:05:44.524826+00:00	MICHKOV YOUNG GUNS / young_guns_deal_and_misspelling	Matvei Michkov	young_guns_rookie_card	eBay	nashercards	'	v1|128001468207|0	https://www.ebay.com/itm/128001468207	LIVE	Upper Deck Young Guns #492 Matvei Michkov Rookie Philadelphia Flyers 2024-25 S2	{"q":["matvei-michkov.exact-young-guns","matvei-michkov.matvey-first-name"],"s":"DISCOVERY_SCOPE_PASS"}	{"status":"UNVERIFIED"}	preliminary|e1c3a5aa6dc87e888c	ebay|nashercards|v1|128001468207|0	https://i.ebayimg.com/images/g/rvwAAeSwxUxqatV0/s-l225.jpg	'	FALSE	FALSE	FALSE	FALSE	{}	'	'	'	'	'	'	'	'	'	'	UNASSESSED	[]	17		'	'	'	'	'	'	'	'	'	'	'	'	'	'	'	'	INSUFFICIENT	'	'	'	'	'	'	'	'	'	'	'	'	'	'	'	'	MANUAL REVIEW / UNPRICED	FALSE	FALSE	["identity_unverified","exact_comps_missing","full_costs_unknown","owned_copy_check_missing"]	{"ep":["matvei_michkov_young_guns"],"q":["matvei-michkov.exact-young-guns","matvei-michkov.matvey-first-name"],"id":"v1|128001468207|0"}
cand-s4-ebay-355827087f08c8360a	dh-20260730T170046Z-7d4c2a91	4	2026-07-30T17:05:44.524826+00:00	MICHKOV YOUNG GUNS / young_guns_deal_and_misspelling	Matvei Michkov	young_guns_rookie_card	eBay	abianchini23	'	v1|137218028773|0	https://www.ebay.com/itm/137218028773	LIVE	2024-25 Upper Deck Series 2 - Young Guns Matvei Michkov #492 Rookie RC	{"q":["matvei-michkov.exact-young-guns","matvei-michkov.matvey-first-name"],"s":"DISCOVERY_SCOPE_PASS"}	{"status":"UNVERIFIED"}	preliminary|355827087f08c8360a	ebay|abianchini23|v1|137218028773|0	https://i.ebayimg.com/images/g/GqsAAeSwYJFpokh2/s-l225.jpg	'	FALSE	FALSE	FALSE	FALSE	{}	'	'	'	'	'	'	'	'	'	'	UNASSESSED	[]	39.99		'	'	'	'	'	'	'	'	'	'	'	'	'	'	'	'	INSUFFICIENT	'	'	'	'	'	'	'	'	'	'	'	'	'	'	'	'	MANUAL REVIEW / UNPRICED	FALSE	FALSE	["identity_unverified","exact_comps_missing","full_costs_unknown","owned_copy_check_missing"]	{"ep":["matvei_michkov_young_guns"],"q":["matvei-michkov.exact-young-guns","matvei-michkov.matvey-first-name"],"id":"v1|137218028773|0"}
cand-s4-ebay-dbad5e64a4574d433f	dh-20260730T170046Z-7d4c2a91	4	2026-07-30T17:05:44.524826+00:00	MICHKOV YOUNG GUNS / young_guns_deal_and_misspelling	Matvei Michkov	young_guns_rookie_card	eBay	x_trading	'	v1|137261802484|0	https://www.ebay.com/itm/137261802484	LIVE	2024-25 UD Series 2 - Matvei Michkov #492 - Young Guns YG Rookie RC - Flyers	{"q":["matvei-michkov.yg-abbreviation"],"s":"DISCOVERY_SCOPE_PASS"}	{"status":"UNVERIFIED"}	preliminary|dbad5e64a4574d433f	ebay|x_trading|v1|137261802484|0	https://i.ebayimg.com/images/g/lRsAAeSwm6Zp7-mD/s-l225.jpg	'	FALSE	FALSE	FALSE	FALSE	{}	'	'	'	'	'	'	'	'	'	'	UNASSESSED	[]	21.36	11.38	'	'	'	'	'	'	'	'	'	'	'	'	'	'	'	'	INSUFFICIENT	'	'	'	'	'	'	'	'	'	'	'	'	'	'	'	'	MANUAL REVIEW / UNPRICED	FALSE	FALSE	["identity_unverified","exact_comps_missing","full_costs_unknown","owned_copy_check_missing"]	{"ep":["matvei_michkov_young_guns"],"q":["matvei-michkov.yg-abbreviation"],"id":"v1|137261802484|0"}
cand-s4-ebay-b0bbc4959a32b385c8	dh-20260730T170046Z-7d4c2a91	4	2026-07-30T17:05:44.524826+00:00	MICHKOV YOUNG GUNS / young_guns_deal_and_misspelling	Matvei Michkov	young_guns_rookie_card	eBay	rangers2337	'	v1|137436210002|0	https://www.ebay.com/itm/137436210002	LIVE	2024-25 Upper Deck Series 2 - Young Guns Matvei Michkov #492 Outburst RC	{"q":["matvei-michkov.young-guns-parallels","matvei-michkov.matvey-first-name"],"s":"DISCOVERY_SCOPE_PASS"}	{"status":"UNVERIFIED"}	preliminary|b0bbc4959a32b385c8	ebay|rangers2337|v1|137436210002|0	https://i.ebayimg.com/images/g/zaMAAeSwBsFqNr5W/s-l225.jpg	'	FALSE	FALSE	FALSE	FALSE	{}	'	'	'	'	'	'	'	'	'	'	UNASSESSED	[]	168	9.99	'	'	'	'	'	'	'	'	'	'	'	'	'	'	'	'	INSUFFICIENT	'	'	'	'	'	'	'	'	'	'	'	'	'	'	'	'	MANUAL REVIEW / UNPRICED	FALSE	FALSE	["identity_unverified","exact_comps_missing","full_costs_unknown","owned_copy_check_missing"]	{"ep":["matvei_michkov_young_guns"],"q":["matvei-michkov.young-guns-parallels","matvei-michkov.matvey-first-name"],"id":"v1|137436210002|0"}
cand-s4-ebay-3ceabdedf4b02e1a4d	dh-20260730T170046Z-7d4c2a91	4	2026-07-30T17:05:44.524826+00:00	MICHKOV YOUNG GUNS / young_guns_deal_and_misspelling	Matvei Michkov	young_guns_rookie_card	eBay	sonicblue87lx	'	v1|147289900286|0	https://www.ebay.com/itm/147289900286	LIVE	2024-25 Upper Deck S2 - Outburst Young Guns MATVEI MICHKOV #492 (RC)	{"q":["matvei-michkov.young-guns-parallels"],"s":"DISCOVERY_SCOPE_PASS"}	{"status":"UNVERIFIED"}	preliminary|3ceabdedf4b02e1a4d	ebay|sonicblue87lx|v1|147289900286|0	https://i.ebayimg.com/images/g/Cj0AAeSwI-lp9gSo/s-l225.jpg	'	FALSE	FALSE	FALSE	FALSE	{}	'	'	'	'	'	'	'	'	'	'	UNASSESSED	[]	199.99		'	'	'	'	'	'	'	'	'	'	'	'	'	'	'	'	INSUFFICIENT	'	'	'	'	'	'	'	'	'	'	'	'	'	'	'	'	MANUAL REVIEW / UNPRICED	FALSE	FALSE	["identity_unverified","exact_comps_missing","full_costs_unknown","owned_copy_check_missing"]	{"ep":["matvei_michkov_young_guns"],"q":["matvei-michkov.young-guns-parallels"],"id":"v1|147289900286|0"}
cand-s4-ebay-a0cde254d01de47232	dh-20260730T170046Z-7d4c2a91	4	2026-07-30T17:05:44.524826+00:00	MICHKOV YOUNG GUNS / young_guns_deal_and_misspelling	Matvei Michkov	young_guns_rookie_card	eBay	wagdog97	'	v1|167919678095|0	https://www.ebay.com/itm/167919678095	LIVE	2024-25 Upper Deck #496 Matvei Michkov / Ivan Fedotov Young Guns CL	{"q":["matvei-michkov.yg-abbreviation"],"s":"DISCOVERY_SCOPE_PASS"}	{"status":"UNVERIFIED"}	preliminary|a0cde254d01de47232	ebay|wagdog97|v1|167919678095|0	https://i.ebayimg.com/images/g/7hkAAeSwh79pEs0M/s-l225.jpg	'	FALSE	FALSE	FALSE	FALSE	{}	'	'	'	'	'	'	'	'	'	'	UNASSESSED	[]	3.49	1.49	'	'	'	'	'	'	'	'	'	'	'	'	'	'	'	'	INSUFFICIENT	'	'	'	'	'	'	'	'	'	'	'	'	'	'	'	'	MANUAL REVIEW / UNPRICED	FALSE	FALSE	["identity_unverified","exact_comps_missing","full_costs_unknown","owned_copy_check_missing"]	{"ep":["matvei_michkov_young_guns"],"q":["matvei-michkov.yg-abbreviation"],"id":"v1|167919678095|0"}
cand-s4-ebay-347e31f73d171f5d44	dh-20260730T170046Z-7d4c2a91	4	2026-07-30T17:05:44.524826+00:00	MICHKOV YOUNG GUNS / young_guns_deal_and_misspelling	Matvei Michkov	young_guns_rookie_card	eBay	txslabcardshop	'	v1|177866313196|0	https://www.ebay.com/itm/177866313196	LIVE	2024-25 UD SERIES 2 MATVEI MICHKOV YOUNG GUNS #492 PSA 9	{"q":["matvei-michkov.young-guns-parallels"],"s":"DISCOVERY_SCOPE_PASS"}	{"status":"UNVERIFIED"}	preliminary|347e31f73d171f5d44	ebay|txslabcardshop|v1|177866313196|0	https://i.ebayimg.com/images/g/HpgAAeSwIpVpkkbV/s-l225.jpg	'	FALSE	FALSE	FALSE	FALSE	{}	'	'	'	'	'	'	'	'	'	'	UNASSESSED	[]	79.99	0	'	'	'	'	'	'	'	'	'	'	'	'	'	'	'	'	INSUFFICIENT	'	'	'	'	'	'	'	'	'	'	'	'	'	'	'	'	MANUAL REVIEW / UNPRICED	FALSE	FALSE	["identity_unverified","exact_comps_missing","full_costs_unknown","owned_copy_check_missing"]	{"ep":["matvei_michkov_young_guns"],"q":["matvei-michkov.young-guns-parallels"],"id":"v1|177866313196|0"}
cand-s4-ebay-fbfcdfbb9370642fbc	dh-20260730T170046Z-7d4c2a91	4	2026-07-30T17:05:44.524826+00:00	MICHKOV YOUNG GUNS / young_guns_deal_and_misspelling	Matvei Michkov	young_guns_rookie_card	eBay	gopens0878	'	v1|187945375079|0	https://www.ebay.com/itm/187945375079	LIVE	2024-25 Upper Deck #496 Matvei Michkov / Ivan Fedotov YG	{"q":["matvei-michkov.yg-abbreviation"],"s":"DISCOVERY_SCOPE_PASS"}	{"status":"UNVERIFIED"}	preliminary|fbfcdfbb9370642fbc	ebay|gopens0878|v1|187945375079|0	https://i.ebayimg.com/images/g/Y1IAAeSwBS5pZVRP/s-l225.jpg	'	FALSE	FALSE	FALSE	FALSE	{}	'	'	'	'	'	'	'	'	'	'	UNASSESSED	[]	4.99	1.99	'	'	'	'	'	'	'	'	'	'	'	'	'	'	'	'	INSUFFICIENT	'	'	'	'	'	'	'	'	'	'	'	'	'	'	'	'	MANUAL REVIEW / UNPRICED	FALSE	FALSE	["identity_unverified","exact_comps_missing","full_costs_unknown","owned_copy_check_missing"]	{"ep":["matvei_michkov_young_guns"],"q":["matvei-michkov.yg-abbreviation"],"id":"v1|187945375079|0"}
cand-s4-ebay-9d73420dddbaf215ae	dh-20260730T170046Z-7d4c2a91	4	2026-07-30T17:05:44.524826+00:00	MICHKOV YOUNG GUNS / young_guns_deal_and_misspelling	Matvei Michkov	young_guns_rookie_card	eBay	keatingscards	'	v1|188390045750|0	https://www.ebay.com/itm/188390045750	LIVE	2024-25 Upper Deck Series 2 Young Guns Matvei Michkov #492 Exclusives /100 PSA 9	{"q":["matvei-michkov.young-guns-parallels"],"s":"DISCOVERY_SCOPE_PASS"}	{"status":"UNVERIFIED"}	preliminary|9d73420dddbaf215ae	ebay|keatingscards|v1|188390045750|0	https://i.ebayimg.com/images/g/aG8AAeSwSQRqCKsR/s-l225.jpg	'	FALSE	FALSE	FALSE	FALSE	{}	'	'	'	'	'	'	'	'	'	'	UNASSESSED	[]	1295		'	'	'	'	'	'	'	'	'	'	'	'	'	'	'	'	INSUFFICIENT	'	'	'	'	'	'	'	'	'	'	'	'	'	'	'	'	MANUAL REVIEW / UNPRICED	FALSE	FALSE	["identity_unverified","exact_comps_missing","full_costs_unknown","owned_copy_check_missing"]	{"ep":["matvei_michkov_young_guns"],"q":["matvei-michkov.young-guns-parallels"],"id":"v1|188390045750|0"}
cand-s4-ebay-83f4ea70ee8e67f98e	dh-20260730T170046Z-7d4c2a91	4	2026-07-30T17:05:44.524826+00:00	MICHKOV YOUNG GUNS / young_guns_deal_and_misspelling	Matvei Michkov	young_guns_rookie_card	eBay	braunde-77	'	v1|197604231694|0	https://www.ebay.com/itm/197604231694	LIVE	MATVEI MICHKOV 2024-25 UD SERIES 2 Young Guns Teammates MITCHKOV/FEDETOV	{"q":["matvei-michkov.mitchkov-surname"],"s":"DISCOVERY_SCOPE_PASS"}	{"status":"UNVERIFIED"}	preliminary|83f4ea70ee8e67f98e	ebay|braunde-77|v1|197604231694|0	https://i.ebayimg.com/images/g/d6sAAeSwumFol-mi/s-l225.jpg	'	FALSE	FALSE	FALSE	FALSE	{}	'	'	'	'	'	'	'	'	'	'	UNASSESSED	[]	5.99		'	'	'	'	'	'	'	'	'	'	'	'	'	'	'	'	INSUFFICIENT	'	'	'	'	'	'	'	'	'	'	'	'	'	'	'	'	MANUAL REVIEW / UNPRICED	FALSE	FALSE	["identity_unverified","exact_comps_missing","full_costs_unknown","owned_copy_check_missing"]	{"ep":["matvei_michkov_young_guns"],"q":["matvei-michkov.mitchkov-surname"],"id":"v1|197604231694|0"}
cand-s4-ebay-e563425d067992d21a	dh-20260730T170046Z-7d4c2a91	4	2026-07-30T17:05:44.524826+00:00	MICHKOV YOUNG GUNS / young_guns_deal_and_misspelling	Matvei Michkov	young_guns_rookie_card	eBay	chasethehitcardstradinginc	'	v1|198090596160|0	https://www.ebay.com/itm/198090596160	LIVE	2024-25 Macklin Celebrini/Matvei Mitchkov UD Series 2 Young Guns #50 - Copy 2	{"q":["matvei-michkov.mitchkov-surname"],"s":"IMAGE_OR_IDENTITY_REVIEW_REQUIRED"}	{"status":"UNVERIFIED"}	preliminary|e563425d067992d21a	ebay|chasethehitcardstradinginc|v1|198090596160|0	https://i.ebayimg.com/images/g/uHEAAeSwBEJpiW-V/s-l225.jpg	'	FALSE	FALSE	FALSE	FALSE	{}	'	'	'	'	'	'	'	'	'	'	UNASSESSED	["seller_name_variant_or_misspelling_detected_verify_images"]	10.68		'	'	'	'	'	'	'	'	'	'	'	'	'	'	'	'	INSUFFICIENT	'	'	'	'	'	'	'	'	'	'	'	'	'	'	'	'	MANUAL REVIEW / UNPRICED	FALSE	FALSE	["identity_unverified","exact_comps_missing","full_costs_unknown","owned_copy_check_missing","seller_name_variant_or_misspelling_detected_verify_images"]	{"ep":["matvei_michkov_young_guns"],"q":["matvei-michkov.mitchkov-surname"],"id":"v1|198090596160|0"}
cand-s4-ebay-932580e9e2b6d8e10a	dh-20260730T170046Z-7d4c2a91	4	2026-07-30T17:05:44.524826+00:00	MICHKOV YOUNG GUNS / young_guns_deal_and_misspelling	Matvei Michkov	young_guns_rookie_card	eBay	dugout2	'	v1|198504425626|0	https://www.ebay.com/itm/198504425626	LIVE	2024-25 Upper Deck #492 Matvei Michkov Rookie RC Young Guns	{"q":["matvei-michkov.exact-young-guns","matvei-michkov.matvey-first-name"],"s":"DISCOVERY_SCOPE_PASS"}	{"status":"UNVERIFIED"}	preliminary|932580e9e2b6d8e10a	ebay|dugout2|v1|198504425626|0	https://i.ebayimg.com/images/g/dm8AAeSwfwRqWkXu/s-l225.jpg	'	FALSE	FALSE	FALSE	FALSE	{}	'	'	'	'	'	'	'	'	'	'	UNASSESSED	[]	26	1.75	'	'	'	'	'	'	'	'	'	'	'	'	'	'	'	'	INSUFFICIENT	'	'	'	'	'	'	'	'	'	'	'	'	'	'	'	'	MANUAL REVIEW / UNPRICED	FALSE	FALSE	["identity_unverified","exact_comps_missing","full_costs_unknown","owned_copy_check_missing"]	{"ep":["matvei_michkov_young_guns"],"q":["matvei-michkov.exact-young-guns","matvei-michkov.matvey-first-name"],"id":"v1|198504425626|0"}
cand-s4-ebay-65715bffa64bb965c0	dh-20260730T170046Z-7d4c2a91	4	2026-07-30T17:05:44.524826+00:00	MICHKOV YOUNG GUNS / young_guns_deal_and_misspelling	Matvei Michkov	young_guns_rookie_card	eBay	zigzags824	'	v1|206351709906|0	https://www.ebay.com/itm/206351709906	LIVE	2024-25 Upper Deck Series 2 Matvei Michkov Young Guns #492 SGC 9.5	{"q":["matvei-michkov.young-guns-parallels"],"s":"DISCOVERY_SCOPE_PASS"}	{"status":"UNVERIFIED"}	preliminary|65715bffa64bb965c0	ebay|zigzags824|v1|206351709906|0	https://i.ebayimg.com/images/g/hokAAeSwqV1qMWof/s-l225.jpg	'	FALSE	FALSE	FALSE	FALSE	{}	'	'	'	'	'	'	'	'	'	'	UNASSESSED	[]	45		'	'	'	'	'	'	'	'	'	'	'	'	'	'	'	'	INSUFFICIENT	'	'	'	'	'	'	'	'	'	'	'	'	'	'	'	'	MANUAL REVIEW / UNPRICED	FALSE	FALSE	["identity_unverified","exact_comps_missing","full_costs_unknown","owned_copy_check_missing"]	{"ep":["matvei_michkov_young_guns"],"q":["matvei-michkov.young-guns-parallels"],"id":"v1|206351709906|0"}
cand-s4-ebay-66e890bd010df30a9b	dh-20260730T170046Z-7d4c2a91	4	2026-07-30T17:05:44.524826+00:00	MICHKOV YOUNG GUNS / young_guns_deal_and_misspelling	Matvei Michkov	young_guns_rookie_card	eBay	viking1193	'	v1|206421267744|0	https://www.ebay.com/itm/206421267744	LIVE	MATVEI MICHKOV - 2024 Upper Deck Young Guns #492, PSA 8	{"q":["matvei-michkov.exact-young-guns","matvei-michkov.matvey-first-name"],"s":"DISCOVERY_SCOPE_PASS"}	{"status":"UNVERIFIED"}	preliminary|66e890bd010df30a9b	ebay|viking1193|v1|206421267744|0	https://i.ebayimg.com/images/g/WFoAAeSwtPhqWig4/s-l225.jpg	'	FALSE	FALSE	FALSE	FALSE	{}	'	'	'	'	'	'	'	'	'	'	UNASSESSED	[]	20		'	'	'	'	'	'	'	'	'	'	'	'	'	'	'	'	INSUFFICIENT	'	'	'	'	'	'	'	'	'	'	'	'	'	'	'	'	MANUAL REVIEW / UNPRICED	FALSE	FALSE	["identity_unverified","exact_comps_missing","full_costs_unknown","owned_copy_check_missing"]	{"ep":["matvei_michkov_young_guns"],"q":["matvei-michkov.exact-young-guns","matvei-michkov.matvey-first-name"],"id":"v1|206421267744|0"}
cand-s4-ebay-d65700f494e63d1ff7	dh-20260730T170046Z-7d4c2a91	4	2026-07-30T17:05:44.524826+00:00	MICHKOV YOUNG GUNS / young_guns_deal_and_misspelling	Matvei Michkov	young_guns_rookie_card	eBay	1stroundcollectibles	'	v1|226996053840|0	https://www.ebay.com/itm/226996053840	LIVE	Matvei Michkov Ivan Fedetov BGS 9.5: 2024-25 Upper Deck YG Teammates #496 POP 4	{"q":["matvei-michkov.yg-abbreviation"],"s":"DISCOVERY_SCOPE_PASS"}	{"status":"UNVERIFIED"}	preliminary|d65700f494e63d1ff7	ebay|1stroundcollectibles|v1|226996053840|0	https://i.ebayimg.com/images/g/W6EAAeSwYFFo2ES3/s-l225.jpg	'	FALSE	FALSE	FALSE	FALSE	{}	'	'	'	'	'	'	'	'	'	'	UNASSESSED	[]	32.49	5.95	'	'	'	'	'	'	'	'	'	'	'	'	'	'	'	'	INSUFFICIENT	'	'	'	'	'	'	'	'	'	'	'	'	'	'	'	'	MANUAL REVIEW / UNPRICED	FALSE	FALSE	["identity_unverified","exact_comps_missing","full_costs_unknown","owned_copy_check_missing"]	{"ep":["matvei_michkov_young_guns"],"q":["matvei-michkov.yg-abbreviation"],"id":"v1|226996053840|0"}
cand-s4-ebay-81a191d12a88b07c4a	dh-20260730T170046Z-7d4c2a91	4	2026-07-30T17:05:44.524826+00:00	MICHKOV YOUNG GUNS / young_guns_deal_and_misspelling	Matvei Michkov	young_guns_rookie_card	eBay	card-depot	'	v1|227175766557|0	https://www.ebay.com/itm/227175766557	LIVE	2024-25 Upper Deck Exclusives #496 Matvei Michkov / Ivan Fedotov YG 88/100	{"q":["matvei-michkov.yg-abbreviation"],"s":"DISCOVERY_SCOPE_PASS"}	{"status":"UNVERIFIED"}	preliminary|81a191d12a88b07c4a	ebay|card-depot|v1|227175766557|0	https://i.ebayimg.com/images/g/1n4AAeSwmwNpaUv2/s-l225.jpg	'	FALSE	FALSE	FALSE	FALSE	{}	'	'	'	'	'	'	'	'	'	'	UNASSESSED	[]	35.56	8.9	'	'	'	'	'	'	'	'	'	'	'	'	'	'	'	'	INSUFFICIENT	'	'	'	'	'	'	'	'	'	'	'	'	'	'	'	'	MANUAL REVIEW / UNPRICED	FALSE	FALSE	["identity_unverified","exact_comps_missing","full_costs_unknown","owned_copy_check_missing"]	{"ep":["matvei_michkov_young_guns"],"q":["matvei-michkov.yg-abbreviation"],"id":"v1|227175766557|0"}
cand-s4-ebay-0ed00d4170f237efb9	dh-20260730T170046Z-7d4c2a91	4	2026-07-30T17:05:44.524826+00:00	MICHKOV YOUNG GUNS / young_guns_deal_and_misspelling	Matvei Michkov	young_guns_rookie_card	eBay	dauminator1215	'	v1|227326866804|0	https://www.ebay.com/itm/227326866804	LIVE	24-25 UD Series 2 Hockey Deluxe Parallel Young Guns 492 Matvei Michkov /250	{"q":["matvei-michkov.young-guns-parallels"],"s":"DISCOVERY_SCOPE_PASS"}	{"status":"UNVERIFIED"}	preliminary|0ed00d4170f237efb9	ebay|dauminator1215|v1|227326866804|0	https://i.ebayimg.com/images/g/u7AAAeSwANFp9jTI/s-l225.jpg	'	FALSE	FALSE	FALSE	FALSE	{}	'	'	'	'	'	'	'	'	'	'	UNASSESSED	[]	399.99	9.99	'	'	'	'	'	'	'	'	'	'	'	'	'	'	'	'	INSUFFICIENT	'	'	'	'	'	'	'	'	'	'	'	'	'	'	'	'	MANUAL REVIEW / UNPRICED	FALSE	FALSE	["identity_unverified","exact_comps_missing","full_costs_unknown","owned_copy_check_missing"]	{"ep":["matvei_michkov_young_guns"],"q":["matvei-michkov.young-guns-parallels"],"id":"v1|227326866804|0"}
cand-s4-ebay-b2c757edc33d6d7eee	dh-20260730T170046Z-7d4c2a91	4	2026-07-30T17:05:44.524826+00:00	MICHKOV YOUNG GUNS / young_guns_deal_and_misspelling	Matvei Michkov	young_guns_rookie_card	eBay	candmsports	'	v1|227338350454|0	https://www.ebay.com/itm/227338350454	LIVE	2024-25 Upper Deck #492 Matvei Michkov YG RC PSA 8	{"q":["matvei-michkov.yg-abbreviation"],"s":"DISCOVERY_SCOPE_PASS"}	{"status":"UNVERIFIED"}	preliminary|b2c757edc33d6d7eee	ebay|candmsports|v1|227338350454|0	https://i.ebayimg.com/images/g/3fwAAeSw6YZqAKTt/s-l225.jpg	'	FALSE	FALSE	FALSE	FALSE	{}	'	'	'	'	'	'	'	'	'	'	UNASSESSED	[]	40		'	'	'	'	'	'	'	'	'	'	'	'	'	'	'	'	INSUFFICIENT	'	'	'	'	'	'	'	'	'	'	'	'	'	'	'	'	MANUAL REVIEW / UNPRICED	FALSE	FALSE	["identity_unverified","exact_comps_missing","full_costs_unknown","owned_copy_check_missing"]	{"ep":["matvei_michkov_young_guns"],"q":["matvei-michkov.yg-abbreviation"],"id":"v1|227338350454|0"}
cand-s4-ebay-de6d4bf6f6499d0163	dh-20260730T170046Z-7d4c2a91	4	2026-07-30T17:05:44.524826+00:00	MICHKOV YOUNG GUNS / young_guns_deal_and_misspelling	Matvei Michkov	young_guns_rookie_card	eBay	comc_consignment	'	v1|236919072995|0	https://www.ebay.com/itm/236919072995	LIVE	2024-25 Upper Deck Series 2 Young Guns Silver Foil Matvei Michkov Rookie RC 5x5	{"q":["matvei-michkov.young-guns-parallels"],"s":"DISCOVERY_SCOPE_PASS"}	{"status":"UNVERIFIED"}	preliminary|de6d4bf6f6499d0163	ebay|comc_consignment|v1|236919072995|0	https://i.ebayimg.com/images/g/n4AAAeSwxARqSsav/s-l225.jpg	'	FALSE	FALSE	FALSE	FALSE	{}	'	'	'	'	'	'	'	'	'	'	UNASSESSED	[]	203.03	4.99	'	'	'	'	'	'	'	'	'	'	'	'	'	'	'	'	INSUFFICIENT	'	'	'	'	'	'	'	'	'	'	'	'	'	'	'	'	MANUAL REVIEW / UNPRICED	FALSE	FALSE	["identity_unverified","exact_comps_missing","full_costs_unknown","owned_copy_check_missing"]	{"ep":["matvei_michkov_young_guns"],"q":["matvei-michkov.young-guns-parallels"],"id":"v1|236919072995|0"}
cand-s4-ebay-7691cbc4f332dbd1d5	dh-20260730T170046Z-7d4c2a91	4	2026-07-30T17:05:44.524826+00:00	MICHKOV YOUNG GUNS / young_guns_deal_and_misspelling	Matvei Michkov	young_guns_rookie_card	eBay	therealhbk28	'	v1|236925644398|0	https://www.ebay.com/itm/236925644398	LIVE	2024-25 Upper Deck Series 2 Young Guns CLEAR CUT Matvei Michkov RC #492 Flyers	{"q":["matvei-michkov.matvey-first-name"],"s":"DISCOVERY_SCOPE_PASS"}	{"status":"UNVERIFIED"}	preliminary|7691cbc4f332dbd1d5	ebay|therealhbk28|v1|236925644398|0	https://i.ebayimg.com/images/g/0ZsAAeSwFy9qTrP4/s-l225.jpg	'	FALSE	FALSE	FALSE	FALSE	{}	'	'	'	'	'	'	'	'	'	'	UNASSESSED	[]	300		'	'	'	'	'	'	'	'	'	'	'	'	'	'	'	'	INSUFFICIENT	'	'	'	'	'	'	'	'	'	'	'	'	'	'	'	'	MANUAL REVIEW / UNPRICED	FALSE	FALSE	["identity_unverified","exact_comps_missing","full_costs_unknown","owned_copy_check_missing"]	{"ep":["matvei_michkov_young_guns"],"q":["matvei-michkov.matvey-first-name"],"id":"v1|236925644398|0"}
cand-s4-ebay-e9839aa429aa1d74bd	dh-20260730T170046Z-7d4c2a91	4	2026-07-30T17:05:44.524826+00:00	MICHKOV YOUNG GUNS / young_guns_deal_and_misspelling	Matvei Michkov	young_guns_rookie_card	eBay	comc_consignment	'	v1|236935845800|0	https://www.ebay.com/itm/236935845800	LIVE	2024 Series 2 Young Guns Outburst Red 25/25 Matvei Michkov #492 Rookie RC 1j6p	{"q":["matvei-michkov.exact-young-guns","matvei-michkov.young-guns-parallels","matvei-michkov.matvey-first-name"],"s":"IMAGE_OR_IDENTITY_REVIEW_REQUIRED"}	{"status":"UNVERIFIED"}	preliminary|e9839aa429aa1d74bd	ebay|comc_consignment|v1|236935845800|0	https://i.ebayimg.com/images/g/mbMAAeSwEFNqVzW~/s-l225.jpg	'	FALSE	FALSE	FALSE	FALSE	{}	'	'	'	'	'	'	'	'	'	'	UNASSESSED	["upper_deck_not_explicit_verify_product"]	2175	4.99	'	'	'	'	'	'	'	'	'	'	'	'	'	'	'	'	INSUFFICIENT	'	'	'	'	'	'	'	'	'	'	'	'	'	'	'	'	MANUAL REVIEW / UNPRICED	FALSE	FALSE	["identity_unverified","exact_comps_missing","full_costs_unknown","owned_copy_check_missing","upper_deck_not_explicit_verify_product"]	{"ep":["matvei_michkov_young_guns"],"q":["matvei-michkov.exact-young-guns","matvei-michkov.young-guns-parallels","matvei-michkov.matvey-first-name"],"id":"v1|236935845800|0"}
cand-s4-ebay-5ffb78b92f5bbd7b3a	dh-20260730T170046Z-7d4c2a91	4	2026-07-30T17:05:44.524826+00:00	MICHKOV YOUNG GUNS / young_guns_deal_and_misspelling	Matvei Michkov	young_guns_rookie_card	eBay	comc_consignment	'	v1|236936657003|0	https://www.ebay.com/itm/236936657003	LIVE	2024 Upper Deck Series 2 Young Guns Deluxe 184/250 Matvei Michkov Rookie RC 09br	{"q":["matvei-michkov.exact-young-guns","matvei-michkov.young-guns-parallels"],"s":"DISCOVERY_SCOPE_PASS"}	{"status":"UNVERIFIED"}	preliminary|5ffb78b92f5bbd7b3a	ebay|comc_consignment|v1|236936657003|0	https://i.ebayimg.com/images/g/l00AAeSwstBqVarU/s-l225.jpg	'	FALSE	FALSE	FALSE	FALSE	{}	'	'	'	'	'	'	'	'	'	'	UNASSESSED	[]	342.2	4.99	'	'	'	'	'	'	'	'	'	'	'	'	'	'	'	'	INSUFFICIENT	'	'	'	'	'	'	'	'	'	'	'	'	'	'	'	'	MANUAL REVIEW / UNPRICED	FALSE	FALSE	["identity_unverified","exact_comps_missing","full_costs_unknown","owned_copy_check_missing"]	{"ep":["matvei_michkov_young_guns"],"q":["matvei-michkov.exact-young-guns","matvei-michkov.young-guns-parallels"],"id":"v1|236936657003|0"}
cand-s4-ebay-f0f2ba1a45165feca6	dh-20260730T170046Z-7d4c2a91	4	2026-07-30T17:05:44.524826+00:00	MICHKOV YOUNG GUNS / young_guns_deal_and_misspelling	Matvei Michkov	young_guns_rookie_card	eBay	central_texas_baseball_and_more	'	v1|257232182916|0	https://www.ebay.com/itm/257232182916	LIVE	2024-25 Upper Deck Matvei Michkov / Ivan Fedotov YG, UER #496	{"q":["matvei-michkov.yg-abbreviation"],"s":"DISCOVERY_SCOPE_PASS"}	{"status":"UNVERIFIED"}	preliminary|f0f2ba1a45165feca6	ebay|central_texas_baseball_and_more|v1|257232182916|0	https://i.ebayimg.com/images/g/xbEAAeSwITNpKH5O/s-l225.jpg	'	FALSE	FALSE	FALSE	FALSE	{}	'	'	'	'	'	'	'	'	'	'	UNASSESSED	[]	2.99	1.99	'	'	'	'	'	'	'	'	'	'	'	'	'	'	'	'	INSUFFICIENT	'	'	'	'	'	'	'	'	'	'	'	'	'	'	'	'	MANUAL REVIEW / UNPRICED	FALSE	FALSE	["identity_unverified","exact_comps_missing","full_costs_unknown","owned_copy_check_missing"]	{"ep":["matvei_michkov_young_guns"],"q":["matvei-michkov.yg-abbreviation"],"id":"v1|257232182916|0"}
cand-s4-ebay-317861c373b8163b53	dh-20260730T170046Z-7d4c2a91	4	2026-07-30T17:05:44.524826+00:00	MICHKOV YOUNG GUNS / young_guns_deal_and_misspelling	Matvei Michkov	young_guns_rookie_card	eBay	kickgamez	'	v1|257257691731|0	https://www.ebay.com/itm/257257691731	LIVE	MATVEI MICHKOV YOUNG GUNS CANVAS BLACK & WHITE Rookie PSA 10 CARD 2024 #C353 RC	{"q":["matvei-michkov.exact-young-guns"],"s":"IMAGE_OR_IDENTITY_REVIEW_REQUIRED"}	{"status":"UNVERIFIED"}	preliminary|317861c373b8163b53	ebay|kickgamez|v1|257257691731|0	https://i.ebayimg.com/images/g/y18AAeSwrGVpPXXF/s-l225.jpg	'	FALSE	FALSE	FALSE	FALSE	{}	'	'	'	'	'	'	'	'	'	'	UNASSESSED	["upper_deck_not_explicit_verify_product"]	277.64	19.93	'	'	'	'	'	'	'	'	'	'	'	'	'	'	'	'	INSUFFICIENT	'	'	'	'	'	'	'	'	'	'	'	'	'	'	'	'	MANUAL REVIEW / UNPRICED	FALSE	FALSE	["identity_unverified","exact_comps_missing","full_costs_unknown","owned_copy_check_missing","upper_deck_not_explicit_verify_product"]	{"ep":["matvei_michkov_young_guns"],"q":["matvei-michkov.exact-young-guns"],"id":"v1|257257691731|0"}
cand-s4-ebay-6eb63b5d6e87a0055c	dh-20260730T170046Z-7d4c2a91	4	2026-07-30T17:05:44.524826+00:00	MICHKOV YOUNG GUNS / young_guns_deal_and_misspelling	Matvei Michkov	young_guns_rookie_card	eBay	comc_consignment	'	v1|257641466698|0	https://www.ebay.com/itm/257641466698	LIVE	2024-25 Upper Deck Series 2 Young Guns Matvei Michkov #492 PSA 8 Rookie RC 5d9	{"q":["matvei-michkov.exact-young-guns","matvei-michkov.matvey-first-name"],"s":"DISCOVERY_SCOPE_PASS"}	{"status":"UNVERIFIED"}	preliminary|6eb63b5d6e87a0055c	ebay|comc_consignment|v1|257641466698|0	https://i.ebayimg.com/images/g/dNAAAeSw8KNqZF2W/s-l225.jpg	'	FALSE	FALSE	FALSE	FALSE	{}	'	'	'	'	'	'	'	'	'	'	UNASSESSED	[]	31.3	4.99	'	'	'	'	'	'	'	'	'	'	'	'	'	'	'	'	INSUFFICIENT	'	'	'	'	'	'	'	'	'	'	'	'	'	'	'	'	MANUAL REVIEW / UNPRICED	FALSE	FALSE	["identity_unverified","exact_comps_missing","full_costs_unknown","owned_copy_check_missing"]	{"ep":["matvei_michkov_young_guns"],"q":["matvei-michkov.exact-young-guns","matvei-michkov.matvey-first-name"],"id":"v1|257641466698|0"}
cand-s4-ebay-1424b2d31aa5cc565f	dh-20260730T170046Z-7d4c2a91	4	2026-07-30T17:05:44.524826+00:00	MICHKOV YOUNG GUNS / young_guns_deal_and_misspelling	Matvei Michkov	young_guns_rookie_card	eBay	comc_consignment	'	v1|257650398661|0	https://www.ebay.com/itm/257650398661	LIVE	2024 Upper Deck Series 2 Young Guns Outburst Matvei Michkov #492 Rookie RC 0c7a	{"q":["matvei-michkov.exact-young-guns"],"s":"DISCOVERY_SCOPE_PASS"}	{"status":"UNVERIFIED"}	preliminary|1424b2d31aa5cc565f	ebay|comc_consignment|v1|257650398661|0	https://i.ebayimg.com/images/g/q-IAAeSwR-dqas0U/s-l225.jpg	'	FALSE	FALSE	FALSE	FALSE	{}	'	'	'	'	'	'	'	'	'	'	UNASSESSED	[]	191.5	4.99	'	'	'	'	'	'	'	'	'	'	'	'	'	'	'	'	INSUFFICIENT	'	'	'	'	'	'	'	'	'	'	'	'	'	'	'	'	MANUAL REVIEW / UNPRICED	FALSE	FALSE	["identity_unverified","exact_comps_missing","full_costs_unknown","owned_copy_check_missing"]	{"ep":["matvei_michkov_young_guns"],"q":["matvei-michkov.exact-young-guns"],"id":"v1|257650398661|0"}
cand-s4-ebay-5cfd742790b4d5a725	dh-20260730T170046Z-7d4c2a91	4	2026-07-30T17:05:44.524826+00:00	MICHKOV YOUNG GUNS / young_guns_deal_and_misspelling	Matvei Michkov	young_guns_rookie_card	eBay	96tommy96	'	v1|267192431401|0	https://www.ebay.com/itm/267192431401	LIVE	Matvei Michkov 2024-25 Upper Deck Series 2 UD Portraits Red Young Guns RC /99	{"q":["matvei-michkov.michov-surname"],"s":"DISCOVERY_SCOPE_PASS"}	{"status":"UNVERIFIED"}	preliminary|5cfd742790b4d5a725	ebay|96tommy96|v1|267192431401|0	https://i.ebayimg.com/images/g/3AYAAeSw-JRn2MHT/s-l225.jpg	'	FALSE	FALSE	FALSE	FALSE	{}	'	'	'	'	'	'	'	'	'	'	UNASSESSED	[]	128.13	7.12	'	'	'	'	'	'	'	'	'	'	'	'	'	'	'	'	INSUFFICIENT	'	'	'	'	'	'	'	'	'	'	'	'	'	'	'	'	MANUAL REVIEW / UNPRICED	FALSE	FALSE	["identity_unverified","exact_comps_missing","full_costs_unknown","owned_copy_check_missing"]	{"ep":["matvei_michkov_young_guns"],"q":["matvei-michkov.michov-surname"],"id":"v1|267192431401|0"}
cand-s4-ebay-05a6f4c255540efb52	dh-20260730T170046Z-7d4c2a91	4	2026-07-30T17:05:44.524826+00:00	MICHKOV YOUNG GUNS / young_guns_deal_and_misspelling	Matvei Michkov	young_guns_rookie_card	eBay	breakaway_evolution	'	v1|267629630194|0	https://www.ebay.com/itm/267629630194	LIVE	2024-25 Upper Deck Young Guns DAZZLERS #DZ-121 DZ121 MATVEI MICHKOV PINK PSA 9	{"q":["matvei-michkov.young-guns-parallels"],"s":"DISCOVERY_SCOPE_PASS"}	{"status":"UNVERIFIED"}	preliminary|05a6f4c255540efb52	ebay|breakaway_evolution|v1|267629630194|0	https://i.ebayimg.com/images/g/V9MAAeSwFqRp0FhI/s-l225.jpg	'	FALSE	FALSE	FALSE	FALSE	{}	'	'	'	'	'	'	'	'	'	'	UNASSESSED	[]	40		'	'	'	'	'	'	'	'	'	'	'	'	'	'	'	'	INSUFFICIENT	'	'	'	'	'	'	'	'	'	'	'	'	'	'	'	'	MANUAL REVIEW / UNPRICED	FALSE	FALSE	["identity_unverified","exact_comps_missing","full_costs_unknown","owned_copy_check_missing"]	{"ep":["matvei_michkov_young_guns"],"q":["matvei-michkov.young-guns-parallels"],"id":"v1|267629630194|0"}
cand-s4-ebay-35706f2b2981791693	dh-20260730T170046Z-7d4c2a91	4	2026-07-30T17:05:44.524826+00:00	MICHKOV YOUNG GUNS / young_guns_deal_and_misspelling	Matvei Michkov	young_guns_rookie_card	eBay	lcarr6	'	v1|267649633292|0	https://www.ebay.com/itm/267649633292	LIVE	2024-25 Matvei Michkov UD YG Teammates Deluxe /250 & OPC Plat Neon Yellow Surge	{"q":["matvei-michkov.yg-abbreviation"],"s":"DISCOVERY_SCOPE_PASS"}	{"status":"UNVERIFIED"}	preliminary|35706f2b2981791693	ebay|lcarr6|v1|267649633292|0	https://i.ebayimg.com/images/g/mbgAAeSw1Clp661z/s-l225.jpg	'	FALSE	FALSE	FALSE	FALSE	{}	'	'	'	'	'	'	'	'	'	'	UNASSESSED	[]	53.39	14.23	'	'	'	'	'	'	'	'	'	'	'	'	'	'	'	'	INSUFFICIENT	'	'	'	'	'	'	'	'	'	'	'	'	'	'	'	'	MANUAL REVIEW / UNPRICED	FALSE	FALSE	["identity_unverified","exact_comps_missing","full_costs_unknown","owned_copy_check_missing"]	{"ep":["matvei_michkov_young_guns"],"q":["matvei-michkov.yg-abbreviation"],"id":"v1|267649633292|0"}
cand-s4-ebay-378b52b82ee96892d0	dh-20260730T170046Z-7d4c2a91	4	2026-07-30T17:05:44.524826+00:00	MICHKOV YOUNG GUNS / young_guns_deal_and_misspelling	Matvei Michkov	young_guns_rookie_card	eBay	gallosportscards	'	v1|287349414108|0	https://www.ebay.com/itm/287349414108	LIVE	2024-25 Upper Deck Series 2 Young Guns Matvei Michkov #492 RC PSA 9	{"q":["matvei-michkov.exact-young-guns","matvei-michkov.matvey-first-name"],"s":"DISCOVERY_SCOPE_PASS"}	{"status":"UNVERIFIED"}	preliminary|378b52b82ee96892d0	ebay|gallosportscards|v1|287349414108|0	https://i.ebayimg.com/images/g/9oQAAeSwa5xqEhc9/s-l225.jpg	'	FALSE	FALSE	FALSE	FALSE	{}	'	'	'	'	'	'	'	'	'	'	UNASSESSED	[]	39.99	6	'	'	'	'	'	'	'	'	'	'	'	'	'	'	'	'	INSUFFICIENT	'	'	'	'	'	'	'	'	'	'	'	'	'	'	'	'	MANUAL REVIEW / UNPRICED	FALSE	FALSE	["identity_unverified","exact_comps_missing","full_costs_unknown","owned_copy_check_missing"]	{"ep":["matvei_michkov_young_guns"],"q":["matvei-michkov.exact-young-guns","matvei-michkov.matvey-first-name"],"id":"v1|287349414108|0"}
cand-s4-ebay-50dc34f6e876083227	dh-20260730T170046Z-7d4c2a91	4	2026-07-30T17:05:44.524826+00:00	MICHKOV YOUNG GUNS / young_guns_deal_and_misspelling	Matvei Michkov	young_guns_rookie_card	eBay	dk1007trader	'	v1|287440881858|0	https://www.ebay.com/itm/287440881858	LIVE	MATVEI MITCHKOV💥 2024-25 UD SERIES 2💥ROOKIE / YOUNG GUNS #492 RC	{"q":["matvei-michkov.mitchkov-surname"],"s":"IMAGE_OR_IDENTITY_REVIEW_REQUIRED"}	{"status":"UNVERIFIED"}	preliminary|50dc34f6e876083227	ebay|dk1007trader|v1|287440881858|0	https://i.ebayimg.com/images/g/PjIAAeSwrthqSx6T/s-l225.jpg	'	FALSE	FALSE	FALSE	FALSE	{}	'	'	'	'	'	'	'	'	'	'	UNASSESSED	["seller_name_variant_or_misspelling_detected_verify_images"]	24.99		'	'	'	'	'	'	'	'	'	'	'	'	'	'	'	'	INSUFFICIENT	'	'	'	'	'	'	'	'	'	'	'	'	'	'	'	'	MANUAL REVIEW / UNPRICED	FALSE	FALSE	["identity_unverified","exact_comps_missing","full_costs_unknown","owned_copy_check_missing","seller_name_variant_or_misspelling_detected_verify_images"]	{"ep":["matvei_michkov_young_guns"],"q":["matvei-michkov.mitchkov-surname"],"id":"v1|287440881858|0"}
cand-s4-ebay-3ebd91c6710eb7ae79	dh-20260730T170046Z-7d4c2a91	4	2026-07-30T17:05:44.524826+00:00	MICHKOV YOUNG GUNS / young_guns_deal_and_misspelling	Matvei Michkov	young_guns_rookie_card	eBay	ky_hockey_girl	'	v1|297687805834|0	https://www.ebay.com/itm/297687805834	LIVE	2024-25 Young Guns Speckled Rainbow Foil Matvei Michkov #492 Rookie PSA 9	{"q":["matvei-michkov.young-guns-parallels"],"s":"IMAGE_OR_IDENTITY_REVIEW_REQUIRED"}	{"status":"UNVERIFIED"}	preliminary|3ebd91c6710eb7ae79	ebay|ky_hockey_girl|v1|297687805834|0	https://i.ebayimg.com/images/g/kt0AAeSwobNo8Fui/s-l225.jpg	'	FALSE	FALSE	FALSE	FALSE	{}	'	'	'	'	'	'	'	'	'	'	UNASSESSED	["upper_deck_not_explicit_verify_product"]	1150	6.99	'	'	'	'	'	'	'	'	'	'	'	'	'	'	'	'	INSUFFICIENT	'	'	'	'	'	'	'	'	'	'	'	'	'	'	'	'	MANUAL REVIEW / UNPRICED	FALSE	FALSE	["identity_unverified","exact_comps_missing","full_costs_unknown","owned_copy_check_missing","upper_deck_not_explicit_verify_product"]	{"ep":["matvei_michkov_young_guns"],"q":["matvei-michkov.young-guns-parallels"],"id":"v1|297687805834|0"}
cand-s4-ebay-445b01c97d92e43625	dh-20260730T170046Z-7d4c2a91	4	2026-07-30T17:05:44.524826+00:00	MICHKOV YOUNG GUNS / young_guns_deal_and_misspelling	Matvei Michkov	young_guns_rookie_card	eBay	matbukowsk-7	'	v1|298240922941|0	https://www.ebay.com/itm/298240922941	LIVE	2024-25 Upper Deck Series 2 - Young Guns Matvei Michkov #492 Outburst (RC)	{"q":["matvei-michkov.exact-young-guns","matvei-michkov.young-guns-parallels","matvei-michkov.matvey-first-name"],"s":"DISCOVERY_SCOPE_PASS"}	{"status":"UNVERIFIED"}	preliminary|445b01c97d92e43625	ebay|matbukowsk-7|v1|298240922941|0	https://i.ebayimg.com/images/g/88QAAeSw7ztp5EJ9/s-l225.jpg	'	FALSE	FALSE	FALSE	FALSE	{}	'	'	'	'	'	'	'	'	'	'	UNASSESSED	[]	250		'	'	'	'	'	'	'	'	'	'	'	'	'	'	'	'	INSUFFICIENT	'	'	'	'	'	'	'	'	'	'	'	'	'	'	'	'	MANUAL REVIEW / UNPRICED	FALSE	FALSE	["identity_unverified","exact_comps_missing","full_costs_unknown","owned_copy_check_missing"]	{"ep":["matvei_michkov_young_guns"],"q":["matvei-michkov.exact-young-guns","matvei-michkov.young-guns-parallels","matvei-michkov.matvey-first-name"],"id":"v1|298240922941|0"}
cand-s4-ebay-05d05d7062ba0eb8fb	dh-20260730T170046Z-7d4c2a91	4	2026-07-30T17:05:44.524826+00:00	MICHKOV YOUNG GUNS / young_guns_deal_and_misspelling	Matvei Michkov	young_guns_rookie_card	eBay	81jimmy	'	v1|298534522086|0	https://www.ebay.com/itm/298534522086	LIVE	2024 Upper Deck Matvei Michkov Young Guns Outburst PSA 9 Flyers RC	{"q":["matvei-michkov.exact-young-guns","matvei-michkov.young-guns-parallels","matvei-michkov.matvey-first-name"],"s":"DISCOVERY_SCOPE_PASS"}	{"status":"UNVERIFIED"}	preliminary|05d05d7062ba0eb8fb	ebay|81jimmy|v1|298534522086|0	https://i.ebayimg.com/images/g/LlEAAeSw-ABqZkB~/s-l225.jpg	'	FALSE	FALSE	FALSE	FALSE	{}	'	'	'	'	'	'	'	'	'	'	UNASSESSED	[]	240	0	'	'	'	'	'	'	'	'	'	'	'	'	'	'	'	'	INSUFFICIENT	'	'	'	'	'	'	'	'	'	'	'	'	'	'	'	'	MANUAL REVIEW / UNPRICED	FALSE	FALSE	["identity_unverified","exact_comps_missing","full_costs_unknown","owned_copy_check_missing"]	{"ep":["matvei_michkov_young_guns"],"q":["matvei-michkov.exact-young-guns","matvei-michkov.young-guns-parallels","matvei-michkov.matvey-first-name"],"id":"v1|298534522086|0"}
cand-s4-ebay-62eefdee387b1fd8a2	dh-20260730T170046Z-7d4c2a91	4	2026-07-30T17:05:44.524826+00:00	MICHKOV YOUNG GUNS / young_guns_deal_and_misspelling	Matvei Michkov	young_guns_rookie_card	eBay	patlal_72	'	v1|306172617559|0	https://www.ebay.com/itm/306172617559	LIVE	Young Guns Teammates Matvei Mitchkov And Ivan Fedotov Upper Deck Series 2	{"q":["matvei-michkov.mitchkov-surname"],"s":"IMAGE_OR_IDENTITY_REVIEW_REQUIRED"}	{"status":"UNVERIFIED"}	preliminary|62eefdee387b1fd8a2	ebay|patlal_72|v1|306172617559|0	https://i.ebayimg.com/images/g/eY0AAeSwkVhnz-1a/s-l225.jpg	'	FALSE	FALSE	FALSE	FALSE	{}	'	'	'	'	'	'	'	'	'	'	UNASSESSED	["seller_name_variant_or_misspelling_detected_verify_images"]	9.25		'	'	'	'	'	'	'	'	'	'	'	'	'	'	'	'	INSUFFICIENT	'	'	'	'	'	'	'	'	'	'	'	'	'	'	'	'	MANUAL REVIEW / UNPRICED	FALSE	FALSE	["identity_unverified","exact_comps_missing","full_costs_unknown","owned_copy_check_missing","seller_name_variant_or_misspelling_detected_verify_images"]	{"ep":["matvei_michkov_young_guns"],"q":["matvei-michkov.mitchkov-surname"],"id":"v1|306172617559|0"}
cand-s4-ebay-cf5178ae6aef90bb33	dh-20260730T170046Z-7d4c2a91	4	2026-07-30T17:05:44.524826+00:00	MICHKOV YOUNG GUNS / young_guns_deal_and_misspelling	Matvei Michkov	young_guns_rookie_card	eBay	ricco238	'	v1|306999906684|0	https://www.ebay.com/itm/306999906684	LIVE	2024-2025 Upper Deck Series 2 Macklin Celebrini Matvei Michkov Ivan Fedetov YG	{"q":["matvei-michkov.yg-abbreviation"],"s":"DISCOVERY_SCOPE_PASS"}	{"status":"UNVERIFIED"}	preliminary|cf5178ae6aef90bb33	ebay|ricco238|v1|306999906684|0	https://i.ebayimg.com/images/g/UAQAAeSwwlRqLVKY/s-l225.jpg	'	FALSE	FALSE	FALSE	FALSE	{}	'	'	'	'	'	'	'	'	'	'	UNASSESSED	[]	20		'	'	'	'	'	'	'	'	'	'	'	'	'	'	'	'	INSUFFICIENT	'	'	'	'	'	'	'	'	'	'	'	'	'	'	'	'	MANUAL REVIEW / UNPRICED	FALSE	FALSE	["identity_unverified","exact_comps_missing","full_costs_unknown","owned_copy_check_missing"]	{"ep":["matvei_michkov_young_guns"],"q":["matvei-michkov.yg-abbreviation"],"id":"v1|306999906684|0"}
cand-s4-ebay-379f27d7a12091a064	dh-20260730T170046Z-7d4c2a91	4	2026-07-30T17:05:44.524826+00:00	MICHKOV YOUNG GUNS / young_guns_deal_and_misspelling	Matvei Michkov	young_guns_rookie_card	eBay	tleo96	'	v1|307029455323|0	https://www.ebay.com/itm/307029455323	LIVE	2024-25 Upper Deck Series 2 - Young Guns Matvei Michkov #492 (RC)- PSA 9	{"q":["matvei-michkov.matvey-first-name"],"s":"DISCOVERY_SCOPE_PASS"}	{"status":"UNVERIFIED"}	preliminary|379f27d7a12091a064	ebay|tleo96|v1|307029455323|0	https://i.ebayimg.com/images/g/ds4AAeSwzqVqQHiK/s-l225.jpg	'	FALSE	FALSE	FALSE	FALSE	{}	'	'	'	'	'	'	'	'	'	'	UNASSESSED	[]	45	5.25	'	'	'	'	'	'	'	'	'	'	'	'	'	'	'	'	INSUFFICIENT	'	'	'	'	'	'	'	'	'	'	'	'	'	'	'	'	MANUAL REVIEW / UNPRICED	FALSE	FALSE	["identity_unverified","exact_comps_missing","full_costs_unknown","owned_copy_check_missing"]	{"ep":["matvei_michkov_young_guns"],"q":["matvei-michkov.matvey-first-name"],"id":"v1|307029455323|0"}
cand-s4-ebay-ae271880fbcfa0ba1a	dh-20260730T170046Z-7d4c2a91	4	2026-07-30T17:05:44.524826+00:00	MICHKOV YOUNG GUNS / young_guns_deal_and_misspelling	Matvei Michkov	young_guns_rookie_card	eBay	onegreatebuyer	'	v1|307042772808|0	https://www.ebay.com/itm/307042772808	LIVE	2024-25 Upper Deck Series 2 - Young Guns Matvei Michkov #492 (RC)  AC 9.5 MINT+	{"q":["matvei-michkov.exact-young-guns","matvei-michkov.matvey-first-name"],"s":"DISCOVERY_SCOPE_PASS"}	{"status":"UNVERIFIED"}	preliminary|ae271880fbcfa0ba1a	ebay|onegreatebuyer|v1|307042772808|0	https://i.ebayimg.com/images/g/XKQAAeSw9wNqSFob/s-l225.jpg	'	FALSE	FALSE	FALSE	FALSE	{}	'	'	'	'	'	'	'	'	'	'	UNASSESSED	[]	249.99	5.99	'	'	'	'	'	'	'	'	'	'	'	'	'	'	'	'	INSUFFICIENT	'	'	'	'	'	'	'	'	'	'	'	'	'	'	'	'	MANUAL REVIEW / UNPRICED	FALSE	FALSE	["identity_unverified","exact_comps_missing","full_costs_unknown","owned_copy_check_missing"]	{"ep":["matvei_michkov_young_guns"],"q":["matvei-michkov.exact-young-guns","matvei-michkov.matvey-first-name"],"id":"v1|307042772808|0"}
cand-s4-ebay-c2c7c82f02d45c90d7	dh-20260730T170046Z-7d4c2a91	4	2026-07-30T17:05:44.524826+00:00	MICHKOV YOUNG GUNS / young_guns_deal_and_misspelling	Matvei Michkov	young_guns_rookie_card	eBay	marbeaumon_8	'	v1|317769028449|0	https://www.ebay.com/itm/317769028449	LIVE	2024-25 Upper Deck Series 2 - Matvei Michkov Young Guns #492 Outburst (YG / RC)	{"q":["matvei-michkov.yg-abbreviation"],"s":"DISCOVERY_SCOPE_PASS"}	{"status":"UNVERIFIED"}	preliminary|c2c7c82f02d45c90d7	ebay|marbeaumon_8|v1|317769028449|0	https://i.ebayimg.com/images/g/UWsAAeSwAkppaZ2p/s-l225.jpg	'	FALSE	FALSE	FALSE	FALSE	{}	'	'	'	'	'	'	'	'	'	'	UNASSESSED	[]	450		'	'	'	'	'	'	'	'	'	'	'	'	'	'	'	'	INSUFFICIENT	'	'	'	'	'	'	'	'	'	'	'	'	'	'	'	'	MANUAL REVIEW / UNPRICED	FALSE	FALSE	["identity_unverified","exact_comps_missing","full_costs_unknown","owned_copy_check_missing"]	{"ep":["matvei_michkov_young_guns"],"q":["matvei-michkov.yg-abbreviation"],"id":"v1|317769028449|0"}
cand-s4-ebay-351af698b2d502e845	dh-20260730T170046Z-7d4c2a91	4	2026-07-30T17:05:44.524826+00:00	MICHKOV YOUNG GUNS / young_guns_deal_and_misspelling	Matvei Michkov	young_guns_rookie_card	eBay	card_collectors_vault	'	v1|317942680727|0	https://www.ebay.com/itm/317942680727	LIVE	2024-25 Upper Deck Series 2 - Young Guns -Matvei Michkov RC Philadelphia Flyers	{"q":["matvei-michkov.mitchkov-surname"],"s":"DISCOVERY_SCOPE_PASS"}	{"status":"UNVERIFIED"}	preliminary|351af698b2d502e845	ebay|card_collectors_vault|v1|317942680727|0	https://i.ebayimg.com/images/g/hwcAAeSwEXNppQ5A/s-l225.jpg	'	FALSE	FALSE	FALSE	FALSE	{}	'	'	'	'	'	'	'	'	'	'	UNASSESSED	[]	53.39		'	'	'	'	'	'	'	'	'	'	'	'	'	'	'	'	INSUFFICIENT	'	'	'	'	'	'	'	'	'	'	'	'	'	'	'	'	MANUAL REVIEW / UNPRICED	FALSE	FALSE	["identity_unverified","exact_comps_missing","full_costs_unknown","owned_copy_check_missing"]	{"ep":["matvei_michkov_young_guns"],"q":["matvei-michkov.mitchkov-surname"],"id":"v1|317942680727|0"}
cand-s4-ebay-1841964996d5f3a1c8	dh-20260730T170046Z-7d4c2a91	4	2026-07-30T17:05:44.524826+00:00	MICHKOV YOUNG GUNS / young_guns_deal_and_misspelling	Matvei Michkov	young_guns_rookie_card	eBay	erob3535	'	v1|318568194497|0	https://www.ebay.com/itm/318568194497	LIVE	2024 Upper Deck Series 2 #492 Matvei Michkov Young Guns RC Rookie Flyers	{"q":["matvei-michkov.exact-young-guns","matvei-michkov.matvey-first-name"],"s":"DISCOVERY_SCOPE_PASS"}	{"status":"UNVERIFIED"}	preliminary|1841964996d5f3a1c8	ebay|erob3535|v1|318568194497|0	https://i.ebayimg.com/images/g/1DQAAeSwf-pqUTjz/s-l225.jpg	'	FALSE	FALSE	FALSE	FALSE	{}	'	'	'	'	'	'	'	'	'	'	UNASSESSED	[]	20		'	'	'	'	'	'	'	'	'	'	'	'	'	'	'	'	INSUFFICIENT	'	'	'	'	'	'	'	'	'	'	'	'	'	'	'	'	MANUAL REVIEW / UNPRICED	FALSE	FALSE	["identity_unverified","exact_comps_missing","full_costs_unknown","owned_copy_check_missing"]	{"ep":["matvei_michkov_young_guns"],"q":["matvei-michkov.exact-young-guns","matvei-michkov.matvey-first-name"],"id":"v1|318568194497|0"}
cand-s4-ebay-797591955d008c4175	dh-20260730T170046Z-7d4c2a91	4	2026-07-30T17:05:44.524826+00:00	MICHKOV YOUNG GUNS / young_guns_deal_and_misspelling	Matvei Michkov	young_guns_rookie_card	eBay	sj21shop	'	v1|318655552341|0	https://www.ebay.com/itm/318655552341	LIVE	Upper Deck 2024-25 Series 2 Young Guns Matvei Michkov #492 Flyers King Mint 9	{"q":["matvei-michkov.matvey-first-name"],"s":"DISCOVERY_SCOPE_PASS"}	{"status":"UNVERIFIED"}	preliminary|797591955d008c4175	ebay|sj21shop|v1|318655552341|0	https://i.ebayimg.com/images/g/ip0AAeSwJy5qEng0/s-l225.jpg	'	FALSE	FALSE	FALSE	FALSE	{}	'	'	'	'	'	'	'	'	'	'	UNASSESSED	[]	105		'	'	'	'	'	'	'	'	'	'	'	'	'	'	'	'	INSUFFICIENT	'	'	'	'	'	'	'	'	'	'	'	'	'	'	'	'	MANUAL REVIEW / UNPRICED	FALSE	FALSE	["identity_unverified","exact_comps_missing","full_costs_unknown","owned_copy_check_missing"]	{"ep":["matvei_michkov_young_guns"],"q":["matvei-michkov.matvey-first-name"],"id":"v1|318655552341|0"}
cand-s4-ebay-981cf1117cee2a05f8	dh-20260730T170046Z-7d4c2a91	4	2026-07-30T17:05:44.524826+00:00	MICHKOV YOUNG GUNS / young_guns_deal_and_misspelling	Matvei Michkov	young_guns_rookie_card	eBay	pasmic_8310	'	v1|336243868123|0	https://www.ebay.com/itm/336243868123	LIVE	2024-25 Upper Deck Oversized Jumbo **Young Guns**#492 Matvei Michkov YG NM	{"q":["matvei-michkov.yg-abbreviation"],"s":"DISCOVERY_SCOPE_PASS"}	{"status":"UNVERIFIED"}	preliminary|981cf1117cee2a05f8	ebay|pasmic_8310|v1|336243868123|0	https://i.ebayimg.com/images/g/luMAAeSwYrBo9w2F/s-l225.jpg	'	FALSE	FALSE	FALSE	FALSE	{}	'	'	'	'	'	'	'	'	'	'	UNASSESSED	[]	17	8	'	'	'	'	'	'	'	'	'	'	'	'	'	'	'	'	INSUFFICIENT	'	'	'	'	'	'	'	'	'	'	'	'	'	'	'	'	MANUAL REVIEW / UNPRICED	FALSE	FALSE	["identity_unverified","exact_comps_missing","full_costs_unknown","owned_copy_check_missing"]	{"ep":["matvei_michkov_young_guns"],"q":["matvei-michkov.yg-abbreviation"],"id":"v1|336243868123|0"}
cand-s4-ebay-aacc0110f594f0bdc3	dh-20260730T170046Z-7d4c2a91	4	2026-07-30T17:05:44.524826+00:00	MICHKOV YOUNG GUNS / young_guns_deal_and_misspelling	Matvei Michkov	young_guns_rookie_card	eBay	onenonlyjohn	'	v1|336534816362|0	https://www.ebay.com/itm/336534816362	LIVE	Matvei Mitchkov 2024-25 UD Hockey Series 2 Young Guns and Flyers card lot of 7	{"q":["matvei-michkov.mitchkov-surname"],"s":"IMAGE_OR_IDENTITY_REVIEW_REQUIRED"}	{"status":"UNVERIFIED"}	preliminary|aacc0110f594f0bdc3	ebay|onenonlyjohn|v1|336534816362|0	https://i.ebayimg.com/images/g/HHwAAeSwqOdqBsJ1/s-l225.jpg	'	FALSE	FALSE	FALSE	FALSE	{}	'	'	'	'	'	'	'	'	'	'	UNASSESSED	["seller_name_variant_or_misspelling_detected_verify_images"]	100	22	'	'	'	'	'	'	'	'	'	'	'	'	'	'	'	'	INSUFFICIENT	'	'	'	'	'	'	'	'	'	'	'	'	'	'	'	'	MANUAL REVIEW / UNPRICED	FALSE	FALSE	["identity_unverified","exact_comps_missing","full_costs_unknown","owned_copy_check_missing","seller_name_variant_or_misspelling_detected_verify_images"]	{"ep":["matvei_michkov_young_guns"],"q":["matvei-michkov.mitchkov-surname"],"id":"v1|336534816362|0"}
cand-s4-ebay-3cd1364b853183d11a	dh-20260730T170046Z-7d4c2a91	4	2026-07-30T17:05:44.524826+00:00	MICHKOV YOUNG GUNS / young_guns_deal_and_misspelling	Matvei Michkov	young_guns_rookie_card	eBay	comc_consignment	'	v1|336671772645|0	https://www.ebay.com/itm/336671772645	LIVE	2024-25 Series 2 Young Guns Exclusives 50/100 Matvei Michkov #492 Rookie RC 0h7p	{"q":["matvei-michkov.young-guns-parallels"],"s":"IMAGE_OR_IDENTITY_REVIEW_REQUIRED"}	{"status":"UNVERIFIED"}	preliminary|3cd1364b853183d11a	ebay|comc_consignment|v1|336671772645|0	https://i.ebayimg.com/images/g/Sk4AAeSwJAVqSVfz/s-l225.jpg	'	FALSE	FALSE	FALSE	FALSE	{}	'	'	'	'	'	'	'	'	'	'	UNASSESSED	["upper_deck_not_explicit_verify_product"]	611.9	4.99	'	'	'	'	'	'	'	'	'	'	'	'	'	'	'	'	INSUFFICIENT	'	'	'	'	'	'	'	'	'	'	'	'	'	'	'	'	MANUAL REVIEW / UNPRICED	FALSE	FALSE	["identity_unverified","exact_comps_missing","full_costs_unknown","owned_copy_check_missing","upper_deck_not_explicit_verify_product"]	{"ep":["matvei_michkov_young_guns"],"q":["matvei-michkov.young-guns-parallels"],"id":"v1|336671772645|0"}
cand-s4-ebay-e09b440b19cdcfe959	dh-20260730T170046Z-7d4c2a91	4	2026-07-30T17:05:44.524826+00:00	MICHKOV YOUNG GUNS / young_guns_deal_and_misspelling	Matvei Michkov	young_guns_rookie_card	eBay	comc_consignment	'	v1|336690104218|0	https://www.ebay.com/itm/336690104218	LIVE	2024 Upper Deck Series 2 Young Guns Outburst Matvei Michkov #492 Rookie RC 1j6p	{"q":["matvei-michkov.exact-young-guns","matvei-michkov.young-guns-parallels"],"s":"DISCOVERY_SCOPE_PASS"}	{"status":"UNVERIFIED"}	preliminary|e09b440b19cdcfe959	ebay|comc_consignment|v1|336690104218|0	https://i.ebayimg.com/images/g/0pAAAeSw1uFqV62l/s-l225.jpg	'	FALSE	FALSE	FALSE	FALSE	{}	'	'	'	'	'	'	'	'	'	'	UNASSESSED	[]	163.45	4.99	'	'	'	'	'	'	'	'	'	'	'	'	'	'	'	'	INSUFFICIENT	'	'	'	'	'	'	'	'	'	'	'	'	'	'	'	'	MANUAL REVIEW / UNPRICED	FALSE	FALSE	["identity_unverified","exact_comps_missing","full_costs_unknown","owned_copy_check_missing"]	{"ep":["matvei_michkov_young_guns"],"q":["matvei-michkov.exact-young-guns","matvei-michkov.young-guns-parallels"],"id":"v1|336690104218|0"}
cand-s4-ebay-06f3506ff0df7f9e2e	dh-20260730T170046Z-7d4c2a91	4	2026-07-30T17:05:44.524826+00:00	MICHKOV YOUNG GUNS / young_guns_deal_and_misspelling	Matvei Michkov	young_guns_rookie_card	eBay	rapberg_0	'	v1|356709755163|0	https://www.ebay.com/itm/356709755163	LIVE	2024-25 Upper Deck serie 2 Matvei Mitchkov young guns #492	{"q":["matvei-michkov.mitchkov-surname"],"s":"IMAGE_OR_IDENTITY_REVIEW_REQUIRED"}	{"status":"UNVERIFIED"}	preliminary|06f3506ff0df7f9e2e	ebay|rapberg_0|v1|356709755163|0	https://i.ebayimg.com/images/g/qJwAAOSwhWln42Ur/s-l225.jpg	'	FALSE	FALSE	FALSE	FALSE	{}	'	'	'	'	'	'	'	'	'	'	UNASSESSED	["seller_name_variant_or_misspelling_detected_verify_images"]	88.99		'	'	'	'	'	'	'	'	'	'	'	'	'	'	'	'	INSUFFICIENT	'	'	'	'	'	'	'	'	'	'	'	'	'	'	'	'	MANUAL REVIEW / UNPRICED	FALSE	FALSE	["identity_unverified","exact_comps_missing","full_costs_unknown","owned_copy_check_missing","seller_name_variant_or_misspelling_detected_verify_images"]	{"ep":["matvei_michkov_young_guns"],"q":["matvei-michkov.mitchkov-surname"],"id":"v1|356709755163|0"}
cand-s4-ebay-65d9ed8adf952cb180	dh-20260730T170046Z-7d4c2a91	4	2026-07-30T17:05:44.524826+00:00	MICHKOV YOUNG GUNS / young_guns_deal_and_misspelling	Matvei Michkov	young_guns_rookie_card	eBay	yeaaahso	'	v1|358125114499|0	https://www.ebay.com/itm/358125114499	LIVE	Matvei Michkov Young Guns - 2024-25 Upper Deck Series 2 RC #492 Flyers	{"q":["matvei-michkov.mitchkov-surname"],"s":"DISCOVERY_SCOPE_PASS"}	{"status":"UNVERIFIED"}	preliminary|65d9ed8adf952cb180	ebay|yeaaahso|v1|358125114499|0	https://i.ebayimg.com/images/g/kQ0AAeSwHkFpawtB/s-l225.jpg	'	FALSE	FALSE	FALSE	FALSE	{}	'	'	'	'	'	'	'	'	'	'	UNASSESSED	[]	42.71		'	'	'	'	'	'	'	'	'	'	'	'	'	'	'	'	INSUFFICIENT	'	'	'	'	'	'	'	'	'	'	'	'	'	'	'	'	MANUAL REVIEW / UNPRICED	FALSE	FALSE	["identity_unverified","exact_comps_missing","full_costs_unknown","owned_copy_check_missing"]	{"ep":["matvei_michkov_young_guns"],"q":["matvei-michkov.mitchkov-surname"],"id":"v1|358125114499|0"}
cand-s4-ebay-a1d29faf81e54f94a1	dh-20260730T170046Z-7d4c2a91	4	2026-07-30T17:05:44.524826+00:00	MICHKOV YOUNG GUNS / young_guns_deal_and_misspelling	Matvei Michkov	young_guns_rookie_card	eBay	cardperfectllc	'	v1|358501353251|0	https://www.ebay.com/itm/358501353251	LIVE	2024-25 Upper Deck Series 2 Matvei Michkov Young Guns - Portraits - O-Pee-Chee	{"q":["matvei-michkov.michov-surname"],"s":"DISCOVERY_SCOPE_PASS"}	{"status":"UNVERIFIED"}	preliminary|a1d29faf81e54f94a1	ebay|cardperfectllc|v1|358501353251|0	https://i.ebayimg.com/images/g/XVgAAeSwM4Zp8jRQ/s-l225.jpg	'	FALSE	FALSE	FALSE	FALSE	{}	'	'	'	'	'	'	'	'	'	'	UNASSESSED	[]	29		'	'	'	'	'	'	'	'	'	'	'	'	'	'	'	'	INSUFFICIENT	'	'	'	'	'	'	'	'	'	'	'	'	'	'	'	'	MANUAL REVIEW / UNPRICED	FALSE	FALSE	["identity_unverified","exact_comps_missing","full_costs_unknown","owned_copy_check_missing"]	{"ep":["matvei_michkov_young_guns"],"q":["matvei-michkov.michov-surname"],"id":"v1|358501353251|0"}
cand-s4-ebay-e788d95b51a21a40b6	dh-20260730T170046Z-7d4c2a91	4	2026-07-30T17:05:44.524826+00:00	MICHKOV YOUNG GUNS / young_guns_deal_and_misspelling	Matvei Michkov	young_guns_rookie_card	eBay	josdeo_87	'	v1|358534510614|0	https://www.ebay.com/itm/358534510614	LIVE	Upper Deck 2024-25 Series 2 Young Guns Clear Cut Matvei Michkov #492 RC PSA 10	{"q":["matvei-michkov.young-guns-parallels"],"s":"DISCOVERY_SCOPE_PASS"}	{"status":"UNVERIFIED"}	preliminary|e788d95b51a21a40b6	ebay|josdeo_87|v1|358534510614|0	https://i.ebayimg.com/images/g/jrwAAeSwrIhp~kE2/s-l225.jpg	'	FALSE	FALSE	FALSE	FALSE	{}	'	'	'	'	'	'	'	'	'	'	UNASSESSED	[]	1350		'	'	'	'	'	'	'	'	'	'	'	'	'	'	'	'	INSUFFICIENT	'	'	'	'	'	'	'	'	'	'	'	'	'	'	'	'	MANUAL REVIEW / UNPRICED	FALSE	FALSE	["identity_unverified","exact_comps_missing","full_costs_unknown","owned_copy_check_missing"]	{"ep":["matvei_michkov_young_guns"],"q":["matvei-michkov.young-guns-parallels"],"id":"v1|358534510614|0"}
cand-s4-ebay-e25fcc5cc872cab428	dh-20260730T170046Z-7d4c2a91	4	2026-07-30T17:05:44.524826+00:00	MICHKOV YOUNG GUNS / young_guns_deal_and_misspelling	Matvei Michkov	young_guns_rookie_card	eBay	atcardsaz	'	v1|358537805756|0	https://www.ebay.com/itm/358537805756	LIVE	2024 Upper Deck Matvei Michkov Young Guns Outburst PSA 9 Flyers RC	{"q":["matvei-michkov.young-guns-parallels"],"s":"DISCOVERY_SCOPE_PASS"}	{"status":"UNVERIFIED"}	preliminary|e25fcc5cc872cab428	ebay|atcardsaz|v1|358537805756|0	https://i.ebayimg.com/images/g/2Z4AAeSwZoxp~6Pe/s-l225.jpg	'	FALSE	FALSE	FALSE	FALSE	{}	'	'	'	'	'	'	'	'	'	'	UNASSESSED	[]	199.99		'	'	'	'	'	'	'	'	'	'	'	'	'	'	'	'	INSUFFICIENT	'	'	'	'	'	'	'	'	'	'	'	'	'	'	'	'	MANUAL REVIEW / UNPRICED	FALSE	FALSE	["identity_unverified","exact_comps_missing","full_costs_unknown","owned_copy_check_missing"]	{"ep":["matvei_michkov_young_guns"],"q":["matvei-michkov.young-guns-parallels"],"id":"v1|358537805756|0"}
cand-s4-ebay-63109666ca393fc14c	dh-20260730T170046Z-7d4c2a91	4	2026-07-30T17:05:44.524826+00:00	MICHKOV YOUNG GUNS / young_guns_deal_and_misspelling	Matvei Michkov	young_guns_rookie_card	eBay	phillyphillycards1_ig	'	v1|366558204285|0	https://www.ebay.com/itm/366558204285	LIVE	MATVEI MICHKOV 2024-25 Upper Deck Series 2 Young Guns Outburst Flyers RC #492	{"q":["matvei-michkov.young-guns-parallels","matvei-michkov.matvey-first-name"],"s":"DISCOVERY_SCOPE_PASS"}	{"status":"UNVERIFIED"}	preliminary|63109666ca393fc14c	ebay|phillyphillycards1_ig|v1|366558204285|0	https://i.ebayimg.com/images/g/mcAAAeSwKzZqYJzW/s-l225.jpg	'	FALSE	FALSE	FALSE	FALSE	{}	'	'	'	'	'	'	'	'	'	'	UNASSESSED	[]	200	6	'	'	'	'	'	'	'	'	'	'	'	'	'	'	'	'	INSUFFICIENT	'	'	'	'	'	'	'	'	'	'	'	'	'	'	'	'	MANUAL REVIEW / UNPRICED	FALSE	FALSE	["identity_unverified","exact_comps_missing","full_costs_unknown","owned_copy_check_missing"]	{"ep":["matvei_michkov_young_guns"],"q":["matvei-michkov.young-guns-parallels","matvei-michkov.matvey-first-name"],"id":"v1|366558204285|0"}
cand-s4-ebay-7c25fb8833c453988b	dh-20260730T170046Z-7d4c2a91	4	2026-07-30T17:05:44.524826+00:00	MICHKOV YOUNG GUNS / young_guns_deal_and_misspelling	Matvei Michkov	young_guns_rookie_card	eBay	mn-sportscards	'	v1|377338063102|0	https://www.ebay.com/itm/377338063102	LIVE	2024-25 Upper Deck Hockey Matvei Michkov #492 Young Guns PSA 9	{"q":["matvei-michkov.matvey-first-name"],"s":"DISCOVERY_SCOPE_PASS"}	{"status":"UNVERIFIED"}	preliminary|7c25fb8833c453988b	ebay|mn-sportscards|v1|377338063102|0	https://i.ebayimg.com/images/g/7egAAeSwl85qU9ld/s-l225.jpg	'	FALSE	FALSE	FALSE	FALSE	{}	'	'	'	'	'	'	'	'	'	'	UNASSESSED	[]	39.99	6	'	'	'	'	'	'	'	'	'	'	'	'	'	'	'	'	INSUFFICIENT	'	'	'	'	'	'	'	'	'	'	'	'	'	'	'	'	MANUAL REVIEW / UNPRICED	FALSE	FALSE	["identity_unverified","exact_comps_missing","full_costs_unknown","owned_copy_check_missing"]	{"ep":["matvei_michkov_young_guns"],"q":["matvei-michkov.matvey-first-name"],"id":"v1|377338063102|0"}
cand-s4-ebay-f3c27ec4492aca51f8	dh-20260730T170046Z-7d4c2a91	4	2026-07-30T17:05:44.524826+00:00	MICHKOV YOUNG GUNS / young_guns_deal_and_misspelling	Matvei Michkov	young_guns_rookie_card	eBay	mdgoulet	'	v1|389022686341|0	https://www.ebay.com/itm/389022686341	LIVE	2024-25 Upper Deck Series 2 Matvei Michkov / Fedetov Young Guns Teammates #496	{"q":["matvei-michkov.mitchkov-surname"],"s":"DISCOVERY_SCOPE_PASS"}	{"status":"UNVERIFIED"}	preliminary|f3c27ec4492aca51f8	ebay|mdgoulet|v1|389022686341|0	https://i.ebayimg.com/images/g/LbwAAeSwWfxo2D8h/s-l225.jpg	'	FALSE	FALSE	FALSE	FALSE	{}	'	'	'	'	'	'	'	'	'	'	UNASSESSED	[]	4.99		'	'	'	'	'	'	'	'	'	'	'	'	'	'	'	'	INSUFFICIENT	'	'	'	'	'	'	'	'	'	'	'	'	'	'	'	'	MANUAL REVIEW / UNPRICED	FALSE	FALSE	["identity_unverified","exact_comps_missing","full_costs_unknown","owned_copy_check_missing"]	{"ep":["matvei_michkov_young_guns"],"q":["matvei-michkov.mitchkov-surname"],"id":"v1|389022686341|0"}
cand-s4-ebay-11644c5d793ca89ee8	dh-20260730T170046Z-7d4c2a91	4	2026-07-30T17:05:44.524826+00:00	MICHKOV YOUNG GUNS / young_guns_deal_and_misspelling	Matvei Michkov	young_guns_rookie_card	eBay	villainhockeycard	'	v1|396359932547|0	https://www.ebay.com/itm/396359932547	LIVE	2024-25 UD Series 2  Matvei Michkov / Fedetov  Young Guns Teammates RC #496	{"q":["matvei-michkov.mitchkov-surname"],"s":"DISCOVERY_SCOPE_PASS"}	{"status":"UNVERIFIED"}	preliminary|11644c5d793ca89ee8	ebay|villainhockeycard|v1|396359932547|0	https://i.ebayimg.com/images/g/feUAAeSwIIZn4h59/s-l225.jpg	'	FALSE	FALSE	FALSE	FALSE	{}	'	'	'	'	'	'	'	'	'	'	UNASSESSED	[]	9.99		'	'	'	'	'	'	'	'	'	'	'	'	'	'	'	'	INSUFFICIENT	'	'	'	'	'	'	'	'	'	'	'	'	'	'	'	'	MANUAL REVIEW / UNPRICED	FALSE	FALSE	["identity_unverified","exact_comps_missing","full_costs_unknown","owned_copy_check_missing"]	{"ep":["matvei_michkov_young_guns"],"q":["matvei-michkov.mitchkov-surname"],"id":"v1|396359932547|0"}
cand-s4-ebay-e61c4cc97271883f89	dh-20260730T170046Z-7d4c2a91	4	2026-07-30T17:05:44.524826+00:00	MICHKOV YOUNG GUNS / young_guns_deal_and_misspelling	Matvei Michkov	young_guns_rookie_card	eBay	junior_cards	'	v1|397607327252|0	https://www.ebay.com/itm/397607327252	LIVE	2024-25 Upper Deck Serie 2 Matvei Michkov YG Young Guns RC #492 Rookie	{"q":["matvei-michkov.yg-abbreviation"],"s":"DISCOVERY_SCOPE_PASS"}	{"status":"UNVERIFIED"}	preliminary|e61c4cc97271883f89	ebay|junior_cards|v1|397607327252|0	https://i.ebayimg.com/images/g/EZ0AAeSwzMJpkCvY/s-l225.jpg	'	FALSE	FALSE	FALSE	FALSE	{}	'	'	'	'	'	'	'	'	'	'	UNASSESSED	[]	35.59	21.35	'	'	'	'	'	'	'	'	'	'	'	'	'	'	'	'	INSUFFICIENT	'	'	'	'	'	'	'	'	'	'	'	'	'	'	'	'	MANUAL REVIEW / UNPRICED	FALSE	FALSE	["identity_unverified","exact_comps_missing","full_costs_unknown","owned_copy_check_missing"]	{"ep":["matvei_michkov_young_guns"],"q":["matvei-michkov.yg-abbreviation"],"id":"v1|397607327252|0"}
cand-s4-ebay-90a9f369b34c0b4daa	dh-20260730T170046Z-7d4c2a91	4	2026-07-30T17:05:44.524826+00:00	MICHKOV YOUNG GUNS / young_guns_deal_and_misspelling	Matvei Michkov	young_guns_rookie_card	eBay	balt_9110	'	v1|398221383873|0	https://www.ebay.com/itm/398221383873	LIVE	2024-25 Upper Deck Series 2 - Young Guns Matvei Michkov #492 (RC)	{"q":["matvei-michkov.michov-surname"],"s":"DISCOVERY_SCOPE_PASS"}	{"status":"UNVERIFIED"}	preliminary|90a9f369b34c0b4daa	ebay|balt_9110|v1|398221383873|0	https://i.ebayimg.com/images/g/hfsAAeSwqNVqXZBB/s-l225.jpg	'	FALSE	FALSE	FALSE	FALSE	{}	'	'	'	'	'	'	'	'	'	'	UNASSESSED	[]	35	3.5	'	'	'	'	'	'	'	'	'	'	'	'	'	'	'	'	INSUFFICIENT	'	'	'	'	'	'	'	'	'	'	'	'	'	'	'	'	MANUAL REVIEW / UNPRICED	FALSE	FALSE	["identity_unverified","exact_comps_missing","full_costs_unknown","owned_copy_check_missing"]	{"ep":["matvei_michkov_young_guns"],"q":["matvei-michkov.michov-surname"],"id":"v1|398221383873|0"}
cand-s4-ebay-0c933dbd7efc10b732	dh-20260730T170046Z-7d4c2a91	4	2026-07-30T17:05:44.524826+00:00	MICHKOV YOUNG GUNS / young_guns_deal_and_misspelling	Matvei Michkov	young_guns_rookie_card	eBay	alber_3921	'	v1|398221523667|0	https://www.ebay.com/itm/398221523667	LIVE	Matvei Michkov/Ivan Fedetov Upper Deck Young Guns Teammates Rookie Card #496	{"q":["matvei-michkov.exact-young-guns"],"s":"DISCOVERY_SCOPE_PASS"}	{"status":"UNVERIFIED"}	preliminary|0c933dbd7efc10b732	ebay|alber_3921|v1|398221523667|0	https://i.ebayimg.com/images/g/2noAAeSwRT1qZ-XQ/s-l225.jpg	'	FALSE	FALSE	FALSE	FALSE	{}	'	'	'	'	'	'	'	'	'	'	UNASSESSED	[]	1.13		'	'	'	'	'	'	'	'	'	'	'	'	'	'	'	'	INSUFFICIENT	'	'	'	'	'	'	'	'	'	'	'	'	'	'	'	'	MANUAL REVIEW / UNPRICED	FALSE	FALSE	["identity_unverified","exact_comps_missing","full_costs_unknown","owned_copy_check_missing"]	{"ep":["matvei_michkov_young_guns"],"q":["matvei-michkov.exact-young-guns"],"id":"v1|398221523667|0"}
cand-s4-ebay-40eca33b1864d797cd	dh-20260730T170046Z-7d4c2a91	4	2026-07-30T17:05:44.524826+00:00	MICHKOV YOUNG GUNS / young_guns_deal_and_misspelling	Matvei Michkov	young_guns_rookie_card	eBay	east.sac.cards	'	v1|406372944399|0	https://www.ebay.com/itm/406372944399	LIVE	2024-25 Upper Deck: Matvei Michkov / Ivan Fedotov YG, UER - #496	{"q":["matvei-michkov.yg-abbreviation"],"s":"DISCOVERY_SCOPE_PASS"}	{"status":"UNVERIFIED"}	preliminary|40eca33b1864d797cd	ebay|east.sac.cards|v1|406372944399|0	https://i.ebayimg.com/images/g/xxYAAeSwP19qZPGv/s-l225.jpg	'	FALSE	FALSE	FALSE	FALSE	{}	'	'	'	'	'	'	'	'	'	'	UNASSESSED	[]	3.99	0	'	'	'	'	'	'	'	'	'	'	'	'	'	'	'	'	INSUFFICIENT	'	'	'	'	'	'	'	'	'	'	'	'	'	'	'	'	MANUAL REVIEW / UNPRICED	FALSE	FALSE	["identity_unverified","exact_comps_missing","full_costs_unknown","owned_copy_check_missing"]	{"ep":["matvei_michkov_young_guns"],"q":["matvei-michkov.yg-abbreviation"],"id":"v1|406372944399|0"}
cand-s4-ebay-3dec6aa66670b38bff	dh-20260730T170046Z-7d4c2a91	4	2026-07-30T17:05:44.524826+00:00	MICHKOV YOUNG GUNS / young_guns_deal_and_misspelling	Matvei Michkov	young_guns_rookie_card	eBay	usa-breaks	'	v1|406674039202|0	https://www.ebay.com/itm/406674039202	LIVE	2024-25 Upper Deck #496 Matvei Michkov / Ivan Fedotov YG, RC	{"q":["matvei-michkov.yg-abbreviation"],"s":"DISCOVERY_SCOPE_PASS"}	{"status":"UNVERIFIED"}	preliminary|3dec6aa66670b38bff	ebay|usa-breaks|v1|406674039202|0	https://i.ebayimg.com/images/g/dlAAAeSwUBJphc5J/s-l225.jpg	'	FALSE	FALSE	FALSE	FALSE	{}	'	'	'	'	'	'	'	'	'	'	UNASSESSED	[]	1.61	1.32	'	'	'	'	'	'	'	'	'	'	'	'	'	'	'	'	INSUFFICIENT	'	'	'	'	'	'	'	'	'	'	'	'	'	'	'	'	MANUAL REVIEW / UNPRICED	FALSE	FALSE	["identity_unverified","exact_comps_missing","full_costs_unknown","owned_copy_check_missing"]	{"ep":["matvei_michkov_young_guns"],"q":["matvei-michkov.yg-abbreviation"],"id":"v1|406674039202|0"}
cand-s4-ebay-3cfb070c254baeca7a	dh-20260730T170046Z-7d4c2a91	4	2026-07-30T17:05:44.524826+00:00	MICHKOV YOUNG GUNS / young_guns_deal_and_misspelling	Matvei Michkov	young_guns_rookie_card	eBay	noahv75	'	v1|407094436069|0	https://www.ebay.com/itm/407094436069	LIVE	2024-25 Upper Deck Series 2 - Young Guns Matvei Michkov #492 (RC) PSA 10	{"q":["matvei-michkov.exact-young-guns","matvei-michkov.matvey-first-name"],"s":"DISCOVERY_SCOPE_PASS"}	{"status":"UNVERIFIED"}	preliminary|3cfb070c254baeca7a	ebay|noahv75|v1|407094436069|0	https://i.ebayimg.com/images/g/y5MAAeSw9ZVqYsGT/s-l225.jpg	'	FALSE	FALSE	FALSE	FALSE	{}	'	'	'	'	'	'	'	'	'	'	UNASSESSED	[]	190		'	'	'	'	'	'	'	'	'	'	'	'	'	'	'	'	INSUFFICIENT	'	'	'	'	'	'	'	'	'	'	'	'	'	'	'	'	MANUAL REVIEW / UNPRICED	FALSE	FALSE	["identity_unverified","exact_comps_missing","full_costs_unknown","owned_copy_check_missing"]	{"ep":["matvei_michkov_young_guns"],"q":["matvei-michkov.exact-young-guns","matvei-michkov.matvey-first-name"],"id":"v1|407094436069|0"}
cand-s4-ebay-1db64423e2c762ce61	dh-20260730T170046Z-7d4c2a91	4	2026-07-30T17:05:44.524826+00:00	MICHKOV YOUNG GUNS / young_guns_deal_and_misspelling	Matvei Michkov	young_guns_rookie_card	eBay	salehub770	'	v1|800417216868|0	https://www.ebay.com/itm/800417216868	LIVE	2024-25 Upper Deck Series 2 Young Guns Matvei Michkov #492 RC	{"q":["matvei-michkov.exact-young-guns","matvei-michkov.matvey-first-name"],"s":"DISCOVERY_SCOPE_PASS"}	{"status":"UNVERIFIED"}	preliminary|1db64423e2c762ce61	ebay|salehub770|v1|800417216868|0	https://i.ebayimg.com/images/g/brgAAeSwObdqT8Cl/s-l225.jpg	'	FALSE	FALSE	FALSE	FALSE	{}	'	'	'	'	'	'	'	'	'	'	UNASSESSED	[]	19.99	1.69	'	'	'	'	'	'	'	'	'	'	'	'	'	'	'	'	INSUFFICIENT	'	'	'	'	'	'	'	'	'	'	'	'	'	'	'	'	MANUAL REVIEW / UNPRICED	FALSE	FALSE	["identity_unverified","exact_comps_missing","full_costs_unknown","owned_copy_check_missing"]	{"ep":["matvei_michkov_young_guns"],"q":["matvei-michkov.exact-young-guns","matvei-michkov.matvey-first-name"],"id":"v1|800417216868|0"}
cand-s4-ebay-440ea2dc88292a0d24	dh-20260730T170046Z-7d4c2a91	4	2026-07-30T17:05:44.524826+00:00	SIGNED BASEBALLS / signed_prospect_baseball	Leo De Vries	signed_prospect_baseball	eBay	mdeshet	'	v1|116881689807|0	https://www.ebay.com/itm/116881689807	LIVE	Leo De Vries autograph signed 2024 1ST Bowman Chrome baseball card PSA b A's	{"q":["signed-baseball.leo-de-vries"],"s":"DISCOVERY_SCOPE_PASS"}	{"status":"UNVERIFIED"}	preliminary|440ea2dc88292a0d24	ebay|mdeshet|v1|116881689807|0	https://i.ebayimg.com/images/g/8usAAeSwBeFpGbdO/s-l225.jpg	'	FALSE	FALSE	FALSE	FALSE	{}	'	'	'	'	'	'	'	'	'	'	UNASSESSED	[]	184.99	3	'	'	'	'	'	'	'	'	'	'	'	'	'	'	'	'	INSUFFICIENT	'	'	'	'	'	'	'	'	'	'	'	'	'	'	'	'	MANUAL REVIEW / UNPRICED	FALSE	FALSE	["identity_unverified","exact_comps_missing","full_costs_unknown","owned_copy_check_missing"]	{"ep":["signed_baseballs"],"q":["signed-baseball.leo-de-vries"],"id":"v1|116881689807|0"}
cand-s4-ebay-6455ba2ab6483c4598	dh-20260730T170046Z-7d4c2a91	4	2026-07-30T17:05:44.524826+00:00	SIGNED BASEBALLS / signed_prospect_baseball	Jesus Made	signed_prospect_baseball	eBay	steinersports	'	v1|117175858635|0	https://www.ebay.com/itm/117175858635	LIVE	Jesus Made Milwaukee Brewers Signed Baseball with Multiple Inscs - LE 10 of 10	{"q":["signed-baseball.jesus-made"],"s":"DISCOVERY_SCOPE_PASS"}	{"status":"UNVERIFIED"}	preliminary|6455ba2ab6483c4598	ebay|steinersports|v1|117175858635|0	https://i.ebayimg.com/images/g/mZkAAeSwYUhqa0mP/s-l225.jpg	'	FALSE	FALSE	FALSE	FALSE	{}	'	'	'	'	'	'	'	'	'	'	UNASSESSED	[]	499.99	0	'	'	'	'	'	'	'	'	'	'	'	'	'	'	'	'	INSUFFICIENT	'	'	'	'	'	'	'	'	'	'	'	'	'	'	'	'	MANUAL REVIEW / UNPRICED	FALSE	FALSE	["identity_unverified","exact_comps_missing","full_costs_unknown","owned_copy_check_missing"]	{"ep":["signed_baseballs"],"q":["signed-baseball.jesus-made"],"id":"v1|117175858635|0"}
cand-s4-ebay-5cae73b120aca10634	dh-20260730T170046Z-7d4c2a91	4	2026-07-30T17:05:44.524826+00:00	SIGNED BASEBALLS / signed_prospect_baseball	Franklin Arias	signed_prospect_baseball	eBay	baltimoregraphs	'	v1|117212970653|0	https://www.ebay.com/itm/117212970653	LIVE	Franklin Arias Signed Baseball Boston Red Sox Autographed Auto Prova	{"q":["signed-baseball.franklin-arias"],"s":"DISCOVERY_SCOPE_PASS"}	{"status":"UNVERIFIED"}	preliminary|5cae73b120aca10634	ebay|baltimoregraphs|v1|117212970653|0	https://i.ebayimg.com/images/g/pdIAAeSwr9dqEydI/s-l225.jpg	'	FALSE	FALSE	FALSE	FALSE	{}	'	'	'	'	'	'	'	'	'	'	UNASSESSED	[]	79.99	0	'	'	'	'	'	'	'	'	'	'	'	'	'	'	'	'	INSUFFICIENT	'	'	'	'	'	'	'	'	'	'	'	'	'	'	'	'	MANUAL REVIEW / UNPRICED	FALSE	FALSE	["identity_unverified","exact_comps_missing","full_costs_unknown","owned_copy_check_missing"]	{"ep":["signed_baseballs"],"q":["signed-baseball.franklin-arias"],"id":"v1|117212970653|0"}
cand-s4-ebay-8f1a41fbf605d19482	dh-20260730T170046Z-7d4c2a91	4	2026-07-30T17:05:44.524826+00:00	SIGNED BASEBALLS / signed_prospect_baseball	Franklin Arias	signed_prospect_baseball	eBay	baltimoregraphs	'	v1|117212976609|0	https://www.ebay.com/itm/117212976609	LIVE	Franklin Arias Signed Baseball Boston Red Sox Autographed Auto Prova	{"q":["signed-baseball.franklin-arias"],"s":"DISCOVERY_SCOPE_PASS"}	{"status":"UNVERIFIED"}	preliminary|8f1a41fbf605d19482	ebay|baltimoregraphs|v1|117212976609|0	https://i.ebayimg.com/images/g/acgAAeSwi69qEyhz/s-l225.jpg	'	FALSE	FALSE	FALSE	FALSE	{}	'	'	'	'	'	'	'	'	'	'	UNASSESSED	[]	79.99	0	'	'	'	'	'	'	'	'	'	'	'	'	'	'	'	'	INSUFFICIENT	'	'	'	'	'	'	'	'	'	'	'	'	'	'	'	'	MANUAL REVIEW / UNPRICED	FALSE	FALSE	["identity_unverified","exact_comps_missing","full_costs_unknown","owned_copy_check_missing"]	{"ep":["signed_baseballs"],"q":["signed-baseball.franklin-arias"],"id":"v1|117212976609|0"}
cand-s4-ebay-1dc5c38525fe5215df	dh-20260730T170046Z-7d4c2a91	4	2026-07-30T17:05:44.524826+00:00	SIGNED BASEBALLS / signed_prospect_baseball	Franklin Arias	signed_prospect_baseball	eBay	baltimoregraphs	'	v1|117212977065|0	https://www.ebay.com/itm/117212977065	LIVE	Franklin Arias Signed Baseball Boston Red Sox Autographed Auto Prova	{"q":["signed-baseball.franklin-arias"],"s":"DISCOVERY_SCOPE_PASS"}	{"status":"UNVERIFIED"}	preliminary|1dc5c38525fe5215df	ebay|baltimoregraphs|v1|117212977065|0	https://i.ebayimg.com/images/g/9B4AAeSwg6BqEyi6/s-l225.jpg	'	FALSE	FALSE	FALSE	FALSE	{}	'	'	'	'	'	'	'	'	'	'	UNASSESSED	[]	79.99	0	'	'	'	'	'	'	'	'	'	'	'	'	'	'	'	'	INSUFFICIENT	'	'	'	'	'	'	'	'	'	'	'	'	'	'	'	'	MANUAL REVIEW / UNPRICED	FALSE	FALSE	["identity_unverified","exact_comps_missing","full_costs_unknown","owned_copy_check_missing"]	{"ep":["signed_baseballs"],"q":["signed-baseball.franklin-arias"],"id":"v1|117212977065|0"}
cand-s4-ebay-6b5ba6d5a172c7751a	dh-20260730T170046Z-7d4c2a91	4	2026-07-30T17:05:44.524826+00:00	SIGNED BASEBALLS / signed_prospect_baseball	Leo De Vries	signed_prospect_baseball	eBay	steinersports	'	v1|117234580684|0	https://www.ebay.com/itm/117234580684	LIVE	Leo De Vries Athletics Signed Baseball with "Green Collar Baseball" Inscription	{"q":["signed-baseball.leo-de-vries"],"s":"DISCOVERY_SCOPE_PASS"}	{"status":"UNVERIFIED"}	preliminary|6b5ba6d5a172c7751a	ebay|steinersports|v1|117234580684|0	https://i.ebayimg.com/images/g/iFYAAeSwUKRqa0h2/s-l225.jpg	'	FALSE	FALSE	FALSE	FALSE	{}	'	'	'	'	'	'	'	'	'	'	UNASSESSED	[]	299.99	0	'	'	'	'	'	'	'	'	'	'	'	'	'	'	'	'	INSUFFICIENT	'	'	'	'	'	'	'	'	'	'	'	'	'	'	'	'	MANUAL REVIEW / UNPRICED	FALSE	FALSE	["identity_unverified","exact_comps_missing","full_costs_unknown","owned_copy_check_missing"]	{"ep":["signed_baseballs"],"q":["signed-baseball.leo-de-vries"],"id":"v1|117234580684|0"}
cand-s4-ebay-5bcc517798070b2e08	dh-20260730T170046Z-7d4c2a91	4	2026-07-30T17:05:44.524826+00:00	SIGNED BASEBALLS / signed_prospect_baseball	Jesus Made	signed_prospect_baseball	eBay	steinersports	'	v1|117240055013|0	https://www.ebay.com/itm/117240055013	LIVE	Jesus Made Milwaukee Brewers Signed Baseball with "This Is My Crew" Inscription	{"q":["signed-baseball.jesus-made"],"s":"DISCOVERY_SCOPE_PASS"}	{"status":"UNVERIFIED"}	preliminary|5bcc517798070b2e08	ebay|steinersports|v1|117240055013|0	'	'	FALSE	FALSE	FALSE	FALSE	{}	'	'	'	'	'	'	'	'	'	'	UNASSESSED	[]	249.99	0	'	'	'	'	'	'	'	'	'	'	'	'	'	'	'	'	INSUFFICIENT	'	'	'	'	'	'	'	'	'	'	'	'	'	'	'	'	MANUAL REVIEW / UNPRICED	FALSE	FALSE	["identity_unverified","exact_comps_missing","full_costs_unknown","owned_copy_check_missing"]	{"ep":["signed_baseballs"],"q":["signed-baseball.jesus-made"],"id":"v1|117240055013|0"}
cand-s4-ebay-2f5eab0f2a16ccf780	dh-20260730T170046Z-7d4c2a91	4	2026-07-30T17:05:44.524826+00:00	SIGNED BASEBALLS / signed_prospect_baseball	Franklin Arias	signed_prospect_baseball	eBay	baltimoregraphs	'	v1|117245414152|0	https://www.ebay.com/itm/117245414152	LIVE	Franklin Arias Signed Baseball Boston Red Sox Autographed Auto Prova	{"q":["signed-baseball.franklin-arias"],"s":"DISCOVERY_SCOPE_PASS"}	{"status":"UNVERIFIED"}	preliminary|2f5eab0f2a16ccf780	ebay|baltimoregraphs|v1|117245414152|0	https://i.ebayimg.com/images/g/-a8AAeSwbyJqLCm7/s-l225.jpg	'	FALSE	FALSE	FALSE	FALSE	{}	'	'	'	'	'	'	'	'	'	'	UNASSESSED	[]	119.99	0	'	'	'	'	'	'	'	'	'	'	'	'	'	'	'	'	INSUFFICIENT	'	'	'	'	'	'	'	'	'	'	'	'	'	'	'	'	MANUAL REVIEW / UNPRICED	FALSE	FALSE	["identity_unverified","exact_comps_missing","full_costs_unknown","owned_copy_check_missing"]	{"ep":["signed_baseballs"],"q":["signed-baseball.franklin-arias"],"id":"v1|117245414152|0"}
cand-s4-ebay-7f852242e53cf5fbe2	dh-20260730T170046Z-7d4c2a91	4	2026-07-30T17:05:44.524826+00:00	SIGNED BASEBALLS / signed_prospect_baseball	Franklin Arias	signed_prospect_baseball	eBay	baltimoregraphs	'	v1|117245416778|0	https://www.ebay.com/itm/117245416778	LIVE	Franklin Arias Signed Baseball Boston Red Sox Autographed Auto Full Name Prova	{"q":["signed-baseball.franklin-arias"],"s":"DISCOVERY_SCOPE_PASS"}	{"status":"UNVERIFIED"}	preliminary|7f852242e53cf5fbe2	ebay|baltimoregraphs|v1|117245416778|0	https://i.ebayimg.com/images/g/M14AAeSw~DVqLDCt/s-l225.jpg	'	FALSE	FALSE	FALSE	FALSE	{}	'	'	'	'	'	'	'	'	'	'	UNASSESSED	[]	139.99	0	'	'	'	'	'	'	'	'	'	'	'	'	'	'	'	'	INSUFFICIENT	'	'	'	'	'	'	'	'	'	'	'	'	'	'	'	'	MANUAL REVIEW / UNPRICED	FALSE	FALSE	["identity_unverified","exact_comps_missing","full_costs_unknown","owned_copy_check_missing"]	{"ep":["signed_baseballs"],"q":["signed-baseball.franklin-arias"],"id":"v1|117245416778|0"}
cand-s4-ebay-93e6f2d25497cabf24	dh-20260730T170046Z-7d4c2a91	4	2026-07-30T17:05:44.524826+00:00	SIGNED BASEBALLS / signed_prospect_baseball	Josue De Paula	signed_prospect_baseball	eBay	baltimoregraphs	'	v1|117271010897|0	https://www.ebay.com/itm/117271010897	LIVE	Josue De Paula Signed Card Los Angeles Dodgers Auto Autographed PSA 10	{"q":["signed-baseball.josue-de-paula"],"s":"DISCOVERY_SCOPE_PASS"}	{"status":"UNVERIFIED"}	preliminary|93e6f2d25497cabf24	ebay|baltimoregraphs|v1|117271010897|0	https://i.ebayimg.com/images/g/0G8AAeSwwHJqP1CV/s-l225.jpg	'	FALSE	FALSE	FALSE	FALSE	{}	'	'	'	'	'	'	'	'	'	'	UNASSESSED	[]	119.99	0	'	'	'	'	'	'	'	'	'	'	'	'	'	'	'	'	INSUFFICIENT	'	'	'	'	'	'	'	'	'	'	'	'	'	'	'	'	MANUAL REVIEW / UNPRICED	FALSE	FALSE	["identity_unverified","exact_comps_missing","full_costs_unknown","owned_copy_check_missing"]	{"ep":["signed_baseballs"],"q":["signed-baseball.josue-de-paula"],"id":"v1|117271010897|0"}
cand-s4-ebay-fe782db7538f33c502	dh-20260730T170046Z-7d4c2a91	4	2026-07-30T17:05:44.524826+00:00	SIGNED BASEBALLS / signed_prospect_baseball	Leo De Vries	signed_prospect_baseball	eBay	baltimoregraphs	'	v1|117302549193|0	https://www.ebay.com/itm/117302549193	LIVE	Leo De Vries Signed Baseball Oakland Athletics Autographed Auto Futures Game	{"q":["signed-baseball.leo-de-vries"],"s":"DISCOVERY_SCOPE_PASS"}	{"status":"UNVERIFIED"}	preliminary|fe782db7538f33c502	ebay|baltimoregraphs|v1|117302549193|0	https://i.ebayimg.com/images/g/YVoAAeSwPpdqVs1Q/s-l225.jpg	'	FALSE	FALSE	FALSE	FALSE	{}	'	'	'	'	'	'	'	'	'	'	UNASSESSED	[]	149.99	0	'	'	'	'	'	'	'	'	'	'	'	'	'	'	'	'	INSUFFICIENT	'	'	'	'	'	'	'	'	'	'	'	'	'	'	'	'	MANUAL REVIEW / UNPRICED	FALSE	FALSE	["identity_unverified","exact_comps_missing","full_costs_unknown","owned_copy_check_missing"]	{"ep":["signed_baseballs"],"q":["signed-baseball.leo-de-vries"],"id":"v1|117302549193|0"}
cand-s4-ebay-283fbfe3ae51d14f95	dh-20260730T170046Z-7d4c2a91	4	2026-07-30T17:05:44.524826+00:00	SIGNED BASEBALLS / signed_prospect_baseball	Josue De Paula	signed_prospect_baseball	eBay	baltimoregraphs	'	v1|117302551163|0	https://www.ebay.com/itm/117302551163	LIVE	Josue De Paula Signed Baseball Los Angeles Dodgers Autograph Auto Futures Game	{"q":["signed-baseball.josue-de-paula"],"s":"DISCOVERY_SCOPE_PASS"}	{"status":"UNVERIFIED"}	preliminary|283fbfe3ae51d14f95	ebay|baltimoregraphs|v1|117302551163|0	https://i.ebayimg.com/images/g/dJgAAeSwFdNqVs3R/s-l225.jpg	'	FALSE	FALSE	FALSE	FALSE	{}	'	'	'	'	'	'	'	'	'	'	UNASSESSED	[]	149.99	0	'	'	'	'	'	'	'	'	'	'	'	'	'	'	'	'	INSUFFICIENT	'	'	'	'	'	'	'	'	'	'	'	'	'	'	'	'	MANUAL REVIEW / UNPRICED	FALSE	FALSE	["identity_unverified","exact_comps_missing","full_costs_unknown","owned_copy_check_missing"]	{"ep":["signed_baseballs"],"q":["signed-baseball.josue-de-paula"],"id":"v1|117302551163|0"}
cand-s4-ebay-f5ce81ca1ccae175e2	dh-20260730T170046Z-7d4c2a91	4	2026-07-30T17:05:44.524826+00:00	SIGNED BASEBALLS / signed_prospect_baseball	Leo De Vries	signed_prospect_baseball	eBay	baltimoregraphs	'	v1|117307974368|0	https://www.ebay.com/itm/117307974368	LIVE	Leo De Vries Signed Baseball Oakland Athletics Autographed Auto Futures Game	{"q":["signed-baseball.leo-de-vries"],"s":"DISCOVERY_SCOPE_PASS"}	{"status":"UNVERIFIED"}	preliminary|f5ce81ca1ccae175e2	ebay|baltimoregraphs|v1|117307974368|0	https://i.ebayimg.com/images/g/6PgAAeSwuzZqWrCF/s-l225.jpg	'	FALSE	FALSE	FALSE	FALSE	{}	'	'	'	'	'	'	'	'	'	'	UNASSESSED	[]	149.99	0	'	'	'	'	'	'	'	'	'	'	'	'	'	'	'	'	INSUFFICIENT	'	'	'	'	'	'	'	'	'	'	'	'	'	'	'	'	MANUAL REVIEW / UNPRICED	FALSE	FALSE	["identity_unverified","exact_comps_missing","full_costs_unknown","owned_copy_check_missing"]	{"ep":["signed_baseballs"],"q":["signed-baseball.leo-de-vries"],"id":"v1|117307974368|0"}
cand-s4-ebay-d89bcce2ff51030f73	dh-20260730T170046Z-7d4c2a91	4	2026-07-30T17:05:44.524826+00:00	SIGNED BASEBALLS / signed_prospect_baseball	Franklin Arias	signed_prospect_baseball	eBay	baltimoregraphs	'	v1|117313236908|0	https://www.ebay.com/itm/117313236908	LIVE	Franklin Arias Signed Baseball Boston Red Sox Autographed Auto Prova	{"q":["signed-baseball.franklin-arias"],"s":"DISCOVERY_SCOPE_PASS"}	{"status":"UNVERIFIED"}	preliminary|d89bcce2ff51030f73	ebay|baltimoregraphs|v1|117313236908|0	https://i.ebayimg.com/images/g/1LkAAeSw~4xqLCmM/s-l225.jpg	'	FALSE	FALSE	FALSE	FALSE	{}	'	'	'	'	'	'	'	'	'	'	UNASSESSED	[]	119.99	0	'	'	'	'	'	'	'	'	'	'	'	'	'	'	'	'	INSUFFICIENT	'	'	'	'	'	'	'	'	'	'	'	'	'	'	'	'	MANUAL REVIEW / UNPRICED	FALSE	FALSE	["identity_unverified","exact_comps_missing","full_costs_unknown","owned_copy_check_missing"]	{"ep":["signed_baseballs"],"q":["signed-baseball.franklin-arias"],"id":"v1|117313236908|0"}
cand-s4-ebay-62684d4aaa5fa239af	dh-20260730T170046Z-7d4c2a91	4	2026-07-30T17:05:44.524826+00:00	SIGNED BASEBALLS / signed_prospect_baseball	Franklin Arias	signed_prospect_baseball	eBay	baltimoregraphs	'	v1|117320618559|0	https://www.ebay.com/itm/117320618559	LIVE	Franklin Arias Signed Baseball Boston Red Sox Autographed Auto Full Name Prova	{"q":["signed-baseball.franklin-arias"],"s":"DISCOVERY_SCOPE_PASS"}	{"status":"UNVERIFIED"}	preliminary|62684d4aaa5fa239af	ebay|baltimoregraphs|v1|117320618559|0	https://i.ebayimg.com/images/g/JPMAAeSw0-1qLC~-/s-l225.jpg	'	FALSE	FALSE	FALSE	FALSE	{}	'	'	'	'	'	'	'	'	'	'	UNASSESSED	[]	139.99	0	'	'	'	'	'	'	'	'	'	'	'	'	'	'	'	'	INSUFFICIENT	'	'	'	'	'	'	'	'	'	'	'	'	'	'	'	'	MANUAL REVIEW / UNPRICED	FALSE	FALSE	["identity_unverified","exact_comps_missing","full_costs_unknown","owned_copy_check_missing"]	{"ep":["signed_baseballs"],"q":["signed-baseball.franklin-arias"],"id":"v1|117320618559|0"}
cand-s4-ebay-2be93bd4dabbe9d439	dh-20260730T170046Z-7d4c2a91	4	2026-07-30T17:05:44.524826+00:00	SIGNED BASEBALLS / signed_prospect_baseball	Josue De Paula	signed_prospect_baseball	eBay	kenopam	'	v1|126036205207|0	https://www.ebay.com/itm/126036205207	LIVE	Josue De Paula Signed Official Major League Baseball Autograph Dodgers GTP	{"q":["signed-baseball.josue-de-paula"],"s":"DISCOVERY_SCOPE_PASS"}	{"status":"UNVERIFIED"}	preliminary|2be93bd4dabbe9d439	ebay|kenopam|v1|126036205207|0	https://i.ebayimg.com/images/g/~JQAAOSwh2NkyMfb/s-l225.jpg	'	FALSE	FALSE	FALSE	FALSE	{}	'	'	'	'	'	'	'	'	'	'	UNASSESSED	[]	124.99		'	'	'	'	'	'	'	'	'	'	'	'	'	'	'	'	INSUFFICIENT	'	'	'	'	'	'	'	'	'	'	'	'	'	'	'	'	MANUAL REVIEW / UNPRICED	FALSE	FALSE	["identity_unverified","exact_comps_missing","full_costs_unknown","owned_copy_check_missing"]	{"ep":["signed_baseballs"],"q":["signed-baseball.josue-de-paula"],"id":"v1|126036205207|0"}
cand-s4-ebay-2aaeeb8d8e80da0f45	dh-20260730T170046Z-7d4c2a91	4	2026-07-30T17:05:44.524826+00:00	SIGNED BASEBALLS / signed_prospect_baseball	George Lombard Jr	signed_prospect_baseball	eBay	djaysone	'	v1|128002153809|0	https://www.ebay.com/itm/128002153809	LIVE	2024 BOWMAN CHROME GEORGE LOMBARD JR. 1ST AUTO BASE #CPAGLO YANKEES PSA 10	{"q":["signed-baseball.george-lombard-jr"],"s":"DISCOVERY_SCOPE_PASS"}	{"status":"UNVERIFIED"}	preliminary|2aaeeb8d8e80da0f45	ebay|djaysone|v1|128002153809|0	https://i.ebayimg.com/images/g/3TQAAeSw0ttqa2Hu/s-l225.jpg	'	FALSE	FALSE	FALSE	FALSE	{}	'	'	'	'	'	'	'	'	'	'	UNASSESSED	[]	549.99	7.99	'	'	'	'	'	'	'	'	'	'	'	'	'	'	'	'	INSUFFICIENT	'	'	'	'	'	'	'	'	'	'	'	'	'	'	'	'	MANUAL REVIEW / UNPRICED	FALSE	FALSE	["identity_unverified","exact_comps_missing","full_costs_unknown","owned_copy_check_missing"]	{"ep":["signed_baseballs"],"q":["signed-baseball.george-lombard-jr"],"id":"v1|128002153809|0"}
cand-s4-ebay-7127decb4f19d6d0e2	dh-20260730T170046Z-7d4c2a91	4	2026-07-30T17:05:44.524826+00:00	SIGNED BASEBALLS / signed_prospect_baseball	Josue De Paula	signed_prospect_baseball	eBay	harri-libi	'	v1|136236305973|0	https://www.ebay.com/itm/136236305973	LIVE	Josue De Paula Signed 2025 Futures Game MVP Autographed Baseball Dodgers JSA COA	{"q":["signed-baseball.josue-de-paula"],"s":"DISCOVERY_SCOPE_PASS"}	{"status":"UNVERIFIED"}	preliminary|7127decb4f19d6d0e2	ebay|harri-libi|v1|136236305973|0	https://i.ebayimg.com/images/g/ZMoAAeSwdwZoiD5R/s-l225.jpg	'	FALSE	FALSE	FALSE	FALSE	{}	'	'	'	'	'	'	'	'	'	'	UNASSESSED	[]	299.99		'	'	'	'	'	'	'	'	'	'	'	'	'	'	'	'	INSUFFICIENT	'	'	'	'	'	'	'	'	'	'	'	'	'	'	'	'	MANUAL REVIEW / UNPRICED	FALSE	FALSE	["identity_unverified","exact_comps_missing","full_costs_unknown","owned_copy_check_missing"]	{"ep":["signed_baseballs"],"q":["signed-baseball.josue-de-paula"],"id":"v1|136236305973|0"}
cand-s4-ebay-f9ec57a48604087c00	dh-20260730T170046Z-7d4c2a91	4	2026-07-30T17:05:44.524826+00:00	SIGNED BASEBALLS / signed_prospect_baseball	Leo De Vries	signed_prospect_baseball	eBay	fscworldwide1	'	v1|137254890977|0	https://www.ebay.com/itm/137254890977	LIVE	Leo De Vries Oakland Athletics Signed Baseball Rawlings OMLB Fanatics COA	{"q":["signed-baseball.leo-de-vries"],"s":"DISCOVERY_SCOPE_PASS"}	{"status":"UNVERIFIED"}	preliminary|f9ec57a48604087c00	ebay|fscworldwide1|v1|137254890977|0	https://i.ebayimg.com/images/g/S4EAAeSwPZBp7AwH/s-l225.jpg	'	FALSE	FALSE	FALSE	FALSE	{}	'	'	'	'	'	'	'	'	'	'	UNASSESSED	[]	149.99	9.99	'	'	'	'	'	'	'	'	'	'	'	'	'	'	'	'	INSUFFICIENT	'	'	'	'	'	'	'	'	'	'	'	'	'	'	'	'	MANUAL REVIEW / UNPRICED	FALSE	FALSE	["identity_unverified","exact_comps_missing","full_costs_unknown","owned_copy_check_missing"]	{"ep":["signed_baseballs"],"q":["signed-baseball.leo-de-vries"],"id":"v1|137254890977|0"}
cand-s4-ebay-4f67d243daa6f47d07	dh-20260730T170046Z-7d4c2a91	4	2026-07-30T17:05:44.524826+00:00	SIGNED BASEBALLS / signed_prospect_baseball	Jesus Made	signed_prospect_baseball	eBay	fscworldwide1	'	v1|137421769503|0	https://www.ebay.com/itm/137421769503	LIVE	Jesus Made Milwaukee Brewers Signed Baseball Rawlings OMLB Fanatics COA	{"q":["signed-baseball.jesus-made"],"s":"DISCOVERY_SCOPE_PASS"}	{"status":"UNVERIFIED"}	preliminary|4f67d243daa6f47d07	ebay|fscworldwide1|v1|137421769503|0	https://i.ebayimg.com/images/g/KS4AAeSwh5lp7A01/s-l225.jpg	'	FALSE	FALSE	FALSE	FALSE	{}	'	'	'	'	'	'	'	'	'	'	UNASSESSED	[]	109.99		'	'	'	'	'	'	'	'	'	'	'	'	'	'	'	'	INSUFFICIENT	'	'	'	'	'	'	'	'	'	'	'	'	'	'	'	'	MANUAL REVIEW / UNPRICED	FALSE	FALSE	["identity_unverified","exact_comps_missing","full_costs_unknown","owned_copy_check_missing"]	{"ep":["signed_baseballs"],"q":["signed-baseball.jesus-made"],"id":"v1|137421769503|0"}
cand-s4-ebay-f574fe62e4309a88bd	dh-20260730T170046Z-7d4c2a91	4	2026-07-30T17:05:44.524826+00:00	SIGNED BASEBALLS / signed_prospect_baseball	Josue De Paula	signed_prospect_baseball	eBay	harri-libi	'	v1|137534905645|0	https://www.ebay.com/itm/137534905645	LIVE	Josue De Paula Signed 2026 Futures Game Baseball Autograph Auto Dodgers PSA COA	{"q":["signed-baseball.josue-de-paula"],"s":"DISCOVERY_SCOPE_PASS"}	{"status":"UNVERIFIED"}	preliminary|f574fe62e4309a88bd	ebay|harri-libi|v1|137534905645|0	https://i.ebayimg.com/images/g/WpcAAeSwRTtqXt1g/s-l225.jpg	'	FALSE	FALSE	FALSE	FALSE	{}	'	'	'	'	'	'	'	'	'	'	UNASSESSED	[]	224.99		'	'	'	'	'	'	'	'	'	'	'	'	'	'	'	'	INSUFFICIENT	'	'	'	'	'	'	'	'	'	'	'	'	'	'	'	'	MANUAL REVIEW / UNPRICED	FALSE	FALSE	["identity_unverified","exact_comps_missing","full_costs_unknown","owned_copy_check_missing"]	{"ep":["signed_baseballs"],"q":["signed-baseball.josue-de-paula"],"id":"v1|137534905645|0"}
cand-s4-ebay-c522ee681d0e015b41	dh-20260730T170046Z-7d4c2a91	4	2026-07-30T17:05:44.524826+00:00	SIGNED BASEBALLS / signed_prospect_baseball	George Lombard Jr	signed_prospect_baseball	eBay	headrush02	'	v1|147469592309|0	https://www.ebay.com/itm/147469592309	LIVE	2024 Bowman George Lombard Jr. 1st Bowman Auto /150 Yankees	{"q":["signed-baseball.george-lombard-jr"],"s":"DISCOVERY_SCOPE_PASS"}	{"status":"UNVERIFIED"}	preliminary|c522ee681d0e015b41	ebay|headrush02|v1|147469592309|0	https://i.ebayimg.com/images/g/F4cAAeSwiBtqag0U/s-l225.jpg	'	FALSE	FALSE	FALSE	FALSE	{}	'	'	'	'	'	'	'	'	'	'	UNASSESSED	[]	350		'	'	'	'	'	'	'	'	'	'	'	'	'	'	'	'	INSUFFICIENT	'	'	'	'	'	'	'	'	'	'	'	'	'	'	'	'	MANUAL REVIEW / UNPRICED	FALSE	FALSE	["identity_unverified","exact_comps_missing","full_costs_unknown","owned_copy_check_missing"]	{"ep":["signed_baseballs"],"q":["signed-baseball.george-lombard-jr"],"id":"v1|147469592309|0"}
cand-s4-ebay-7e29799edf1de16a4a	dh-20260730T170046Z-7d4c2a91	4	2026-07-30T17:05:44.524826+00:00	SIGNED BASEBALLS / signed_prospect_baseball	Josue De Paula	signed_prospect_baseball	eBay	blamejameis	'	v1|157508006206|0	https://www.ebay.com/itm/157508006206	LIVE	LOS ANGELES DODGERS JOSUE DE PAULA signed OFFICIAL MAJOR LEAGUE BASEBALL BECKETT	{"q":["signed-baseball.josue-de-paula"],"s":"DISCOVERY_SCOPE_PASS"}	{"status":"UNVERIFIED"}	preliminary|7e29799edf1de16a4a	ebay|blamejameis|v1|157508006206|0	https://i.ebayimg.com/images/g/W~4AAeSwlaJpLE41/s-l225.jpg	'	FALSE	FALSE	FALSE	FALSE	{}	'	'	'	'	'	'	'	'	'	'	UNASSESSED	[]	119.99		'	'	'	'	'	'	'	'	'	'	'	'	'	'	'	'	INSUFFICIENT	'	'	'	'	'	'	'	'	'	'	'	'	'	'	'	'	MANUAL REVIEW / UNPRICED	FALSE	FALSE	["identity_unverified","exact_comps_missing","full_costs_unknown","owned_copy_check_missing"]	{"ep":["signed_baseballs"],"q":["signed-baseball.josue-de-paula"],"id":"v1|157508006206|0"}
cand-s4-ebay-656092cc6579068e5c	dh-20260730T170046Z-7d4c2a91	4	2026-07-30T17:05:44.524826+00:00	SIGNED BASEBALLS / signed_prospect_baseball	Jesus Made	signed_prospect_baseball	eBay	bighamcollectibles	'	v1|168103840668|0	https://www.ebay.com/itm/168103840668	LIVE	Jesus Made Signed Autograph Official Major League Baseball OMLB El Niño JSA COA!	{"q":["signed-baseball.jesus-made"],"s":"DISCOVERY_SCOPE_PASS"}	{"status":"UNVERIFIED"}	preliminary|656092cc6579068e5c	ebay|bighamcollectibles|v1|168103840668|0	https://i.ebayimg.com/images/g/zp4AAeSwjdlpcuHt/s-l225.jpg	'	FALSE	FALSE	FALSE	FALSE	{}	'	'	'	'	'	'	'	'	'	'	UNASSESSED	[]	149.99	7	'	'	'	'	'	'	'	'	'	'	'	'	'	'	'	'	INSUFFICIENT	'	'	'	'	'	'	'	'	'	'	'	'	'	'	'	'	MANUAL REVIEW / UNPRICED	FALSE	FALSE	["identity_unverified","exact_comps_missing","full_costs_unknown","owned_copy_check_missing"]	{"ep":["signed_baseballs"],"q":["signed-baseball.jesus-made"],"id":"v1|168103840668|0"}
cand-s4-ebay-c4e7243089ff75e2b9	dh-20260730T170046Z-7d4c2a91	4	2026-07-30T17:05:44.524826+00:00	SIGNED BASEBALLS / signed_prospect_baseball	Franklin Arias	signed_prospect_baseball	eBay	flowercityautographs	'	v1|168427811959|0	https://www.ebay.com/itm/168427811959	LIVE	Franklin Arias Boston Red Sox signed autographed omlb Baseball #1 Prospect	{"q":["signed-baseball.franklin-arias"],"s":"DISCOVERY_SCOPE_PASS"}	{"status":"UNVERIFIED"}	preliminary|c4e7243089ff75e2b9	ebay|flowercityautographs|v1|168427811959|0	https://i.ebayimg.com/images/g/0FAAAeSwCpVqIGaA/s-l225.jpg	'	FALSE	FALSE	FALSE	FALSE	{}	'	'	'	'	'	'	'	'	'	'	UNASSESSED	[]	69.99	0	'	'	'	'	'	'	'	'	'	'	'	'	'	'	'	'	INSUFFICIENT	'	'	'	'	'	'	'	'	'	'	'	'	'	'	'	'	MANUAL REVIEW / UNPRICED	FALSE	FALSE	["identity_unverified","exact_comps_missing","full_costs_unknown","owned_copy_check_missing"]	{"ep":["signed_baseballs"],"q":["signed-baseball.franklin-arias"],"id":"v1|168427811959|0"}
cand-s4-ebay-66ec845c4ca9d99623	dh-20260730T170046Z-7d4c2a91	4	2026-07-30T17:05:44.524826+00:00	SIGNED BASEBALLS / signed_prospect_baseball	George Lombard Jr	signed_prospect_baseball	eBay	glennhomer1ael	'	v1|168570784383|0	https://www.ebay.com/itm/168570784383	LIVE	2025 Bowman Draft In Action George Lombard Jr Gold Auto /50  #BIA-GL Yankees	{"q":["signed-baseball.george-lombard-jr"],"s":"DISCOVERY_SCOPE_PASS"}	{"status":"UNVERIFIED"}	preliminary|66ec845c4ca9d99623	ebay|glennhomer1ael|v1|168570784383|0	https://i.ebayimg.com/images/g/vFUAAeSwwnlqaURi/s-l225.jpg	'	FALSE	FALSE	FALSE	FALSE	{}	'	'	'	'	'	'	'	'	'	'	UNASSESSED	[]	175		'	'	'	'	'	'	'	'	'	'	'	'	'	'	'	'	INSUFFICIENT	'	'	'	'	'	'	'	'	'	'	'	'	'	'	'	'	MANUAL REVIEW / UNPRICED	FALSE	FALSE	["identity_unverified","exact_comps_missing","full_costs_unknown","owned_copy_check_missing"]	{"ep":["signed_baseballs"],"q":["signed-baseball.george-lombard-jr"],"id":"v1|168570784383|0"}
cand-s4-ebay-bb240c35dfd2641c87	dh-20260730T170046Z-7d4c2a91	4	2026-07-30T17:05:44.524826+00:00	SIGNED BASEBALLS / signed_prospect_baseball	Jesus Made	signed_prospect_baseball	eBay	pro-signings	'	v1|178149220880|0	https://www.ebay.com/itm/178149220880	LIVE	Jesus Made Autographed Signed MLB Baseball w/ JSA COA	{"q":["signed-baseball.jesus-made"],"s":"DISCOVERY_SCOPE_PASS"}	{"status":"UNVERIFIED"}	preliminary|bb240c35dfd2641c87	ebay|pro-signings|v1|178149220880|0	https://i.ebayimg.com/images/g/OPQAAeSwhLRqDSAE/s-l225.jpg	'	FALSE	FALSE	FALSE	FALSE	{}	'	'	'	'	'	'	'	'	'	'	UNASSESSED	[]	125	6	'	'	'	'	'	'	'	'	'	'	'	'	'	'	'	'	INSUFFICIENT	'	'	'	'	'	'	'	'	'	'	'	'	'	'	'	'	MANUAL REVIEW / UNPRICED	FALSE	FALSE	["identity_unverified","exact_comps_missing","full_costs_unknown","owned_copy_check_missing"]	{"ep":["signed_baseballs"],"q":["signed-baseball.jesus-made"],"id":"v1|178149220880|0"}
cand-s4-ebay-d341318ef93dbc9701	dh-20260730T170046Z-7d4c2a91	4	2026-07-30T17:05:44.524826+00:00	SIGNED BASEBALLS / signed_prospect_baseball	Franklin Arias	signed_prospect_baseball	eBay	smileysports	'	v1|178186260549|0	https://www.ebay.com/itm/178186260549	LIVE	Franklin Arias Signed Baseball Boston Red Sox Autographed Top Prospect	{"q":["signed-baseball.franklin-arias"],"s":"DISCOVERY_SCOPE_PASS"}	{"status":"UNVERIFIED"}	preliminary|d341318ef93dbc9701	ebay|smileysports|v1|178186260549|0	https://i.ebayimg.com/images/g/BJ4AAeSwCitqHsWP/s-l225.jpg	'	FALSE	FALSE	FALSE	FALSE	{}	'	'	'	'	'	'	'	'	'	'	UNASSESSED	[]	74.99		'	'	'	'	'	'	'	'	'	'	'	'	'	'	'	'	INSUFFICIENT	'	'	'	'	'	'	'	'	'	'	'	'	'	'	'	'	MANUAL REVIEW / UNPRICED	FALSE	FALSE	["identity_unverified","exact_comps_missing","full_costs_unknown","owned_copy_check_missing"]	{"ep":["signed_baseballs"],"q":["signed-baseball.franklin-arias"],"id":"v1|178186260549|0"}
cand-s4-ebay-0ecbef2d7e41b5321e	dh-20260730T170046Z-7d4c2a91	4	2026-07-30T17:05:44.524826+00:00	SIGNED BASEBALLS / signed_prospect_baseball	Josue De Paula	signed_prospect_baseball	eBay	jkpecollectibles	'	v1|178316722926|0	https://www.ebay.com/itm/178316722926	LIVE	JOSUE DE PAULA SIGNED 2026 MLB FUTURES BASEBALL LOS ANGELES DODGERS AUTOGRAPH LA	{"q":["signed-baseball.josue-de-paula"],"s":"DISCOVERY_SCOPE_PASS"}	{"status":"UNVERIFIED"}	preliminary|0ecbef2d7e41b5321e	ebay|jkpecollectibles|v1|178316722926|0	https://i.ebayimg.com/images/g/8BgAAeSwIoZqWSp8/s-l225.jpg	'	FALSE	FALSE	FALSE	FALSE	{}	'	'	'	'	'	'	'	'	'	'	UNASSESSED	[]	149.99	0	'	'	'	'	'	'	'	'	'	'	'	'	'	'	'	'	INSUFFICIENT	'	'	'	'	'	'	'	'	'	'	'	'	'	'	'	'	MANUAL REVIEW / UNPRICED	FALSE	FALSE	["identity_unverified","exact_comps_missing","full_costs_unknown","owned_copy_check_missing"]	{"ep":["signed_baseballs"],"q":["signed-baseball.josue-de-paula"],"id":"v1|178316722926|0"}
cand-s4-ebay-88a8865e9517e73d55	dh-20260730T170046Z-7d4c2a91	4	2026-07-30T17:05:44.524826+00:00	SIGNED BASEBALLS / signed_prospect_baseball	Franklin Arias	signed_prospect_baseball	eBay	jkpecollectibles	'	v1|178316993272|0	https://www.ebay.com/itm/178316993272	LIVE	FRANKLIN ARIAS SIGNED 2026 MLB FUTURES GAME ALL STAR BASEBALL RED SOX AUTOGRAPH	{"q":["signed-baseball.franklin-arias"],"s":"DISCOVERY_SCOPE_PASS"}	{"status":"UNVERIFIED"}	preliminary|88a8865e9517e73d55	ebay|jkpecollectibles|v1|178316993272|0	https://i.ebayimg.com/images/g/73sAAeSwMndqWUh~/s-l225.jpg	'	FALSE	FALSE	FALSE	FALSE	{}	'	'	'	'	'	'	'	'	'	'	UNASSESSED	[]	99.99	0	'	'	'	'	'	'	'	'	'	'	'	'	'	'	'	'	INSUFFICIENT	'	'	'	'	'	'	'	'	'	'	'	'	'	'	'	'	MANUAL REVIEW / UNPRICED	FALSE	FALSE	["identity_unverified","exact_comps_missing","full_costs_unknown","owned_copy_check_missing"]	{"ep":["signed_baseballs"],"q":["signed-baseball.franklin-arias"],"id":"v1|178316993272|0"}
cand-s4-ebay-3ed45c5c1de3c5cef5	dh-20260730T170046Z-7d4c2a91	4	2026-07-30T17:05:44.524826+00:00	SIGNED BASEBALLS / signed_prospect_baseball	Leo De Vries	signed_prospect_baseball	eBay	jkpecollectibles	'	v1|178317200133|0	https://www.ebay.com/itm/178317200133	LIVE	LEO DE VRIES SIGNED BASEBALL ATHLETICS 2025 MLB FUTURES GAME AUTOGRAPH AUTO A'S	{"q":["signed-baseball.leo-de-vries"],"s":"DISCOVERY_SCOPE_PASS"}	{"status":"UNVERIFIED"}	preliminary|3ed45c5c1de3c5cef5	ebay|jkpecollectibles|v1|178317200133|0	https://i.ebayimg.com/images/g/dNoAAeSwxhdqWWOs/s-l225.jpg	'	FALSE	FALSE	FALSE	FALSE	{}	'	'	'	'	'	'	'	'	'	'	UNASSESSED	[]	139.99	0	'	'	'	'	'	'	'	'	'	'	'	'	'	'	'	'	INSUFFICIENT	'	'	'	'	'	'	'	'	'	'	'	'	'	'	'	'	MANUAL REVIEW / UNPRICED	FALSE	FALSE	["identity_unverified","exact_comps_missing","full_costs_unknown","owned_copy_check_missing"]	{"ep":["signed_baseballs"],"q":["signed-baseball.leo-de-vries"],"id":"v1|178317200133|0"}
cand-s4-ebay-b4912a0495df5a2411	dh-20260730T170046Z-7d4c2a91	4	2026-07-30T17:05:44.524826+00:00	SIGNED BASEBALLS / signed_prospect_baseball	Franklin Arias	signed_prospect_baseball	eBay	topsportvalues	'	v1|188046493268|0	https://www.ebay.com/itm/188046493268	LIVE	FRANKLIN ARIAS SIGNED OFFICIAL MLB BASEBALL #1 PROSPECT RED SOX AUTOGRAPH	{"q":["signed-baseball.franklin-arias"],"s":"DISCOVERY_SCOPE_PASS"}	{"status":"UNVERIFIED"}	preliminary|b4912a0495df5a2411	ebay|topsportvalues|v1|188046493268|0	https://i.ebayimg.com/images/g/djAAAeSwsAFpi6gV/s-l225.jpg	'	FALSE	FALSE	FALSE	FALSE	{}	'	'	'	'	'	'	'	'	'	'	UNASSESSED	[]	74.99	12	'	'	'	'	'	'	'	'	'	'	'	'	'	'	'	'	INSUFFICIENT	'	'	'	'	'	'	'	'	'	'	'	'	'	'	'	'	MANUAL REVIEW / UNPRICED	FALSE	FALSE	["identity_unverified","exact_comps_missing","full_costs_unknown","owned_copy_check_missing"]	{"ep":["signed_baseballs"],"q":["signed-baseball.franklin-arias"],"id":"v1|188046493268|0"}
cand-s4-ebay-6742e1331661338bca	dh-20260730T170046Z-7d4c2a91	4	2026-07-30T17:05:44.524826+00:00	SIGNED BASEBALLS / signed_prospect_baseball	Jesus Made	signed_prospect_baseball	eBay	pro-signings	'	v1|188058669077|0	https://www.ebay.com/itm/188058669077	LIVE	Jesus Made Signed Autographed Brewers Team Stitch Logo Baseball w/ JSA COA	{"q":["signed-baseball.jesus-made"],"s":"DISCOVERY_SCOPE_PASS"}	{"status":"UNVERIFIED"}	preliminary|6742e1331661338bca	ebay|pro-signings|v1|188058669077|0	https://i.ebayimg.com/images/g/2qoAAeSwOcNpkGop/s-l225.jpg	'	FALSE	FALSE	FALSE	FALSE	{}	'	'	'	'	'	'	'	'	'	'	UNASSESSED	[]	150	6	'	'	'	'	'	'	'	'	'	'	'	'	'	'	'	'	INSUFFICIENT	'	'	'	'	'	'	'	'	'	'	'	'	'	'	'	'	MANUAL REVIEW / UNPRICED	FALSE	FALSE	["identity_unverified","exact_comps_missing","full_costs_unknown","owned_copy_check_missing"]	{"ep":["signed_baseballs"],"q":["signed-baseball.jesus-made"],"id":"v1|188058669077|0"}
cand-s4-ebay-a5180b7c12450b2c76	dh-20260730T170046Z-7d4c2a91	4	2026-07-30T17:05:44.524826+00:00	SIGNED BASEBALLS / signed_prospect_baseball	Josue De Paula	signed_prospect_baseball	eBay	autograph-fanatic	'	v1|188204446645|0	https://www.ebay.com/itm/188204446645	LIVE	Josue De Paula Autograph Black Baseball *Beckett COA* SIGNED LA Dodgers	{"q":["signed-baseball.josue-de-paula"],"s":"DISCOVERY_SCOPE_PASS"}	{"status":"UNVERIFIED"}	preliminary|a5180b7c12450b2c76	ebay|autograph-fanatic|v1|188204446645|0	https://i.ebayimg.com/images/g/CGIAAeSwaMJpwucE/s-l225.jpg	'	FALSE	FALSE	FALSE	FALSE	{}	'	'	'	'	'	'	'	'	'	'	UNASSESSED	[]	149.88		'	'	'	'	'	'	'	'	'	'	'	'	'	'	'	'	INSUFFICIENT	'	'	'	'	'	'	'	'	'	'	'	'	'	'	'	'	MANUAL REVIEW / UNPRICED	FALSE	FALSE	["identity_unverified","exact_comps_missing","full_costs_unknown","owned_copy_check_missing"]	{"ep":["signed_baseballs"],"q":["signed-baseball.josue-de-paula"],"id":"v1|188204446645|0"}
cand-s4-ebay-0e16e07a9aa73425f3	dh-20260730T170046Z-7d4c2a91	4	2026-07-30T17:05:44.524826+00:00	SIGNED BASEBALLS / signed_prospect_baseball	Jesus Made	signed_prospect_baseball	eBay	pro-signings	'	v1|188223610264|0	https://www.ebay.com/itm/188223610264	LIVE	Jesus Made Autographed Signed 2025 Futures Game MLB Baseball w/ JSA COA	{"q":["signed-baseball.jesus-made"],"s":"DISCOVERY_SCOPE_PASS"}	{"status":"UNVERIFIED"}	preliminary|0e16e07a9aa73425f3	ebay|pro-signings|v1|188223610264|0	https://i.ebayimg.com/images/g/eTYAAeSwcN1pya6k/s-l225.jpg	'	FALSE	FALSE	FALSE	FALSE	{}	'	'	'	'	'	'	'	'	'	'	UNASSESSED	[]	150	6	'	'	'	'	'	'	'	'	'	'	'	'	'	'	'	'	INSUFFICIENT	'	'	'	'	'	'	'	'	'	'	'	'	'	'	'	'	MANUAL REVIEW / UNPRICED	FALSE	FALSE	["identity_unverified","exact_comps_missing","full_costs_unknown","owned_copy_check_missing"]	{"ep":["signed_baseballs"],"q":["signed-baseball.jesus-made"],"id":"v1|188223610264|0"}
cand-s4-ebay-134312a10a6cbe0a15	dh-20260730T170046Z-7d4c2a91	4	2026-07-30T17:05:44.524826+00:00	SIGNED BASEBALLS / signed_prospect_baseball	Josue De Paula	signed_prospect_baseball	eBay	ktindy	'	v1|188257441921|0	https://www.ebay.com/itm/188257441921	LIVE	Josue de Paula Autograph Signed MLB Ball Baseball Auto JSA Certified Dodgers	{"q":["signed-baseball.josue-de-paula"],"s":"DISCOVERY_SCOPE_PASS"}	{"status":"UNVERIFIED"}	preliminary|134312a10a6cbe0a15	ebay|ktindy|v1|188257441921|0	https://i.ebayimg.com/images/g/BJIAAeSwmlFp1pwA/s-l225.jpg	'	FALSE	FALSE	FALSE	FALSE	{}	'	'	'	'	'	'	'	'	'	'	UNASSESSED	[]	119.99		'	'	'	'	'	'	'	'	'	'	'	'	'	'	'	'	INSUFFICIENT	'	'	'	'	'	'	'	'	'	'	'	'	'	'	'	'	MANUAL REVIEW / UNPRICED	FALSE	FALSE	["identity_unverified","exact_comps_missing","full_costs_unknown","owned_copy_check_missing"]	{"ep":["signed_baseballs"],"q":["signed-baseball.josue-de-paula"],"id":"v1|188257441921|0"}
cand-s4-ebay-39605edf3f98ba21fa	dh-20260730T170046Z-7d4c2a91	4	2026-07-30T17:05:44.524826+00:00	SIGNED BASEBALLS / signed_prospect_baseball	George Lombard Jr	signed_prospect_baseball	eBay	collectilblesnmore2552	'	v1|188376454873|0	https://www.ebay.com/itm/188376454873	LIVE	George Lombard Jr Baseball Autographed Signed 2024 1st Bowman Chrome MOJO Card	{"q":["signed-baseball.george-lombard-jr"],"s":"DISCOVERY_SCOPE_PASS"}	{"status":"UNVERIFIED"}	preliminary|39605edf3f98ba21fa	ebay|collectilblesnmore2552|v1|188376454873|0	https://i.ebayimg.com/images/g/wvsAAeSw9NpqA6vJ/s-l225.jpg	'	FALSE	FALSE	FALSE	FALSE	{}	'	'	'	'	'	'	'	'	'	'	UNASSESSED	[]	79.99	7	'	'	'	'	'	'	'	'	'	'	'	'	'	'	'	'	INSUFFICIENT	'	'	'	'	'	'	'	'	'	'	'	'	'	'	'	'	MANUAL REVIEW / UNPRICED	FALSE	FALSE	["identity_unverified","exact_comps_missing","full_costs_unknown","owned_copy_check_missing"]	{"ep":["signed_baseballs"],"q":["signed-baseball.george-lombard-jr"],"id":"v1|188376454873|0"}
cand-s4-ebay-3def5de9cc4263fe2a	dh-20260730T170046Z-7d4c2a91	4	2026-07-30T17:05:44.524826+00:00	SIGNED BASEBALLS / signed_prospect_baseball	George Lombard Jr	signed_prospect_baseball	eBay	collectilblesnmore2552	'	v1|188582828136|0	https://www.ebay.com/itm/188582828136	LIVE	George Lombard Jr Signed Autographed 2024 Donruss Baseball Card	{"q":["signed-baseball.george-lombard-jr"],"s":"DISCOVERY_SCOPE_PASS"}	{"status":"UNVERIFIED"}	preliminary|3def5de9cc4263fe2a	ebay|collectilblesnmore2552|v1|188582828136|0	https://i.ebayimg.com/images/g/CKoAAeSw0adqRGCv/s-l225.jpg	'	FALSE	FALSE	FALSE	FALSE	{}	'	'	'	'	'	'	'	'	'	'	UNASSESSED	[]	39.99	6	'	'	'	'	'	'	'	'	'	'	'	'	'	'	'	'	INSUFFICIENT	'	'	'	'	'	'	'	'	'	'	'	'	'	'	'	'	MANUAL REVIEW / UNPRICED	FALSE	FALSE	["identity_unverified","exact_comps_missing","full_costs_unknown","owned_copy_check_missing"]	{"ep":["signed_baseballs"],"q":["signed-baseball.george-lombard-jr"],"id":"v1|188582828136|0"}
cand-s4-ebay-c40dfa86fc95e89843	dh-20260730T170046Z-7d4c2a91	4	2026-07-30T17:05:44.524826+00:00	SIGNED BASEBALLS / signed_prospect_baseball	Josue De Paula	signed_prospect_baseball	eBay	740sports	'	v1|198377856482|0	https://www.ebay.com/itm/198377856482	LIVE	JOSUE DE PAULA Signed Auto Autographed Autograph 2025 Futures Game Jersey JSA	{"q":["signed-baseball.josue-de-paula"],"s":"DISCOVERY_SCOPE_PASS"}	{"status":"UNVERIFIED"}	preliminary|c40dfa86fc95e89843	ebay|740sports|v1|198377856482|0	https://i.ebayimg.com/images/g/55QAAeSwCmBqE0pX/s-l225.jpg	'	FALSE	FALSE	FALSE	FALSE	{}	'	'	'	'	'	'	'	'	'	'	UNASSESSED	[]	175		'	'	'	'	'	'	'	'	'	'	'	'	'	'	'	'	INSUFFICIENT	'	'	'	'	'	'	'	'	'	'	'	'	'	'	'	'	MANUAL REVIEW / UNPRICED	FALSE	FALSE	["identity_unverified","exact_comps_missing","full_costs_unknown","owned_copy_check_missing"]	{"ep":["signed_baseballs"],"q":["signed-baseball.josue-de-paula"],"id":"v1|198377856482|0"}
cand-s4-ebay-b74166398b46e70c51	dh-20260730T170046Z-7d4c2a91	4	2026-07-30T17:05:44.524826+00:00	SIGNED BASEBALLS / signed_prospect_baseball	Jesus Made	signed_prospect_baseball	eBay	hngraphs	'	v1|226688251547|0	https://www.ebay.com/itm/226688251547	LIVE	MILWAUKEE BREWERS- JESUS MADE AUTOGRAPH OFFICIAL MLB BASEBALL JSA CD81460	{"q":["signed-baseball.jesus-made"],"s":"DISCOVERY_SCOPE_PASS"}	{"status":"UNVERIFIED"}	preliminary|b74166398b46e70c51	ebay|hngraphs|v1|226688251547|0	https://i.ebayimg.com/images/g/HpsAAeSw4Kxn9AeM/s-l225.jpg	'	FALSE	FALSE	FALSE	FALSE	{}	'	'	'	'	'	'	'	'	'	'	UNASSESSED	[]	125	6	'	'	'	'	'	'	'	'	'	'	'	'	'	'	'	'	INSUFFICIENT	'	'	'	'	'	'	'	'	'	'	'	'	'	'	'	'	MANUAL REVIEW / UNPRICED	FALSE	FALSE	["identity_unverified","exact_comps_missing","full_costs_unknown","owned_copy_check_missing"]	{"ep":["signed_baseballs"],"q":["signed-baseball.jesus-made"],"id":"v1|226688251547|0"}
cand-s4-ebay-65597040cef3af5b40	dh-20260730T170046Z-7d4c2a91	4	2026-07-30T17:05:44.524826+00:00	SIGNED BASEBALLS / signed_prospect_baseball	Jesus Made	signed_prospect_baseball	eBay	grafhoundinc.78	'	v1|236843649817|0	https://www.ebay.com/itm/236843649817	LIVE	🔥🔥Jesus Made Signed 8x10 Milwaukee Brewers Top Prospect   Autograph JSA 🔥🔥	{"q":["signed-baseball.jesus-made"],"s":"DISCOVERY_SCOPE_PASS"}	{"status":"UNVERIFIED"}	preliminary|65597040cef3af5b40	ebay|grafhoundinc.78|v1|236843649817|0	https://i.ebayimg.com/images/g/BIIAAeSwCr9qGLs~/s-l225.jpg	'	FALSE	FALSE	FALSE	FALSE	{}	'	'	'	'	'	'	'	'	'	'	UNASSESSED	[]	99.99	6.5	'	'	'	'	'	'	'	'	'	'	'	'	'	'	'	'	INSUFFICIENT	'	'	'	'	'	'	'	'	'	'	'	'	'	'	'	'	MANUAL REVIEW / UNPRICED	FALSE	FALSE	["identity_unverified","exact_comps_missing","full_costs_unknown","owned_copy_check_missing"]	{"ep":["signed_baseballs"],"q":["signed-baseball.jesus-made"],"id":"v1|236843649817|0"}
cand-s4-ebay-11694e4aa9fafa9073	dh-20260730T170046Z-7d4c2a91	4	2026-07-30T17:05:44.524826+00:00	SIGNED BASEBALLS / signed_prospect_baseball	Josue De Paula	signed_prospect_baseball	eBay	coast-to-coast-sports	'	v1|236855205382|0	https://www.ebay.com/itm/236855205382	LIVE	Josue De Paula Signed Baseball – LA Dodgers Prospect – Autographed Rawlings	{"q":["signed-baseball.josue-de-paula"],"s":"DISCOVERY_SCOPE_PASS"}	{"status":"UNVERIFIED"}	preliminary|11694e4aa9fafa9073	ebay|coast-to-coast-sports|v1|236855205382|0	https://i.ebayimg.com/images/g/kt0AAeSw~7JqIG60/s-l225.jpg	'	FALSE	FALSE	FALSE	FALSE	{}	'	'	'	'	'	'	'	'	'	'	UNASSESSED	[]	79.99	7.99	'	'	'	'	'	'	'	'	'	'	'	'	'	'	'	'	INSUFFICIENT	'	'	'	'	'	'	'	'	'	'	'	'	'	'	'	'	MANUAL REVIEW / UNPRICED	FALSE	FALSE	["identity_unverified","exact_comps_missing","full_costs_unknown","owned_copy_check_missing"]	{"ep":["signed_baseballs"],"q":["signed-baseball.josue-de-paula"],"id":"v1|236855205382|0"}
cand-s4-ebay-53eaf33d3f803ba6e4	dh-20260730T170046Z-7d4c2a91	4	2026-07-30T17:05:44.524826+00:00	SIGNED BASEBALLS / signed_prospect_baseball	George Lombard Jr	signed_prospect_baseball	eBay	pandeezy_cards	'	v1|236973254812|0	https://www.ebay.com/itm/236973254812	LIVE	2024 Bowman's Best Auto George Lombard Jr. #B24-GL Blue Refractor /150	{"q":["signed-baseball.george-lombard-jr"],"s":"DISCOVERY_SCOPE_PASS"}	{"status":"UNVERIFIED"}	preliminary|53eaf33d3f803ba6e4	ebay|pandeezy_cards|v1|236973254812|0	https://i.ebayimg.com/images/g/3JEAAeSw9h1qarvw/s-l225.jpg	'	FALSE	FALSE	FALSE	FALSE	{}	'	'	'	'	'	'	'	'	'	'	UNASSESSED	[]	215		'	'	'	'	'	'	'	'	'	'	'	'	'	'	'	'	INSUFFICIENT	'	'	'	'	'	'	'	'	'	'	'	'	'	'	'	'	MANUAL REVIEW / UNPRICED	FALSE	FALSE	["identity_unverified","exact_comps_missing","full_costs_unknown","owned_copy_check_missing"]	{"ep":["signed_baseballs"],"q":["signed-baseball.george-lombard-jr"],"id":"v1|236973254812|0"}
cand-s4-ebay-bbc0c23d7f80df610e	dh-20260730T170046Z-7d4c2a91	4	2026-07-30T17:05:44.524826+00:00	SIGNED BASEBALLS / signed_prospect_baseball	Jesus Made	signed_prospect_baseball	eBay	shophofsm	'	v1|267635582386|0	https://www.ebay.com/itm/267635582386	LIVE	Autographed/Signed Jesus Made Milwaukee White Baseball Jersey JSA COA	{"q":["signed-baseball.jesus-made"],"s":"DISCOVERY_SCOPE_PASS"}	{"status":"UNVERIFIED"}	preliminary|bbc0c23d7f80df610e	ebay|shophofsm|v1|267635582386|0	https://i.ebayimg.com/images/g/nbsAAeSw5GNqFxPV/s-l225.jpg	'	FALSE	FALSE	FALSE	FALSE	{}	'	'	'	'	'	'	'	'	'	'	UNASSESSED	[]	199.99	0	'	'	'	'	'	'	'	'	'	'	'	'	'	'	'	'	INSUFFICIENT	'	'	'	'	'	'	'	'	'	'	'	'	'	'	'	'	MANUAL REVIEW / UNPRICED	FALSE	FALSE	["identity_unverified","exact_comps_missing","full_costs_unknown","owned_copy_check_missing"]	{"ep":["signed_baseballs"],"q":["signed-baseball.jesus-made"],"id":"v1|267635582386|0"}
cand-s4-ebay-791200f372c2129544	dh-20260730T170046Z-7d4c2a91	4	2026-07-30T17:05:44.524826+00:00	SIGNED BASEBALLS / signed_prospect_baseball	Jesus Made	signed_prospect_baseball	eBay	mpoday	'	v1|267656630090|0	https://www.ebay.com/itm/267656630090	LIVE	JESUS MADE Signed MLB Futures Game ROMLB Baseball Autographed Autograph Auto JSA	{"q":["signed-baseball.jesus-made"],"s":"DISCOVERY_SCOPE_PASS"}	{"status":"UNVERIFIED"}	preliminary|791200f372c2129544	ebay|mpoday|v1|267656630090|0	https://i.ebayimg.com/images/g/BbEAAeSwYOtp9UfW/s-l225.jpg	'	FALSE	FALSE	FALSE	FALSE	{}	'	'	'	'	'	'	'	'	'	'	UNASSESSED	[]	150	9.75	'	'	'	'	'	'	'	'	'	'	'	'	'	'	'	'	INSUFFICIENT	'	'	'	'	'	'	'	'	'	'	'	'	'	'	'	'	MANUAL REVIEW / UNPRICED	FALSE	FALSE	["identity_unverified","exact_comps_missing","full_costs_unknown","owned_copy_check_missing"]	{"ep":["signed_baseballs"],"q":["signed-baseball.jesus-made"],"id":"v1|267656630090|0"}
cand-s4-ebay-c2360a9735f95ed990	dh-20260730T170046Z-7d4c2a91	4	2026-07-30T17:05:44.524826+00:00	SIGNED BASEBALLS / signed_prospect_baseball	Jesus Made	signed_prospect_baseball	eBay	mpoday	'	v1|267721628335|0	https://www.ebay.com/itm/267721628335	LIVE	JESUS MADE Brewers Full Name Signed Baseball Ball ROMLB Autographed Auto *JSA*	{"q":["signed-baseball.jesus-made"],"s":"DISCOVERY_SCOPE_PASS"}	{"status":"UNVERIFIED"}	preliminary|c2360a9735f95ed990	ebay|mpoday|v1|267721628335|0	https://i.ebayimg.com/images/g/pVQAAeSwts9qTr~E/s-l225.jpg	'	FALSE	FALSE	FALSE	FALSE	{}	'	'	'	'	'	'	'	'	'	'	UNASSESSED	[]	185	12.75	'	'	'	'	'	'	'	'	'	'	'	'	'	'	'	'	INSUFFICIENT	'	'	'	'	'	'	'	'	'	'	'	'	'	'	'	'	MANUAL REVIEW / UNPRICED	FALSE	FALSE	["identity_unverified","exact_comps_missing","full_costs_unknown","owned_copy_check_missing"]	{"ep":["signed_baseballs"],"q":["signed-baseball.jesus-made"],"id":"v1|267721628335|0"}
cand-s4-ebay-21d48d1a8cb0d8bffd	dh-20260730T170046Z-7d4c2a91	4	2026-07-30T17:05:44.524826+00:00	SIGNED BASEBALLS / signed_prospect_baseball	George Lombard Jr	signed_prospect_baseball	eBay	curtisnmarylee	'	v1|267739076421|0	https://www.ebay.com/itm/267739076421	LIVE	GEORGE LOMBARD JR 2024 BOWMAN CHROME BLUE REFRACTOR AUTO RC #150 PSA 9 YANKEES	{"q":["signed-baseball.george-lombard-jr"],"s":"DISCOVERY_SCOPE_PASS"}	{"status":"UNVERIFIED"}	preliminary|21d48d1a8cb0d8bffd	ebay|curtisnmarylee|v1|267739076421|0	https://i.ebayimg.com/images/g/cNkAAeSwJaRqZYKf/s-l225.jpg	'	FALSE	FALSE	FALSE	FALSE	{}	'	'	'	'	'	'	'	'	'	'	UNASSESSED	[]	750	16.99	'	'	'	'	'	'	'	'	'	'	'	'	'	'	'	'	INSUFFICIENT	'	'	'	'	'	'	'	'	'	'	'	'	'	'	'	'	MANUAL REVIEW / UNPRICED	FALSE	FALSE	["identity_unverified","exact_comps_missing","full_costs_unknown","owned_copy_check_missing"]	{"ep":["signed_baseballs"],"q":["signed-baseball.george-lombard-jr"],"id":"v1|267739076421|0"}
cand-s4-ebay-d27bf904f535bdd1ea	dh-20260730T170046Z-7d4c2a91	4	2026-07-30T17:05:44.524826+00:00	SIGNED BASEBALLS / signed_prospect_baseball	Jesus Made	signed_prospect_baseball	eBay	andrewlillard19*	'	v1|277438590024|0	https://www.ebay.com/itm/277438590024	LIVE	Jesus Made Signed Baseball Jsa COA Rawlings Ball Brewers ROMLB Autographed	{"q":["signed-baseball.jesus-made"],"s":"DISCOVERY_SCOPE_PASS"}	{"status":"UNVERIFIED"}	preliminary|d27bf904f535bdd1ea	ebay|andrewlillard19*|v1|277438590024|0	https://i.ebayimg.com/images/g/RsEAAeSwzydo61yF/s-l225.jpg	'	FALSE	FALSE	FALSE	FALSE	{}	'	'	'	'	'	'	'	'	'	'	UNASSESSED	[]	114.99		'	'	'	'	'	'	'	'	'	'	'	'	'	'	'	'	INSUFFICIENT	'	'	'	'	'	'	'	'	'	'	'	'	'	'	'	'	MANUAL REVIEW / UNPRICED	FALSE	FALSE	["identity_unverified","exact_comps_missing","full_costs_unknown","owned_copy_check_missing"]	{"ep":["signed_baseballs"],"q":["signed-baseball.jesus-made"],"id":"v1|277438590024|0"}
cand-s4-ebay-0c8263ffed100f1932	dh-20260730T170046Z-7d4c2a91	4	2026-07-30T17:05:44.524826+00:00	SIGNED BASEBALLS / signed_prospect_baseball	Leo De Vries	signed_prospect_baseball	eBay	futurestars	'	v1|285772858852|0	https://www.ebay.com/itm/285772858852	LIVE	LEO DE VRIES Auto Autographed Signed Major League Baseball OMLB  JSA	{"q":["signed-baseball.leo-de-vries"],"s":"DISCOVERY_SCOPE_PASS"}	{"status":"UNVERIFIED"}	preliminary|0c8263ffed100f1932	ebay|futurestars|v1|285772858852|0	https://i.ebayimg.com/images/g/XNEAAOSwl11l-Ph~/s-l225.jpg	'	FALSE	FALSE	FALSE	FALSE	{}	'	'	'	'	'	'	'	'	'	'	UNASSESSED	[]	124.99	9	'	'	'	'	'	'	'	'	'	'	'	'	'	'	'	'	INSUFFICIENT	'	'	'	'	'	'	'	'	'	'	'	'	'	'	'	'	MANUAL REVIEW / UNPRICED	FALSE	FALSE	["identity_unverified","exact_comps_missing","full_costs_unknown","owned_copy_check_missing"]	{"ep":["signed_baseballs"],"q":["signed-baseball.leo-de-vries"],"id":"v1|285772858852|0"}
cand-s4-ebay-5b146e7289339bb9e3	dh-20260730T170046Z-7d4c2a91	4	2026-07-30T17:05:44.524826+00:00	SIGNED BASEBALLS / signed_prospect_baseball	Josue De Paula	signed_prospect_baseball	eBay	biggsports	'	v1|286015959049|0	https://www.ebay.com/itm/286015959049	LIVE	Josue De Paula 2023 Bowman Chrome Sapphire Autograph Signed Rookie Card Beckett	{"q":["signed-baseball.josue-de-paula"],"s":"DISCOVERY_SCOPE_PASS"}	{"status":"UNVERIFIED"}	preliminary|5b146e7289339bb9e3	ebay|biggsports|v1|286015959049|0	https://i.ebayimg.com/images/g/0FUAAOSwQ1FmwKzA/s-l225.jpg	'	FALSE	FALSE	FALSE	FALSE	{}	'	'	'	'	'	'	'	'	'	'	UNASSESSED	[]	149.99	0	'	'	'	'	'	'	'	'	'	'	'	'	'	'	'	'	INSUFFICIENT	'	'	'	'	'	'	'	'	'	'	'	'	'	'	'	'	MANUAL REVIEW / UNPRICED	FALSE	FALSE	["identity_unverified","exact_comps_missing","full_costs_unknown","owned_copy_check_missing"]	{"ep":["signed_baseballs"],"q":["signed-baseball.josue-de-paula"],"id":"v1|286015959049|0"}
cand-s4-ebay-5a2543352785e015ef	dh-20260730T170046Z-7d4c2a91	4	2026-07-30T17:05:44.524826+00:00	SIGNED BASEBALLS / signed_prospect_baseball	Franklin Arias	signed_prospect_baseball	eBay	best2everdoit	'	v1|287368582091|0	https://www.ebay.com/itm/287368582091	LIVE	Franklin Arias Signed Baseball Boston Red Sox Autographed Auto #	{"q":["signed-baseball.franklin-arias"],"s":"DISCOVERY_SCOPE_PASS"}	{"status":"UNVERIFIED"}	preliminary|5a2543352785e015ef	ebay|best2everdoit|v1|287368582091|0	https://i.ebayimg.com/images/g/a4AAAeSwlGBqHjBQ/s-l225.jpg	'	FALSE	FALSE	FALSE	FALSE	{}	'	'	'	'	'	'	'	'	'	'	UNASSESSED	[]	88.88	0	'	'	'	'	'	'	'	'	'	'	'	'	'	'	'	'	INSUFFICIENT	'	'	'	'	'	'	'	'	'	'	'	'	'	'	'	'	MANUAL REVIEW / UNPRICED	FALSE	FALSE	["identity_unverified","exact_comps_missing","full_costs_unknown","owned_copy_check_missing"]	{"ep":["signed_baseballs"],"q":["signed-baseball.franklin-arias"],"id":"v1|287368582091|0"}
cand-s4-ebay-b2bb385a75d297cf1b	dh-20260730T170046Z-7d4c2a91	4	2026-07-30T17:05:44.524826+00:00	SIGNED BASEBALLS / signed_prospect_baseball	Jesus Made	signed_prospect_baseball	eBay	mpoday	'	v1|297164066676|0	https://www.ebay.com/itm/297164066676	LIVE	JESUS MADE Brewers Full Name Signed Baseball Ball ROMLB Autographed Auto *JSA*	{"q":["signed-baseball.jesus-made"],"s":"DISCOVERY_SCOPE_PASS"}	{"status":"UNVERIFIED"}	preliminary|b2bb385a75d297cf1b	ebay|mpoday|v1|297164066676|0	https://i.ebayimg.com/images/g/BFMAAOSwCm1n6UW0/s-l225.jpg	'	FALSE	FALSE	FALSE	FALSE	{}	'	'	'	'	'	'	'	'	'	'	UNASSESSED	[]	175	11.75	'	'	'	'	'	'	'	'	'	'	'	'	'	'	'	'	INSUFFICIENT	'	'	'	'	'	'	'	'	'	'	'	'	'	'	'	'	MANUAL REVIEW / UNPRICED	FALSE	FALSE	["identity_unverified","exact_comps_missing","full_costs_unknown","owned_copy_check_missing"]	{"ep":["signed_baseballs"],"q":["signed-baseball.jesus-made"],"id":"v1|297164066676|0"}
cand-s4-ebay-9147ebc9507feb6e56	dh-20260730T170046Z-7d4c2a91	4	2026-07-30T17:05:44.524826+00:00	SIGNED BASEBALLS / signed_prospect_baseball	George Lombard Jr	signed_prospect_baseball	eBay	avsportscards	'	v1|298340544623|0	https://www.ebay.com/itm/298340544623	LIVE	2024 Bowman's Best Best of 2024 Auto Refractor George Lombard Jr. #B24-GL (AU)	{"q":["signed-baseball.george-lombard-jr"],"s":"DISCOVERY_SCOPE_PASS"}	{"status":"UNVERIFIED"}	preliminary|9147ebc9507feb6e56	ebay|avsportscards|v1|298340544623|0	https://i.ebayimg.com/images/g/9xkAAeSwXbZqDNNL/s-l225.jpg	'	FALSE	FALSE	FALSE	FALSE	{}	'	'	'	'	'	'	'	'	'	'	UNASSESSED	[]	85	6	'	'	'	'	'	'	'	'	'	'	'	'	'	'	'	'	INSUFFICIENT	'	'	'	'	'	'	'	'	'	'	'	'	'	'	'	'	MANUAL REVIEW / UNPRICED	FALSE	FALSE	["identity_unverified","exact_comps_missing","full_costs_unknown","owned_copy_check_missing"]	{"ep":["signed_baseballs"],"q":["signed-baseball.george-lombard-jr"],"id":"v1|298340544623|0"}
cand-s4-ebay-2d9de0045549d55e9b	dh-20260730T170046Z-7d4c2a91	4	2026-07-30T17:05:44.524826+00:00	SIGNED BASEBALLS / signed_prospect_baseball	Josue De Paula	signed_prospect_baseball	eBay	bryanpv71	'	v1|298386057548|0	https://www.ebay.com/itm/298386057548	LIVE	2023 Bowman Chrome Prospect Auto Josue De Paula #CPA-JDE PSA 10 DODGERS	{"q":["signed-baseball.josue-de-paula"],"s":"DISCOVERY_SCOPE_PASS"}	{"status":"UNVERIFIED"}	preliminary|2d9de0045549d55e9b	ebay|bryanpv71|v1|298386057548|0	https://i.ebayimg.com/images/g/0ZgAAeSwSptp~QfT/s-l225.jpg	'	FALSE	FALSE	FALSE	FALSE	{}	'	'	'	'	'	'	'	'	'	'	UNASSESSED	[]	500	10	'	'	'	'	'	'	'	'	'	'	'	'	'	'	'	'	INSUFFICIENT	'	'	'	'	'	'	'	'	'	'	'	'	'	'	'	'	MANUAL REVIEW / UNPRICED	FALSE	FALSE	["identity_unverified","exact_comps_missing","full_costs_unknown","owned_copy_check_missing"]	{"ep":["signed_baseballs"],"q":["signed-baseball.josue-de-paula"],"id":"v1|298386057548|0"}
cand-s4-ebay-5fcdf4e5064d24d8b5	dh-20260730T170046Z-7d4c2a91	4	2026-07-30T17:05:44.524826+00:00	SIGNED BASEBALLS / signed_prospect_baseball	Jesus Made	signed_prospect_baseball	eBay	cardbeast_40	'	v1|306432174356|0	https://www.ebay.com/itm/306432174356	LIVE	JESUS MADE Brewers Signed Rawlings Baseball Ball ROMLB Autographed Auto	{"q":["signed-baseball.jesus-made"],"s":"DISCOVERY_SCOPE_PASS"}	{"status":"UNVERIFIED"}	preliminary|5fcdf4e5064d24d8b5	ebay|cardbeast_40|v1|306432174356|0	https://i.ebayimg.com/images/g/X94AAeSwTG9n16KM/s-l225.jpg	'	FALSE	FALSE	FALSE	FALSE	{}	'	'	'	'	'	'	'	'	'	'	UNASSESSED	[]	100		'	'	'	'	'	'	'	'	'	'	'	'	'	'	'	'	INSUFFICIENT	'	'	'	'	'	'	'	'	'	'	'	'	'	'	'	'	MANUAL REVIEW / UNPRICED	FALSE	FALSE	["identity_unverified","exact_comps_missing","full_costs_unknown","owned_copy_check_missing"]	{"ep":["signed_baseballs"],"q":["signed-baseball.jesus-made"],"id":"v1|306432174356|0"}
cand-s4-ebay-510c37fce417c08cf7	dh-20260730T170046Z-7d4c2a91	4	2026-07-30T17:05:44.524826+00:00	SIGNED BASEBALLS / signed_prospect_baseball	George Lombard Jr	signed_prospect_baseball	eBay	om_card_dad	'	v1|307024215178|0	https://www.ebay.com/itm/307024215178	LIVE	2025 Bowman Chrome Melt Mashers Auto /99 George Lombard Jr. BGS 9/10	{"q":["signed-baseball.george-lombard-jr"],"s":"DISCOVERY_SCOPE_PASS"}	{"status":"UNVERIFIED"}	preliminary|510c37fce417c08cf7	ebay|om_card_dad|v1|307024215178|0	https://i.ebayimg.com/images/g/02kAAeSw3ZNqPRFg/s-l225.jpg	'	FALSE	FALSE	FALSE	FALSE	{}	'	'	'	'	'	'	'	'	'	'	UNASSESSED	[]	299		'	'	'	'	'	'	'	'	'	'	'	'	'	'	'	'	INSUFFICIENT	'	'	'	'	'	'	'	'	'	'	'	'	'	'	'	'	MANUAL REVIEW / UNPRICED	FALSE	FALSE	["identity_unverified","exact_comps_missing","full_costs_unknown","owned_copy_check_missing"]	{"ep":["signed_baseballs"],"q":["signed-baseball.george-lombard-jr"],"id":"v1|307024215178|0"}
cand-s4-ebay-cb93862bfe4bf13faf	dh-20260730T170046Z-7d4c2a91	4	2026-07-30T17:05:44.524826+00:00	SIGNED BASEBALLS / signed_prospect_baseball	George Lombard Jr	signed_prospect_baseball	eBay	tristate1matt	'	v1|307066937640|0	https://www.ebay.com/itm/307066937640	LIVE	2024 Bowman George Lombard Jr Auto Speckle Refractor /299 #CPA-GLO	{"q":["signed-baseball.george-lombard-jr"],"s":"DISCOVERY_SCOPE_PASS"}	{"status":"UNVERIFIED"}	preliminary|cb93862bfe4bf13faf	ebay|tristate1matt|v1|307066937640|0	https://i.ebayimg.com/images/g/yIcAAeSw9yVp-RPw/s-l225.jpg	'	FALSE	FALSE	FALSE	FALSE	{}	'	'	'	'	'	'	'	'	'	'	UNASSESSED	[]	550	6.3	'	'	'	'	'	'	'	'	'	'	'	'	'	'	'	'	INSUFFICIENT	'	'	'	'	'	'	'	'	'	'	'	'	'	'	'	'	MANUAL REVIEW / UNPRICED	FALSE	FALSE	["identity_unverified","exact_comps_missing","full_costs_unknown","owned_copy_check_missing"]	{"ep":["signed_baseballs"],"q":["signed-baseball.george-lombard-jr"],"id":"v1|307066937640|0"}
cand-s4-ebay-b4815021d6738b76f9	dh-20260730T170046Z-7d4c2a91	4	2026-07-30T17:05:44.524826+00:00	SIGNED BASEBALLS / signed_prospect_baseball	Franklin Arias	signed_prospect_baseball	eBay	fitgcollectibles	'	v1|317999780850|0	https://www.ebay.com/itm/317999780850	LIVE	Franklin Arias Signed Baseball Boston Red Sox Autographed Auto Prova	{"q":["signed-baseball.franklin-arias"],"s":"DISCOVERY_SCOPE_PASS"}	{"status":"UNVERIFIED"}	preliminary|b4815021d6738b76f9	ebay|fitgcollectibles|v1|317999780850|0	https://i.ebayimg.com/images/g/4dgAAeSwCTFptH~X/s-l225.jpg	'	FALSE	FALSE	FALSE	FALSE	{}	'	'	'	'	'	'	'	'	'	'	UNASSESSED	[]	85	9	'	'	'	'	'	'	'	'	'	'	'	'	'	'	'	'	INSUFFICIENT	'	'	'	'	'	'	'	'	'	'	'	'	'	'	'	'	MANUAL REVIEW / UNPRICED	FALSE	FALSE	["identity_unverified","exact_comps_missing","full_costs_unknown","owned_copy_check_missing"]	{"ep":["signed_baseballs"],"q":["signed-baseball.franklin-arias"],"id":"v1|317999780850|0"}
cand-s4-ebay-bc009e55f9f3aa4ef0	dh-20260730T170046Z-7d4c2a91	4	2026-07-30T17:05:44.524826+00:00	SIGNED BASEBALLS / signed_prospect_baseball	George Lombard Jr	signed_prospect_baseball	eBay	danrothsells	'	v1|318456248282|0	https://www.ebay.com/itm/318456248282	LIVE	2024 Bowman Chrome George Lombard Jr 1st Auto #CPA-GLO PSA 10	{"q":["signed-baseball.george-lombard-jr"],"s":"DISCOVERY_SCOPE_PASS"}	{"status":"UNVERIFIED"}	preliminary|bc009e55f9f3aa4ef0	ebay|danrothsells|v1|318456248282|0	https://i.ebayimg.com/images/g/Rv0AAeSw8utqLzhX/s-l225.jpg	'	FALSE	FALSE	FALSE	FALSE	{}	'	'	'	'	'	'	'	'	'	'	UNASSESSED	[]	514.99		'	'	'	'	'	'	'	'	'	'	'	'	'	'	'	'	INSUFFICIENT	'	'	'	'	'	'	'	'	'	'	'	'	'	'	'	'	MANUAL REVIEW / UNPRICED	FALSE	FALSE	["identity_unverified","exact_comps_missing","full_costs_unknown","owned_copy_check_missing"]	{"ep":["signed_baseballs"],"q":["signed-baseball.george-lombard-jr"],"id":"v1|318456248282|0"}
cand-s4-ebay-126ec9adeed9faab09	dh-20260730T170046Z-7d4c2a91	4	2026-07-30T17:05:44.524826+00:00	SIGNED BASEBALLS / signed_prospect_baseball	Leo De Vries	signed_prospect_baseball	eBay	fitgcollectibles	'	v1|318639980452|0	https://www.ebay.com/itm/318639980452	LIVE	Leo De Vries Signed Official Rawlings MLB Baseball Auto MLB Authentic Athletics	{"q":["signed-baseball.leo-de-vries"],"s":"DISCOVERY_SCOPE_PASS"}	{"status":"UNVERIFIED"}	preliminary|126ec9adeed9faab09	ebay|fitgcollectibles|v1|318639980452|0	https://i.ebayimg.com/images/g/wZEAAeSwan9qZtvV/s-l225.jpg	'	FALSE	FALSE	FALSE	FALSE	{}	'	'	'	'	'	'	'	'	'	'	UNASSESSED	[]	125	10	'	'	'	'	'	'	'	'	'	'	'	'	'	'	'	'	INSUFFICIENT	'	'	'	'	'	'	'	'	'	'	'	'	'	'	'	'	MANUAL REVIEW / UNPRICED	FALSE	FALSE	["identity_unverified","exact_comps_missing","full_costs_unknown","owned_copy_check_missing"]	{"ep":["signed_baseballs"],"q":["signed-baseball.leo-de-vries"],"id":"v1|318639980452|0"}
cand-s4-ebay-972f708cee6474e9a5	dh-20260730T170046Z-7d4c2a91	4	2026-07-30T17:05:44.524826+00:00	SIGNED BASEBALLS / signed_prospect_baseball	Jesus Made	signed_prospect_baseball	eBay	dmv.graphs	'	v1|327258830276|0	https://www.ebay.com/itm/327258830276	LIVE	Jesus Made Signed Autographed Black Rawlings Baseball Brewers Top Prospect	{"q":["signed-baseball.jesus-made"],"s":"DISCOVERY_SCOPE_PASS"}	{"status":"UNVERIFIED"}	preliminary|972f708cee6474e9a5	ebay|dmv.graphs|v1|327258830276|0	https://i.ebayimg.com/images/g/9CgAAeSw3mlqVHC2/s-l225.jpg	'	FALSE	FALSE	FALSE	FALSE	{}	'	'	'	'	'	'	'	'	'	'	UNASSESSED	[]	119.99		'	'	'	'	'	'	'	'	'	'	'	'	'	'	'	'	INSUFFICIENT	'	'	'	'	'	'	'	'	'	'	'	'	'	'	'	'	MANUAL REVIEW / UNPRICED	FALSE	FALSE	["identity_unverified","exact_comps_missing","full_costs_unknown","owned_copy_check_missing"]	{"ep":["signed_baseballs"],"q":["signed-baseball.jesus-made"],"id":"v1|327258830276|0"}
cand-s4-ebay-f45de33dc47bc54c4e	dh-20260730T170046Z-7d4c2a91	4	2026-07-30T17:05:44.524826+00:00	SIGNED BASEBALLS / signed_prospect_baseball	George Lombard Jr	signed_prospect_baseball	eBay	detroitr0ckcity	'	v1|327278151784|0	https://www.ebay.com/itm/327278151784	LIVE	George Lombard Jr 2023 Leaf AUTOGRAPH Card RC2023 ROOKIE CARD	{"q":["signed-baseball.george-lombard-jr"],"s":"DISCOVERY_SCOPE_PASS"}	{"status":"UNVERIFIED"}	preliminary|f45de33dc47bc54c4e	ebay|detroitr0ckcity|v1|327278151784|0	https://i.ebayimg.com/images/g/5vwAAeSweFNqPXnY/s-l225.jpg	'	FALSE	FALSE	FALSE	FALSE	{}	'	'	'	'	'	'	'	'	'	'	UNASSESSED	[]	51.99	4.99	'	'	'	'	'	'	'	'	'	'	'	'	'	'	'	'	INSUFFICIENT	'	'	'	'	'	'	'	'	'	'	'	'	'	'	'	'	MANUAL REVIEW / UNPRICED	FALSE	FALSE	["identity_unverified","exact_comps_missing","full_costs_unknown","owned_copy_check_missing"]	{"ep":["signed_baseballs"],"q":["signed-baseball.george-lombard-jr"],"id":"v1|327278151784|0"}
cand-s4-ebay-be59308afca9dc4956	dh-20260730T170046Z-7d4c2a91	4	2026-07-30T17:05:44.524826+00:00	SIGNED BASEBALLS / signed_prospect_baseball	Jesus Made	signed_prospect_baseball	eBay	classicautographsandmatting	'	v1|336585933751|0	https://www.ebay.com/itm/336585933751	LIVE	JESUS MADE #1 PROSPECT SIGNED AUTO AUTOGRAPH OML-MANFRED BASEBALL BALL  PSA/DNA	{"q":["signed-baseball.jesus-made"],"s":"DISCOVERY_SCOPE_PASS"}	{"status":"UNVERIFIED"}	preliminary|be59308afca9dc4956	ebay|classicautographsandmatting|v1|336585933751|0	https://i.ebayimg.com/images/g/H1kAAeSwZoxqB-xZ/s-l225.jpg	'	FALSE	FALSE	FALSE	FALSE	{}	'	'	'	'	'	'	'	'	'	'	UNASSESSED	[]	297	10.95	'	'	'	'	'	'	'	'	'	'	'	'	'	'	'	'	INSUFFICIENT	'	'	'	'	'	'	'	'	'	'	'	'	'	'	'	'	MANUAL REVIEW / UNPRICED	FALSE	FALSE	["identity_unverified","exact_comps_missing","full_costs_unknown","owned_copy_check_missing"]	{"ep":["signed_baseballs"],"q":["signed-baseball.jesus-made"],"id":"v1|336585933751|0"}
cand-s4-ebay-0b2aeb04025ff198d9	dh-20260730T170046Z-7d4c2a91	4	2026-07-30T17:05:44.524826+00:00	SIGNED BASEBALLS / signed_prospect_baseball	Jesus Made	signed_prospect_baseball	eBay	jerseystore2000	'	v1|336591438209|0	https://www.ebay.com/itm/336591438209	LIVE	Brewers JESUS MADE Signed MLB Baseball Auto Autograph FANATICS Coa	{"q":["signed-baseball.jesus-made"],"s":"DISCOVERY_SCOPE_PASS"}	{"status":"UNVERIFIED"}	preliminary|0b2aeb04025ff198d9	ebay|jerseystore2000|v1|336591438209|0	https://i.ebayimg.com/images/g/KN4AAeSwZnJqDKgA/s-l225.jpg	'	FALSE	FALSE	FALSE	FALSE	{}	'	'	'	'	'	'	'	'	'	'	UNASSESSED	[]	179.99	4.99	'	'	'	'	'	'	'	'	'	'	'	'	'	'	'	'	INSUFFICIENT	'	'	'	'	'	'	'	'	'	'	'	'	'	'	'	'	MANUAL REVIEW / UNPRICED	FALSE	FALSE	["identity_unverified","exact_comps_missing","full_costs_unknown","owned_copy_check_missing"]	{"ep":["signed_baseballs"],"q":["signed-baseball.jesus-made"],"id":"v1|336591438209|0"}
cand-s4-ebay-1aed78cf7b0856ab3a	dh-20260730T170046Z-7d4c2a91	4	2026-07-30T17:05:44.524826+00:00	SIGNED BASEBALLS / signed_prospect_baseball	Josue De Paula	signed_prospect_baseball	eBay	accardio	'	v1|374954731648|0	https://www.ebay.com/itm/374954731648	LIVE	Josue de Paula Autograph Signed MLB Ball Baseball Auto JSA Certified Dodgers	{"q":["signed-baseball.josue-de-paula"],"s":"DISCOVERY_SCOPE_PASS"}	{"status":"UNVERIFIED"}	preliminary|1aed78cf7b0856ab3a	ebay|accardio|v1|374954731648|0	https://i.ebayimg.com/images/g/rJ0AAOSwpLllFNiL/s-l225.jpg	'	FALSE	FALSE	FALSE	FALSE	{}	'	'	'	'	'	'	'	'	'	'	UNASSESSED	[]	129	0	'	'	'	'	'	'	'	'	'	'	'	'	'	'	'	'	INSUFFICIENT	'	'	'	'	'	'	'	'	'	'	'	'	'	'	'	'	MANUAL REVIEW / UNPRICED	FALSE	FALSE	["identity_unverified","exact_comps_missing","full_costs_unknown","owned_copy_check_missing"]	{"ep":["signed_baseballs"],"q":["signed-baseball.josue-de-paula"],"id":"v1|374954731648|0"}
cand-s4-ebay-450c0e48a3a82a5b3f	dh-20260730T170046Z-7d4c2a91	4	2026-07-30T17:05:44.524826+00:00	SIGNED BASEBALLS / signed_prospect_baseball	Leo De Vries	signed_prospect_baseball	eBay	cardtrader_91	'	v1|377359423949|0	https://www.ebay.com/itm/377359423949	LIVE	LEO DE VRIES Auto Autographed Signed Major League Baseball OMLB  BECKETT CERT	{"q":["signed-baseball.leo-de-vries"],"s":"DISCOVERY_SCOPE_PASS"}	{"status":"UNVERIFIED"}	preliminary|450c0e48a3a82a5b3f	ebay|cardtrader_91|v1|377359423949|0	https://i.ebayimg.com/images/g/lPIAAeSwAxtp949b/s-l225.jpg	'	FALSE	FALSE	FALSE	FALSE	{}	'	'	'	'	'	'	'	'	'	'	UNASSESSED	[]	64.99	0	'	'	'	'	'	'	'	'	'	'	'	'	'	'	'	'	INSUFFICIENT	'	'	'	'	'	'	'	'	'	'	'	'	'	'	'	'	MANUAL REVIEW / UNPRICED	FALSE	FALSE	["identity_unverified","exact_comps_missing","full_costs_unknown","owned_copy_check_missing"]	{"ep":["signed_baseballs"],"q":["signed-baseball.leo-de-vries"],"id":"v1|377359423949|0"}
cand-s4-ebay-3b14b981171da505fb	dh-20260730T170046Z-7d4c2a91	4	2026-07-30T17:05:44.524826+00:00	SIGNED BASEBALLS / signed_prospect_baseball	Josue De Paula	signed_prospect_baseball	eBay	quickrip26	'	v1|388896995546|0	https://www.ebay.com/itm/388896995546	LIVE	Josue De Paula 2023 Bowman Platinum Auto signed autograph baseball card Dodgers	{"q":["signed-baseball.josue-de-paula"],"s":"DISCOVERY_SCOPE_PASS"}	{"status":"UNVERIFIED"}	preliminary|3b14b981171da505fb	ebay|quickrip26|v1|388896995546|0	https://i.ebayimg.com/images/g/d~0AAeSwcLdoGGBq/s-l225.jpg	'	FALSE	FALSE	FALSE	FALSE	{}	'	'	'	'	'	'	'	'	'	'	UNASSESSED	[]	19.99	4.99	'	'	'	'	'	'	'	'	'	'	'	'	'	'	'	'	INSUFFICIENT	'	'	'	'	'	'	'	'	'	'	'	'	'	'	'	'	MANUAL REVIEW / UNPRICED	FALSE	FALSE	["identity_unverified","exact_comps_missing","full_costs_unknown","owned_copy_check_missing"]	{"ep":["signed_baseballs"],"q":["signed-baseball.josue-de-paula"],"id":"v1|388896995546|0"}
cand-s4-ebay-479deabfbb0622f6d2	dh-20260730T170046Z-7d4c2a91	4	2026-07-30T17:05:44.524826+00:00	SIGNED BASEBALLS / signed_prospect_baseball	Leo De Vries	signed_prospect_baseball	eBay	mdeshet	'	v1|389242308109|0	https://www.ebay.com/itm/389242308109	LIVE	Leo De Vries autograph signed 2024 1ST Bowman Chrome baseball card PSA b A's!	{"q":["signed-baseball.leo-de-vries"],"s":"DISCOVERY_SCOPE_PASS"}	{"status":"UNVERIFIED"}	preliminary|479deabfbb0622f6d2	ebay|mdeshet|v1|389242308109|0	https://i.ebayimg.com/images/g/ilQAAeSwKStpGkeJ/s-l225.jpg	'	FALSE	FALSE	FALSE	FALSE	{}	'	'	'	'	'	'	'	'	'	'	UNASSESSED	[]	184.99	3	'	'	'	'	'	'	'	'	'	'	'	'	'	'	'	'	INSUFFICIENT	'	'	'	'	'	'	'	'	'	'	'	'	'	'	'	'	MANUAL REVIEW / UNPRICED	FALSE	FALSE	["identity_unverified","exact_comps_missing","full_costs_unknown","owned_copy_check_missing"]	{"ep":["signed_baseballs"],"q":["signed-baseball.leo-de-vries"],"id":"v1|389242308109|0"}
cand-s4-ebay-ce6983607fd41325c1	dh-20260730T170046Z-7d4c2a91	4	2026-07-30T17:05:44.524826+00:00	SIGNED BASEBALLS / signed_prospect_baseball	George Lombard Jr	signed_prospect_baseball	eBay	sportsautos22	'	v1|389841119056|0	https://www.ebay.com/itm/389841119056	LIVE	George Lombard Jr. Signed 8x10 Photo New York Yankees Autographed Auto	{"q":["signed-baseball.george-lombard-jr"],"s":"DISCOVERY_SCOPE_PASS"}	{"status":"UNVERIFIED"}	preliminary|ce6983607fd41325c1	ebay|sportsautos22|v1|389841119056|0	https://i.ebayimg.com/images/g/M6cAAeSw~Zdpz-S2/s-l225.jpg	'	FALSE	FALSE	FALSE	FALSE	{}	'	'	'	'	'	'	'	'	'	'	UNASSESSED	[]	69.99	0	'	'	'	'	'	'	'	'	'	'	'	'	'	'	'	'	INSUFFICIENT	'	'	'	'	'	'	'	'	'	'	'	'	'	'	'	'	MANUAL REVIEW / UNPRICED	FALSE	FALSE	["identity_unverified","exact_comps_missing","full_costs_unknown","owned_copy_check_missing"]	{"ep":["signed_baseballs"],"q":["signed-baseball.george-lombard-jr"],"id":"v1|389841119056|0"}
cand-s4-ebay-5b8e4074c7df1a97cb	dh-20260730T170046Z-7d4c2a91	4	2026-07-30T17:05:44.524826+00:00	SIGNED BASEBALLS / signed_prospect_baseball	Leo De Vries	signed_prospect_baseball	eBay	sdvintagesportscards	'	v1|397147218202|0	https://www.ebay.com/itm/397147218202	LIVE	Leo de Vries autographed baseball - Official Signed MLB Ball	{"q":["signed-baseball.leo-de-vries"],"s":"DISCOVERY_SCOPE_PASS"}	{"status":"UNVERIFIED"}	preliminary|5b8e4074c7df1a97cb	ebay|sdvintagesportscards|v1|397147218202|0	https://i.ebayimg.com/images/g/EywAAeSwlnto6ryC/s-l225.jpg	'	FALSE	FALSE	FALSE	FALSE	{}	'	'	'	'	'	'	'	'	'	'	UNASSESSED	[]	80	8	'	'	'	'	'	'	'	'	'	'	'	'	'	'	'	'	INSUFFICIENT	'	'	'	'	'	'	'	'	'	'	'	'	'	'	'	'	MANUAL REVIEW / UNPRICED	FALSE	FALSE	["identity_unverified","exact_comps_missing","full_costs_unknown","owned_copy_check_missing"]	{"ep":["signed_baseballs"],"q":["signed-baseball.leo-de-vries"],"id":"v1|397147218202|0"}
cand-s4-ebay-61adb91dc55c818ec7	dh-20260730T170046Z-7d4c2a91	4	2026-07-30T17:05:44.524826+00:00	SIGNED BASEBALLS / signed_prospect_baseball	Leo De Vries	signed_prospect_baseball	eBay	freakyflips34	'	v1|397821940922|0	https://www.ebay.com/itm/397821940922	LIVE	Leo de Vries Signed Athletics Full Size Yellow Helmet Top Prospect Autograph JSA	{"q":["signed-baseball.leo-de-vries"],"s":"DISCOVERY_SCOPE_PASS"}	{"status":"UNVERIFIED"}	preliminary|61adb91dc55c818ec7	ebay|freakyflips34|v1|397821940922|0	https://i.ebayimg.com/images/g/QdAAAeSwnxZp2BkN/s-l225.jpg	'	FALSE	FALSE	FALSE	FALSE	{}	'	'	'	'	'	'	'	'	'	'	UNASSESSED	[]	299.99		'	'	'	'	'	'	'	'	'	'	'	'	'	'	'	'	INSUFFICIENT	'	'	'	'	'	'	'	'	'	'	'	'	'	'	'	'	MANUAL REVIEW / UNPRICED	FALSE	FALSE	["identity_unverified","exact_comps_missing","full_costs_unknown","owned_copy_check_missing"]	{"ep":["signed_baseballs"],"q":["signed-baseball.leo-de-vries"],"id":"v1|397821940922|0"}
cand-s4-ebay-45073f30bfe808747d	dh-20260730T170046Z-7d4c2a91	4	2026-07-30T17:05:44.524826+00:00	SIGNED BASEBALLS / signed_prospect_baseball	Leo De Vries	signed_prospect_baseball	eBay	freakyflips34	'	v1|397885849861|0	https://www.ebay.com/itm/397885849861	LIVE	Leo de Vries Signed GAME USED Bat Atheltics Prospect Autograph PSA COA	{"q":["signed-baseball.leo-de-vries"],"s":"DISCOVERY_SCOPE_PASS"}	{"status":"UNVERIFIED"}	preliminary|45073f30bfe808747d	ebay|freakyflips34|v1|397885849861|0	https://i.ebayimg.com/images/g/coMAAeSwph5p78As/s-l225.jpg	'	FALSE	FALSE	FALSE	FALSE	{}	'	'	'	'	'	'	'	'	'	'	UNASSESSED	[]	499.99		'	'	'	'	'	'	'	'	'	'	'	'	'	'	'	'	INSUFFICIENT	'	'	'	'	'	'	'	'	'	'	'	'	'	'	'	'	MANUAL REVIEW / UNPRICED	FALSE	FALSE	["identity_unverified","exact_comps_missing","full_costs_unknown","owned_copy_check_missing"]	{"ep":["signed_baseballs"],"q":["signed-baseball.leo-de-vries"],"id":"v1|397885849861|0"}
cand-s4-ebay-f644e0429502684c2e	dh-20260730T170046Z-7d4c2a91	4	2026-07-30T17:05:44.524826+00:00	SIGNED BASEBALLS / signed_prospect_baseball	Josue De Paula	signed_prospect_baseball	eBay	seattlekp13	'	v1|398081197354|0	https://www.ebay.com/itm/398081197354	LIVE	2025 Panini Prospect Edition Prizm Josue De Paula Dodgers Autograph #64	{"q":["signed-baseball.josue-de-paula"],"s":"DISCOVERY_SCOPE_PASS"}	{"status":"UNVERIFIED"}	preliminary|f644e0429502684c2e	ebay|seattlekp13|v1|398081197354|0	https://i.ebayimg.com/images/g/cxkAAeSwCPVqNHU8/s-l225.jpg	'	FALSE	FALSE	FALSE	FALSE	{}	'	'	'	'	'	'	'	'	'	'	UNASSESSED	[]	32.99	4.99	'	'	'	'	'	'	'	'	'	'	'	'	'	'	'	'	INSUFFICIENT	'	'	'	'	'	'	'	'	'	'	'	'	'	'	'	'	MANUAL REVIEW / UNPRICED	FALSE	FALSE	["identity_unverified","exact_comps_missing","full_costs_unknown","owned_copy_check_missing"]	{"ep":["signed_baseballs"],"q":["signed-baseball.josue-de-paula"],"id":"v1|398081197354|0"}
cand-s4-ebay-8cb4ef3311d661c05c	dh-20260730T170046Z-7d4c2a91	4	2026-07-30T17:05:44.524826+00:00	SIGNED BASEBALLS / signed_prospect_baseball	George Lombard Jr	signed_prospect_baseball	eBay	atlautographsandcollectibles	'	v1|405825639697|0	https://www.ebay.com/itm/405825639697	LIVE	George Lombard Jr. Signed 8x10 Photo New York Yankees Baseball Autograph AAC COA	{"q":["signed-baseball.george-lombard-jr"],"s":"DISCOVERY_SCOPE_PASS"}	{"status":"UNVERIFIED"}	preliminary|8cb4ef3311d661c05c	ebay|atlautographsandcollectibles|v1|405825639697|0	https://i.ebayimg.com/images/g/P7YAAeSwjGhoEvjW/s-l225.jpg	'	FALSE	FALSE	FALSE	FALSE	{}	'	'	'	'	'	'	'	'	'	'	UNASSESSED	[]	149.99		'	'	'	'	'	'	'	'	'	'	'	'	'	'	'	'	INSUFFICIENT	'	'	'	'	'	'	'	'	'	'	'	'	'	'	'	'	MANUAL REVIEW / UNPRICED	FALSE	FALSE	["identity_unverified","exact_comps_missing","full_costs_unknown","owned_copy_check_missing"]	{"ep":["signed_baseballs"],"q":["signed-baseball.george-lombard-jr"],"id":"v1|405825639697|0"}
cand-s4-ebay-18ffad0f48d936c37c	dh-20260730T170046Z-7d4c2a91	4	2026-07-30T17:05:44.524826+00:00	SIGNED BASEBALLS / signed_prospect_baseball	George Lombard Jr	signed_prospect_baseball	eBay	atlautographsandcollectibles	'	v1|405904563059|0	https://www.ebay.com/itm/405904563059	LIVE	George Lombard Jr. Signed Home Plate New York Yankees Baseball Autograph AAC COA	{"q":["signed-baseball.george-lombard-jr"],"s":"DISCOVERY_SCOPE_PASS"}	{"status":"UNVERIFIED"}	preliminary|18ffad0f48d936c37c	ebay|atlautographsandcollectibles|v1|405904563059|0	https://i.ebayimg.com/images/g/YrYAAeSwFDloNp25/s-l225.jpg	'	FALSE	FALSE	FALSE	FALSE	{}	'	'	'	'	'	'	'	'	'	'	UNASSESSED	[]	249.99		'	'	'	'	'	'	'	'	'	'	'	'	'	'	'	'	INSUFFICIENT	'	'	'	'	'	'	'	'	'	'	'	'	'	'	'	'	MANUAL REVIEW / UNPRICED	FALSE	FALSE	["identity_unverified","exact_comps_missing","full_costs_unknown","owned_copy_check_missing"]	{"ep":["signed_baseballs"],"q":["signed-baseball.george-lombard-jr"],"id":"v1|405904563059|0"}
cand-s4-ebay-9ecc688bb226c363c2	dh-20260730T170046Z-7d4c2a91	4	2026-07-30T17:05:44.524826+00:00	SIGNED BASEBALLS / signed_prospect_baseball	George Lombard Jr	signed_prospect_baseball	eBay	baseballgu_99	'	v1|405993663132|0	https://www.ebay.com/itm/405993663132	LIVE	GEORGE LOMBARD JR AUTOGRAPHED SIGNED RAWLINGS YANKEES STITCH BASEBALL JSA COA	{"q":["signed-baseball.george-lombard-jr"],"s":"DISCOVERY_SCOPE_PASS"}	{"status":"UNVERIFIED"}	preliminary|9ecc688bb226c363c2	ebay|baseballgu_99|v1|405993663132|0	https://i.ebayimg.com/images/g/0GsAAOSwxQ5oWhNt/s-l225.jpg	'	FALSE	FALSE	FALSE	FALSE	{}	'	'	'	'	'	'	'	'	'	'	UNASSESSED	[]	224.99	8.5	'	'	'	'	'	'	'	'	'	'	'	'	'	'	'	'	INSUFFICIENT	'	'	'	'	'	'	'	'	'	'	'	'	'	'	'	'	MANUAL REVIEW / UNPRICED	FALSE	FALSE	["identity_unverified","exact_comps_missing","full_costs_unknown","owned_copy_check_missing"]	{"ep":["signed_baseballs"],"q":["signed-baseball.george-lombard-jr"],"id":"v1|405993663132|0"}
cand-s4-ebay-e443a566b670d4a92f	dh-20260730T170046Z-7d4c2a91	4	2026-07-30T17:05:44.524826+00:00	SIGNED BASEBALLS / signed_prospect_baseball	George Lombard Jr	signed_prospect_baseball	eBay	atlautographsandcollectibles	'	v1|406540572076|0	https://www.ebay.com/itm/406540572076	LIVE	George Lombard Jr. Signed 8x10 Photo New York Yankees Baseball Autograph AAC COA	{"q":["signed-baseball.george-lombard-jr"],"s":"DISCOVERY_SCOPE_PASS"}	{"status":"UNVERIFIED"}	preliminary|e443a566b670d4a92f	ebay|atlautographsandcollectibles|v1|406540572076|0	https://i.ebayimg.com/images/g/9YoAAeSwlX9oEvi6/s-l225.jpg	'	FALSE	FALSE	FALSE	FALSE	{}	'	'	'	'	'	'	'	'	'	'	UNASSESSED	[]	149.99		'	'	'	'	'	'	'	'	'	'	'	'	'	'	'	'	INSUFFICIENT	'	'	'	'	'	'	'	'	'	'	'	'	'	'	'	'	MANUAL REVIEW / UNPRICED	FALSE	FALSE	["identity_unverified","exact_comps_missing","full_costs_unknown","owned_copy_check_missing"]	{"ep":["signed_baseballs"],"q":["signed-baseball.george-lombard-jr"],"id":"v1|406540572076|0"}
cand-s4-ebay-d60ba1ff5cf486d1e8	dh-20260730T170046Z-7d4c2a91	4	2026-07-30T17:05:44.524826+00:00	SIGNED BASEBALLS / signed_prospect_baseball	Leo De Vries	signed_prospect_baseball	eBay	jerseystore2000	'	v1|406937390239|0	https://www.ebay.com/itm/406937390239	LIVE	Athletics LEO DE VRIES Signed MLB Baseball Auto Autograph FANATICS Coa	{"q":["signed-baseball.leo-de-vries"],"s":"DISCOVERY_SCOPE_PASS"}	{"status":"UNVERIFIED"}	preliminary|d60ba1ff5cf486d1e8	ebay|jerseystore2000|v1|406937390239|0	https://i.ebayimg.com/images/g/-osAAeSwIDhqDKdy/s-l225.jpg	'	FALSE	FALSE	FALSE	FALSE	{}	'	'	'	'	'	'	'	'	'	'	UNASSESSED	[]	179.99	4.99	'	'	'	'	'	'	'	'	'	'	'	'	'	'	'	'	INSUFFICIENT	'	'	'	'	'	'	'	'	'	'	'	'	'	'	'	'	MANUAL REVIEW / UNPRICED	FALSE	FALSE	["identity_unverified","exact_comps_missing","full_costs_unknown","owned_copy_check_missing"]	{"ep":["signed_baseballs"],"q":["signed-baseball.leo-de-vries"],"id":"v1|406937390239|0"}
cand-s4-ebay-fdab9dab07ed55f869	dh-20260730T170046Z-7d4c2a91	4	2026-07-30T17:05:44.524826+00:00	SIGNED BASEBALLS / signed_prospect_baseball	Josue De Paula	signed_prospect_baseball	eBay	jdaddy2112	'	v1|800349722808|0	https://www.ebay.com/itm/800349722808	LIVE	2023 Bowman Chrome Josue De Paula Mega Box Purple Refractor /250 Auto PSA 10	{"q":["signed-baseball.josue-de-paula"],"s":"DISCOVERY_SCOPE_PASS"}	{"status":"UNVERIFIED"}	preliminary|fdab9dab07ed55f869	ebay|jdaddy2112|v1|800349722808|0	https://i.ebayimg.com/images/g/dk4AAeSwYJFqWEUR/s-l225.jpg	'	FALSE	FALSE	FALSE	FALSE	{}	'	'	'	'	'	'	'	'	'	'	UNASSESSED	[]	749.99	5.17	'	'	'	'	'	'	'	'	'	'	'	'	'	'	'	'	INSUFFICIENT	'	'	'	'	'	'	'	'	'	'	'	'	'	'	'	'	MANUAL REVIEW / UNPRICED	FALSE	FALSE	["identity_unverified","exact_comps_missing","full_costs_unknown","owned_copy_check_missing"]	{"ep":["signed_baseballs"],"q":["signed-baseball.josue-de-paula"],"id":"v1|800349722808|0"}
cand-s4-ebay-6050a0d8b925fcab4e	dh-20260730T170046Z-7d4c2a91	4	2026-07-30T17:05:44.524826+00:00	WNBA / broad_professional_rookies	Paige Bueckers	professional_wnba_rookie_card	eBay	plant_mar	'	v1|116614242703|0	https://www.ebay.com/itm/116614242703	LIVE	Paige Bueckers 2025 Panini Instant WNBA Draft Night Rookie Card RC 1st Graded 10	{"q":["wnba.paige-bueckers.broad-professional-rookies"],"s":"IMAGE_OR_IDENTITY_REVIEW_REQUIRED"}	{"status":"UNVERIFIED"}	preliminary|6050a0d8b925fcab4e	ebay|plant_mar|v1|116614242703|0	https://i.ebayimg.com/images/g/WYkAAOSw-IloL7E8/s-l225.jpg	'	FALSE	FALSE	FALSE	FALSE	{}	'	'	'	'	'	'	'	'	'	'	UNASSESSED	["tier_not_proven_from_title_image_review_required"]	52.49	0	'	'	'	'	'	'	'	'	'	'	'	'	'	'	'	'	INSUFFICIENT	'	'	'	'	'	'	'	'	'	'	'	'	'	'	'	'	MANUAL REVIEW / UNPRICED	FALSE	FALSE	["identity_unverified","exact_comps_missing","full_costs_unknown","owned_copy_check_missing","tier_not_proven_from_title_image_review_required"]	{"ep":["wnba"],"q":["wnba.paige-bueckers.broad-professional-rookies"],"id":"v1|116614242703|0"}
cand-s4-ebay-5c5c0cc134f406d5f6	dh-20260730T170046Z-7d4c2a91	4	2026-07-30T17:05:44.524826+00:00	WNBA / broad_professional_rookies	Paige Bueckers	professional_wnba_rookie_card	eBay	plant_mar	'	v1|116661283511|0	https://www.ebay.com/itm/116661283511	LIVE	Paige Bueckers 2025 Panini Instant WNBA Rookie Card Dallas Wings 1st Graded 10	{"q":["wnba.paige-bueckers.broad-professional-rookies"],"s":"IMAGE_OR_IDENTITY_REVIEW_REQUIRED"}	{"status":"UNVERIFIED"}	preliminary|5c5c0cc134f406d5f6	ebay|plant_mar|v1|116661283511|0	https://i.ebayimg.com/images/g/LxYAAOSwP~RoVdRs/s-l225.jpg	'	FALSE	FALSE	FALSE	FALSE	{}	'	'	'	'	'	'	'	'	'	'	UNASSESSED	["tier_not_proven_from_title_image_review_required"]	56.24	0	'	'	'	'	'	'	'	'	'	'	'	'	'	'	'	'	INSUFFICIENT	'	'	'	'	'	'	'	'	'	'	'	'	'	'	'	'	MANUAL REVIEW / UNPRICED	FALSE	FALSE	["identity_unverified","exact_comps_missing","full_costs_unknown","owned_copy_check_missing","tier_not_proven_from_title_image_review_required"]	{"ep":["wnba"],"q":["wnba.paige-bueckers.broad-professional-rookies"],"id":"v1|116661283511|0"}
cand-s4-ebay-4a7bb4766ce935a06f	dh-20260730T170046Z-7d4c2a91	4	2026-07-30T17:05:44.524826+00:00	WNBA / autograph_memorabilia	Caitlin Clark	professional_wnba_rookie_autograph_memorabilia	eBay	chiwsox2005	'	v1|116734274075|0	https://www.ebay.com/itm/116734274075	LIVE	2024-25 WNBA Rookie Royalty Immaculate CAITLIN CLARK Patch Auto True RPA #33/99	{"q":["wnba.caitlin-clark.autograph-memorabilia"],"s":"DISCOVERY_SCOPE_PASS"}	{"status":"UNVERIFIED"}	preliminary|4a7bb4766ce935a06f	ebay|chiwsox2005|v1|116734274075|0	https://i.ebayimg.com/images/g/pCMAAeSwx5JonVFx/s-l225.jpg	'	FALSE	FALSE	FALSE	FALSE	{}	'	'	'	'	'	'	'	'	'	'	UNASSESSED	[]	7395	0	'	'	'	'	'	'	'	'	'	'	'	'	'	'	'	'	INSUFFICIENT	'	'	'	'	'	'	'	'	'	'	'	'	'	'	'	'	MANUAL REVIEW / UNPRICED	FALSE	FALSE	["identity_unverified","exact_comps_missing","full_costs_unknown","owned_copy_check_missing"]	{"ep":["wnba"],"q":["wnba.caitlin-clark.autograph-memorabilia"],"id":"v1|116734274075|0"}
cand-s4-ebay-206276b42b1d18c38d	dh-20260730T170046Z-7d4c2a91	4	2026-07-30T17:05:44.524826+00:00	WNBA / broad_professional_rookies	Paige Bueckers	professional_wnba_rookie_card	eBay	complexone_01	'	v1|117280062035|0	https://www.ebay.com/itm/117280062035	LIVE	Paige Bueckers Dallas Wings - Remix Card /99 WNBA	{"q":["wnba.paige-bueckers.broad-professional-rookies"],"s":"DISCOVERY_SCOPE_PASS"}	{"status":"UNVERIFIED"}	preliminary|206276b42b1d18c38d	ebay|complexone_01|v1|117280062035|0	https://i.ebayimg.com/images/g/TBkAAeSw1tJqRfN9/s-l225.jpg	'	FALSE	FALSE	FALSE	FALSE	{}	'	'	'	'	'	'	'	'	'	'	UNASSESSED	[]	9.99	1.99	'	'	'	'	'	'	'	'	'	'	'	'	'	'	'	'	INSUFFICIENT	'	'	'	'	'	'	'	'	'	'	'	'	'	'	'	'	MANUAL REVIEW / UNPRICED	FALSE	FALSE	["identity_unverified","exact_comps_missing","full_costs_unknown","owned_copy_check_missing"]	{"ep":["wnba"],"q":["wnba.paige-bueckers.broad-professional-rookies"],"id":"v1|117280062035|0"}
cand-s4-ebay-9ac7d4804f84b0b71a	dh-20260730T170046Z-7d4c2a91	4	2026-07-30T17:05:44.524826+00:00	WNBA / broad_professional_rookies	Dominique Malonga	professional_wnba_rookie_card	eBay	complexone_01	'	v1|117281267748|0	https://www.ebay.com/itm/117281267748	LIVE	Dominique Malonga Seattle Storm - Remix Card /99 WNBA Point RC Rookie	{"q":["wnba.dominique-malonga.broad-professional-rookies"],"s":"DISCOVERY_SCOPE_PASS"}	{"status":"UNVERIFIED"}	preliminary|9ac7d4804f84b0b71a	ebay|complexone_01|v1|117281267748|0	https://i.ebayimg.com/images/g/m2wAAeSwBLNqRryv/s-l225.jpg	'	FALSE	FALSE	FALSE	FALSE	{}	'	'	'	'	'	'	'	'	'	'	UNASSESSED	[]	9.99	1.99	'	'	'	'	'	'	'	'	'	'	'	'	'	'	'	'	INSUFFICIENT	'	'	'	'	'	'	'	'	'	'	'	'	'	'	'	'	MANUAL REVIEW / UNPRICED	FALSE	FALSE	["identity_unverified","exact_comps_missing","full_costs_unknown","owned_copy_check_missing"]	{"ep":["wnba"],"q":["wnba.dominique-malonga.broad-professional-rookies"],"id":"v1|117281267748|0"}
cand-s4-ebay-af389e9c1de1adcea5	dh-20260730T170046Z-7d4c2a91	4	2026-07-30T17:05:44.524826+00:00	WNBA / broad_professional_rookies	Caitlin Clark	professional_wnba_rookie_card	eBay	fairway_sports_cards	'	v1|117320204514|0	https://www.ebay.com/itm/117320204514	LIVE	2024 Prizm WNBA Caitlin Clark #22 Orange Ice Rookie RC PSA 9 - Indiana Fever	{"q":["wnba.caitlin-clark.broad-professional-rookies"],"s":"DISCOVERY_SCOPE_PASS"}	{"status":"UNVERIFIED"}	preliminary|af389e9c1de1adcea5	ebay|fairway_sports_cards|v1|117320204514|0	https://i.ebayimg.com/images/g/2JsAAeSwLuxqY4SA/s-l225.jpg	'	FALSE	FALSE	FALSE	FALSE	{}	'	'	'	'	'	'	'	'	'	'	UNASSESSED	[]	119.95	6.5	'	'	'	'	'	'	'	'	'	'	'	'	'	'	'	'	INSUFFICIENT	'	'	'	'	'	'	'	'	'	'	'	'	'	'	'	'	MANUAL REVIEW / UNPRICED	FALSE	FALSE	["identity_unverified","exact_comps_missing","full_costs_unknown","owned_copy_check_missing"]	{"ep":["wnba"],"q":["wnba.caitlin-clark.broad-professional-rookies"],"id":"v1|117320204514|0"}
cand-s4-ebay-c590c6ab1622c18644	dh-20260730T170046Z-7d4c2a91	4	2026-07-30T17:05:44.524826+00:00	WNBA / broad_professional_rookies	Sonia Citron	professional_wnba_rookie_card	eBay	stars-and-skulls	'	v1|117326153754|0	https://www.ebay.com/itm/117326153754	LIVE	2025 Donruss WNBA - Rated Rookie Sonia Citron #87 (RC) Washington Mystics	{"q":["wnba.sonia-citron.broad-professional-rookies"],"s":"IMAGE_OR_IDENTITY_REVIEW_REQUIRED"}	{"status":"UNVERIFIED"}	preliminary|c590c6ab1622c18644	ebay|stars-and-skulls|v1|117326153754|0	https://i.ebayimg.com/images/g/k~0AAeSw75ZqUtXs/s-l225.jpg	'	FALSE	FALSE	FALSE	FALSE	{}	'	'	'	'	'	'	'	'	'	'	UNASSESSED	["tier_not_proven_from_title_image_review_required"]	1.39	0	'	'	'	'	'	'	'	'	'	'	'	'	'	'	'	'	INSUFFICIENT	'	'	'	'	'	'	'	'	'	'	'	'	'	'	'	'	MANUAL REVIEW / UNPRICED	FALSE	FALSE	["identity_unverified","exact_comps_missing","full_costs_unknown","owned_copy_check_missing","tier_not_proven_from_title_image_review_required"]	{"ep":["wnba"],"q":["wnba.sonia-citron.broad-professional-rookies"],"id":"v1|117326153754|0"}
cand-s4-ebay-928ab4a956f9292716	dh-20260730T170046Z-7d4c2a91	4	2026-07-30T17:05:44.524826+00:00	WNBA / broad_professional_rookies	Caitlin Clark	professional_wnba_rookie_card	eBay	creativeimages68	'	v1|127981624206|0	https://www.ebay.com/itm/127981624206	LIVE	Caitlin Clark Rookie WNBA 4x6 Indiana Fever 45 points 10 assists 7/17/26	{"q":["wnba.caitlin-clark.broad-professional-rookies"],"s":"DISCOVERY_SCOPE_PASS"}	{"status":"UNVERIFIED"}	preliminary|928ab4a956f9292716	ebay|creativeimages68|v1|127981624206|0	https://i.ebayimg.com/images/g/KIcAAeSwcUpqW4YY/s-l225.jpg	'	FALSE	FALSE	FALSE	FALSE	{}	'	'	'	'	'	'	'	'	'	'	UNASSESSED	[]	3.79		'	'	'	'	'	'	'	'	'	'	'	'	'	'	'	'	INSUFFICIENT	'	'	'	'	'	'	'	'	'	'	'	'	'	'	'	'	MANUAL REVIEW / UNPRICED	FALSE	FALSE	["identity_unverified","exact_comps_missing","full_costs_unknown","owned_copy_check_missing"]	{"ep":["wnba"],"q":["wnba.caitlin-clark.broad-professional-rookies"],"id":"v1|127981624206|0"}
cand-s4-ebay-946e9d459badab6d86	dh-20260730T170046Z-7d4c2a91	4	2026-07-30T17:05:44.524826+00:00	WNBA / broad_professional_rookies	Caitlin Clark	professional_wnba_rookie_card	eBay	creativeimages68	'	v1|127982458731|0	https://www.ebay.com/itm/127982458731	LIVE	Caitlin Clark Rookie WNBA 4x6 Indiana Fever 45 points 10 assists 7/17/26	{"q":["wnba.caitlin-clark.broad-professional-rookies"],"s":"DISCOVERY_SCOPE_PASS"}	{"status":"UNVERIFIED"}	preliminary|946e9d459badab6d86	ebay|creativeimages68|v1|127982458731|0	https://i.ebayimg.com/images/g/ImgAAeSwP19qXC0W/s-l225.jpg	'	FALSE	FALSE	FALSE	FALSE	{}	'	'	'	'	'	'	'	'	'	'	UNASSESSED	[]	3.79		'	'	'	'	'	'	'	'	'	'	'	'	'	'	'	'	INSUFFICIENT	'	'	'	'	'	'	'	'	'	'	'	'	'	'	'	'	MANUAL REVIEW / UNPRICED	FALSE	FALSE	["identity_unverified","exact_comps_missing","full_costs_unknown","owned_copy_check_missing"]	{"ep":["wnba"],"q":["wnba.caitlin-clark.broad-professional-rookies"],"id":"v1|127982458731|0"}
cand-s4-ebay-75c36ed1af453bfc3f	dh-20260730T170046Z-7d4c2a91	4	2026-07-30T17:05:44.524826+00:00	WNBA / broad_professional_rookies	Caitlin Clark	professional_wnba_rookie_card	eBay	creativeimages68	'	v1|127983262445|0	https://www.ebay.com/itm/127983262445	LIVE	Caitlin Clark Rookie WNBA 4x6 Indiana Fever 45 points 10 assists 7/17/26	{"q":["wnba.caitlin-clark.broad-professional-rookies"],"s":"DISCOVERY_SCOPE_PASS"}	{"status":"UNVERIFIED"}	preliminary|75c36ed1af453bfc3f	ebay|creativeimages68|v1|127983262445|0	https://i.ebayimg.com/images/g/49gAAeSwvA9qXNyy/s-l225.jpg	'	FALSE	FALSE	FALSE	FALSE	{}	'	'	'	'	'	'	'	'	'	'	UNASSESSED	[]	3.79		'	'	'	'	'	'	'	'	'	'	'	'	'	'	'	'	INSUFFICIENT	'	'	'	'	'	'	'	'	'	'	'	'	'	'	'	'	MANUAL REVIEW / UNPRICED	FALSE	FALSE	["identity_unverified","exact_comps_missing","full_costs_unknown","owned_copy_check_missing"]	{"ep":["wnba"],"q":["wnba.caitlin-clark.broad-professional-rookies"],"id":"v1|127983262445|0"}
cand-s4-ebay-944f4b9659e8cebcf5	dh-20260730T170046Z-7d4c2a91	4	2026-07-30T17:05:44.524826+00:00	WNBA / broad_professional_rookies	Paige Bueckers	professional_wnba_rookie_card	eBay	stekalino24	'	v1|127986061943|0	https://www.ebay.com/itm/127986061943	LIVE	Paige Bueckers 2025 Prizm WNBA Fractal Insert Base Card #13 Dallas Wings	{"q":["wnba.paige-bueckers.broad-professional-rookies"],"s":"DISCOVERY_SCOPE_PASS"}	{"status":"UNVERIFIED"}	preliminary|944f4b9659e8cebcf5	ebay|stekalino24|v1|127986061943|0	https://i.ebayimg.com/images/g/bPIAAeSw0ZZqXuJB/s-l225.jpg	'	FALSE	FALSE	FALSE	FALSE	{}	'	'	'	'	'	'	'	'	'	'	UNASSESSED	[]	3.99	0	'	'	'	'	'	'	'	'	'	'	'	'	'	'	'	'	INSUFFICIENT	'	'	'	'	'	'	'	'	'	'	'	'	'	'	'	'	MANUAL REVIEW / UNPRICED	FALSE	FALSE	["identity_unverified","exact_comps_missing","full_costs_unknown","owned_copy_check_missing"]	{"ep":["wnba"],"q":["wnba.paige-bueckers.broad-professional-rookies"],"id":"v1|127986061943|0"}
cand-s4-ebay-20d323bb3b294d8f2c	dh-20260730T170046Z-7d4c2a91	4	2026-07-30T17:05:44.524826+00:00	WNBA / broad_professional_rookies	Kiki Iriafen	professional_wnba_rookie_card	eBay	laur2992	'	v1|127993988997|0	https://www.ebay.com/itm/127993988997	LIVE	2025 Select WNBA Basketball Kiki Iriafen Party Prizm Mystics Rookie Card #205	{"q":["wnba.kiki-iriafen.broad-professional-rookies"],"s":"DISCOVERY_SCOPE_PASS"}	{"status":"UNVERIFIED"}	preliminary|20d323bb3b294d8f2c	ebay|laur2992|v1|127993988997|0	https://i.ebayimg.com/images/g/8R4AAeSw24RqZRgx/s-l225.jpg	'	FALSE	FALSE	FALSE	FALSE	{}	'	'	'	'	'	'	'	'	'	'	UNASSESSED	[]	35	5.17	'	'	'	'	'	'	'	'	'	'	'	'	'	'	'	'	INSUFFICIENT	'	'	'	'	'	'	'	'	'	'	'	'	'	'	'	'	MANUAL REVIEW / UNPRICED	FALSE	FALSE	["identity_unverified","exact_comps_missing","full_costs_unknown","owned_copy_check_missing"]	{"ep":["wnba"],"q":["wnba.kiki-iriafen.broad-professional-rookies"],"id":"v1|127993988997|0"}
cand-s4-ebay-c23235d0667ca57b4c	dh-20260730T170046Z-7d4c2a91	4	2026-07-30T17:05:44.524826+00:00	WNBA / broad_professional_rookies	Sonia Citron	professional_wnba_rookie_card	eBay	lets_make_stickers	'	v1|127998405633|0	https://www.ebay.com/itm/127998405633	LIVE	2025 Panini WNBA Prizm Fearless 15 Sonia Citron Washington Mystics Rookie Card	{"q":["wnba.sonia-citron.broad-professional-rookies"],"s":"DISCOVERY_SCOPE_PASS"}	{"status":"UNVERIFIED"}	preliminary|c23235d0667ca57b4c	ebay|lets_make_stickers|v1|127998405633|0	https://i.ebayimg.com/images/g/GcoAAeSwydZqaI9Z/s-l225.jpg	'	FALSE	FALSE	FALSE	FALSE	{}	'	'	'	'	'	'	'	'	'	'	UNASSESSED	[]	1		'	'	'	'	'	'	'	'	'	'	'	'	'	'	'	'	INSUFFICIENT	'	'	'	'	'	'	'	'	'	'	'	'	'	'	'	'	MANUAL REVIEW / UNPRICED	FALSE	FALSE	["identity_unverified","exact_comps_missing","full_costs_unknown","owned_copy_check_missing"]	{"ep":["wnba"],"q":["wnba.sonia-citron.broad-professional-rookies"],"id":"v1|127998405633|0"}
cand-s4-ebay-bdf9f727cdc4b32d6e	dh-20260730T170046Z-7d4c2a91	4	2026-07-30T17:05:44.524826+00:00	WNBA / autograph_memorabilia	Dominique Malonga	professional_wnba_rookie_autograph_memorabilia	eBay	elmoszn	'	v1|136942139998|0	https://www.ebay.com/itm/136942139998	LIVE	2025 Panini Impeccable Dominique Malonga Elegance RPA Rookie Auto Pink FOTL /7	{"q":["wnba.dominique-malonga.autograph-memorabilia"],"s":"DISCOVERY_SCOPE_PASS"}	{"status":"UNVERIFIED"}	preliminary|bdf9f727cdc4b32d6e	ebay|elmoszn|v1|136942139998|0	https://i.ebayimg.com/images/g/NWQAAeSwXA1pZSdd/s-l225.jpg	'	FALSE	FALSE	FALSE	FALSE	{}	'	'	'	'	'	'	'	'	'	'	UNASSESSED	[]	2999.99	0	'	'	'	'	'	'	'	'	'	'	'	'	'	'	'	'	INSUFFICIENT	'	'	'	'	'	'	'	'	'	'	'	'	'	'	'	'	MANUAL REVIEW / UNPRICED	FALSE	FALSE	["identity_unverified","exact_comps_missing","full_costs_unknown","owned_copy_check_missing"]	{"ep":["wnba"],"q":["wnba.dominique-malonga.autograph-memorabilia"],"id":"v1|136942139998|0"}
cand-s4-ebay-7c69f355806d0196ce	dh-20260730T170046Z-7d4c2a91	4	2026-07-30T17:05:44.524826+00:00	WNBA / broad_professional_rookies	Kiki Iriafen	professional_wnba_rookie_card	eBay	mad2_5255	'	v1|137064857288|0	https://www.ebay.com/itm/137064857288	LIVE	2025 Panini Prizm WNBA - Kiki Iriafen Blue Velocity #72 (RC) Washington Mystics	{"q":["wnba.kiki-iriafen.broad-professional-rookies"],"s":"DISCOVERY_SCOPE_PASS"}	{"status":"UNVERIFIED"}	preliminary|7c69f355806d0196ce	ebay|mad2_5255|v1|137064857288|0	https://i.ebayimg.com/images/g/SEwAAeSwq9NpnIfT/s-l225.jpg	'	FALSE	FALSE	FALSE	FALSE	{}	'	'	'	'	'	'	'	'	'	'	UNASSESSED	[]	2.5	0	'	'	'	'	'	'	'	'	'	'	'	'	'	'	'	'	INSUFFICIENT	'	'	'	'	'	'	'	'	'	'	'	'	'	'	'	'	MANUAL REVIEW / UNPRICED	FALSE	FALSE	["identity_unverified","exact_comps_missing","full_costs_unknown","owned_copy_check_missing"]	{"ep":["wnba"],"q":["wnba.kiki-iriafen.broad-professional-rookies"],"id":"v1|137064857288|0"}
cand-s4-ebay-c70c8783e79e3f8d99	dh-20260730T170046Z-7d4c2a91	4	2026-07-30T17:05:44.524826+00:00	WNBA / autograph_memorabilia	Caitlin Clark	professional_wnba_rookie_autograph_memorabilia	eBay	skolcards3	'	v1|137089680990|0	https://www.ebay.com/itm/137089680990	LIVE	2024 Select WNBA Caitlin Clark Purple /99 Rookie Auto Patch #AM-CC PSA 9	{"q":["wnba.caitlin-clark.autograph-memorabilia"],"s":"DISCOVERY_SCOPE_PASS"}	{"status":"UNVERIFIED"}	preliminary|c70c8783e79e3f8d99	ebay|skolcards3|v1|137089680990|0	https://i.ebayimg.com/images/g/L0QAAeSwZo9pppcw/s-l225.jpg	'	FALSE	FALSE	FALSE	FALSE	{}	'	'	'	'	'	'	'	'	'	'	UNASSESSED	[]	3300	0	'	'	'	'	'	'	'	'	'	'	'	'	'	'	'	'	INSUFFICIENT	'	'	'	'	'	'	'	'	'	'	'	'	'	'	'	'	MANUAL REVIEW / UNPRICED	FALSE	FALSE	["identity_unverified","exact_comps_missing","full_costs_unknown","owned_copy_check_missing"]	{"ep":["wnba"],"q":["wnba.caitlin-clark.autograph-memorabilia"],"id":"v1|137089680990|0"}
cand-s4-ebay-2e1d99d4a3c75f8770	dh-20260730T170046Z-7d4c2a91	4	2026-07-30T17:05:44.524826+00:00	WNBA / autograph_memorabilia	Dominique Malonga	professional_wnba_rookie_autograph_memorabilia	eBay	elmoszn	'	v1|137195324871|0	https://www.ebay.com/itm/137195324871	LIVE	2025 Panini Impeccable Dominique Malonga Elegance RPA Rookie Auto Purple FOTL /3	{"q":["wnba.dominique-malonga.autograph-memorabilia"],"s":"DISCOVERY_SCOPE_PASS"}	{"status":"UNVERIFIED"}	preliminary|2e1d99d4a3c75f8770	ebay|elmoszn|v1|137195324871|0	https://i.ebayimg.com/images/g/h40AAeSw9A1p0HpJ/s-l225.jpg	'	FALSE	FALSE	FALSE	FALSE	{}	'	'	'	'	'	'	'	'	'	'	UNASSESSED	[]	4999.99	0	'	'	'	'	'	'	'	'	'	'	'	'	'	'	'	'	INSUFFICIENT	'	'	'	'	'	'	'	'	'	'	'	'	'	'	'	'	MANUAL REVIEW / UNPRICED	FALSE	FALSE	["identity_unverified","exact_comps_missing","full_costs_unknown","owned_copy_check_missing"]	{"ep":["wnba"],"q":["wnba.dominique-malonga.autograph-memorabilia"],"id":"v1|137195324871|0"}
cand-s4-ebay-923ca0240f9e17ed20	dh-20260730T170046Z-7d4c2a91	4	2026-07-30T17:05:44.524826+00:00	WNBA / autograph_memorabilia	Sonia Citron	professional_wnba_rookie_autograph_memorabilia	eBay	lombardycollectibles	'	v1|137344568759|0	https://www.ebay.com/itm/137344568759	LIVE	Panini 2025 WNBA One and One Sonia Citron RC Jersey Auto Patch /25 RJJ-SC	{"q":["wnba.sonia-citron.autograph-memorabilia"],"s":"DISCOVERY_SCOPE_PASS"}	{"status":"UNVERIFIED"}	preliminary|923ca0240f9e17ed20	ebay|lombardycollectibles|v1|137344568759|0	https://i.ebayimg.com/images/g/XjUAAeSwjiVqFJbD/s-l225.jpg	'	FALSE	FALSE	FALSE	FALSE	{}	'	'	'	'	'	'	'	'	'	'	UNASSESSED	[]	850		'	'	'	'	'	'	'	'	'	'	'	'	'	'	'	'	INSUFFICIENT	'	'	'	'	'	'	'	'	'	'	'	'	'	'	'	'	MANUAL REVIEW / UNPRICED	FALSE	FALSE	["identity_unverified","exact_comps_missing","full_costs_unknown","owned_copy_check_missing"]	{"ep":["wnba"],"q":["wnba.sonia-citron.autograph-memorabilia"],"id":"v1|137344568759|0"}
cand-s4-ebay-5e7928a0aed1d51dcb	dh-20260730T170046Z-7d4c2a91	4	2026-07-30T17:05:44.524826+00:00	WNBA / autograph_memorabilia	Caitlin Clark	professional_wnba_rookie_autograph_memorabilia	eBay	omwvagabond	'	v1|137386549486|0	https://www.ebay.com/itm/137386549486	LIVE	Caitlin Clark 2024 Panini Select WNBA  Autographed Memorabilia #AM-CC Gold Prizm	{"q":["wnba.caitlin-clark.autograph-memorabilia"],"s":"DISCOVERY_SCOPE_PASS"}	{"status":"UNVERIFIED"}	preliminary|5e7928a0aed1d51dcb	ebay|omwvagabond|v1|137386549486|0	https://i.ebayimg.com/images/g/OqIAAeSwbtBqJKFu/s-l225.jpg	'	FALSE	FALSE	FALSE	FALSE	{}	'	'	'	'	'	'	'	'	'	'	UNASSESSED	[]	7500	0	'	'	'	'	'	'	'	'	'	'	'	'	'	'	'	'	INSUFFICIENT	'	'	'	'	'	'	'	'	'	'	'	'	'	'	'	'	MANUAL REVIEW / UNPRICED	FALSE	FALSE	["identity_unverified","exact_comps_missing","full_costs_unknown","owned_copy_check_missing"]	{"ep":["wnba"],"q":["wnba.caitlin-clark.autograph-memorabilia"],"id":"v1|137386549486|0"}
cand-s4-ebay-8e23cb67d2b3b8fed9	dh-20260730T170046Z-7d4c2a91	4	2026-07-30T17:05:44.524826+00:00	WNBA / autograph_memorabilia	Dominique Malonga	professional_wnba_rookie_autograph_memorabilia	eBay	emjaycollects	'	v1|137440724405|0	https://www.ebay.com/itm/137440724405	LIVE	2025 Panini Select WNBA Dominique Malonga RC Rookie Patch Auto RPA Silver	{"q":["wnba.dominique-malonga.autograph-memorabilia"],"s":"DISCOVERY_SCOPE_PASS"}	{"status":"UNVERIFIED"}	preliminary|8e23cb67d2b3b8fed9	ebay|emjaycollects|v1|137440724405|0	https://i.ebayimg.com/images/g/GRcAAeSwcLlqOKE~/s-l225.jpg	'	FALSE	FALSE	FALSE	FALSE	{}	'	'	'	'	'	'	'	'	'	'	UNASSESSED	[]	110.34		'	'	'	'	'	'	'	'	'	'	'	'	'	'	'	'	INSUFFICIENT	'	'	'	'	'	'	'	'	'	'	'	'	'	'	'	'	MANUAL REVIEW / UNPRICED	FALSE	FALSE	["identity_unverified","exact_comps_missing","full_costs_unknown","owned_copy_check_missing"]	{"ep":["wnba"],"q":["wnba.dominique-malonga.autograph-memorabilia"],"id":"v1|137440724405|0"}
cand-s4-ebay-e42be562ca832c9dd0	dh-20260730T170046Z-7d4c2a91	4	2026-07-30T17:05:44.524826+00:00	WNBA / broad_professional_rookies	Paige Bueckers	professional_wnba_rookie_card	eBay	bigkel73	'	v1|137523923751|0	https://www.ebay.com/itm/137523923751	LIVE	PAIGE BUECKERS * DALLAS WINGS WNBA 2023 "ROOKIE" #RS-67 BASKETBALL CARD	{"q":["wnba.paige-bueckers.broad-professional-rookies"],"s":"IMAGE_OR_IDENTITY_REVIEW_REQUIRED"}	{"status":"UNVERIFIED"}	preliminary|e42be562ca832c9dd0	ebay|bigkel73|v1|137523923751|0	https://i.ebayimg.com/images/g/EfUAAeSwzGVqWudo/s-l225.jpg	'	FALSE	FALSE	FALSE	FALSE	{}	'	'	'	'	'	'	'	'	'	'	UNASSESSED	["tier_not_proven_from_title_image_review_required"]	4.25		'	'	'	'	'	'	'	'	'	'	'	'	'	'	'	'	INSUFFICIENT	'	'	'	'	'	'	'	'	'	'	'	'	'	'	'	'	MANUAL REVIEW / UNPRICED	FALSE	FALSE	["identity_unverified","exact_comps_missing","full_costs_unknown","owned_copy_check_missing","tier_not_proven_from_title_image_review_required"]	{"ep":["wnba"],"q":["wnba.paige-bueckers.broad-professional-rookies"],"id":"v1|137523923751|0"}
cand-s4-ebay-bac7930fb0c3c53ee3	dh-20260730T170046Z-7d4c2a91	4	2026-07-30T17:05:44.524826+00:00	WNBA / autograph_memorabilia	Dominique Malonga	professional_wnba_rookie_autograph_memorabilia	eBay	teddya	'	v1|137533160061|0	https://www.ebay.com/itm/137533160061	LIVE	2025 Panini National Treasures Dominique Malonga RPA #54/99 On Card RC Auto WNBA	{"q":["wnba.dominique-malonga.autograph-memorabilia"],"s":"DISCOVERY_SCOPE_PASS"}	{"status":"UNVERIFIED"}	preliminary|bac7930fb0c3c53ee3	ebay|teddya|v1|137533160061|0	https://i.ebayimg.com/images/g/WLIAAeSw7RNqXj5A/s-l225.jpg	'	FALSE	FALSE	FALSE	FALSE	{}	'	'	'	'	'	'	'	'	'	'	UNASSESSED	[]	599.99	12	'	'	'	'	'	'	'	'	'	'	'	'	'	'	'	'	INSUFFICIENT	'	'	'	'	'	'	'	'	'	'	'	'	'	'	'	'	MANUAL REVIEW / UNPRICED	FALSE	FALSE	["identity_unverified","exact_comps_missing","full_costs_unknown","owned_copy_check_missing"]	{"ep":["wnba"],"q":["wnba.dominique-malonga.autograph-memorabilia"],"id":"v1|137533160061|0"}
cand-s4-ebay-8c0b04096229a02316	dh-20260730T170046Z-7d4c2a91	4	2026-07-30T17:05:44.524826+00:00	WNBA / broad_professional_rookies	Sonia Citron	professional_wnba_rookie_card	eBay	bhub21	'	v1|137558348802|0	https://www.ebay.com/itm/137558348802	LIVE	2025 Panini Select WNBA #12 Sonia Citron All-Stars Silver Flash Prizm Mystics RC	{"q":["wnba.sonia-citron.broad-professional-rookies"],"s":"DISCOVERY_SCOPE_PASS"}	{"status":"UNVERIFIED"}	preliminary|8c0b04096229a02316	ebay|bhub21|v1|137558348802|0	https://i.ebayimg.com/images/g/rtcAAeSwTy5qaBV3/s-l225.jpg	'	FALSE	FALSE	FALSE	FALSE	{}	'	'	'	'	'	'	'	'	'	'	UNASSESSED	[]	4.99		'	'	'	'	'	'	'	'	'	'	'	'	'	'	'	'	INSUFFICIENT	'	'	'	'	'	'	'	'	'	'	'	'	'	'	'	'	MANUAL REVIEW / UNPRICED	FALSE	FALSE	["identity_unverified","exact_comps_missing","full_costs_unknown","owned_copy_check_missing"]	{"ep":["wnba"],"q":["wnba.sonia-citron.broad-professional-rookies"],"id":"v1|137558348802|0"}
cand-s4-ebay-2b8da3ed669ada1bb6	dh-20260730T170046Z-7d4c2a91	4	2026-07-30T17:05:44.524826+00:00	WNBA / broad_professional_rookies	Sonia Citron	professional_wnba_rookie_card	eBay	bhub21	'	v1|137558351343|0	https://www.ebay.com/itm/137558351343	LIVE	2025 Panini Select WNBA #83 Sonia Citron Pink Ice Concourse Level RC Mystics	{"q":["wnba.sonia-citron.broad-professional-rookies"],"s":"DISCOVERY_SCOPE_PASS"}	{"status":"UNVERIFIED"}	preliminary|2b8da3ed669ada1bb6	ebay|bhub21|v1|137558351343|0	https://i.ebayimg.com/images/g/ysAAAeSwNwVqaBYL/s-l225.jpg	'	FALSE	FALSE	FALSE	FALSE	{}	'	'	'	'	'	'	'	'	'	'	UNASSESSED	[]	2.99		'	'	'	'	'	'	'	'	'	'	'	'	'	'	'	'	INSUFFICIENT	'	'	'	'	'	'	'	'	'	'	'	'	'	'	'	'	MANUAL REVIEW / UNPRICED	FALSE	FALSE	["identity_unverified","exact_comps_missing","full_costs_unknown","owned_copy_check_missing"]	{"ep":["wnba"],"q":["wnba.sonia-citron.broad-professional-rookies"],"id":"v1|137558351343|0"}
cand-s4-ebay-ba44a824217abf1b60	dh-20260730T170046Z-7d4c2a91	4	2026-07-30T17:05:44.524826+00:00	WNBA / broad_professional_rookies	Kiki Iriafen	professional_wnba_rookie_card	eBay	jeffo6160	'	v1|147450003758|0	https://www.ebay.com/itm/147450003758	LIVE	2025 Panini Prizm WNBA Silver Prizm #72 Kiki Iriafen RC Washington Mystics USC	{"q":["wnba.kiki-iriafen.broad-professional-rookies"],"s":"DISCOVERY_SCOPE_PASS"}	{"status":"UNVERIFIED"}	preliminary|ba44a824217abf1b60	ebay|jeffo6160|v1|147450003758|0	https://i.ebayimg.com/images/g/FvoAAeSwf4JqXoBK/s-l225.jpg	'	FALSE	FALSE	FALSE	FALSE	{}	'	'	'	'	'	'	'	'	'	'	UNASSESSED	[]	1.99		'	'	'	'	'	'	'	'	'	'	'	'	'	'	'	'	INSUFFICIENT	'	'	'	'	'	'	'	'	'	'	'	'	'	'	'	'	MANUAL REVIEW / UNPRICED	FALSE	FALSE	["identity_unverified","exact_comps_missing","full_costs_unknown","owned_copy_check_missing"]	{"ep":["wnba"],"q":["wnba.kiki-iriafen.broad-professional-rookies"],"id":"v1|147450003758|0"}
cand-s4-ebay-d0d62fa1592d21df34	dh-20260730T170046Z-7d4c2a91	4	2026-07-30T17:05:44.524826+00:00	WNBA / broad_professional_rookies	Sonia Citron	professional_wnba_rookie_card	eBay	kn_644365	'	v1|147452783304|0	https://www.ebay.com/itm/147452783304	LIVE	SONIA CITRON 2025-26 PANINI PRIZM WNBA ROOKIE ICE #122 MYSTICS	{"q":["wnba.sonia-citron.broad-professional-rookies"],"s":"DISCOVERY_SCOPE_PASS"}	{"status":"UNVERIFIED"}	preliminary|d0d62fa1592d21df34	ebay|kn_644365|v1|147452783304|0	https://i.ebayimg.com/images/g/xdEAAeSwtWFqXpn8/s-l225.jpg	'	FALSE	FALSE	FALSE	FALSE	{}	'	'	'	'	'	'	'	'	'	'	UNASSESSED	[]	2.99	0	'	'	'	'	'	'	'	'	'	'	'	'	'	'	'	'	INSUFFICIENT	'	'	'	'	'	'	'	'	'	'	'	'	'	'	'	'	MANUAL REVIEW / UNPRICED	FALSE	FALSE	["identity_unverified","exact_comps_missing","full_costs_unknown","owned_copy_check_missing"]	{"ep":["wnba"],"q":["wnba.sonia-citron.broad-professional-rookies"],"id":"v1|147452783304|0"}
cand-s4-ebay-ce3e6945423d58da83	dh-20260730T170046Z-7d4c2a91	4	2026-07-30T17:05:44.524826+00:00	WNBA / broad_professional_rookies	Paige Bueckers	professional_wnba_rookie_card	eBay	kn_644365	'	v1|147452839469|0	https://www.ebay.com/itm/147452839469	LIVE	2025 Panini WNBA Prizm Paige Bueckers Variation RC Silver Rookie #147 Wings	{"q":["wnba.paige-bueckers.broad-professional-rookies"],"s":"DISCOVERY_SCOPE_PASS"}	{"status":"UNVERIFIED"}	preliminary|ce3e6945423d58da83	ebay|kn_644365|v1|147452839469|0	https://i.ebayimg.com/images/g/SBQAAeSwlOZqYCiI/s-l225.jpg	'	FALSE	FALSE	FALSE	FALSE	{}	'	'	'	'	'	'	'	'	'	'	UNASSESSED	[]	51.99	0	'	'	'	'	'	'	'	'	'	'	'	'	'	'	'	'	INSUFFICIENT	'	'	'	'	'	'	'	'	'	'	'	'	'	'	'	'	MANUAL REVIEW / UNPRICED	FALSE	FALSE	["identity_unverified","exact_comps_missing","full_costs_unknown","owned_copy_check_missing"]	{"ep":["wnba"],"q":["wnba.paige-bueckers.broad-professional-rookies"],"id":"v1|147452839469|0"}
cand-s4-ebay-0eb9c2a166fcf84d27	dh-20260730T170046Z-7d4c2a91	4	2026-07-30T17:05:44.524826+00:00	WNBA / broad_professional_rookies	Kiki Iriafen	professional_wnba_rookie_card	eBay	bgcards77	'	v1|147454811335|0	https://www.ebay.com/itm/147454811335	LIVE	2025 Panini Prizm WNBA Kiki Iriafen Silver Prizm RC Rookie Washington Mystics	{"q":["wnba.kiki-iriafen.broad-professional-rookies"],"s":"DISCOVERY_SCOPE_PASS"}	{"status":"UNVERIFIED"}	preliminary|0eb9c2a166fcf84d27	ebay|bgcards77|v1|147454811335|0	https://i.ebayimg.com/images/g/5FUAAeSwIX5qYTWL/s-l225.jpg	'	FALSE	FALSE	FALSE	FALSE	{}	'	'	'	'	'	'	'	'	'	'	UNASSESSED	[]	2.5		'	'	'	'	'	'	'	'	'	'	'	'	'	'	'	'	INSUFFICIENT	'	'	'	'	'	'	'	'	'	'	'	'	'	'	'	'	MANUAL REVIEW / UNPRICED	FALSE	FALSE	["identity_unverified","exact_comps_missing","full_costs_unknown","owned_copy_check_missing"]	{"ep":["wnba"],"q":["wnba.kiki-iriafen.broad-professional-rookies"],"id":"v1|147454811335|0"}
cand-s4-ebay-da0415db957cd1d991	dh-20260730T170046Z-7d4c2a91	4	2026-07-30T17:05:44.524826+00:00	WNBA / broad_professional_rookies	Dominique Malonga	professional_wnba_rookie_card	eBay	dnolan81	'	v1|147463397501|0	https://www.ebay.com/itm/147463397501	LIVE	Panini 2025 Donruss WNBA Rookie Dominique Holo Silver Malonga Seattle Storm	{"q":["wnba.dominique-malonga.broad-professional-rookies"],"s":"DISCOVERY_SCOPE_PASS"}	{"status":"UNVERIFIED"}	preliminary|da0415db957cd1d991	ebay|dnolan81|v1|147463397501|0	https://i.ebayimg.com/images/g/tVoAAeSwrptqZry0/s-l225.jpg	'	FALSE	FALSE	FALSE	FALSE	{}	'	'	'	'	'	'	'	'	'	'	UNASSESSED	[]	1.29	0.98	'	'	'	'	'	'	'	'	'	'	'	'	'	'	'	'	INSUFFICIENT	'	'	'	'	'	'	'	'	'	'	'	'	'	'	'	'	MANUAL REVIEW / UNPRICED	FALSE	FALSE	["identity_unverified","exact_comps_missing","full_costs_unknown","owned_copy_check_missing"]	{"ep":["wnba"],"q":["wnba.dominique-malonga.broad-professional-rookies"],"id":"v1|147463397501|0"}
cand-s4-ebay-aa141faa05489b3ce6	dh-20260730T170046Z-7d4c2a91	4	2026-07-30T17:05:44.524826+00:00	WNBA / broad_professional_rookies	Paige Bueckers	professional_wnba_rookie_card	eBay	kn_644365	'	v1|147470163969|0	https://www.ebay.com/itm/147470163969	LIVE	Panini Donruss 2025 WNBA Paige Bueckers Rated Rookie Holo #86 Dallas Wings	{"q":["wnba.paige-bueckers.broad-professional-rookies"],"s":"DISCOVERY_SCOPE_PASS"}	{"status":"UNVERIFIED"}	preliminary|aa141faa05489b3ce6	ebay|kn_644365|v1|147470163969|0	https://i.ebayimg.com/images/g/aTMAAeSwxUxqXnjR/s-l225.jpg	'	FALSE	FALSE	FALSE	FALSE	{}	'	'	'	'	'	'	'	'	'	'	UNASSESSED	[]	19.99	0	'	'	'	'	'	'	'	'	'	'	'	'	'	'	'	'	INSUFFICIENT	'	'	'	'	'	'	'	'	'	'	'	'	'	'	'	'	MANUAL REVIEW / UNPRICED	FALSE	FALSE	["identity_unverified","exact_comps_missing","full_costs_unknown","owned_copy_check_missing"]	{"ep":["wnba"],"q":["wnba.paige-bueckers.broad-professional-rookies"],"id":"v1|147470163969|0"}
cand-s4-ebay-79ca7a807d91d7dc6e	dh-20260730T170046Z-7d4c2a91	4	2026-07-30T17:05:44.524826+00:00	WNBA / broad_professional_rookies	Caitlin Clark	professional_wnba_rookie_card	eBay	thehypebreakers	'	v1|158134627342|0	https://www.ebay.com/itm/158134627342	LIVE	CAITLIN CLARK Rookie 2024 PANINI INSTANT WNBA #247 Fever Start Hot  RC PSA 9	{"q":["wnba.caitlin-clark.broad-professional-rookies"],"s":"IMAGE_OR_IDENTITY_REVIEW_REQUIRED"}	{"status":"UNVERIFIED"}	preliminary|79ca7a807d91d7dc6e	ebay|thehypebreakers|v1|158134627342|0	https://i.ebayimg.com/images/g/NDsAAeSwhINqazaT/s-l225.jpg	'	FALSE	FALSE	FALSE	FALSE	{}	'	'	'	'	'	'	'	'	'	'	UNASSESSED	["tier_not_proven_from_title_image_review_required"]	29.99		'	'	'	'	'	'	'	'	'	'	'	'	'	'	'	'	INSUFFICIENT	'	'	'	'	'	'	'	'	'	'	'	'	'	'	'	'	MANUAL REVIEW / UNPRICED	FALSE	FALSE	["identity_unverified","exact_comps_missing","full_costs_unknown","owned_copy_check_missing","tier_not_proven_from_title_image_review_required"]	{"ep":["wnba"],"q":["wnba.caitlin-clark.broad-professional-rookies"],"id":"v1|158134627342|0"}
cand-s4-ebay-af00447888eeca4944	dh-20260730T170046Z-7d4c2a91	4	2026-07-30T17:05:44.524826+00:00	WNBA / broad_professional_rookies	Paige Bueckers	professional_wnba_rookie_card	eBay	thehypebreakers	'	v1|158134658502|0	https://www.ebay.com/itm/158134658502	LIVE	PSA 10 PAIGE BUECKERS Rookie 2025 PANINI INSTANT WNBA #DN1 /68412 DRAFT NIGHT	{"q":["wnba.paige-bueckers.broad-professional-rookies"],"s":"IMAGE_OR_IDENTITY_REVIEW_REQUIRED"}	{"status":"UNVERIFIED"}	preliminary|af00447888eeca4944	ebay|thehypebreakers|v1|158134658502|0	https://i.ebayimg.com/images/g/KQ0AAeSwW3hqazqy/s-l225.jpg	'	FALSE	FALSE	FALSE	FALSE	{}	'	'	'	'	'	'	'	'	'	'	UNASSESSED	["tier_not_proven_from_title_image_review_required"]	39.99		'	'	'	'	'	'	'	'	'	'	'	'	'	'	'	'	INSUFFICIENT	'	'	'	'	'	'	'	'	'	'	'	'	'	'	'	'	MANUAL REVIEW / UNPRICED	FALSE	FALSE	["identity_unverified","exact_comps_missing","full_costs_unknown","owned_copy_check_missing","tier_not_proven_from_title_image_review_required"]	{"ep":["wnba"],"q":["wnba.paige-bueckers.broad-professional-rookies"],"id":"v1|158134658502|0"}
cand-s4-ebay-59e913c89ee88cf9d4	dh-20260730T170046Z-7d4c2a91	4	2026-07-30T17:05:44.524826+00:00	WNBA / broad_professional_rookies	Caitlin Clark	professional_wnba_rookie_card	eBay	northstonereserve	'	v1|168575269515|0	https://www.ebay.com/itm/168575269515	LIVE	Caitlin Clark RC Rookie #195 Panini Instant 2024 WNBA Indiana Fever Basketball	{"q":["wnba.caitlin-clark.broad-professional-rookies"],"s":"IMAGE_OR_IDENTITY_REVIEW_REQUIRED"}	{"status":"UNVERIFIED"}	preliminary|59e913c89ee88cf9d4	ebay|northstonereserve|v1|168575269515|0	https://i.ebayimg.com/images/g/tkcAAeSw6Xlqaotc/s-l225.jpg	'	FALSE	FALSE	FALSE	FALSE	{}	'	'	'	'	'	'	'	'	'	'	UNASSESSED	["tier_not_proven_from_title_image_review_required"]	69.99		'	'	'	'	'	'	'	'	'	'	'	'	'	'	'	'	INSUFFICIENT	'	'	'	'	'	'	'	'	'	'	'	'	'	'	'	'	MANUAL REVIEW / UNPRICED	FALSE	FALSE	["identity_unverified","exact_comps_missing","full_costs_unknown","owned_copy_check_missing","tier_not_proven_from_title_image_review_required"]	{"ep":["wnba"],"q":["wnba.caitlin-clark.broad-professional-rookies"],"id":"v1|168575269515|0"}
cand-s4-ebay-e17664f140698bc544	dh-20260730T170046Z-7d4c2a91	4	2026-07-30T17:05:44.524826+00:00	WNBA / autograph_memorabilia	Paige Bueckers	professional_wnba_rookie_autograph_memorabilia	eBay	carnycards	'	v1|178298584209|0	https://www.ebay.com/itm/178298584209	LIVE	2025 Panini One and One WNBA Paige Bueckers RC #d 39/99 RPA Rookie Patch Auto SP	{"q":["wnba.paige-bueckers.autograph-memorabilia"],"s":"DISCOVERY_SCOPE_PASS"}	{"status":"UNVERIFIED"}	preliminary|e17664f140698bc544	ebay|carnycards|v1|178298584209|0	https://i.ebayimg.com/images/g/ZzYAAeSwA5dqUDXz/s-l225.jpg	'	FALSE	FALSE	FALSE	FALSE	{}	'	'	'	'	'	'	'	'	'	'	UNASSESSED	[]	950	9.99	'	'	'	'	'	'	'	'	'	'	'	'	'	'	'	'	INSUFFICIENT	'	'	'	'	'	'	'	'	'	'	'	'	'	'	'	'	MANUAL REVIEW / UNPRICED	FALSE	FALSE	["identity_unverified","exact_comps_missing","full_costs_unknown","owned_copy_check_missing"]	{"ep":["wnba"],"q":["wnba.paige-bueckers.autograph-memorabilia"],"id":"v1|178298584209|0"}
cand-s4-ebay-ec50e50ca1c22e1b16	dh-20260730T170046Z-7d4c2a91	4	2026-07-30T17:05:44.524826+00:00	WNBA / broad_professional_rookies	Sonia Citron	professional_wnba_rookie_card	eBay	gametimecards247	'	v1|178348852627|0	https://www.ebay.com/itm/178348852627	LIVE	Sonia Citron Rookie 2025 Panini Prizm WNBA #122 Washington Mystics	{"q":["wnba.sonia-citron.broad-professional-rookies"],"s":"DISCOVERY_SCOPE_PASS"}	{"status":"UNVERIFIED"}	preliminary|ec50e50ca1c22e1b16	ebay|gametimecards247|v1|178348852627|0	https://i.ebayimg.com/images/g/7cMAAeSwMDlqZ50f/s-l225.jpg	'	FALSE	FALSE	FALSE	FALSE	{}	'	'	'	'	'	'	'	'	'	'	UNASSESSED	[]	1.58	0	'	'	'	'	'	'	'	'	'	'	'	'	'	'	'	'	INSUFFICIENT	'	'	'	'	'	'	'	'	'	'	'	'	'	'	'	'	MANUAL REVIEW / UNPRICED	FALSE	FALSE	["identity_unverified","exact_comps_missing","full_costs_unknown","owned_copy_check_missing"]	{"ep":["wnba"],"q":["wnba.sonia-citron.broad-professional-rookies"],"id":"v1|178348852627|0"}
cand-s4-ebay-85b3744e8ad1386479	dh-20260730T170046Z-7d4c2a91	4	2026-07-30T17:05:44.524826+00:00	WNBA / autograph_memorabilia	Caitlin Clark	professional_wnba_rookie_autograph_memorabilia	eBay	geezee_sports_cards	'	v1|187474527621|0	https://www.ebay.com/itm/187474527621	LIVE	2024 Select WNBA Caitlin Clark RC AUTO-PATCH Purple Prizm /99	{"q":["wnba.caitlin-clark.autograph-memorabilia"],"s":"DISCOVERY_SCOPE_PASS"}	{"status":"UNVERIFIED"}	preliminary|85b3744e8ad1386479	ebay|geezee_sports_cards|v1|187474527621|0	https://i.ebayimg.com/images/g/v4gAAeSwC6JolmQs/s-l225.jpg	'	FALSE	FALSE	FALSE	FALSE	{}	'	'	'	'	'	'	'	'	'	'	UNASSESSED	[]	2750		'	'	'	'	'	'	'	'	'	'	'	'	'	'	'	'	INSUFFICIENT	'	'	'	'	'	'	'	'	'	'	'	'	'	'	'	'	MANUAL REVIEW / UNPRICED	FALSE	FALSE	["identity_unverified","exact_comps_missing","full_costs_unknown","owned_copy_check_missing"]	{"ep":["wnba"],"q":["wnba.caitlin-clark.autograph-memorabilia"],"id":"v1|187474527621|0"}
cand-s4-ebay-cd0f8c21fe65d9b4a8	dh-20260730T170046Z-7d4c2a91	4	2026-07-30T17:05:44.524826+00:00	WNBA / broad_professional_rookies	Sonia Citron	professional_wnba_rookie_card	eBay	wrv874	'	v1|188535509600|0	https://www.ebay.com/itm/188535509600	LIVE	Panini Sonia Citron Washington Mystics Rookie Card Lot (8) Prizm Select Donruss	{"q":["wnba.sonia-citron.broad-professional-rookies"],"s":"DISCOVERY_SCOPE_PASS"}	{"status":"UNVERIFIED"}	preliminary|cd0f8c21fe65d9b4a8	ebay|wrv874|v1|188535509600|0	https://i.ebayimg.com/images/g/c~8AAeSwlv5qNeWo/s-l225.jpg	'	FALSE	FALSE	FALSE	FALSE	{}	'	'	'	'	'	'	'	'	'	'	UNASSESSED	[]	25		'	'	'	'	'	'	'	'	'	'	'	'	'	'	'	'	INSUFFICIENT	'	'	'	'	'	'	'	'	'	'	'	'	'	'	'	'	MANUAL REVIEW / UNPRICED	FALSE	FALSE	["identity_unverified","exact_comps_missing","full_costs_unknown","owned_copy_check_missing"]	{"ep":["wnba"],"q":["wnba.sonia-citron.broad-professional-rookies"],"id":"v1|188535509600|0"}
cand-s4-ebay-a7178d348fd159db0a	dh-20260730T170046Z-7d4c2a91	4	2026-07-30T17:05:44.524826+00:00	WNBA / broad_professional_rookies	Dominique Malonga	professional_wnba_rookie_card	eBay	cardhunters101	'	v1|188591157737|0	https://www.ebay.com/itm/188591157737	LIVE	2025 Panini Prizm WNBA #SG-DM Dominique Malonga Signatures Tie-Dye /25	{"q":["wnba.dominique-malonga.broad-professional-rookies"],"s":"DISCOVERY_SCOPE_PASS"}	{"status":"UNVERIFIED"}	preliminary|a7178d348fd159db0a	ebay|cardhunters101|v1|188591157737|0	https://i.ebayimg.com/images/g/LHsAAeSwIDZqRsV0/s-l225.jpg	'	FALSE	FALSE	FALSE	FALSE	{}	'	'	'	'	'	'	'	'	'	'	UNASSESSED	[]	250	10	'	'	'	'	'	'	'	'	'	'	'	'	'	'	'	'	INSUFFICIENT	'	'	'	'	'	'	'	'	'	'	'	'	'	'	'	'	MANUAL REVIEW / UNPRICED	FALSE	FALSE	["identity_unverified","exact_comps_missing","full_costs_unknown","owned_copy_check_missing"]	{"ep":["wnba"],"q":["wnba.dominique-malonga.broad-professional-rookies"],"id":"v1|188591157737|0"}
cand-s4-ebay-11476defce60d6c487	dh-20260730T170046Z-7d4c2a91	4	2026-07-30T17:05:44.524826+00:00	WNBA / broad_professional_rookies	Sonia Citron	professional_wnba_rookie_card	eBay	aviiicollectibles	'	v1|188635306497|0	https://www.ebay.com/itm/188635306497	LIVE	Sonia Citron | 2025 Panini Select 4-Card Rookie Lot | All Parallels | Mystics ⭐️	{"q":["wnba.sonia-citron.broad-professional-rookies"],"s":"IMAGE_OR_IDENTITY_REVIEW_REQUIRED"}	{"status":"UNVERIFIED"}	preliminary|11476defce60d6c487	ebay|aviiicollectibles|v1|188635306497|0	https://i.ebayimg.com/images/g/aRsAAeSwBFtqVSsg/s-l225.jpg	'	FALSE	FALSE	FALSE	FALSE	{}	'	'	'	'	'	'	'	'	'	'	UNASSESSED	["tier_not_proven_from_title_image_review_required"]	79.99	0	'	'	'	'	'	'	'	'	'	'	'	'	'	'	'	'	INSUFFICIENT	'	'	'	'	'	'	'	'	'	'	'	'	'	'	'	'	MANUAL REVIEW / UNPRICED	FALSE	FALSE	["identity_unverified","exact_comps_missing","full_costs_unknown","owned_copy_check_missing","tier_not_proven_from_title_image_review_required"]	{"ep":["wnba"],"q":["wnba.sonia-citron.broad-professional-rookies"],"id":"v1|188635306497|0"}
cand-s4-ebay-9f7e89e39383e7c8f6	dh-20260730T170046Z-7d4c2a91	4	2026-07-30T17:05:44.524826+00:00	WNBA / autograph_memorabilia	Sonia Citron	professional_wnba_rookie_autograph_memorabilia	eBay	cards704	'	v1|188655205914|0	https://www.ebay.com/itm/188655205914	LIVE	2025 Panini One & One WNBA Sonia Citron RC Rookie Jersey Purple Auto /25 #RJA-SC	{"q":["wnba.sonia-citron.autograph-memorabilia"],"s":"DISCOVERY_SCOPE_PASS"}	{"status":"UNVERIFIED"}	preliminary|9f7e89e39383e7c8f6	ebay|cards704|v1|188655205914|0	https://i.ebayimg.com/images/g/5BUAAeSwrOpqObSL/s-l225.jpg	'	FALSE	FALSE	FALSE	FALSE	{}	'	'	'	'	'	'	'	'	'	'	UNASSESSED	[]	467.5	6	'	'	'	'	'	'	'	'	'	'	'	'	'	'	'	'	INSUFFICIENT	'	'	'	'	'	'	'	'	'	'	'	'	'	'	'	'	MANUAL REVIEW / UNPRICED	FALSE	FALSE	["identity_unverified","exact_comps_missing","full_costs_unknown","owned_copy_check_missing"]	{"ep":["wnba"],"q":["wnba.sonia-citron.autograph-memorabilia"],"id":"v1|188655205914|0"}
cand-s4-ebay-426dcbbaa73258eb67	dh-20260730T170046Z-7d4c2a91	4	2026-07-30T17:05:44.524826+00:00	WNBA / broad_professional_rookies	Dominique Malonga	professional_wnba_rookie_card	eBay	johnb_cards_and_things	'	v1|188681256240|0	https://www.ebay.com/itm/188681256240	LIVE	Dominique Malonga 2025 Panini Select WNBA #60 Rookie Seattle Storm	{"q":["wnba.dominique-malonga.broad-professional-rookies"],"s":"IMAGE_OR_IDENTITY_REVIEW_REQUIRED"}	{"status":"UNVERIFIED"}	preliminary|426dcbbaa73258eb67	ebay|johnb_cards_and_things|v1|188681256240|0	https://i.ebayimg.com/images/g/4OAAAeSw1ihqYOZg/s-l225.jpg	'	FALSE	FALSE	FALSE	FALSE	{}	'	'	'	'	'	'	'	'	'	'	UNASSESSED	["tier_not_proven_from_title_image_review_required"]	1.79	0	'	'	'	'	'	'	'	'	'	'	'	'	'	'	'	'	INSUFFICIENT	'	'	'	'	'	'	'	'	'	'	'	'	'	'	'	'	MANUAL REVIEW / UNPRICED	FALSE	FALSE	["identity_unverified","exact_comps_missing","full_costs_unknown","owned_copy_check_missing","tier_not_proven_from_title_image_review_required"]	{"ep":["wnba"],"q":["wnba.dominique-malonga.broad-professional-rookies"],"id":"v1|188681256240|0"}
cand-s4-ebay-9e637d41e389114bf8	dh-20260730T170046Z-7d4c2a91	4	2026-07-30T17:05:44.524826+00:00	WNBA / broad_professional_rookies	Dominique Malonga	professional_wnba_rookie_card	eBay	magglestreasures	'	v1|188708339195|0	https://www.ebay.com/itm/188708339195	LIVE	2025 Panini Select WNBA #60 Dominique Malonga Rookie Seattle Storm	{"q":["wnba.dominique-malonga.broad-professional-rookies"],"s":"IMAGE_OR_IDENTITY_REVIEW_REQUIRED"}	{"status":"UNVERIFIED"}	preliminary|9e637d41e389114bf8	ebay|magglestreasures|v1|188708339195|0	'	'	FALSE	FALSE	FALSE	FALSE	{}	'	'	'	'	'	'	'	'	'	'	UNASSESSED	["tier_not_proven_from_title_image_review_required"]	2	0	'	'	'	'	'	'	'	'	'	'	'	'	'	'	'	'	INSUFFICIENT	'	'	'	'	'	'	'	'	'	'	'	'	'	'	'	'	MANUAL REVIEW / UNPRICED	FALSE	FALSE	["identity_unverified","exact_comps_missing","full_costs_unknown","owned_copy_check_missing","tier_not_proven_from_title_image_review_required"]	{"ep":["wnba"],"q":["wnba.dominique-malonga.broad-professional-rookies"],"id":"v1|188708339195|0"}
cand-s4-ebay-07ada3ad32caa563a8	dh-20260730T170046Z-7d4c2a91	4	2026-07-30T17:05:44.524826+00:00	WNBA / broad_professional_rookies	Kiki Iriafen	professional_wnba_rookie_card	eBay	bjbsportscards	'	v1|198136694577|0	https://www.ebay.com/itm/198136694577	LIVE	2025 WNBA Prizm Kiki Iriafen Groovy Rookie Insert #15 Washington Mystics	{"q":["wnba.kiki-iriafen.broad-professional-rookies"],"s":"DISCOVERY_SCOPE_PASS"}	{"status":"UNVERIFIED"}	preliminary|07ada3ad32caa563a8	ebay|bjbsportscards|v1|198136694577|0	https://i.ebayimg.com/images/g/RI0AAeSwS2dpn36H/s-l225.jpg	'	FALSE	FALSE	FALSE	FALSE	{}	'	'	'	'	'	'	'	'	'	'	UNASSESSED	[]	1		'	'	'	'	'	'	'	'	'	'	'	'	'	'	'	'	INSUFFICIENT	'	'	'	'	'	'	'	'	'	'	'	'	'	'	'	'	MANUAL REVIEW / UNPRICED	FALSE	FALSE	["identity_unverified","exact_comps_missing","full_costs_unknown","owned_copy_check_missing"]	{"ep":["wnba"],"q":["wnba.kiki-iriafen.broad-professional-rookies"],"id":"v1|198136694577|0"}
cand-s4-ebay-6f2d17c3ca0dff7b40	dh-20260730T170046Z-7d4c2a91	4	2026-07-30T17:05:44.524826+00:00	WNBA / autograph_memorabilia	Sonia Citron	professional_wnba_rookie_autograph_memorabilia	eBay	chgrif0	'	v1|198438146894|0	https://www.ebay.com/itm/198438146894	LIVE	2025 Panini WNBA Flawless SONIA CITRON ROOKIE PATCH AUTO EMERALD 1/5 Mystics 🔥	{"q":["wnba.sonia-citron.autograph-memorabilia"],"s":"DISCOVERY_SCOPE_PASS"}	{"status":"UNVERIFIED"}	preliminary|6f2d17c3ca0dff7b40	ebay|chgrif0|v1|198438146894|0	https://i.ebayimg.com/images/g/c4MAAeSwMHJqNKRe/s-l225.jpg	'	FALSE	FALSE	FALSE	FALSE	{}	'	'	'	'	'	'	'	'	'	'	UNASSESSED	[]	3999.99	0	'	'	'	'	'	'	'	'	'	'	'	'	'	'	'	'	INSUFFICIENT	'	'	'	'	'	'	'	'	'	'	'	'	'	'	'	'	MANUAL REVIEW / UNPRICED	FALSE	FALSE	["identity_unverified","exact_comps_missing","full_costs_unknown","owned_copy_check_missing"]	{"ep":["wnba"],"q":["wnba.sonia-citron.autograph-memorabilia"],"id":"v1|198438146894|0"}
cand-s4-ebay-791e696e1440d445e0	dh-20260730T170046Z-7d4c2a91	4	2026-07-30T17:05:44.524826+00:00	WNBA / broad_professional_rookies	Kiki Iriafen	professional_wnba_rookie_card	eBay	veteran-owned-sold-sportcards	'	v1|198460944538|0	https://www.ebay.com/itm/198460944538	LIVE	2025 Donruss WNBA Rated Rookie Kiki Iriafen Auto Black Gold Lazer Gem 9 POP1	{"q":["wnba.kiki-iriafen.broad-professional-rookies"],"s":"DISCOVERY_SCOPE_PASS"}	{"status":"UNVERIFIED"}	preliminary|791e696e1440d445e0	ebay|veteran-owned-sold-sportcards|v1|198460944538|0	https://i.ebayimg.com/images/g/DGcAAeSwWtdqQccA/s-l225.jpg	'	FALSE	FALSE	FALSE	FALSE	{}	'	'	'	'	'	'	'	'	'	'	UNASSESSED	[]	299.99	7	'	'	'	'	'	'	'	'	'	'	'	'	'	'	'	'	INSUFFICIENT	'	'	'	'	'	'	'	'	'	'	'	'	'	'	'	'	MANUAL REVIEW / UNPRICED	FALSE	FALSE	["identity_unverified","exact_comps_missing","full_costs_unknown","owned_copy_check_missing"]	{"ep":["wnba"],"q":["wnba.kiki-iriafen.broad-professional-rookies"],"id":"v1|198460944538|0"}
cand-s4-ebay-df964ad89763d448d7	dh-20260730T170046Z-7d4c2a91	4	2026-07-30T17:05:44.524826+00:00	WNBA / broad_professional_rookies	Dominique Malonga	professional_wnba_rookie_card	eBay	j4avalos	'	v1|198507885606|0	https://www.ebay.com/itm/198507885606	LIVE	2025 WNBA National Treasures Dominique Malonga Bronze RPA /49 Seattle Storm	{"q":["wnba.dominique-malonga.broad-professional-rookies"],"s":"DISCOVERY_SCOPE_PASS"}	{"status":"UNVERIFIED"}	preliminary|df964ad89763d448d7	ebay|j4avalos|v1|198507885606|0	https://i.ebayimg.com/images/g/Fc8AAeSwXRFqXDxl/s-l225.jpg	'	FALSE	FALSE	FALSE	FALSE	{}	'	'	'	'	'	'	'	'	'	'	UNASSESSED	[]	500		'	'	'	'	'	'	'	'	'	'	'	'	'	'	'	'	INSUFFICIENT	'	'	'	'	'	'	'	'	'	'	'	'	'	'	'	'	MANUAL REVIEW / UNPRICED	FALSE	FALSE	["identity_unverified","exact_comps_missing","full_costs_unknown","owned_copy_check_missing"]	{"ep":["wnba"],"q":["wnba.dominique-malonga.broad-professional-rookies"],"id":"v1|198507885606|0"}
cand-s4-ebay-267f0efcd313e9882d	dh-20260730T170046Z-7d4c2a91	4	2026-07-30T17:05:44.524826+00:00	WNBA / broad_professional_rookies	Dominique Malonga	professional_wnba_rookie_card	eBay	seattlecentersports	'	v1|198514583793|0	https://www.ebay.com/itm/198514583793	LIVE	Dominique Malonga Signed 2025 Panini Prizm WNBA Red Prizm /299 PSA 9/10 POP 1	{"q":["wnba.dominique-malonga.broad-professional-rookies"],"s":"DISCOVERY_SCOPE_PASS"}	{"status":"UNVERIFIED"}	preliminary|267f0efcd313e9882d	ebay|seattlecentersports|v1|198514583793|0	https://i.ebayimg.com/images/g/OngAAeSw2S9qX9-E/s-l225.jpg	'	FALSE	FALSE	FALSE	FALSE	{}	'	'	'	'	'	'	'	'	'	'	UNASSESSED	[]	749.99	10	'	'	'	'	'	'	'	'	'	'	'	'	'	'	'	'	INSUFFICIENT	'	'	'	'	'	'	'	'	'	'	'	'	'	'	'	'	MANUAL REVIEW / UNPRICED	FALSE	FALSE	["identity_unverified","exact_comps_missing","full_costs_unknown","owned_copy_check_missing"]	{"ep":["wnba"],"q":["wnba.dominique-malonga.broad-professional-rookies"],"id":"v1|198514583793|0"}
cand-s4-ebay-501a6d0fd28fa804aa	dh-20260730T170046Z-7d4c2a91	4	2026-07-30T17:05:44.524826+00:00	WNBA / autograph_memorabilia	Paige Bueckers	professional_wnba_rookie_autograph_memorabilia	eBay	bigtimesportscard	'	v1|198517292985|0	https://www.ebay.com/itm/198517292985	LIVE	2025 Panini WNBA National Treasures Paige Bueckers True Rookie Patch Auto /99	{"q":["wnba.paige-bueckers.autograph-memorabilia"],"s":"DISCOVERY_SCOPE_PASS"}	{"status":"UNVERIFIED"}	preliminary|501a6d0fd28fa804aa	ebay|bigtimesportscard|v1|198517292985|0	https://i.ebayimg.com/images/g/mXYAAeSwkE1qYXPU/s-l225.jpg	'	FALSE	FALSE	FALSE	FALSE	{}	'	'	'	'	'	'	'	'	'	'	UNASSESSED	[]	4500		'	'	'	'	'	'	'	'	'	'	'	'	'	'	'	'	INSUFFICIENT	'	'	'	'	'	'	'	'	'	'	'	'	'	'	'	'	MANUAL REVIEW / UNPRICED	FALSE	FALSE	["identity_unverified","exact_comps_missing","full_costs_unknown","owned_copy_check_missing"]	{"ep":["wnba"],"q":["wnba.paige-bueckers.autograph-memorabilia"],"id":"v1|198517292985|0"}
cand-s4-ebay-5d034cbd3e9d4bed89	dh-20260730T170046Z-7d4c2a91	4	2026-07-30T17:05:44.524826+00:00	WNBA / broad_professional_rookies	Caitlin Clark	professional_wnba_rookie_card	eBay	nolifesportcards	'	v1|198532348250|0	https://www.ebay.com/itm/198532348250	LIVE	2024 Panini WNBA Prizm CAITLIN CLARK Cracked Ice Prizm Rookie RC Indiana Fever	{"q":["wnba.caitlin-clark.broad-professional-rookies"],"s":"DISCOVERY_SCOPE_PASS"}	{"status":"UNVERIFIED"}	preliminary|5d034cbd3e9d4bed89	ebay|nolifesportcards|v1|198532348250|0	https://i.ebayimg.com/images/g/V6AAAeSwsHRqZrwZ/s-l225.jpg	'	FALSE	FALSE	FALSE	FALSE	{}	'	'	'	'	'	'	'	'	'	'	UNASSESSED	[]	65		'	'	'	'	'	'	'	'	'	'	'	'	'	'	'	'	INSUFFICIENT	'	'	'	'	'	'	'	'	'	'	'	'	'	'	'	'	MANUAL REVIEW / UNPRICED	FALSE	FALSE	["identity_unverified","exact_comps_missing","full_costs_unknown","owned_copy_check_missing"]	{"ep":["wnba"],"q":["wnba.caitlin-clark.broad-professional-rookies"],"id":"v1|198532348250|0"}
cand-s4-ebay-b7596fc96ae92dfa89	dh-20260730T170046Z-7d4c2a91	4	2026-07-30T17:05:44.524826+00:00	WNBA / autograph_memorabilia	Caitlin Clark	professional_wnba_rookie_autograph_memorabilia	eBay	glittergraphs	'	v1|205860762241|0	https://www.ebay.com/itm/205860762241	LIVE	CAITLIN CLARK SIGNED 2024 ORIGINS WNBA ROOKIE ART NOUVEAU PATCH RC PSA AUTO	{"q":["wnba.caitlin-clark.autograph-memorabilia"],"s":"DISCOVERY_SCOPE_PASS"}	{"status":"UNVERIFIED"}	preliminary|b7596fc96ae92dfa89	ebay|glittergraphs|v1|205860762241|0	https://i.ebayimg.com/images/g/ur8AAeSwcEtpHpOa/s-l225.jpg	'	FALSE	FALSE	FALSE	FALSE	{}	'	'	'	'	'	'	'	'	'	'	UNASSESSED	[]	3599.99	0	'	'	'	'	'	'	'	'	'	'	'	'	'	'	'	'	INSUFFICIENT	'	'	'	'	'	'	'	'	'	'	'	'	'	'	'	'	MANUAL REVIEW / UNPRICED	FALSE	FALSE	["identity_unverified","exact_comps_missing","full_costs_unknown","owned_copy_check_missing"]	{"ep":["wnba"],"q":["wnba.caitlin-clark.autograph-memorabilia"],"id":"v1|205860762241|0"}
cand-s4-ebay-dfe9334b8622c16ebb	dh-20260730T170046Z-7d4c2a91	4	2026-07-30T17:05:44.524826+00:00	WNBA / broad_professional_rookies	Paige Bueckers	professional_wnba_rookie_card	eBay	bocasportscards	'	v1|227405196779|0	https://www.ebay.com/itm/227405196779	LIVE	IN Hand PAIGE BUECKERS AZZI FUDD 2026 Panini Instant #21 Dallas Wings Rookie RC	{"q":["wnba.paige-bueckers.broad-professional-rookies"],"s":"IMAGE_OR_IDENTITY_REVIEW_REQUIRED"}	{"status":"UNVERIFIED"}	preliminary|dfe9334b8622c16ebb	ebay|bocasportscards|v1|227405196779|0	https://i.ebayimg.com/images/g/~ZAAAeSwUCdqPwE1/s-l225.jpg	'	FALSE	FALSE	FALSE	FALSE	{}	'	'	'	'	'	'	'	'	'	'	UNASSESSED	["tier_not_proven_from_title_image_review_required"]	9.94	0	'	'	'	'	'	'	'	'	'	'	'	'	'	'	'	'	INSUFFICIENT	'	'	'	'	'	'	'	'	'	'	'	'	'	'	'	'	MANUAL REVIEW / UNPRICED	FALSE	FALSE	["identity_unverified","exact_comps_missing","full_costs_unknown","owned_copy_check_missing","tier_not_proven_from_title_image_review_required"]	{"ep":["wnba"],"q":["wnba.paige-bueckers.broad-professional-rookies"],"id":"v1|227405196779|0"}
cand-s4-ebay-7680f8c09258eac0ab	dh-20260730T170046Z-7d4c2a91	4	2026-07-30T17:05:44.524826+00:00	WNBA / broad_professional_rookies	Sonia Citron	professional_wnba_rookie_card	eBay	kathwel_0	'	v1|227451805160|0	https://www.ebay.com/itm/227451805160	LIVE	Sonia Citron Rookie 2025 Panini Green Prizm #122 WNBA Washington Mystics RC	{"q":["wnba.sonia-citron.broad-professional-rookies"],"s":"DISCOVERY_SCOPE_PASS"}	{"status":"UNVERIFIED"}	preliminary|7680f8c09258eac0ab	ebay|kathwel_0|v1|227451805160|0	https://i.ebayimg.com/images/g/wkAAAeSwYrtqaIkF/s-l225.jpg	'	FALSE	FALSE	FALSE	FALSE	{}	'	'	'	'	'	'	'	'	'	'	UNASSESSED	[]	3	1.07	'	'	'	'	'	'	'	'	'	'	'	'	'	'	'	'	INSUFFICIENT	'	'	'	'	'	'	'	'	'	'	'	'	'	'	'	'	MANUAL REVIEW / UNPRICED	FALSE	FALSE	["identity_unverified","exact_comps_missing","full_costs_unknown","owned_copy_check_missing"]	{"ep":["wnba"],"q":["wnba.sonia-citron.broad-professional-rookies"],"id":"v1|227451805160|0"}
cand-s4-ebay-08ca2b5e55a75b3187	dh-20260730T170046Z-7d4c2a91	4	2026-07-30T17:05:44.524826+00:00	WNBA / broad_professional_rookies	Paige Bueckers	professional_wnba_rookie_card	eBay	rhythm777	'	v1|227452841269|0	https://www.ebay.com/itm/227452841269	LIVE	2025 Panini Prizm WNBA Paige Bueckers Fireworks Green Rookie Dallas Wings (RC)	{"q":["wnba.paige-bueckers.broad-professional-rookies"],"s":"DISCOVERY_SCOPE_PASS"}	{"status":"UNVERIFIED"}	preliminary|08ca2b5e55a75b3187	ebay|rhythm777|v1|227452841269|0	https://i.ebayimg.com/images/g/eT8AAeSwlYhqaXKZ/s-l225.jpg	'	FALSE	FALSE	FALSE	FALSE	{}	'	'	'	'	'	'	'	'	'	'	UNASSESSED	[]	14.88		'	'	'	'	'	'	'	'	'	'	'	'	'	'	'	'	INSUFFICIENT	'	'	'	'	'	'	'	'	'	'	'	'	'	'	'	'	MANUAL REVIEW / UNPRICED	FALSE	FALSE	["identity_unverified","exact_comps_missing","full_costs_unknown","owned_copy_check_missing"]	{"ep":["wnba"],"q":["wnba.paige-bueckers.broad-professional-rookies"],"id":"v1|227452841269|0"}
cand-s4-ebay-64435f6ade6c82f220	dh-20260730T170046Z-7d4c2a91	4	2026-07-30T17:05:44.524826+00:00	WNBA / broad_professional_rookies	Kiki Iriafen	professional_wnba_rookie_card	eBay	jschn372	'	v1|236912428308|0	https://www.ebay.com/itm/236912428308	LIVE	2025 Panini Prizm WNBA #72 Kiki Iriafen RC Silver Prizm Washington Mystics	{"q":["wnba.kiki-iriafen.broad-professional-rookies"],"s":"DISCOVERY_SCOPE_PASS"}	{"status":"UNVERIFIED"}	preliminary|64435f6ade6c82f220	ebay|jschn372|v1|236912428308|0	https://i.ebayimg.com/images/g/hTwAAeSwRQtqRo6E/s-l225.jpg	'	FALSE	FALSE	FALSE	FALSE	{}	'	'	'	'	'	'	'	'	'	'	UNASSESSED	[]	1.99		'	'	'	'	'	'	'	'	'	'	'	'	'	'	'	'	INSUFFICIENT	'	'	'	'	'	'	'	'	'	'	'	'	'	'	'	'	MANUAL REVIEW / UNPRICED	FALSE	FALSE	["identity_unverified","exact_comps_missing","full_costs_unknown","owned_copy_check_missing"]	{"ep":["wnba"],"q":["wnba.kiki-iriafen.broad-professional-rookies"],"id":"v1|236912428308|0"}
cand-s4-ebay-c3b6e71b1ee508052a	dh-20260730T170046Z-7d4c2a91	4	2026-07-30T17:05:44.524826+00:00	WNBA / autograph_memorabilia	Sonia Citron	professional_wnba_rookie_autograph_memorabilia	eBay	harveyiscool	'	v1|236958697224|0	https://www.ebay.com/itm/236958697224	LIVE	Sonia Citron 2025 Panini WNBA Crown Royale Silhouette RPA RC Patch Auto 01/99!	{"q":["wnba.sonia-citron.autograph-memorabilia"],"s":"DISCOVERY_SCOPE_PASS"}	{"status":"UNVERIFIED"}	preliminary|c3b6e71b1ee508052a	ebay|harveyiscool|v1|236958697224|0	https://i.ebayimg.com/images/g/HDIAAeSwMndqYmZ9/s-l225.jpg	'	FALSE	FALSE	FALSE	FALSE	{}	'	'	'	'	'	'	'	'	'	'	UNASSESSED	[]	249.99	5.99	'	'	'	'	'	'	'	'	'	'	'	'	'	'	'	'	INSUFFICIENT	'	'	'	'	'	'	'	'	'	'	'	'	'	'	'	'	MANUAL REVIEW / UNPRICED	FALSE	FALSE	["identity_unverified","exact_comps_missing","full_costs_unknown","owned_copy_check_missing"]	{"ep":["wnba"],"q":["wnba.sonia-citron.autograph-memorabilia"],"id":"v1|236958697224|0"}
cand-s4-ebay-8b322d694b4ad4b785	dh-20260730T170046Z-7d4c2a91	4	2026-07-30T17:05:44.524826+00:00	WNBA / autograph_memorabilia	Sonia Citron	professional_wnba_rookie_autograph_memorabilia	eBay	harveyiscool	'	v1|236958702247|0	https://www.ebay.com/itm/236958702247	LIVE	Sonia Citron 2025 Panini WNBA Crown Royale Silhouette Gold RPA RC Patch Auto /10	{"q":["wnba.sonia-citron.autograph-memorabilia"],"s":"DISCOVERY_SCOPE_PASS"}	{"status":"UNVERIFIED"}	preliminary|8b322d694b4ad4b785	ebay|harveyiscool|v1|236958702247|0	https://i.ebayimg.com/images/g/L0sAAeSwB-dqYmev/s-l225.jpg	'	FALSE	FALSE	FALSE	FALSE	{}	'	'	'	'	'	'	'	'	'	'	UNASSESSED	[]	1999	0	'	'	'	'	'	'	'	'	'	'	'	'	'	'	'	'	INSUFFICIENT	'	'	'	'	'	'	'	'	'	'	'	'	'	'	'	'	MANUAL REVIEW / UNPRICED	FALSE	FALSE	["identity_unverified","exact_comps_missing","full_costs_unknown","owned_copy_check_missing"]	{"ep":["wnba"],"q":["wnba.sonia-citron.autograph-memorabilia"],"id":"v1|236958702247|0"}
cand-s4-ebay-4bf2cdef984555ee8f	dh-20260730T170046Z-7d4c2a91	4	2026-07-30T17:05:44.524826+00:00	WNBA / broad_professional_rookies	Dominique Malonga	professional_wnba_rookie_card	eBay	chippr10jones	'	v1|236965365380|0	https://www.ebay.com/itm/236965365380	LIVE	2025 Panini Prizm WNBA - Dominique Malonga #8 - Groovy Seattle Storm	{"q":["wnba.dominique-malonga.broad-professional-rookies"],"s":"DISCOVERY_SCOPE_PASS"}	{"status":"UNVERIFIED"}	preliminary|4bf2cdef984555ee8f	ebay|chippr10jones|v1|236965365380|0	https://i.ebayimg.com/images/g/H90AAeSwe41qZtUZ/s-l225.jpg	'	FALSE	FALSE	FALSE	FALSE	{}	'	'	'	'	'	'	'	'	'	'	UNASSESSED	[]	1.12	1.25	'	'	'	'	'	'	'	'	'	'	'	'	'	'	'	'	INSUFFICIENT	'	'	'	'	'	'	'	'	'	'	'	'	'	'	'	'	MANUAL REVIEW / UNPRICED	FALSE	FALSE	["identity_unverified","exact_comps_missing","full_costs_unknown","owned_copy_check_missing"]	{"ep":["wnba"],"q":["wnba.dominique-malonga.broad-professional-rookies"],"id":"v1|236965365380|0"}
cand-s4-ebay-9821e64afaca2963b6	dh-20260730T170046Z-7d4c2a91	4	2026-07-30T17:05:44.524826+00:00	WNBA / broad_professional_rookies	Sonia Citron	professional_wnba_rookie_card	eBay	chippr10jones	'	v1|236966580289|0	https://www.ebay.com/itm/236966580289	LIVE	2025 Panini Prizm WNBA - Sonia Citron #13 - Groovy Green Washington Mystics	{"q":["wnba.sonia-citron.broad-professional-rookies"],"s":"DISCOVERY_SCOPE_PASS"}	{"status":"UNVERIFIED"}	preliminary|9821e64afaca2963b6	ebay|chippr10jones|v1|236966580289|0	https://i.ebayimg.com/images/g/waYAAeSwZB9qZ4Lr/s-l225.jpg	'	FALSE	FALSE	FALSE	FALSE	{}	'	'	'	'	'	'	'	'	'	'	UNASSESSED	[]	7.99	1.25	'	'	'	'	'	'	'	'	'	'	'	'	'	'	'	'	INSUFFICIENT	'	'	'	'	'	'	'	'	'	'	'	'	'	'	'	'	MANUAL REVIEW / UNPRICED	FALSE	FALSE	["identity_unverified","exact_comps_missing","full_costs_unknown","owned_copy_check_missing"]	{"ep":["wnba"],"q":["wnba.sonia-citron.broad-professional-rookies"],"id":"v1|236966580289|0"}
cand-s4-ebay-881adaccedb81916e3	dh-20260730T170046Z-7d4c2a91	4	2026-07-30T17:05:44.524826+00:00	WNBA / autograph_memorabilia	Kiki Iriafen	professional_wnba_rookie_autograph_memorabilia	eBay	portellan	'	v1|257355201658|0	https://www.ebay.com/itm/257355201658	LIVE	2025 Impeccable WNBA Kiki Iriafen Elegance RPA RC Rookie Patch On Card Auto /99	{"q":["wnba.kiki-iriafen.autograph-memorabilia"],"s":"DISCOVERY_SCOPE_PASS"}	{"status":"UNVERIFIED"}	preliminary|881adaccedb81916e3	ebay|portellan|v1|257355201658|0	https://i.ebayimg.com/images/g/g~EAAeSw7l5pjF7I/s-l225.jpg	'	FALSE	FALSE	FALSE	FALSE	{}	'	'	'	'	'	'	'	'	'	'	UNASSESSED	[]	180		'	'	'	'	'	'	'	'	'	'	'	'	'	'	'	'	INSUFFICIENT	'	'	'	'	'	'	'	'	'	'	'	'	'	'	'	'	MANUAL REVIEW / UNPRICED	FALSE	FALSE	["identity_unverified","exact_comps_missing","full_costs_unknown","owned_copy_check_missing"]	{"ep":["wnba"],"q":["wnba.kiki-iriafen.autograph-memorabilia"],"id":"v1|257355201658|0"}
cand-s4-ebay-781bc9c8c20b570477	dh-20260730T170046Z-7d4c2a91	4	2026-07-30T17:05:44.524826+00:00	WNBA / broad_professional_rookies	Kiki Iriafen	professional_wnba_rookie_card	eBay	bluecollartradingpost	'	v1|257609013986|0	https://www.ebay.com/itm/257609013986	LIVE	2025 Panini Prizm WNBA Kiki Iriafen Rookie #149 Ice Prizms Washington Mystics	{"q":["wnba.kiki-iriafen.broad-professional-rookies"],"s":"DISCOVERY_SCOPE_PASS"}	{"status":"UNVERIFIED"}	preliminary|781bc9c8c20b570477	ebay|bluecollartradingpost|v1|257609013986|0	https://i.ebayimg.com/images/g/ftAAAeSwih1qTBUn/s-l225.jpg	'	FALSE	FALSE	FALSE	FALSE	{}	'	'	'	'	'	'	'	'	'	'	UNASSESSED	[]	2.98	0	'	'	'	'	'	'	'	'	'	'	'	'	'	'	'	'	INSUFFICIENT	'	'	'	'	'	'	'	'	'	'	'	'	'	'	'	'	MANUAL REVIEW / UNPRICED	FALSE	FALSE	["identity_unverified","exact_comps_missing","full_costs_unknown","owned_copy_check_missing"]	{"ep":["wnba"],"q":["wnba.kiki-iriafen.broad-professional-rookies"],"id":"v1|257609013986|0"}
cand-s4-ebay-d2ebc81b9dd92c0a11	dh-20260730T170046Z-7d4c2a91	4	2026-07-30T17:05:44.524826+00:00	WNBA / broad_professional_rookies	Kiki Iriafen	professional_wnba_rookie_card	eBay	jsomm003	'	v1|257615520972|0	https://www.ebay.com/itm/257615520972	LIVE	2025 Panini WNBA Prizm Kiki Iriafen RC Cherry Blossom FOTL Rookie #/20 Mystics	{"q":["wnba.kiki-iriafen.broad-professional-rookies"],"s":"DISCOVERY_SCOPE_PASS"}	{"status":"UNVERIFIED"}	preliminary|d2ebc81b9dd92c0a11	ebay|jsomm003|v1|257615520972|0	https://i.ebayimg.com/images/g/ntIAAeSwK8xqUF0p/s-l225.jpg	'	FALSE	FALSE	FALSE	FALSE	{}	'	'	'	'	'	'	'	'	'	'	UNASSESSED	[]	250		'	'	'	'	'	'	'	'	'	'	'	'	'	'	'	'	INSUFFICIENT	'	'	'	'	'	'	'	'	'	'	'	'	'	'	'	'	MANUAL REVIEW / UNPRICED	FALSE	FALSE	["identity_unverified","exact_comps_missing","full_costs_unknown","owned_copy_check_missing"]	{"ep":["wnba"],"q":["wnba.kiki-iriafen.broad-professional-rookies"],"id":"v1|257615520972|0"}
cand-s4-ebay-0a38b1943cfb526587	dh-20260730T170046Z-7d4c2a91	4	2026-07-30T17:05:44.524826+00:00	WNBA / broad_professional_rookies	Sonia Citron	professional_wnba_rookie_card	eBay	ryabrow-86	'	v1|257646166849|0	https://www.ebay.com/itm/257646166849	LIVE	2025 Panini Donruss WNBA Sonia Citron Rated Rookie Holo Frame Auto PSA 10/10	{"q":["wnba.sonia-citron.broad-professional-rookies"],"s":"DISCOVERY_SCOPE_PASS"}	{"status":"UNVERIFIED"}	preliminary|0a38b1943cfb526587	ebay|ryabrow-86|v1|257646166849|0	https://i.ebayimg.com/images/g/2-AAAeSwMndqaAIU/s-l225.jpg	'	FALSE	FALSE	FALSE	FALSE	{}	'	'	'	'	'	'	'	'	'	'	UNASSESSED	[]	500		'	'	'	'	'	'	'	'	'	'	'	'	'	'	'	'	INSUFFICIENT	'	'	'	'	'	'	'	'	'	'	'	'	'	'	'	'	MANUAL REVIEW / UNPRICED	FALSE	FALSE	["identity_unverified","exact_comps_missing","full_costs_unknown","owned_copy_check_missing"]	{"ep":["wnba"],"q":["wnba.sonia-citron.broad-professional-rookies"],"id":"v1|257646166849|0"}
cand-s4-ebay-4a51186b99a0963684	dh-20260730T170046Z-7d4c2a91	4	2026-07-30T17:05:44.524826+00:00	WNBA / broad_professional_rookies	Caitlin Clark	professional_wnba_rookie_card	eBay	shophofsm	'	v1|267250610946|0	https://www.ebay.com/itm/267250610946	LIVE	Caitlin Clark #02 Rookie Card Bundle Funko POP! WNBA: Indiana Fever with Case	{"q":["wnba.caitlin-clark.broad-professional-rookies"],"s":"IMAGE_OR_IDENTITY_REVIEW_REQUIRED"}	{"status":"UNVERIFIED"}	preliminary|4a51186b99a0963684	ebay|shophofsm|v1|267250610946|0	https://i.ebayimg.com/images/g/I2cAAOSwkg1oJN7U/s-l225.jpg	'	FALSE	FALSE	FALSE	FALSE	{}	'	'	'	'	'	'	'	'	'	'	UNASSESSED	["tier_not_proven_from_title_image_review_required"]	39.99	0	'	'	'	'	'	'	'	'	'	'	'	'	'	'	'	'	INSUFFICIENT	'	'	'	'	'	'	'	'	'	'	'	'	'	'	'	'	MANUAL REVIEW / UNPRICED	FALSE	FALSE	["identity_unverified","exact_comps_missing","full_costs_unknown","owned_copy_check_missing","tier_not_proven_from_title_image_review_required"]	{"ep":["wnba"],"q":["wnba.caitlin-clark.broad-professional-rookies"],"id":"v1|267250610946|0"}
cand-s4-ebay-48fda6694f13e2912d	dh-20260730T170046Z-7d4c2a91	4	2026-07-30T17:05:44.524826+00:00	WNBA / broad_professional_rookies	Sonia Citron	professional_wnba_rookie_card	eBay	e_comicsandcards_724	'	v1|267730741629|0	https://www.ebay.com/itm/267730741629	LIVE	Sonia Citron 2025-26 Rookie Card Lot (6) - Studio Stars  /424, Orange Laser /199	{"q":["wnba.sonia-citron.broad-professional-rookies"],"s":"DISCOVERY_SCOPE_PASS"}	{"status":"UNVERIFIED"}	preliminary|48fda6694f13e2912d	ebay|e_comicsandcards_724|v1|267730741629|0	https://i.ebayimg.com/images/g/bI0AAeSw3QFqWn8X/s-l225.jpg	'	FALSE	FALSE	FALSE	FALSE	{}	'	'	'	'	'	'	'	'	'	'	UNASSESSED	[]	60	0	'	'	'	'	'	'	'	'	'	'	'	'	'	'	'	'	INSUFFICIENT	'	'	'	'	'	'	'	'	'	'	'	'	'	'	'	'	MANUAL REVIEW / UNPRICED	FALSE	FALSE	["identity_unverified","exact_comps_missing","full_costs_unknown","owned_copy_check_missing"]	{"ep":["wnba"],"q":["wnba.sonia-citron.broad-professional-rookies"],"id":"v1|267730741629|0"}
cand-s4-ebay-ca810fe69b2c0e87fd	dh-20260730T170046Z-7d4c2a91	4	2026-07-30T17:05:44.524826+00:00	WNBA / broad_professional_rookies	Kiki Iriafen	professional_wnba_rookie_card	eBay	ccor3254	'	v1|267740955922|0	https://www.ebay.com/itm/267740955922	LIVE	Kiki Iriafen #72 (RC) 2025 Panini WNBA Prizm Basketball - Washington Mystics  F	{"q":["wnba.kiki-iriafen.broad-professional-rookies"],"s":"DISCOVERY_SCOPE_PASS"}	{"status":"UNVERIFIED"}	preliminary|ca810fe69b2c0e87fd	ebay|ccor3254|v1|267740955922|0	https://i.ebayimg.com/images/g/ZnMAAeSw2S9qZ~L7/s-l225.jpg	'	FALSE	FALSE	FALSE	FALSE	{}	'	'	'	'	'	'	'	'	'	'	UNASSESSED	[]	1.78	0	'	'	'	'	'	'	'	'	'	'	'	'	'	'	'	'	INSUFFICIENT	'	'	'	'	'	'	'	'	'	'	'	'	'	'	'	'	MANUAL REVIEW / UNPRICED	FALSE	FALSE	["identity_unverified","exact_comps_missing","full_costs_unknown","owned_copy_check_missing"]	{"ep":["wnba"],"q":["wnba.kiki-iriafen.broad-professional-rookies"],"id":"v1|267740955922|0"}
cand-s4-ebay-a1914f43704f39c140	dh-20260730T170046Z-7d4c2a91	4	2026-07-30T17:05:44.524826+00:00	WNBA / autograph_memorabilia	Paige Bueckers	professional_wnba_rookie_autograph_memorabilia	eBay	roscoepicotrain30	'	v1|277997554774|0	https://www.ebay.com/itm/277997554774	LIVE	2025 WNBA Impeccable Paige Bueckers /15 Auto Rookie 3 Color Patch Beckett 9/10	{"q":["wnba.paige-bueckers.autograph-memorabilia"],"s":"DISCOVERY_SCOPE_PASS"}	{"status":"UNVERIFIED"}	preliminary|a1914f43704f39c140	ebay|roscoepicotrain30|v1|277997554774|0	https://i.ebayimg.com/images/g/VAoAAeSwhYVqClTm/s-l225.jpg	'	FALSE	FALSE	FALSE	FALSE	{}	'	'	'	'	'	'	'	'	'	'	UNASSESSED	[]	6999.99		'	'	'	'	'	'	'	'	'	'	'	'	'	'	'	'	INSUFFICIENT	'	'	'	'	'	'	'	'	'	'	'	'	'	'	'	'	MANUAL REVIEW / UNPRICED	FALSE	FALSE	["identity_unverified","exact_comps_missing","full_costs_unknown","owned_copy_check_missing"]	{"ep":["wnba"],"q":["wnba.paige-bueckers.autograph-memorabilia"],"id":"v1|277997554774|0"}
cand-s4-ebay-d25054062b8a4e7afd	dh-20260730T170046Z-7d4c2a91	4	2026-07-30T17:05:44.524826+00:00	WNBA / autograph_memorabilia	Dominique Malonga	professional_wnba_rookie_autograph_memorabilia	eBay	littleshop2006	'	v1|278015903072|0	https://www.ebay.com/itm/278015903072	LIVE	Dominique Malonga 2025 Select WNBA Purple Prizm RPA Auto Patch Rookie /99	{"q":["wnba.dominique-malonga.autograph-memorabilia"],"s":"DISCOVERY_SCOPE_PASS"}	{"status":"UNVERIFIED"}	preliminary|d25054062b8a4e7afd	ebay|littleshop2006|v1|278015903072|0	https://i.ebayimg.com/images/g/GPIAAeSwXbZqEj6u/s-l225.jpg	'	FALSE	FALSE	FALSE	FALSE	{}	'	'	'	'	'	'	'	'	'	'	UNASSESSED	[]	499.95	9.95	'	'	'	'	'	'	'	'	'	'	'	'	'	'	'	'	INSUFFICIENT	'	'	'	'	'	'	'	'	'	'	'	'	'	'	'	'	MANUAL REVIEW / UNPRICED	FALSE	FALSE	["identity_unverified","exact_comps_missing","full_costs_unknown","owned_copy_check_missing"]	{"ep":["wnba"],"q":["wnba.dominique-malonga.autograph-memorabilia"],"id":"v1|278015903072|0"}
cand-s4-ebay-4ab778907485d516cd	dh-20260730T170046Z-7d4c2a91	4	2026-07-30T17:05:44.524826+00:00	WNBA / autograph_memorabilia	Sonia Citron	professional_wnba_rookie_autograph_memorabilia	eBay	robinsnest87	'	v1|278123003578|0	https://www.ebay.com/itm/278123003578	LIVE	2025 Panini One & One WNBA Sonia Citron Rookie Jumbo Jersey Auto RC /99 Mystics	{"q":["wnba.sonia-citron.autograph-memorabilia"],"s":"DISCOVERY_SCOPE_PASS"}	{"status":"UNVERIFIED"}	preliminary|4ab778907485d516cd	ebay|robinsnest87|v1|278123003578|0	https://i.ebayimg.com/images/g/erkAAeSwMtBqPI1h/s-l225.jpg	'	FALSE	FALSE	FALSE	FALSE	{}	'	'	'	'	'	'	'	'	'	'	UNASSESSED	[]	300		'	'	'	'	'	'	'	'	'	'	'	'	'	'	'	'	INSUFFICIENT	'	'	'	'	'	'	'	'	'	'	'	'	'	'	'	'	MANUAL REVIEW / UNPRICED	FALSE	FALSE	["identity_unverified","exact_comps_missing","full_costs_unknown","owned_copy_check_missing"]	{"ep":["wnba"],"q":["wnba.sonia-citron.autograph-memorabilia"],"id":"v1|278123003578|0"}
cand-s4-ebay-913ddb4826561633fa	dh-20260730T170046Z-7d4c2a91	4	2026-07-30T17:05:44.524826+00:00	WNBA / autograph_memorabilia	Sonia Citron	professional_wnba_rookie_autograph_memorabilia	eBay	gregoryscottt	'	v1|278176589158|0	https://www.ebay.com/itm/278176589158	LIVE	2024-25 Bowman Best U Sonia Citron RC Orange Geometric Jumbo Patch Auto #25/25	{"q":["wnba.sonia-citron.autograph-memorabilia"],"s":"DISCOVERY_SCOPE_PASS"}	{"status":"UNVERIFIED"}	preliminary|913ddb4826561633fa	ebay|gregoryscottt|v1|278176589158|0	https://i.ebayimg.com/images/g/4TAAAeSwUIlqVH3r/s-l225.jpg	'	FALSE	FALSE	FALSE	FALSE	{}	'	'	'	'	'	'	'	'	'	'	UNASSESSED	[]	309.99	5.17	'	'	'	'	'	'	'	'	'	'	'	'	'	'	'	'	INSUFFICIENT	'	'	'	'	'	'	'	'	'	'	'	'	'	'	'	'	MANUAL REVIEW / UNPRICED	FALSE	FALSE	["identity_unverified","exact_comps_missing","full_costs_unknown","owned_copy_check_missing"]	{"ep":["wnba"],"q":["wnba.sonia-citron.autograph-memorabilia"],"id":"v1|278176589158|0"}
cand-s4-ebay-376065e3d0c396e4ff	dh-20260730T170046Z-7d4c2a91	4	2026-07-30T17:05:44.524826+00:00	WNBA / broad_professional_rookies	Caitlin Clark	professional_wnba_rookie_card	eBay	quickconsign	'	v1|278207608246|0	https://www.ebay.com/itm/278207608246	LIVE	CAITLIN CLARK 2024-25 PRIZM WNBA SILVER ROOKIE #22 RC INDIANA FEVER Q2385	{"q":["wnba.caitlin-clark.broad-professional-rookies"],"s":"DISCOVERY_SCOPE_PASS"}	{"status":"UNVERIFIED"}	preliminary|376065e3d0c396e4ff	ebay|quickconsign|v1|278207608246|0	https://i.ebayimg.com/images/g/H-cAAeSw6wpqYOwP/s-l225.jpg	'	FALSE	FALSE	FALSE	FALSE	{}	'	'	'	'	'	'	'	'	'	'	UNASSESSED	[]	300	6	'	'	'	'	'	'	'	'	'	'	'	'	'	'	'	'	INSUFFICIENT	'	'	'	'	'	'	'	'	'	'	'	'	'	'	'	'	MANUAL REVIEW / UNPRICED	FALSE	FALSE	["identity_unverified","exact_comps_missing","full_costs_unknown","owned_copy_check_missing"]	{"ep":["wnba"],"q":["wnba.caitlin-clark.broad-professional-rookies"],"id":"v1|278207608246|0"}
cand-s4-ebay-455ca03a224c306f8a	dh-20260730T170046Z-7d4c2a91	4	2026-07-30T17:05:44.524826+00:00	WNBA / broad_professional_rookies	Caitlin Clark	professional_wnba_rookie_card	eBay	bobbleheadhall	'	v1|286796290869|0	https://www.ebay.com/itm/286796290869	LIVE	Caitlin Clark Indiana Fever Sensational Rookie Season Bobblehead WNBA Basketball	{"q":["wnba.caitlin-clark.broad-professional-rookies"],"s":"IMAGE_OR_IDENTITY_REVIEW_REQUIRED"}	{"status":"UNVERIFIED"}	preliminary|455ca03a224c306f8a	ebay|bobbleheadhall|v1|286796290869|0	https://i.ebayimg.com/images/g/cooAAeSwdbJqIDXW/s-l225.jpg	'	FALSE	FALSE	FALSE	FALSE	{}	'	'	'	'	'	'	'	'	'	'	UNASSESSED	["tier_not_proven_from_title_image_review_required"]	76.5	8	'	'	'	'	'	'	'	'	'	'	'	'	'	'	'	'	INSUFFICIENT	'	'	'	'	'	'	'	'	'	'	'	'	'	'	'	'	MANUAL REVIEW / UNPRICED	FALSE	FALSE	["identity_unverified","exact_comps_missing","full_costs_unknown","owned_copy_check_missing","tier_not_proven_from_title_image_review_required"]	{"ep":["wnba"],"q":["wnba.caitlin-clark.broad-professional-rookies"],"id":"v1|286796290869|0"}
cand-s4-ebay-db20a0f4eba9d4e997	dh-20260730T170046Z-7d4c2a91	4	2026-07-30T17:05:44.524826+00:00	WNBA / broad_professional_rookies	Dominique Malonga	professional_wnba_rookie_card	eBay	poker_nikki	'	v1|287307664574|0	https://www.ebay.com/itm/287307664574	LIVE	DOMINIQUE MALONGA 2025 PANINI PRIZM WNBA RED #226/299 RC VARIATION SEATTLE STORM	{"q":["wnba.dominique-malonga.broad-professional-rookies"],"s":"DISCOVERY_SCOPE_PASS"}	{"status":"UNVERIFIED"}	preliminary|db20a0f4eba9d4e997	ebay|poker_nikki|v1|287307664574|0	https://i.ebayimg.com/images/g/OIoAAeSwZeRp9im-/s-l225.jpg	'	FALSE	FALSE	FALSE	FALSE	{}	'	'	'	'	'	'	'	'	'	'	UNASSESSED	[]	12.95	1.99	'	'	'	'	'	'	'	'	'	'	'	'	'	'	'	'	INSUFFICIENT	'	'	'	'	'	'	'	'	'	'	'	'	'	'	'	'	MANUAL REVIEW / UNPRICED	FALSE	FALSE	["identity_unverified","exact_comps_missing","full_costs_unknown","owned_copy_check_missing"]	{"ep":["wnba"],"q":["wnba.dominique-malonga.broad-professional-rookies"],"id":"v1|287307664574|0"}
cand-s4-ebay-f00982aabc456c3d28	dh-20260730T170046Z-7d4c2a91	4	2026-07-30T17:05:44.524826+00:00	WNBA / broad_professional_rookies	Dominique Malonga	professional_wnba_rookie_card	eBay	oilybo-3	'	v1|287367136630|0	https://www.ebay.com/itm/287367136630	LIVE	Dominique Malonga 2025 Panini Prizm WNBA #116 Seattle Storm Rookie Card RC	{"q":["wnba.dominique-malonga.broad-professional-rookies"],"s":"DISCOVERY_SCOPE_PASS"}	{"status":"UNVERIFIED"}	preliminary|f00982aabc456c3d28	ebay|oilybo-3|v1|287367136630|0	https://i.ebayimg.com/images/g/0TAAAeSwMrpqHMt5/s-l225.jpg	'	FALSE	FALSE	FALSE	FALSE	{}	'	'	'	'	'	'	'	'	'	'	UNASSESSED	[]	1.5	0	'	'	'	'	'	'	'	'	'	'	'	'	'	'	'	'	INSUFFICIENT	'	'	'	'	'	'	'	'	'	'	'	'	'	'	'	'	MANUAL REVIEW / UNPRICED	FALSE	FALSE	["identity_unverified","exact_comps_missing","full_costs_unknown","owned_copy_check_missing"]	{"ep":["wnba"],"q":["wnba.dominique-malonga.broad-professional-rookies"],"id":"v1|287367136630|0"}
cand-s4-ebay-0c99fc636f74f1ee72	dh-20260730T170046Z-7d4c2a91	4	2026-07-30T17:05:44.524826+00:00	WNBA / broad_professional_rookies	Dominique Malonga	professional_wnba_rookie_card	eBay	fathernson2210	'	v1|287434117638|0	https://www.ebay.com/itm/287434117638	LIVE	2025 Panini Prizm WNBA #116 Dominique Malonga Rookie Card Seattle Storm	{"q":["wnba.dominique-malonga.broad-professional-rookies"],"s":"DISCOVERY_SCOPE_PASS"}	{"status":"UNVERIFIED"}	preliminary|0c99fc636f74f1ee72	ebay|fathernson2210|v1|287434117638|0	https://i.ebayimg.com/images/g/NWUAAeSwVu9qRswD/s-l225.jpg	'	FALSE	FALSE	FALSE	FALSE	{}	'	'	'	'	'	'	'	'	'	'	UNASSESSED	[]	1.69	0	'	'	'	'	'	'	'	'	'	'	'	'	'	'	'	'	INSUFFICIENT	'	'	'	'	'	'	'	'	'	'	'	'	'	'	'	'	MANUAL REVIEW / UNPRICED	FALSE	FALSE	["identity_unverified","exact_comps_missing","full_costs_unknown","owned_copy_check_missing"]	{"ep":["wnba"],"q":["wnba.dominique-malonga.broad-professional-rookies"],"id":"v1|287434117638|0"}
cand-s4-ebay-a31c151288a6d7d693	dh-20260730T170046Z-7d4c2a91	4	2026-07-30T17:05:44.524826+00:00	WNBA / broad_professional_rookies	Sonia Citron	professional_wnba_rookie_card	eBay	robdogg231023	'	v1|287448550937|0	https://www.ebay.com/itm/287448550937	LIVE	Sonia Citron RC - 2025 Prizm WNBA Logo Prizm SP #148 - Washington Mystics!	{"q":["wnba.sonia-citron.broad-professional-rookies"],"s":"DISCOVERY_SCOPE_PASS"}	{"status":"UNVERIFIED"}	preliminary|a31c151288a6d7d693	ebay|robdogg231023|v1|287448550937|0	https://i.ebayimg.com/images/g/fCIAAeSwirJpj-S8/s-l225.jpg	'	FALSE	FALSE	FALSE	FALSE	{}	'	'	'	'	'	'	'	'	'	'	UNASSESSED	[]	25	6.49	'	'	'	'	'	'	'	'	'	'	'	'	'	'	'	'	INSUFFICIENT	'	'	'	'	'	'	'	'	'	'	'	'	'	'	'	'	MANUAL REVIEW / UNPRICED	FALSE	FALSE	["identity_unverified","exact_comps_missing","full_costs_unknown","owned_copy_check_missing"]	{"ep":["wnba"],"q":["wnba.sonia-citron.broad-professional-rookies"],"id":"v1|287448550937|0"}
cand-s4-ebay-4fa3229a3c8ba9e6a4	dh-20260730T170046Z-7d4c2a91	4	2026-07-30T17:05:44.524826+00:00	WNBA / autograph_memorabilia	Paige Bueckers	professional_wnba_rookie_autograph_memorabilia	eBay	sportskingshobby	'	v1|287478074867|0	https://www.ebay.com/itm/287478074867	LIVE	2025 Crown Royale WNBA PAIGE BUECKERS Rookie Silhouette Jersey RELIC AUTO /99 RC	{"q":["wnba.paige-bueckers.autograph-memorabilia"],"s":"DISCOVERY_SCOPE_PASS"}	{"status":"UNVERIFIED"}	preliminary|4fa3229a3c8ba9e6a4	ebay|sportskingshobby|v1|287478074867|0	https://i.ebayimg.com/images/g/9jAAAeSwAzZqYO2J/s-l225.jpg	'	FALSE	FALSE	FALSE	FALSE	{}	'	'	'	'	'	'	'	'	'	'	UNASSESSED	[]	874.99	6	'	'	'	'	'	'	'	'	'	'	'	'	'	'	'	'	INSUFFICIENT	'	'	'	'	'	'	'	'	'	'	'	'	'	'	'	'	MANUAL REVIEW / UNPRICED	FALSE	FALSE	["identity_unverified","exact_comps_missing","full_costs_unknown","owned_copy_check_missing"]	{"ep":["wnba"],"q":["wnba.paige-bueckers.autograph-memorabilia"],"id":"v1|287478074867|0"}
cand-s4-ebay-a193948ba98e861c9b	dh-20260730T170046Z-7d4c2a91	4	2026-07-30T17:05:44.524826+00:00	WNBA / broad_professional_rookies	Kiki Iriafen	professional_wnba_rookie_card	eBay	sportscards615	'	v1|287492054501|0	https://www.ebay.com/itm/287492054501	LIVE	KIKI IRIAFEN 2025 Prizm WNBA Fireworks Insert Washington Mystics Rookie #13 RC	{"q":["wnba.kiki-iriafen.broad-professional-rookies"],"s":"DISCOVERY_SCOPE_PASS"}	{"status":"UNVERIFIED"}	preliminary|a193948ba98e861c9b	ebay|sportscards615|v1|287492054501|0	https://i.ebayimg.com/images/g/XM0AAeSwqp1qaq2F/s-l225.jpg	'	FALSE	FALSE	FALSE	FALSE	{}	'	'	'	'	'	'	'	'	'	'	UNASSESSED	[]	1.29		'	'	'	'	'	'	'	'	'	'	'	'	'	'	'	'	INSUFFICIENT	'	'	'	'	'	'	'	'	'	'	'	'	'	'	'	'	MANUAL REVIEW / UNPRICED	FALSE	FALSE	["identity_unverified","exact_comps_missing","full_costs_unknown","owned_copy_check_missing"]	{"ep":["wnba"],"q":["wnba.kiki-iriafen.broad-professional-rookies"],"id":"v1|287492054501|0"}
cand-s4-ebay-f29f1a6baa241501cb	dh-20260730T170046Z-7d4c2a91	4	2026-07-30T17:05:44.524826+00:00	WNBA / broad_professional_rookies	Caitlin Clark	professional_wnba_rookie_card	eBay	buzzas109	'	v1|298096959299|0	https://www.ebay.com/itm/298096959299	LIVE	2024 Panini Instant WNBA Draft #1 Pick Caitlin Clark DN-1 Fever Rookie RC Card	{"q":["wnba.caitlin-clark.broad-professional-rookies"],"s":"IMAGE_OR_IDENTITY_REVIEW_REQUIRED"}	{"status":"UNVERIFIED"}	preliminary|f29f1a6baa241501cb	ebay|buzzas109|v1|298096959299|0	https://i.ebayimg.com/images/g/W3UAAeSwwYxpq8JK/s-l225.jpg	'	FALSE	FALSE	FALSE	FALSE	{}	'	'	'	'	'	'	'	'	'	'	UNASSESSED	["tier_not_proven_from_title_image_review_required"]	75	5.99	'	'	'	'	'	'	'	'	'	'	'	'	'	'	'	'	INSUFFICIENT	'	'	'	'	'	'	'	'	'	'	'	'	'	'	'	'	MANUAL REVIEW / UNPRICED	FALSE	FALSE	["identity_unverified","exact_comps_missing","full_costs_unknown","owned_copy_check_missing","tier_not_proven_from_title_image_review_required"]	{"ep":["wnba"],"q":["wnba.caitlin-clark.broad-professional-rookies"],"id":"v1|298096959299|0"}
cand-s4-ebay-9a48671d502a3ec1eb	dh-20260730T170046Z-7d4c2a91	4	2026-07-30T17:05:44.524826+00:00	WNBA / autograph_memorabilia	Paige Bueckers	professional_wnba_rookie_autograph_memorabilia	eBay	packplugsnoah	'	v1|298174577542|0	https://www.ebay.com/itm/298174577542	LIVE	2025 Panini One and One Basketball WNBA Paige Bueckers Rookie Patch Auto /99 RPA	{"q":["wnba.paige-bueckers.autograph-memorabilia"],"s":"DISCOVERY_SCOPE_PASS"}	{"status":"UNVERIFIED"}	preliminary|9a48671d502a3ec1eb	ebay|packplugsnoah|v1|298174577542|0	https://i.ebayimg.com/images/g/2-kAAeSwjC9pyd5O/s-l225.jpg	'	FALSE	FALSE	FALSE	FALSE	{}	'	'	'	'	'	'	'	'	'	'	UNASSESSED	[]	999.95	9.99	'	'	'	'	'	'	'	'	'	'	'	'	'	'	'	'	INSUFFICIENT	'	'	'	'	'	'	'	'	'	'	'	'	'	'	'	'	MANUAL REVIEW / UNPRICED	FALSE	FALSE	["identity_unverified","exact_comps_missing","full_costs_unknown","owned_copy_check_missing"]	{"ep":["wnba"],"q":["wnba.paige-bueckers.autograph-memorabilia"],"id":"v1|298174577542|0"}
cand-s4-ebay-29b688282e971b4dc2	dh-20260730T170046Z-7d4c2a91	4	2026-07-30T17:05:44.524826+00:00	WNBA / broad_professional_rookies	Dominique Malonga	professional_wnba_rookie_card	eBay	bbargainbarnllc	'	v1|298539201480|0	https://www.ebay.com/itm/298539201480	LIVE	2025 Panini Select WNBA #60 Dominique Malonga Seattle Storm	{"q":["wnba.dominique-malonga.broad-professional-rookies"],"s":"IMAGE_OR_IDENTITY_REVIEW_REQUIRED"}	{"status":"UNVERIFIED"}	preliminary|29b688282e971b4dc2	ebay|bbargainbarnllc|v1|298539201480|0	https://i.ebayimg.com/images/g/b-IAAeSwEFNqaI4f/s-l225.jpg	'	FALSE	FALSE	FALSE	FALSE	{}	'	'	'	'	'	'	'	'	'	'	UNASSESSED	["tier_not_proven_from_title_image_review_required"]	1.49	0	'	'	'	'	'	'	'	'	'	'	'	'	'	'	'	'	INSUFFICIENT	'	'	'	'	'	'	'	'	'	'	'	'	'	'	'	'	MANUAL REVIEW / UNPRICED	FALSE	FALSE	["identity_unverified","exact_comps_missing","full_costs_unknown","owned_copy_check_missing","tier_not_proven_from_title_image_review_required"]	{"ep":["wnba"],"q":["wnba.dominique-malonga.broad-professional-rookies"],"id":"v1|298539201480|0"}
cand-s4-ebay-d3543a24785dcc5bea	dh-20260730T170046Z-7d4c2a91	4	2026-07-30T17:05:44.524826+00:00	WNBA / broad_professional_rookies	Dominique Malonga	professional_wnba_rookie_card	eBay	jimmerrange	'	v1|306268464135|0	https://www.ebay.com/itm/306268464135	LIVE	2025 Panini Instant WNBA Draft #2 Dominique Malonga Seattle Storm RC - QTY	{"q":["wnba.dominique-malonga.broad-professional-rookies"],"s":"IMAGE_OR_IDENTITY_REVIEW_REQUIRED"}	{"status":"UNVERIFIED"}	preliminary|d3543a24785dcc5bea	ebay|jimmerrange|v1|306268464135|0	https://i.ebayimg.com/images/g/Z6AAAOSws1RoCs51/s-l225.jpg	'	FALSE	FALSE	FALSE	FALSE	{}	'	'	'	'	'	'	'	'	'	'	UNASSESSED	["tier_not_proven_from_title_image_review_required"]	6.45	0	'	'	'	'	'	'	'	'	'	'	'	'	'	'	'	'	INSUFFICIENT	'	'	'	'	'	'	'	'	'	'	'	'	'	'	'	'	MANUAL REVIEW / UNPRICED	FALSE	FALSE	["identity_unverified","exact_comps_missing","full_costs_unknown","owned_copy_check_missing","tier_not_proven_from_title_image_review_required"]	{"ep":["wnba"],"q":["wnba.dominique-malonga.broad-professional-rookies"],"id":"v1|306268464135|0"}
cand-s4-ebay-d45a3ec971dbd59ee5	dh-20260730T170046Z-7d4c2a91	4	2026-07-30T17:05:44.524826+00:00	WNBA / autograph_memorabilia	Caitlin Clark	professional_wnba_rookie_autograph_memorabilia	eBay	ericguthoff	'	v1|307035514910|0	https://www.ebay.com/itm/307035514910	LIVE	Panini Immaculate Caitlin Clark RC Auto Patch /49 Indiana Fever	{"q":["wnba.caitlin-clark.autograph-memorabilia"],"s":"DISCOVERY_SCOPE_PASS"}	{"status":"UNVERIFIED"}	preliminary|d45a3ec971dbd59ee5	ebay|ericguthoff|v1|307035514910|0	https://i.ebayimg.com/images/g/ACAAAeSwt-ZqRGiQ/s-l225.jpg	'	FALSE	FALSE	FALSE	FALSE	{}	'	'	'	'	'	'	'	'	'	'	UNASSESSED	[]	5250		'	'	'	'	'	'	'	'	'	'	'	'	'	'	'	'	INSUFFICIENT	'	'	'	'	'	'	'	'	'	'	'	'	'	'	'	'	MANUAL REVIEW / UNPRICED	FALSE	FALSE	["identity_unverified","exact_comps_missing","full_costs_unknown","owned_copy_check_missing"]	{"ep":["wnba"],"q":["wnba.caitlin-clark.autograph-memorabilia"],"id":"v1|307035514910|0"}
cand-s4-ebay-cd22dff0eb6aced498	dh-20260730T170046Z-7d4c2a91	4	2026-07-30T17:05:44.524826+00:00	WNBA / broad_professional_rookies	Kiki Iriafen	professional_wnba_rookie_card	eBay	cardstopp3	'	v1|307093781015|0	https://www.ebay.com/itm/307093781015	LIVE	2025 WNBA DONRUSS KIKI IRIAFEN ROOKIE JERSEY MYSTICS	{"q":["wnba.kiki-iriafen.broad-professional-rookies"],"s":"IMAGE_OR_IDENTITY_REVIEW_REQUIRED"}	{"status":"UNVERIFIED"}	preliminary|cd22dff0eb6aced498	ebay|cardstopp3|v1|307093781015|0	https://i.ebayimg.com/images/g/BiMAAeSwEM5qag0E/s-l225.jpg	'	FALSE	FALSE	FALSE	FALSE	{}	'	'	'	'	'	'	'	'	'	'	UNASSESSED	["tier_not_proven_from_title_image_review_required"]	5.99	0.78	'	'	'	'	'	'	'	'	'	'	'	'	'	'	'	'	INSUFFICIENT	'	'	'	'	'	'	'	'	'	'	'	'	'	'	'	'	MANUAL REVIEW / UNPRICED	FALSE	FALSE	["identity_unverified","exact_comps_missing","full_costs_unknown","owned_copy_check_missing","tier_not_proven_from_title_image_review_required"]	{"ep":["wnba"],"q":["wnba.kiki-iriafen.broad-professional-rookies"],"id":"v1|307093781015|0"}
cand-s4-ebay-8c1aecf3661d24aaf0	dh-20260730T170046Z-7d4c2a91	4	2026-07-30T17:05:44.524826+00:00	WNBA / broad_professional_rookies	Dominique Malonga	professional_wnba_rookie_card	eBay	cardnerds1	'	v1|318634784866|0	https://www.ebay.com/itm/318634784866	LIVE	2025 Panini Prizm WNBA #116 Dominique Malonga Storm RC Carolina Blue Prizm /125	{"q":["wnba.dominique-malonga.broad-professional-rookies"],"s":"DISCOVERY_SCOPE_PASS"}	{"status":"UNVERIFIED"}	preliminary|8c1aecf3661d24aaf0	ebay|cardnerds1|v1|318634784866|0	https://i.ebayimg.com/images/g/biQAAeSwwvJqZQQh/s-l225.jpg	'	FALSE	FALSE	FALSE	FALSE	{}	'	'	'	'	'	'	'	'	'	'	UNASSESSED	[]	38.99		'	'	'	'	'	'	'	'	'	'	'	'	'	'	'	'	INSUFFICIENT	'	'	'	'	'	'	'	'	'	'	'	'	'	'	'	'	MANUAL REVIEW / UNPRICED	FALSE	FALSE	["identity_unverified","exact_comps_missing","full_costs_unknown","owned_copy_check_missing"]	{"ep":["wnba"],"q":["wnba.dominique-malonga.broad-professional-rookies"],"id":"v1|318634784866|0"}
cand-s4-ebay-879e92611c93f30352	dh-20260730T170046Z-7d4c2a91	4	2026-07-30T17:05:44.524826+00:00	WNBA / broad_professional_rookies	Sonia Citron	professional_wnba_rookie_card	eBay	schu_3034	'	v1|318644814176|0	https://www.ebay.com/itm/318644814176	LIVE	Panini 2025 Prizm WNBA Sonia Citron Rookie RC Abstract #10 Mystics	{"q":["wnba.sonia-citron.broad-professional-rookies"],"s":"DISCOVERY_SCOPE_PASS"}	{"status":"UNVERIFIED"}	preliminary|879e92611c93f30352	ebay|schu_3034|v1|318644814176|0	https://i.ebayimg.com/images/g/2vcAAeSw3QtqaDMX/s-l225.jpg	'	FALSE	FALSE	FALSE	FALSE	{}	'	'	'	'	'	'	'	'	'	'	UNASSESSED	[]	125		'	'	'	'	'	'	'	'	'	'	'	'	'	'	'	'	INSUFFICIENT	'	'	'	'	'	'	'	'	'	'	'	'	'	'	'	'	MANUAL REVIEW / UNPRICED	FALSE	FALSE	["identity_unverified","exact_comps_missing","full_costs_unknown","owned_copy_check_missing"]	{"ep":["wnba"],"q":["wnba.sonia-citron.broad-professional-rookies"],"id":"v1|318644814176|0"}
cand-s4-ebay-4a304b3b89dd77de87	dh-20260730T170046Z-7d4c2a91	4	2026-07-30T17:05:44.524826+00:00	WNBA / broad_professional_rookies	Dominique Malonga	professional_wnba_rookie_card	eBay	shorowe	'	v1|318648114382|0	https://www.ebay.com/itm/318648114382	LIVE	2025 Panini Select WNBA Dominique Malonga Red Prizm /99 Auto RC SG-DM Storm	{"q":["wnba.dominique-malonga.broad-professional-rookies"],"s":"DISCOVERY_SCOPE_PASS"}	{"status":"UNVERIFIED"}	preliminary|4a304b3b89dd77de87	ebay|shorowe|v1|318648114382|0	https://i.ebayimg.com/images/g/6A0AAeSwogFqaRyB/s-l225.jpg	'	FALSE	FALSE	FALSE	FALSE	{}	'	'	'	'	'	'	'	'	'	'	UNASSESSED	[]	63	7.5	'	'	'	'	'	'	'	'	'	'	'	'	'	'	'	'	INSUFFICIENT	'	'	'	'	'	'	'	'	'	'	'	'	'	'	'	'	MANUAL REVIEW / UNPRICED	FALSE	FALSE	["identity_unverified","exact_comps_missing","full_costs_unknown","owned_copy_check_missing"]	{"ep":["wnba"],"q":["wnba.dominique-malonga.broad-professional-rookies"],"id":"v1|318648114382|0"}
cand-s4-ebay-24352fd4b503a2b963	dh-20260730T170046Z-7d4c2a91	4	2026-07-30T17:05:44.524826+00:00	WNBA / broad_professional_rookies	Sonia Citron	professional_wnba_rookie_card	eBay	saltyscollectibles	'	v1|318652026158|0	https://www.ebay.com/itm/318652026158	LIVE	Panini 2025 Prizm WNBA Sonia Citron Rookie Card #148 Washington Mystics	{"q":["wnba.sonia-citron.broad-professional-rookies"],"s":"DISCOVERY_SCOPE_PASS"}	{"status":"UNVERIFIED"}	preliminary|24352fd4b503a2b963	ebay|saltyscollectibles|v1|318652026158|0	https://i.ebayimg.com/images/g/D3QAAeSw2OhqakDX/s-l225.jpg	'	FALSE	FALSE	FALSE	FALSE	{}	'	'	'	'	'	'	'	'	'	'	UNASSESSED	[]	2.29	0.99	'	'	'	'	'	'	'	'	'	'	'	'	'	'	'	'	INSUFFICIENT	'	'	'	'	'	'	'	'	'	'	'	'	'	'	'	'	MANUAL REVIEW / UNPRICED	FALSE	FALSE	["identity_unverified","exact_comps_missing","full_costs_unknown","owned_copy_check_missing"]	{"ep":["wnba"],"q":["wnba.sonia-citron.broad-professional-rookies"],"id":"v1|318652026158|0"}
cand-s4-ebay-f33f8d331059461f13	dh-20260730T170046Z-7d4c2a91	4	2026-07-30T17:05:44.524826+00:00	WNBA / broad_professional_rookies	Caitlin Clark	professional_wnba_rookie_card	eBay	joblank3174	'	v1|318652216111|0	https://www.ebay.com/itm/318652216111	LIVE	2024 Panini Prizm Caitlin Clark #145 Rookie Variation Card Indiana Fever WNBA	{"q":["wnba.caitlin-clark.broad-professional-rookies"],"s":"DISCOVERY_SCOPE_PASS"}	{"status":"UNVERIFIED"}	preliminary|f33f8d331059461f13	ebay|joblank3174|v1|318652216111|0	https://i.ebayimg.com/images/g/~BEAAeSwMndqak19/s-l225.jpg	'	FALSE	FALSE	FALSE	FALSE	{}	'	'	'	'	'	'	'	'	'	'	UNASSESSED	[]	19.99	1.99	'	'	'	'	'	'	'	'	'	'	'	'	'	'	'	'	INSUFFICIENT	'	'	'	'	'	'	'	'	'	'	'	'	'	'	'	'	MANUAL REVIEW / UNPRICED	FALSE	FALSE	["identity_unverified","exact_comps_missing","full_costs_unknown","owned_copy_check_missing"]	{"ep":["wnba"],"q":["wnba.caitlin-clark.broad-professional-rookies"],"id":"v1|318652216111|0"}
cand-s4-ebay-b7feb1bae40af74b41	dh-20260730T170046Z-7d4c2a91	4	2026-07-30T17:05:44.524826+00:00	WNBA / broad_professional_rookies	Paige Bueckers	professional_wnba_rookie_card	eBay	akagoatman	'	v1|318654335109|0	https://www.ebay.com/itm/318654335109	LIVE	2025 Panini WNBA Donruss Rated Rookie Paige Bueckers RC #86 WINGS	{"q":["wnba.paige-bueckers.broad-professional-rookies"],"s":"IMAGE_OR_IDENTITY_REVIEW_REQUIRED"}	{"status":"UNVERIFIED"}	preliminary|b7feb1bae40af74b41	ebay|akagoatman|v1|318654335109|0	https://i.ebayimg.com/images/g/UMYAAeSw5eRqXVho/s-l225.jpg	'	FALSE	FALSE	FALSE	FALSE	{}	'	'	'	'	'	'	'	'	'	'	UNASSESSED	["tier_not_proven_from_title_image_review_required"]	4.99	0	'	'	'	'	'	'	'	'	'	'	'	'	'	'	'	'	INSUFFICIENT	'	'	'	'	'	'	'	'	'	'	'	'	'	'	'	'	MANUAL REVIEW / UNPRICED	FALSE	FALSE	["identity_unverified","exact_comps_missing","full_costs_unknown","owned_copy_check_missing","tier_not_proven_from_title_image_review_required"]	{"ep":["wnba"],"q":["wnba.paige-bueckers.broad-professional-rookies"],"id":"v1|318654335109|0"}
cand-s4-ebay-9cbe236a018002ea05	dh-20260730T170046Z-7d4c2a91	4	2026-07-30T17:05:44.524826+00:00	WNBA / autograph_memorabilia	Paige Bueckers	professional_wnba_rookie_autograph_memorabilia	eBay	thecardsocietyvault	'	v1|327068256280|0	https://www.ebay.com/itm/327068256280	LIVE	2025 WNBA One And One Paige Bueckers Auto RPA Patch RC /99	{"q":["wnba.paige-bueckers.autograph-memorabilia"],"s":"DISCOVERY_SCOPE_PASS"}	{"status":"UNVERIFIED"}	preliminary|9cbe236a018002ea05	ebay|thecardsocietyvault|v1|327068256280|0	https://i.ebayimg.com/images/g/gdcAAeSwbzRpxEVy/s-l225.jpg	'	FALSE	FALSE	FALSE	FALSE	{}	'	'	'	'	'	'	'	'	'	'	UNASSESSED	[]	1400	4.75	'	'	'	'	'	'	'	'	'	'	'	'	'	'	'	'	INSUFFICIENT	'	'	'	'	'	'	'	'	'	'	'	'	'	'	'	'	MANUAL REVIEW / UNPRICED	FALSE	FALSE	["identity_unverified","exact_comps_missing","full_costs_unknown","owned_copy_check_missing"]	{"ep":["wnba"],"q":["wnba.paige-bueckers.autograph-memorabilia"],"id":"v1|327068256280|0"}
cand-s4-ebay-66b79edbc2d2479b8c	dh-20260730T170046Z-7d4c2a91	4	2026-07-30T17:05:44.524826+00:00	WNBA / autograph_memorabilia	Caitlin Clark	professional_wnba_rookie_autograph_memorabilia	eBay	jackalsportscards	'	v1|327105190554|0	https://www.ebay.com/itm/327105190554	LIVE	2024 National Treasures Caitlin Clark /25 Bronze Rookie Patch Auto PSA 10/10	{"q":["wnba.caitlin-clark.autograph-memorabilia"],"s":"DISCOVERY_SCOPE_PASS"}	{"status":"UNVERIFIED"}	preliminary|66b79edbc2d2479b8c	ebay|jackalsportscards|v1|327105190554|0	https://i.ebayimg.com/images/g/LIEAAeSw-8pp4DiE/s-l225.jpg	'	FALSE	FALSE	FALSE	FALSE	{}	'	'	'	'	'	'	'	'	'	'	UNASSESSED	[]	69999	0	'	'	'	'	'	'	'	'	'	'	'	'	'	'	'	'	INSUFFICIENT	'	'	'	'	'	'	'	'	'	'	'	'	'	'	'	'	MANUAL REVIEW / UNPRICED	FALSE	FALSE	["identity_unverified","exact_comps_missing","full_costs_unknown","owned_copy_check_missing"]	{"ep":["wnba"],"q":["wnba.caitlin-clark.autograph-memorabilia"],"id":"v1|327105190554|0"}
cand-s4-ebay-130f91de7674ea7b67	dh-20260730T170046Z-7d4c2a91	4	2026-07-30T17:05:44.524826+00:00	WNBA / autograph_memorabilia	Kiki Iriafen	professional_wnba_rookie_autograph_memorabilia	eBay	*sportscetera*	'	v1|336491030197|0	https://www.ebay.com/itm/336491030197	LIVE	2025 Panini WNBA One and One KIKI IRIAFEN 6/10 Gold Auto RPA 3 Color Patch	{"q":["wnba.kiki-iriafen.autograph-memorabilia"],"s":"DISCOVERY_SCOPE_PASS"}	{"status":"UNVERIFIED"}	preliminary|130f91de7674ea7b67	ebay|*sportscetera*|v1|336491030197|0	https://i.ebayimg.com/images/g/XmEAAeSwAJlpvJP7/s-l225.jpg	'	FALSE	FALSE	FALSE	FALSE	{}	'	'	'	'	'	'	'	'	'	'	UNASSESSED	[]	800		'	'	'	'	'	'	'	'	'	'	'	'	'	'	'	'	INSUFFICIENT	'	'	'	'	'	'	'	'	'	'	'	'	'	'	'	'	MANUAL REVIEW / UNPRICED	FALSE	FALSE	["identity_unverified","exact_comps_missing","full_costs_unknown","owned_copy_check_missing"]	{"ep":["wnba"],"q":["wnba.kiki-iriafen.autograph-memorabilia"],"id":"v1|336491030197|0"}
cand-s4-ebay-73898a99ecea5d3691	dh-20260730T170046Z-7d4c2a91	4	2026-07-30T17:05:44.524826+00:00	WNBA / broad_professional_rookies	Caitlin Clark	professional_wnba_rookie_card	eBay	hightide.family.retailers2015	'	v1|336520475877|0	https://www.ebay.com/itm/336520475877	LIVE	2024 Prizm WNBA Caitlin Clark RC #22 PSA 9 Rookie Indiana Fever S2	{"q":["wnba.caitlin-clark.broad-professional-rookies"],"s":"DISCOVERY_SCOPE_PASS"}	{"status":"UNVERIFIED"}	preliminary|73898a99ecea5d3691	ebay|hightide.family.retailers2015|v1|336520475877|0	https://i.ebayimg.com/images/g/dR0AAeSwhhhp0sjV/s-l225.jpg	'	FALSE	FALSE	FALSE	FALSE	{}	'	'	'	'	'	'	'	'	'	'	UNASSESSED	[]	50.98	0	'	'	'	'	'	'	'	'	'	'	'	'	'	'	'	'	INSUFFICIENT	'	'	'	'	'	'	'	'	'	'	'	'	'	'	'	'	MANUAL REVIEW / UNPRICED	FALSE	FALSE	["identity_unverified","exact_comps_missing","full_costs_unknown","owned_copy_check_missing"]	{"ep":["wnba"],"q":["wnba.caitlin-clark.broad-professional-rookies"],"id":"v1|336520475877|0"}
cand-s4-ebay-9b2d5dc05910418c6e	dh-20260730T170046Z-7d4c2a91	4	2026-07-30T17:05:44.524826+00:00	WNBA / autograph_memorabilia	Kiki Iriafen	professional_wnba_rookie_autograph_memorabilia	eBay	burks4263	'	v1|336624374416|0	https://www.ebay.com/itm/336624374416	LIVE	2025 PANINI WNBA ONE AND ONE ROOKIE PATCH AUTOGRAPH SP KIKI IRIAFEN 81/99	{"q":["wnba.kiki-iriafen.autograph-memorabilia"],"s":"DISCOVERY_SCOPE_PASS"}	{"status":"UNVERIFIED"}	preliminary|9b2d5dc05910418c6e	ebay|burks4263|v1|336624374416|0	https://i.ebayimg.com/images/g/PgkAAeSwROFqJG1C/s-l225.jpg	'	FALSE	FALSE	FALSE	FALSE	{}	'	'	'	'	'	'	'	'	'	'	UNASSESSED	[]	109.99		'	'	'	'	'	'	'	'	'	'	'	'	'	'	'	'	INSUFFICIENT	'	'	'	'	'	'	'	'	'	'	'	'	'	'	'	'	MANUAL REVIEW / UNPRICED	FALSE	FALSE	["identity_unverified","exact_comps_missing","full_costs_unknown","owned_copy_check_missing"]	{"ep":["wnba"],"q":["wnba.kiki-iriafen.autograph-memorabilia"],"id":"v1|336624374416|0"}
cand-s4-ebay-3ffdc24669ee607c66	dh-20260730T170046Z-7d4c2a91	4	2026-07-30T17:05:44.524826+00:00	WNBA / autograph_memorabilia	Paige Bueckers	professional_wnba_rookie_autograph_memorabilia	eBay	harveyiscool	'	v1|336704742545|0	https://www.ebay.com/itm/336704742545	LIVE	Paige Bueckers 2025 Panini WNBA Crown Royale Silhouette RPA RC Patch Auto /99!	{"q":["wnba.paige-bueckers.autograph-memorabilia"],"s":"DISCOVERY_SCOPE_PASS"}	{"status":"UNVERIFIED"}	preliminary|3ffdc24669ee607c66	ebay|harveyiscool|v1|336704742545|0	https://i.ebayimg.com/images/g/excAAeSwgMtqYmRH/s-l225.jpg	'	FALSE	FALSE	FALSE	FALSE	{}	'	'	'	'	'	'	'	'	'	'	UNASSESSED	[]	849.99	0	'	'	'	'	'	'	'	'	'	'	'	'	'	'	'	'	INSUFFICIENT	'	'	'	'	'	'	'	'	'	'	'	'	'	'	'	'	MANUAL REVIEW / UNPRICED	FALSE	FALSE	["identity_unverified","exact_comps_missing","full_costs_unknown","owned_copy_check_missing"]	{"ep":["wnba"],"q":["wnba.paige-bueckers.autograph-memorabilia"],"id":"v1|336704742545|0"}
cand-s4-ebay-f6763a17eef306a0fa	dh-20260730T170046Z-7d4c2a91	4	2026-07-30T17:05:44.524826+00:00	WNBA / broad_professional_rookies	Kiki Iriafen	professional_wnba_rookie_card	eBay	clintschmidt	'	v1|336712510583|0	https://www.ebay.com/itm/336712510583	LIVE	2025 Panini Prizm WNBA Kiki Iriafen Rookie RC #149 Washington Mystics	{"q":["wnba.kiki-iriafen.broad-professional-rookies"],"s":"DISCOVERY_SCOPE_PASS"}	{"status":"UNVERIFIED"}	preliminary|f6763a17eef306a0fa	ebay|clintschmidt|v1|336712510583|0	https://i.ebayimg.com/images/g/0aEAAeSwDCFqaESR/s-l225.jpg	'	FALSE	FALSE	FALSE	FALSE	{}	'	'	'	'	'	'	'	'	'	'	UNASSESSED	[]	3.63		'	'	'	'	'	'	'	'	'	'	'	'	'	'	'	'	INSUFFICIENT	'	'	'	'	'	'	'	'	'	'	'	'	'	'	'	'	MANUAL REVIEW / UNPRICED	FALSE	FALSE	["identity_unverified","exact_comps_missing","full_costs_unknown","owned_copy_check_missing"]	{"ep":["wnba"],"q":["wnba.kiki-iriafen.broad-professional-rookies"],"id":"v1|336712510583|0"}
cand-s4-ebay-549918cb6768fefbf7	dh-20260730T170046Z-7d4c2a91	4	2026-07-30T17:05:44.524826+00:00	WNBA / broad_professional_rookies	Paige Bueckers	professional_wnba_rookie_card	eBay	718toys	'	v1|336715070746|0	https://www.ebay.com/itm/336715070746	LIVE	2025 Donruss WNBA #86 Paige Bueckers Rookie Dallas Wings Basketball Card	{"q":["wnba.paige-bueckers.broad-professional-rookies"],"s":"IMAGE_OR_IDENTITY_REVIEW_REQUIRED"}	{"status":"UNVERIFIED"}	preliminary|549918cb6768fefbf7	ebay|718toys|v1|336715070746|0	https://i.ebayimg.com/images/g/aucAAeSwzDRqagIm/s-l225.jpg	'	FALSE	FALSE	FALSE	FALSE	{}	'	'	'	'	'	'	'	'	'	'	UNASSESSED	["tier_not_proven_from_title_image_review_required"]	1.85	1.25	'	'	'	'	'	'	'	'	'	'	'	'	'	'	'	'	INSUFFICIENT	'	'	'	'	'	'	'	'	'	'	'	'	'	'	'	'	MANUAL REVIEW / UNPRICED	FALSE	FALSE	["identity_unverified","exact_comps_missing","full_costs_unknown","owned_copy_check_missing","tier_not_proven_from_title_image_review_required"]	{"ep":["wnba"],"q":["wnba.paige-bueckers.broad-professional-rookies"],"id":"v1|336715070746|0"}
cand-s4-ebay-a7975d63f9133adf8e	dh-20260730T170046Z-7d4c2a91	4	2026-07-30T17:05:44.524826+00:00	WNBA / broad_professional_rookies	Dominique Malonga	professional_wnba_rookie_card	eBay	socal310cardz	'	v1|358843787541|0	https://www.ebay.com/itm/358843787541	LIVE	Panini 2025 Prizm WNBA Dominique Malonga Seattle Storm Rookie #144 Card	{"q":["wnba.dominique-malonga.broad-professional-rookies"],"s":"DISCOVERY_SCOPE_PASS"}	{"status":"UNVERIFIED"}	preliminary|a7975d63f9133adf8e	ebay|socal310cardz|v1|358843787541|0	https://i.ebayimg.com/images/g/Y2EAAeSwe41qZVMP/s-l225.jpg	'	FALSE	FALSE	FALSE	FALSE	{}	'	'	'	'	'	'	'	'	'	'	UNASSESSED	[]	1		'	'	'	'	'	'	'	'	'	'	'	'	'	'	'	'	INSUFFICIENT	'	'	'	'	'	'	'	'	'	'	'	'	'	'	'	'	MANUAL REVIEW / UNPRICED	FALSE	FALSE	["identity_unverified","exact_comps_missing","full_costs_unknown","owned_copy_check_missing"]	{"ep":["wnba"],"q":["wnba.dominique-malonga.broad-professional-rookies"],"id":"v1|358843787541|0"}
cand-s4-ebay-e98f00db9ebec9efc3	dh-20260730T170046Z-7d4c2a91	4	2026-07-30T17:05:44.524826+00:00	WNBA / broad_professional_rookies	Caitlin Clark	professional_wnba_rookie_card	eBay	keyi-33	'	v1|358855286525|0	https://www.ebay.com/itm/358855286525	LIVE	CAITLIN CLARK 2024 Panini Instant WNBA #198 INDIANA  FEVER ROOKIE CARD	{"q":["wnba.caitlin-clark.broad-professional-rookies"],"s":"IMAGE_OR_IDENTITY_REVIEW_REQUIRED"}	{"status":"UNVERIFIED"}	preliminary|e98f00db9ebec9efc3	ebay|keyi-33|v1|358855286525|0	https://i.ebayimg.com/images/g/4PcAAeSw8vVqaQhU/s-l225.jpg	'	FALSE	FALSE	FALSE	FALSE	{}	'	'	'	'	'	'	'	'	'	'	UNASSESSED	["tier_not_proven_from_title_image_review_required"]	19.99	1.99	'	'	'	'	'	'	'	'	'	'	'	'	'	'	'	'	INSUFFICIENT	'	'	'	'	'	'	'	'	'	'	'	'	'	'	'	'	MANUAL REVIEW / UNPRICED	FALSE	FALSE	["identity_unverified","exact_comps_missing","full_costs_unknown","owned_copy_check_missing","tier_not_proven_from_title_image_review_required"]	{"ep":["wnba"],"q":["wnba.caitlin-clark.broad-professional-rookies"],"id":"v1|358855286525|0"}
cand-s4-ebay-5858149b65dc7f6384	dh-20260730T170046Z-7d4c2a91	4	2026-07-30T17:05:44.524826+00:00	WNBA / broad_professional_rookies	Kiki Iriafen	professional_wnba_rookie_card	eBay	silentsword45	'	v1|358859238456|0	https://www.ebay.com/itm/358859238456	LIVE	2025 Panini Prizm WNBA - Kiki Iriafen #149 Green Prizm (RC) Rookie Mystics	{"q":["wnba.kiki-iriafen.broad-professional-rookies"],"s":"DISCOVERY_SCOPE_PASS"}	{"status":"UNVERIFIED"}	preliminary|5858149b65dc7f6384	ebay|silentsword45|v1|358859238456|0	https://i.ebayimg.com/images/g/o5QAAeSwHjNqaljJ/s-l225.jpg	'	FALSE	FALSE	FALSE	FALSE	{}	'	'	'	'	'	'	'	'	'	'	UNASSESSED	[]	1.99	1.36	'	'	'	'	'	'	'	'	'	'	'	'	'	'	'	'	INSUFFICIENT	'	'	'	'	'	'	'	'	'	'	'	'	'	'	'	'	MANUAL REVIEW / UNPRICED	FALSE	FALSE	["identity_unverified","exact_comps_missing","full_costs_unknown","owned_copy_check_missing"]	{"ep":["wnba"],"q":["wnba.kiki-iriafen.broad-professional-rookies"],"id":"v1|358859238456|0"}
cand-s4-ebay-1f18e1023c1fb1afbb	dh-20260730T170046Z-7d4c2a91	4	2026-07-30T17:05:44.524826+00:00	WNBA / broad_professional_rookies	Sonia Citron	professional_wnba_rookie_card	eBay	teescardvault	'	v1|366170847121|0	https://www.ebay.com/itm/366170847121	LIVE	2025 Donruss WNBA Net Marvels Sonia Citron #4 - Washington Mystics [Rookie Card]	{"q":["wnba.sonia-citron.broad-professional-rookies"],"s":"IMAGE_OR_IDENTITY_REVIEW_REQUIRED"}	{"status":"UNVERIFIED"}	preliminary|1f18e1023c1fb1afbb	ebay|teescardvault|v1|366170847121|0	https://i.ebayimg.com/images/g/Z4gAAeSwjVFpgUnn/s-l225.jpg	'	FALSE	FALSE	FALSE	FALSE	{}	'	'	'	'	'	'	'	'	'	'	UNASSESSED	["tier_not_proven_from_title_image_review_required"]	1.39	0.74	'	'	'	'	'	'	'	'	'	'	'	'	'	'	'	'	INSUFFICIENT	'	'	'	'	'	'	'	'	'	'	'	'	'	'	'	'	MANUAL REVIEW / UNPRICED	FALSE	FALSE	["identity_unverified","exact_comps_missing","full_costs_unknown","owned_copy_check_missing","tier_not_proven_from_title_image_review_required"]	{"ep":["wnba"],"q":["wnba.sonia-citron.broad-professional-rookies"],"id":"v1|366170847121|0"}
cand-s4-ebay-019c08a81a3eb9009d	dh-20260730T170046Z-7d4c2a91	4	2026-07-30T17:05:44.524826+00:00	WNBA / broad_professional_rookies	Kiki Iriafen	professional_wnba_rookie_card	eBay	ricbilde_0	'	v1|366472213448|0	https://www.ebay.com/itm/366472213448	LIVE	2025 Panini Prizm WNBA Kiki Iriafen Fireworks #13 Rookie RC Washington Mystics	{"q":["wnba.kiki-iriafen.broad-professional-rookies"],"s":"DISCOVERY_SCOPE_PASS"}	{"status":"UNVERIFIED"}	preliminary|019c08a81a3eb9009d	ebay|ricbilde_0|v1|366472213448|0	https://i.ebayimg.com/images/g/1g8AAeSwKQhqKE-K/s-l225.jpg	'	FALSE	FALSE	FALSE	FALSE	{}	'	'	'	'	'	'	'	'	'	'	UNASSESSED	[]	1.88	0	'	'	'	'	'	'	'	'	'	'	'	'	'	'	'	'	INSUFFICIENT	'	'	'	'	'	'	'	'	'	'	'	'	'	'	'	'	MANUAL REVIEW / UNPRICED	FALSE	FALSE	["identity_unverified","exact_comps_missing","full_costs_unknown","owned_copy_check_missing"]	{"ep":["wnba"],"q":["wnba.kiki-iriafen.broad-professional-rookies"],"id":"v1|366472213448|0"}
cand-s4-ebay-c850a1ff709ffcfe0e	dh-20260730T170046Z-7d4c2a91	4	2026-07-30T17:05:44.524826+00:00	WNBA / autograph_memorabilia	Dominique Malonga	professional_wnba_rookie_autograph_memorabilia	eBay	awenterprises23	'	v1|366476586649|0	https://www.ebay.com/itm/366476586649	LIVE	DOMINIQUE MALONGA 2025 Panini Select WNBA ROOKIE PATCH AUTO SILVER SP Storm🔥🔥	{"q":["wnba.dominique-malonga.autograph-memorabilia"],"s":"DISCOVERY_SCOPE_PASS"}	{"status":"UNVERIFIED"}	preliminary|c850a1ff709ffcfe0e	ebay|awenterprises23|v1|366476586649|0	https://i.ebayimg.com/images/g/zWQAAeSwtZFqLU28/s-l225.jpg	'	FALSE	FALSE	FALSE	FALSE	{}	'	'	'	'	'	'	'	'	'	'	UNASSESSED	[]	99.95	5.95	'	'	'	'	'	'	'	'	'	'	'	'	'	'	'	'	INSUFFICIENT	'	'	'	'	'	'	'	'	'	'	'	'	'	'	'	'	MANUAL REVIEW / UNPRICED	FALSE	FALSE	["identity_unverified","exact_comps_missing","full_costs_unknown","owned_copy_check_missing"]	{"ep":["wnba"],"q":["wnba.dominique-malonga.autograph-memorabilia"],"id":"v1|366476586649|0"}
cand-s4-ebay-3e67ac18b495ee6a97	dh-20260730T170046Z-7d4c2a91	4	2026-07-30T17:05:44.524826+00:00	WNBA / broad_professional_rookies	Sonia Citron	professional_wnba_rookie_card	eBay	jesz-17	'	v1|366531405555|0	https://www.ebay.com/itm/366531405555	LIVE	Panini Select WNBA Sonia Citron Mystics #122 Rookie Premier Level 2025	{"q":["wnba.sonia-citron.broad-professional-rookies"],"s":"DISCOVERY_SCOPE_PASS"}	{"status":"UNVERIFIED"}	preliminary|3e67ac18b495ee6a97	ebay|jesz-17|v1|366531405555|0	https://i.ebayimg.com/images/g/MjUAAeSwIo5qTxKJ/s-l225.jpg	'	FALSE	FALSE	FALSE	FALSE	{}	'	'	'	'	'	'	'	'	'	'	UNASSESSED	[]	1.25		'	'	'	'	'	'	'	'	'	'	'	'	'	'	'	'	INSUFFICIENT	'	'	'	'	'	'	'	'	'	'	'	'	'	'	'	'	MANUAL REVIEW / UNPRICED	FALSE	FALSE	["identity_unverified","exact_comps_missing","full_costs_unknown","owned_copy_check_missing"]	{"ep":["wnba"],"q":["wnba.sonia-citron.broad-professional-rookies"],"id":"v1|366531405555|0"}
cand-s4-ebay-7111521733bfe0020e	dh-20260730T170046Z-7d4c2a91	4	2026-07-30T17:05:44.524826+00:00	WNBA / broad_professional_rookies	Caitlin Clark	professional_wnba_rookie_card	eBay	cbiv1979	'	v1|366552619883|0	https://www.ebay.com/itm/366552619883	LIVE	CAITLIN CLARK ROOKIE CARD 2024 Indiana Fever Basketball #1 PICK WNBA DRAFT NIGHT	{"q":["wnba.caitlin-clark.broad-professional-rookies"],"s":"IMAGE_OR_IDENTITY_REVIEW_REQUIRED"}	{"status":"UNVERIFIED"}	preliminary|7111521733bfe0020e	ebay|cbiv1979|v1|366552619883|0	https://i.ebayimg.com/images/g/OJ0AAOSwzq5m4IDU/s-l225.jpg	'	FALSE	FALSE	FALSE	FALSE	{}	'	'	'	'	'	'	'	'	'	'	UNASSESSED	["tier_not_proven_from_title_image_review_required"]	39.99	0	'	'	'	'	'	'	'	'	'	'	'	'	'	'	'	'	INSUFFICIENT	'	'	'	'	'	'	'	'	'	'	'	'	'	'	'	'	MANUAL REVIEW / UNPRICED	FALSE	FALSE	["identity_unverified","exact_comps_missing","full_costs_unknown","owned_copy_check_missing","tier_not_proven_from_title_image_review_required"]	{"ep":["wnba"],"q":["wnba.caitlin-clark.broad-professional-rookies"],"id":"v1|366552619883|0"}
cand-s4-ebay-89d32977dbd956973b	dh-20260730T170046Z-7d4c2a91	4	2026-07-30T17:05:44.524826+00:00	WNBA / autograph_memorabilia	Paige Bueckers	professional_wnba_rookie_autograph_memorabilia	eBay	lmum7040	'	v1|366554896100|0	https://www.ebay.com/itm/366554896100	LIVE	Paige Bueckers RPA 2025 Panini Select WNBA RC Auto Blue /49 Wings Rookie Patch	{"q":["wnba.paige-bueckers.autograph-memorabilia"],"s":"DISCOVERY_SCOPE_PASS"}	{"status":"UNVERIFIED"}	preliminary|89d32977dbd956973b	ebay|lmum7040|v1|366554896100|0	https://i.ebayimg.com/images/g/YuYAAeSwZB9qXoYw/s-l225.jpg	'	FALSE	FALSE	FALSE	FALSE	{}	'	'	'	'	'	'	'	'	'	'	UNASSESSED	[]	699.99		'	'	'	'	'	'	'	'	'	'	'	'	'	'	'	'	INSUFFICIENT	'	'	'	'	'	'	'	'	'	'	'	'	'	'	'	'	MANUAL REVIEW / UNPRICED	FALSE	FALSE	["identity_unverified","exact_comps_missing","full_costs_unknown","owned_copy_check_missing"]	{"ep":["wnba"],"q":["wnba.paige-bueckers.autograph-memorabilia"],"id":"v1|366554896100|0"}
cand-s4-ebay-5db21bf14c82b83e22	dh-20260730T170046Z-7d4c2a91	4	2026-07-30T17:05:44.524826+00:00	WNBA / broad_professional_rookies	Caitlin Clark	professional_wnba_rookie_card	eBay	miccar-96	'	v1|366569023858|0	https://www.ebay.com/itm/366569023858	LIVE	Panini 2024 Prizm WNBA Caitlin Clark Fireworks Rookie RC Indiana Fever #13	{"q":["wnba.caitlin-clark.broad-professional-rookies"],"s":"DISCOVERY_SCOPE_PASS"}	{"status":"UNVERIFIED"}	preliminary|5db21bf14c82b83e22	ebay|miccar-96|v1|366569023858|0	https://i.ebayimg.com/images/g/68QAAeSw9ABqZ483/s-l225.jpg	'	FALSE	FALSE	FALSE	FALSE	{}	'	'	'	'	'	'	'	'	'	'	UNASSESSED	[]	40		'	'	'	'	'	'	'	'	'	'	'	'	'	'	'	'	INSUFFICIENT	'	'	'	'	'	'	'	'	'	'	'	'	'	'	'	'	MANUAL REVIEW / UNPRICED	FALSE	FALSE	["identity_unverified","exact_comps_missing","full_costs_unknown","owned_copy_check_missing"]	{"ep":["wnba"],"q":["wnba.caitlin-clark.broad-professional-rookies"],"id":"v1|366569023858|0"}
cand-s4-ebay-17c2c8ecfeb934860c	dh-20260730T170046Z-7d4c2a91	4	2026-07-30T17:05:44.524826+00:00	WNBA / broad_professional_rookies	Caitlin Clark	professional_wnba_rookie_card	eBay	ryancardcollector11	'	v1|366574171988|0	https://www.ebay.com/itm/366574171988	LIVE	2024 Prizm WNBA Caitlin Clark #22 Orange Ice Rookie RC PSA 9 - Indiana Fever	{"q":["wnba.caitlin-clark.broad-professional-rookies"],"s":"DISCOVERY_SCOPE_PASS"}	{"status":"UNVERIFIED"}	preliminary|17c2c8ecfeb934860c	ebay|ryancardcollector11|v1|366574171988|0	https://i.ebayimg.com/images/g/VBkAAeSwWXRqawvB/s-l225.jpg	'	FALSE	FALSE	FALSE	FALSE	{}	'	'	'	'	'	'	'	'	'	'	UNASSESSED	[]	115		'	'	'	'	'	'	'	'	'	'	'	'	'	'	'	'	INSUFFICIENT	'	'	'	'	'	'	'	'	'	'	'	'	'	'	'	'	MANUAL REVIEW / UNPRICED	FALSE	FALSE	["identity_unverified","exact_comps_missing","full_costs_unknown","owned_copy_check_missing"]	{"ep":["wnba"],"q":["wnba.caitlin-clark.broad-professional-rookies"],"id":"v1|366574171988|0"}
cand-s4-ebay-128073055a09788517	dh-20260730T170046Z-7d4c2a91	4	2026-07-30T17:05:44.524826+00:00	WNBA / autograph_memorabilia	Dominique Malonga	professional_wnba_rookie_autograph_memorabilia	eBay	naughtyredbox	'	v1|377057931275|0	https://www.ebay.com/itm/377057931275	LIVE	2025 Panini WNBA One And One Dominique Malonga Rookie Patch Auto #RJA-DM 05/10	{"q":["wnba.dominique-malonga.autograph-memorabilia"],"s":"DISCOVERY_SCOPE_PASS"}	{"status":"UNVERIFIED"}	preliminary|128073055a09788517	ebay|naughtyredbox|v1|377057931275|0	https://i.ebayimg.com/images/g/Di8AAeSw8otpwdFK/s-l225.jpg	'	FALSE	FALSE	FALSE	FALSE	{}	'	'	'	'	'	'	'	'	'	'	UNASSESSED	[]	1699.99		'	'	'	'	'	'	'	'	'	'	'	'	'	'	'	'	INSUFFICIENT	'	'	'	'	'	'	'	'	'	'	'	'	'	'	'	'	MANUAL REVIEW / UNPRICED	FALSE	FALSE	["identity_unverified","exact_comps_missing","full_costs_unknown","owned_copy_check_missing"]	{"ep":["wnba"],"q":["wnba.dominique-malonga.autograph-memorabilia"],"id":"v1|377057931275|0"}
cand-s4-ebay-a12b7a9b4b8e6b2e59	dh-20260730T170046Z-7d4c2a91	4	2026-07-30T17:05:44.524826+00:00	WNBA / broad_professional_rookies	Paige Bueckers	professional_wnba_rookie_card	eBay	pistolwilliam	'	v1|377062638147|0	https://www.ebay.com/itm/377062638147	LIVE	PAIGE BUECKERS * DALLAS WINGS WNBA 2023 "ROOKIE" #RS-67 BASKETBALL CARD	{"q":["wnba.paige-bueckers.broad-professional-rookies"],"s":"IMAGE_OR_IDENTITY_REVIEW_REQUIRED"}	{"status":"UNVERIFIED"}	preliminary|a12b7a9b4b8e6b2e59	ebay|pistolwilliam|v1|377062638147|0	https://i.ebayimg.com/images/g/t00AAeSwhD1pV83-/s-l225.jpg	'	FALSE	FALSE	FALSE	FALSE	{}	'	'	'	'	'	'	'	'	'	'	UNASSESSED	["tier_not_proven_from_title_image_review_required"]	5.5	0	'	'	'	'	'	'	'	'	'	'	'	'	'	'	'	'	INSUFFICIENT	'	'	'	'	'	'	'	'	'	'	'	'	'	'	'	'	MANUAL REVIEW / UNPRICED	FALSE	FALSE	["identity_unverified","exact_comps_missing","full_costs_unknown","owned_copy_check_missing","tier_not_proven_from_title_image_review_required"]	{"ep":["wnba"],"q":["wnba.paige-bueckers.broad-professional-rookies"],"id":"v1|377062638147|0"}
cand-s4-ebay-0a171d3b3f198204dd	dh-20260730T170046Z-7d4c2a91	4	2026-07-30T17:05:44.524826+00:00	WNBA / broad_professional_rookies	Caitlin Clark	professional_wnba_rookie_card	eBay	timmy-tough-knuckles	'	v1|377376527536|0	https://www.ebay.com/itm/377376527536	LIVE	Panini 2025 WNBA Chronicles Caitlin Clark Indiana Fever Rookie Card #8 Ice	{"q":["wnba.caitlin-clark.broad-professional-rookies"],"s":"DISCOVERY_SCOPE_PASS"}	{"status":"UNVERIFIED"}	preliminary|0a171d3b3f198204dd	ebay|timmy-tough-knuckles|v1|377376527536|0	https://i.ebayimg.com/images/g/kuIAAeSwMttqaNhB/s-l225.jpg	'	FALSE	FALSE	FALSE	FALSE	{}	'	'	'	'	'	'	'	'	'	'	UNASSESSED	[]	20		'	'	'	'	'	'	'	'	'	'	'	'	'	'	'	'	INSUFFICIENT	'	'	'	'	'	'	'	'	'	'	'	'	'	'	'	'	MANUAL REVIEW / UNPRICED	FALSE	FALSE	["identity_unverified","exact_comps_missing","full_costs_unknown","owned_copy_check_missing"]	{"ep":["wnba"],"q":["wnba.caitlin-clark.broad-professional-rookies"],"id":"v1|377376527536|0"}
cand-s4-ebay-fcc738e323a85bbfd0	dh-20260730T170046Z-7d4c2a91	4	2026-07-30T17:05:44.524826+00:00	WNBA / broad_professional_rookies	Paige Bueckers	professional_wnba_rookie_card	eBay	ke_953350	'	v1|377380333459|0	https://www.ebay.com/itm/377380333459	LIVE	2025 Donruss WNBA #86 Paige Bueckers Dallas Wings Rookie	{"q":["wnba.paige-bueckers.broad-professional-rookies"],"s":"IMAGE_OR_IDENTITY_REVIEW_REQUIRED"}	{"status":"UNVERIFIED"}	preliminary|fcc738e323a85bbfd0	ebay|ke_953350|v1|377380333459|0	https://i.ebayimg.com/images/g/mvQAAeSw60hqNg9x/s-l225.jpg	'	FALSE	FALSE	FALSE	FALSE	{}	'	'	'	'	'	'	'	'	'	'	UNASSESSED	["tier_not_proven_from_title_image_review_required"]	2.99	0	'	'	'	'	'	'	'	'	'	'	'	'	'	'	'	'	INSUFFICIENT	'	'	'	'	'	'	'	'	'	'	'	'	'	'	'	'	MANUAL REVIEW / UNPRICED	FALSE	FALSE	["identity_unverified","exact_comps_missing","full_costs_unknown","owned_copy_check_missing","tier_not_proven_from_title_image_review_required"]	{"ep":["wnba"],"q":["wnba.paige-bueckers.broad-professional-rookies"],"id":"v1|377380333459|0"}
cand-s4-ebay-68341f4b1f80f9e835	dh-20260730T170046Z-7d4c2a91	4	2026-07-30T17:05:44.524826+00:00	WNBA / broad_professional_rookies	Paige Bueckers	professional_wnba_rookie_card	eBay	4bases	'	v1|389255757096|0	https://www.ebay.com/itm/389255757096	LIVE	2025-26 Panini Paige Bueckers Dallas Wings Rated Rookie Card #86 Gem Mint 10!	{"q":["wnba.paige-bueckers.broad-professional-rookies"],"s":"IMAGE_OR_IDENTITY_REVIEW_REQUIRED"}	{"status":"UNVERIFIED"}	preliminary|68341f4b1f80f9e835	ebay|4bases|v1|389255757096|0	https://i.ebayimg.com/images/g/EQ0AAeSw5eRpHime/s-l225.jpg	'	FALSE	FALSE	FALSE	FALSE	{}	'	'	'	'	'	'	'	'	'	'	UNASSESSED	["tier_not_proven_from_title_image_review_required"]	22.49		'	'	'	'	'	'	'	'	'	'	'	'	'	'	'	'	INSUFFICIENT	'	'	'	'	'	'	'	'	'	'	'	'	'	'	'	'	MANUAL REVIEW / UNPRICED	FALSE	FALSE	["identity_unverified","exact_comps_missing","full_costs_unknown","owned_copy_check_missing","tier_not_proven_from_title_image_review_required"]	{"ep":["wnba"],"q":["wnba.paige-bueckers.broad-professional-rookies"],"id":"v1|389255757096|0"}
cand-s4-ebay-4e78071a22237221bd	dh-20260730T170046Z-7d4c2a91	4	2026-07-30T17:05:44.524826+00:00	WNBA / broad_professional_rookies	Caitlin Clark	professional_wnba_rookie_card	eBay	plant_mar	'	v1|395595930094|0	https://www.ebay.com/itm/395595930094	LIVE	Caitlin Clark 2024 Panini Instant WNBA 1st Graded 10 Rookie Card #72 Fever/Iowa	{"q":["wnba.caitlin-clark.broad-professional-rookies"],"s":"IMAGE_OR_IDENTITY_REVIEW_REQUIRED"}	{"status":"UNVERIFIED"}	preliminary|4e78071a22237221bd	ebay|plant_mar|v1|395595930094|0	https://i.ebayimg.com/images/g/VtcAAOSwyp1m6DyG/s-l225.jpg	'	FALSE	FALSE	FALSE	FALSE	{}	'	'	'	'	'	'	'	'	'	'	UNASSESSED	["tier_not_proven_from_title_image_review_required"]	179.99	0	'	'	'	'	'	'	'	'	'	'	'	'	'	'	'	'	INSUFFICIENT	'	'	'	'	'	'	'	'	'	'	'	'	'	'	'	'	MANUAL REVIEW / UNPRICED	FALSE	FALSE	["identity_unverified","exact_comps_missing","full_costs_unknown","owned_copy_check_missing","tier_not_proven_from_title_image_review_required"]	{"ep":["wnba"],"q":["wnba.caitlin-clark.broad-professional-rookies"],"id":"v1|395595930094|0"}
cand-s4-ebay-ddd3a3e55a34dbaa5c	dh-20260730T170046Z-7d4c2a91	4	2026-07-30T17:05:44.524826+00:00	WNBA / autograph_memorabilia	Caitlin Clark	professional_wnba_rookie_autograph_memorabilia	eBay	sumo_sports_cards	'	v1|396189202905|0	https://www.ebay.com/itm/396189202905	LIVE	2024 SELECT WNBA CAITLIN CLARK GOLD ROOKIE PATCH AUTO /10 SSP-PSA 9/AUTO 10	{"q":["wnba.caitlin-clark.autograph-memorabilia"],"s":"DISCOVERY_SCOPE_PASS"}	{"status":"UNVERIFIED"}	preliminary|ddd3a3e55a34dbaa5c	ebay|sumo_sports_cards|v1|396189202905|0	https://i.ebayimg.com/images/g/1wEAAOSw7Clnp-mP/s-l225.jpg	'	FALSE	FALSE	FALSE	FALSE	{}	'	'	'	'	'	'	'	'	'	'	UNASSESSED	[]	15000		'	'	'	'	'	'	'	'	'	'	'	'	'	'	'	'	INSUFFICIENT	'	'	'	'	'	'	'	'	'	'	'	'	'	'	'	'	MANUAL REVIEW / UNPRICED	FALSE	FALSE	["identity_unverified","exact_comps_missing","full_costs_unknown","owned_copy_check_missing"]	{"ep":["wnba"],"q":["wnba.caitlin-clark.autograph-memorabilia"],"id":"v1|396189202905|0"}
cand-s4-ebay-8f31cca5fb9e16ffa4	dh-20260730T170046Z-7d4c2a91	4	2026-07-30T17:05:44.524826+00:00	WNBA / broad_professional_rookies	Paige Bueckers	professional_wnba_rookie_card	eBay	plant_mar	'	v1|397054066296|0	https://www.ebay.com/itm/397054066296	LIVE	Paige Bueckers 2025 Panini Instant WNBA Rookie Card Dallas Wings 1st Graded 10	{"q":["wnba.paige-bueckers.broad-professional-rookies"],"s":"IMAGE_OR_IDENTITY_REVIEW_REQUIRED"}	{"status":"UNVERIFIED"}	preliminary|8f31cca5fb9e16ffa4	ebay|plant_mar|v1|397054066296|0	https://i.ebayimg.com/images/g/RocAAeSwGDhoxggX/s-l225.jpg	'	FALSE	FALSE	FALSE	FALSE	{}	'	'	'	'	'	'	'	'	'	'	UNASSESSED	["tier_not_proven_from_title_image_review_required"]	29.99	0	'	'	'	'	'	'	'	'	'	'	'	'	'	'	'	'	INSUFFICIENT	'	'	'	'	'	'	'	'	'	'	'	'	'	'	'	'	MANUAL REVIEW / UNPRICED	FALSE	FALSE	["identity_unverified","exact_comps_missing","full_costs_unknown","owned_copy_check_missing","tier_not_proven_from_title_image_review_required"]	{"ep":["wnba"],"q":["wnba.paige-bueckers.broad-professional-rookies"],"id":"v1|397054066296|0"}
cand-s4-ebay-2b3b8a69331c02764c	dh-20260730T170046Z-7d4c2a91	4	2026-07-30T17:05:44.524826+00:00	WNBA / broad_professional_rookies	Paige Bueckers	professional_wnba_rookie_card	eBay	plant_mar	'	v1|397650266114|0	https://www.ebay.com/itm/397650266114	LIVE	Paige Bueckers 2025 Panini Prizm WNBA #5 Dallas Wings Rookie Card 1st Graded 10	{"q":["wnba.paige-bueckers.broad-professional-rookies"],"s":"DISCOVERY_SCOPE_PASS"}	{"status":"UNVERIFIED"}	preliminary|2b3b8a69331c02764c	ebay|plant_mar|v1|397650266114|0	https://i.ebayimg.com/images/g/gC8AAeSwRgFpn5Qp/s-l225.jpg	'	FALSE	FALSE	FALSE	FALSE	{}	'	'	'	'	'	'	'	'	'	'	UNASSESSED	[]	97.49	0	'	'	'	'	'	'	'	'	'	'	'	'	'	'	'	'	INSUFFICIENT	'	'	'	'	'	'	'	'	'	'	'	'	'	'	'	'	MANUAL REVIEW / UNPRICED	FALSE	FALSE	["identity_unverified","exact_comps_missing","full_costs_unknown","owned_copy_check_missing"]	{"ep":["wnba"],"q":["wnba.paige-bueckers.broad-professional-rookies"],"id":"v1|397650266114|0"}
cand-s4-ebay-42e9cf313f6a501e64	dh-20260730T170046Z-7d4c2a91	4	2026-07-30T17:05:44.524826+00:00	WNBA / broad_professional_rookies	Paige Bueckers	professional_wnba_rookie_card	eBay	imru59	'	v1|397901251417|0	https://www.ebay.com/itm/397901251417	LIVE	2025 Panini Prizm WNBA Paige Bueckers Groovy Red Rookie RC 42/99 #12 Wings HTF	{"q":["wnba.paige-bueckers.broad-professional-rookies"],"s":"DISCOVERY_SCOPE_PASS"}	{"status":"UNVERIFIED"}	preliminary|42e9cf313f6a501e64	ebay|imru59|v1|397901251417|0	https://i.ebayimg.com/images/g/rDkAAeSw8iBp9TFX/s-l225.jpg	'	FALSE	FALSE	FALSE	FALSE	{}	'	'	'	'	'	'	'	'	'	'	UNASSESSED	[]	135.22	6	'	'	'	'	'	'	'	'	'	'	'	'	'	'	'	'	INSUFFICIENT	'	'	'	'	'	'	'	'	'	'	'	'	'	'	'	'	MANUAL REVIEW / UNPRICED	FALSE	FALSE	["identity_unverified","exact_comps_missing","full_costs_unknown","owned_copy_check_missing"]	{"ep":["wnba"],"q":["wnba.paige-bueckers.broad-professional-rookies"],"id":"v1|397901251417|0"}
cand-s4-ebay-d3324250a7c31dc152	dh-20260730T170046Z-7d4c2a91	4	2026-07-30T17:05:44.524826+00:00	WNBA / broad_professional_rookies	Dominique Malonga	professional_wnba_rookie_card	eBay	imru59	'	v1|398038282862|0	https://www.ebay.com/itm/398038282862	LIVE	2025 WNBA Select Signature Draft Selections 🏀 Dominique Malonga #DSS-DM 🔥 RC	{"q":["wnba.dominique-malonga.broad-professional-rookies"],"s":"DISCOVERY_SCOPE_PASS"}	{"status":"UNVERIFIED"}	preliminary|d3324250a7c31dc152	ebay|imru59|v1|398038282862|0	https://i.ebayimg.com/images/g/26sAAeSwBfhqJc~Y/s-l225.jpg	'	FALSE	FALSE	FALSE	FALSE	{}	'	'	'	'	'	'	'	'	'	'	UNASSESSED	[]	100.78	6.17	'	'	'	'	'	'	'	'	'	'	'	'	'	'	'	'	INSUFFICIENT	'	'	'	'	'	'	'	'	'	'	'	'	'	'	'	'	MANUAL REVIEW / UNPRICED	FALSE	FALSE	["identity_unverified","exact_comps_missing","full_costs_unknown","owned_copy_check_missing"]	{"ep":["wnba"],"q":["wnba.dominique-malonga.broad-professional-rookies"],"id":"v1|398038282862|0"}
cand-s4-ebay-d7c14024b95233a71e	dh-20260730T170046Z-7d4c2a91	4	2026-07-30T17:05:44.524826+00:00	WNBA / broad_professional_rookies	Kiki Iriafen	professional_wnba_rookie_card	eBay	imru59	'	v1|398094439592|0	https://www.ebay.com/itm/398094439592	LIVE	2025 WNBA PANINI PRIZM 🎆 Pink Velocity SSP  /79 KIKI IRIAFEN #149 Mystics 🔥	{"q":["wnba.kiki-iriafen.broad-professional-rookies"],"s":"DISCOVERY_SCOPE_PASS"}	{"status":"UNVERIFIED"}	preliminary|d7c14024b95233a71e	ebay|imru59|v1|398094439592|0	https://i.ebayimg.com/images/g/DHoAAeSw6tJqOUV5/s-l225.jpg	'	FALSE	FALSE	FALSE	FALSE	{}	'	'	'	'	'	'	'	'	'	'	UNASSESSED	[]	29.66	5.5	'	'	'	'	'	'	'	'	'	'	'	'	'	'	'	'	INSUFFICIENT	'	'	'	'	'	'	'	'	'	'	'	'	'	'	'	'	MANUAL REVIEW / UNPRICED	FALSE	FALSE	["identity_unverified","exact_comps_missing","full_costs_unknown","owned_copy_check_missing"]	{"ep":["wnba"],"q":["wnba.kiki-iriafen.broad-professional-rookies"],"id":"v1|398094439592|0"}
cand-s4-ebay-d1f0fca97f91837c5e	dh-20260730T170046Z-7d4c2a91	4	2026-07-30T17:05:44.524826+00:00	WNBA / broad_professional_rookies	Kiki Iriafen	professional_wnba_rookie_card	eBay	istockgrizz	'	v1|398124960362|0	https://www.ebay.com/itm/398124960362	LIVE	2025 Donruss WNBA #94 Kiki Iriafen Rated Rookies Signatures Holo Frame #/49	{"q":["wnba.kiki-iriafen.broad-professional-rookies"],"s":"DISCOVERY_SCOPE_PASS"}	{"status":"UNVERIFIED"}	preliminary|d1f0fca97f91837c5e	ebay|istockgrizz|v1|398124960362|0	https://i.ebayimg.com/images/g/Pd4AAeSwebNqRA3q/s-l225.jpg	'	FALSE	FALSE	FALSE	FALSE	{}	'	'	'	'	'	'	'	'	'	'	UNASSESSED	[]	159.99	5.5	'	'	'	'	'	'	'	'	'	'	'	'	'	'	'	'	INSUFFICIENT	'	'	'	'	'	'	'	'	'	'	'	'	'	'	'	'	MANUAL REVIEW / UNPRICED	FALSE	FALSE	["identity_unverified","exact_comps_missing","full_costs_unknown","owned_copy_check_missing"]	{"ep":["wnba"],"q":["wnba.kiki-iriafen.broad-professional-rookies"],"id":"v1|398124960362|0"}
cand-s4-ebay-50aa38c0c83dc80e5b	dh-20260730T170046Z-7d4c2a91	4	2026-07-30T17:05:44.524826+00:00	WNBA / broad_professional_rookies	Kiki Iriafen	professional_wnba_rookie_card	eBay	imru59	'	v1|398139898553|0	https://www.ebay.com/itm/398139898553	LIVE	2025 WNBA Select GOLD Premier SSP /10 #102 KIKI IRIAFEN 🔥 Mystics Rookie	{"q":["wnba.kiki-iriafen.broad-professional-rookies"],"s":"DISCOVERY_SCOPE_PASS"}	{"status":"UNVERIFIED"}	preliminary|50aa38c0c83dc80e5b	ebay|imru59|v1|398139898553|0	https://i.ebayimg.com/images/g/sKMAAeSwAUpqSVAF/s-l225.jpg	'	FALSE	FALSE	FALSE	FALSE	{}	'	'	'	'	'	'	'	'	'	'	UNASSESSED	[]	265.66	6.17	'	'	'	'	'	'	'	'	'	'	'	'	'	'	'	'	INSUFFICIENT	'	'	'	'	'	'	'	'	'	'	'	'	'	'	'	'	MANUAL REVIEW / UNPRICED	FALSE	FALSE	["identity_unverified","exact_comps_missing","full_costs_unknown","owned_copy_check_missing"]	{"ep":["wnba"],"q":["wnba.kiki-iriafen.broad-professional-rookies"],"id":"v1|398139898553|0"}
cand-s4-ebay-bde5ac2d4ed6145dc5	dh-20260730T170046Z-7d4c2a91	4	2026-07-30T17:05:44.524826+00:00	WNBA / broad_professional_rookies	Kiki Iriafen	professional_wnba_rookie_card	eBay	imru59	'	v1|398215143472|0	https://www.ebay.com/itm/398215143472	LIVE	2025 WNBA Select Prizm GREEN FEARLESS 🟢 RC KIKI IRIAFEN /75 SP #8 Mystics	{"q":["wnba.kiki-iriafen.broad-professional-rookies"],"s":"DISCOVERY_SCOPE_PASS"}	{"status":"UNVERIFIED"}	preliminary|bde5ac2d4ed6145dc5	ebay|imru59|v1|398215143472|0	https://i.ebayimg.com/images/g/UQYAAeSwSApqZTq2/s-l225.jpg	'	FALSE	FALSE	FALSE	FALSE	{}	'	'	'	'	'	'	'	'	'	'	UNASSESSED	[]	2.78	1.07	'	'	'	'	'	'	'	'	'	'	'	'	'	'	'	'	INSUFFICIENT	'	'	'	'	'	'	'	'	'	'	'	'	'	'	'	'	MANUAL REVIEW / UNPRICED	FALSE	FALSE	["identity_unverified","exact_comps_missing","full_costs_unknown","owned_copy_check_missing"]	{"ep":["wnba"],"q":["wnba.kiki-iriafen.broad-professional-rookies"],"id":"v1|398215143472|0"}
cand-s4-ebay-1b656a0a8ca96f30f7	dh-20260730T170046Z-7d4c2a91	4	2026-07-30T17:05:44.524826+00:00	WNBA / broad_professional_rookies	Paige Bueckers	professional_wnba_rookie_card	eBay	imru59	'	v1|398216641324|0	https://www.ebay.com/itm/398216641324	LIVE	2025 WNBA Panini PAIGE BUECKERS Snakeskin 🔥 RC #147 Wings - Investment	{"q":["wnba.paige-bueckers.broad-professional-rookies"],"s":"IMAGE_OR_IDENTITY_REVIEW_REQUIRED"}	{"status":"UNVERIFIED"}	preliminary|1b656a0a8ca96f30f7	ebay|imru59|v1|398216641324|0	https://i.ebayimg.com/images/g/b~kAAeSwLQ5qL0EH/s-l225.jpg	'	FALSE	FALSE	FALSE	FALSE	{}	'	'	'	'	'	'	'	'	'	'	UNASSESSED	["tier_not_proven_from_title_image_review_required"]	2000.66	14.5	'	'	'	'	'	'	'	'	'	'	'	'	'	'	'	'	INSUFFICIENT	'	'	'	'	'	'	'	'	'	'	'	'	'	'	'	'	MANUAL REVIEW / UNPRICED	FALSE	FALSE	["identity_unverified","exact_comps_missing","full_costs_unknown","owned_copy_check_missing","tier_not_proven_from_title_image_review_required"]	{"ep":["wnba"],"q":["wnba.paige-bueckers.broad-professional-rookies"],"id":"v1|398216641324|0"}
cand-s4-ebay-0ac27b754b57b2b768	dh-20260730T170046Z-7d4c2a91	4	2026-07-30T17:05:44.524826+00:00	WNBA / broad_professional_rookies	Dominique Malonga	professional_wnba_rookie_card	eBay	clydes_tavern	'	v1|398223827407|0	https://www.ebay.com/itm/398223827407	LIVE	2025 Panini Prizm WNBA #144 Dominique Malonga Seattle Storm RC	{"q":["wnba.dominique-malonga.broad-professional-rookies"],"s":"DISCOVERY_SCOPE_PASS"}	{"status":"UNVERIFIED"}	preliminary|0ac27b754b57b2b768	ebay|clydes_tavern|v1|398223827407|0	https://i.ebayimg.com/images/g/noQAAeSwPtpqRx0M/s-l225.jpg	'	FALSE	FALSE	FALSE	FALSE	{}	'	'	'	'	'	'	'	'	'	'	UNASSESSED	[]	1.49	0	'	'	'	'	'	'	'	'	'	'	'	'	'	'	'	'	INSUFFICIENT	'	'	'	'	'	'	'	'	'	'	'	'	'	'	'	'	MANUAL REVIEW / UNPRICED	FALSE	FALSE	["identity_unverified","exact_comps_missing","full_costs_unknown","owned_copy_check_missing"]	{"ep":["wnba"],"q":["wnba.dominique-malonga.broad-professional-rookies"],"id":"v1|398223827407|0"}
cand-s4-ebay-b02a61d5f878fb7dbe	dh-20260730T170046Z-7d4c2a91	4	2026-07-30T17:05:44.524826+00:00	WNBA / broad_professional_rookies	Sonia Citron	professional_wnba_rookie_card	eBay	rjgmemorabilia72	'	v1|406270120845|0	https://www.ebay.com/itm/406270120845	LIVE	2025 Panini Instant WNBA #183 Sonia Citron Washington Mystics RC - PR:261	{"q":["wnba.sonia-citron.broad-professional-rookies"],"s":"IMAGE_OR_IDENTITY_REVIEW_REQUIRED"}	{"status":"UNVERIFIED"}	preliminary|b02a61d5f878fb7dbe	ebay|rjgmemorabilia72|v1|406270120845|0	https://i.ebayimg.com/images/g/LZMAAeSwO~No5X6E/s-l225.jpg	'	FALSE	FALSE	FALSE	FALSE	{}	'	'	'	'	'	'	'	'	'	'	UNASSESSED	["tier_not_proven_from_title_image_review_required"]	6.99		'	'	'	'	'	'	'	'	'	'	'	'	'	'	'	'	INSUFFICIENT	'	'	'	'	'	'	'	'	'	'	'	'	'	'	'	'	MANUAL REVIEW / UNPRICED	FALSE	FALSE	["identity_unverified","exact_comps_missing","full_costs_unknown","owned_copy_check_missing","tier_not_proven_from_title_image_review_required"]	{"ep":["wnba"],"q":["wnba.sonia-citron.broad-professional-rookies"],"id":"v1|406270120845|0"}
cand-s4-ebay-7f1737552300d4005a	dh-20260730T170046Z-7d4c2a91	4	2026-07-30T17:05:44.524826+00:00	WNBA / autograph_memorabilia	Kiki Iriafen	professional_wnba_rookie_autograph_memorabilia	eBay	bboyscards	'	v1|406515938456|0	https://www.ebay.com/itm/406515938456	LIVE	2025 Panini Impeccable WNBA Kiki Iriafen Elegance Rookie Patch On Card Auto /99	{"q":["wnba.kiki-iriafen.autograph-memorabilia"],"s":"DISCOVERY_SCOPE_PASS"}	{"status":"UNVERIFIED"}	preliminary|7f1737552300d4005a	ebay|bboyscards|v1|406515938456|0	https://i.ebayimg.com/images/g/GcQAAeSwKe9pTDoM/s-l225.jpg	'	FALSE	FALSE	FALSE	FALSE	{}	'	'	'	'	'	'	'	'	'	'	UNASSESSED	[]	448		'	'	'	'	'	'	'	'	'	'	'	'	'	'	'	'	INSUFFICIENT	'	'	'	'	'	'	'	'	'	'	'	'	'	'	'	'	MANUAL REVIEW / UNPRICED	FALSE	FALSE	["identity_unverified","exact_comps_missing","full_costs_unknown","owned_copy_check_missing"]	{"ep":["wnba"],"q":["wnba.kiki-iriafen.autograph-memorabilia"],"id":"v1|406515938456|0"}
cand-s4-ebay-9838f658414f80eace	dh-20260730T170046Z-7d4c2a91	4	2026-07-30T17:05:44.524826+00:00	WNBA / broad_professional_rookies	Dominique Malonga	professional_wnba_rookie_card	eBay	alsportscards	'	v1|407013767153|0	https://www.ebay.com/itm/407013767153	LIVE	Dominique Malonga 2025 Prizm WNBA True Gold Fireworks /10 Storm Rookie RC #12	{"q":["wnba.dominique-malonga.broad-professional-rookies"],"s":"DISCOVERY_SCOPE_PASS"}	{"status":"UNVERIFIED"}	preliminary|9838f658414f80eace	ebay|alsportscards|v1|407013767153|0	https://i.ebayimg.com/images/g/xJ4AAeSwArRqNcdO/s-l225.jpg	'	FALSE	FALSE	FALSE	FALSE	{}	'	'	'	'	'	'	'	'	'	'	UNASSESSED	[]	375	0	'	'	'	'	'	'	'	'	'	'	'	'	'	'	'	'	INSUFFICIENT	'	'	'	'	'	'	'	'	'	'	'	'	'	'	'	'	MANUAL REVIEW / UNPRICED	FALSE	FALSE	["identity_unverified","exact_comps_missing","full_costs_unknown","owned_copy_check_missing"]	{"ep":["wnba"],"q":["wnba.dominique-malonga.broad-professional-rookies"],"id":"v1|407013767153|0"}
cand-s4-ebay-7c269af89e4b42835c	dh-20260730T170046Z-7d4c2a91	4	2026-07-30T17:05:44.524826+00:00	WNBA / broad_professional_rookies	Sonia Citron	professional_wnba_rookie_card	eBay	evscards99	'	v1|407102645650|0	https://www.ebay.com/itm/407102645650	LIVE	2025 Panini Prizm WNBA Sonia Citron RC Variation #148 - Washington Mystics	{"q":["wnba.sonia-citron.broad-professional-rookies"],"s":"DISCOVERY_SCOPE_PASS"}	{"status":"UNVERIFIED"}	preliminary|7c269af89e4b42835c	ebay|evscards99|v1|407102645650|0	https://i.ebayimg.com/images/g/yIEAAeSwhINqZ-4v/s-l225.jpg	'	FALSE	FALSE	FALSE	FALSE	{}	'	'	'	'	'	'	'	'	'	'	UNASSESSED	[]	1.8	0	'	'	'	'	'	'	'	'	'	'	'	'	'	'	'	'	INSUFFICIENT	'	'	'	'	'	'	'	'	'	'	'	'	'	'	'	'	MANUAL REVIEW / UNPRICED	FALSE	FALSE	["identity_unverified","exact_comps_missing","full_costs_unknown","owned_copy_check_missing"]	{"ep":["wnba"],"q":["wnba.sonia-citron.broad-professional-rookies"],"id":"v1|407102645650|0"}
cand-s4-ebay-9114064dd02e8ed45f	dh-20260730T170046Z-7d4c2a91	4	2026-07-30T17:05:44.524826+00:00	WNBA / broad_professional_rookies	Caitlin Clark	professional_wnba_rookie_card	eBay	mmendiola97	'	v1|407104540741|0	https://www.ebay.com/itm/407104540741	LIVE	Caitlin Clark 2024 Panini Prizm WNBA Ice Prizms # 145 Rookie Indiana Fever	{"q":["wnba.caitlin-clark.broad-professional-rookies"],"s":"DISCOVERY_SCOPE_PASS"}	{"status":"UNVERIFIED"}	preliminary|9114064dd02e8ed45f	ebay|mmendiola97|v1|407104540741|0	https://i.ebayimg.com/images/g/ES8AAeSw2MxqaPg1/s-l225.jpg	'	FALSE	FALSE	FALSE	FALSE	{}	'	'	'	'	'	'	'	'	'	'	UNASSESSED	[]	61.65		'	'	'	'	'	'	'	'	'	'	'	'	'	'	'	'	INSUFFICIENT	'	'	'	'	'	'	'	'	'	'	'	'	'	'	'	'	MANUAL REVIEW / UNPRICED	FALSE	FALSE	["identity_unverified","exact_comps_missing","full_costs_unknown","owned_copy_check_missing"]	{"ep":["wnba"],"q":["wnba.caitlin-clark.broad-professional-rookies"],"id":"v1|407104540741|0"}
cand-s4-ebay-10781364f78b1e88a2	dh-20260730T170046Z-7d4c2a91	4	2026-07-30T17:05:44.524826+00:00	WNBA / broad_professional_rookies	Paige Bueckers	professional_wnba_rookie_card	eBay	brysh3613	'	v1|407108518913|0	https://www.ebay.com/itm/407108518913	LIVE	2025 Prizm WNBA Paige Bueckers RC Cracked Ice Rookie Variation #147 Dallas Wings	{"q":["wnba.paige-bueckers.broad-professional-rookies"],"s":"DISCOVERY_SCOPE_PASS"}	{"status":"UNVERIFIED"}	preliminary|10781364f78b1e88a2	ebay|brysh3613|v1|407108518913|0	https://i.ebayimg.com/images/g/jVUAAeSwf4Jqa1xf/s-l225.jpg	'	FALSE	FALSE	FALSE	FALSE	{}	'	'	'	'	'	'	'	'	'	'	UNASSESSED	[]	19.5		'	'	'	'	'	'	'	'	'	'	'	'	'	'	'	'	INSUFFICIENT	'	'	'	'	'	'	'	'	'	'	'	'	'	'	'	'	MANUAL REVIEW / UNPRICED	FALSE	FALSE	["identity_unverified","exact_comps_missing","full_costs_unknown","owned_copy_check_missing"]	{"ep":["wnba"],"q":["wnba.paige-bueckers.broad-professional-rookies"],"id":"v1|407108518913|0"}
cand-s4-ebay-6f850492c048e57aee	dh-20260730T170046Z-7d4c2a91	4	2026-07-30T17:05:44.524826+00:00	WNBA / broad_professional_rookies	Dominique Malonga	professional_wnba_rookie_card	eBay	thecaylincollective	'	v1|407108677225|0	https://www.ebay.com/itm/407108677225	LIVE	Panini 2025 Prizm WNBA Dominique Malonga Rookie #116 Seattle Storm /175	{"q":["wnba.dominique-malonga.broad-professional-rookies"],"s":"DISCOVERY_SCOPE_PASS"}	{"status":"UNVERIFIED"}	preliminary|6f850492c048e57aee	ebay|thecaylincollective|v1|407108677225|0	https://i.ebayimg.com/images/g/~PwAAeSwww5qa3N8/s-l225.jpg	'	FALSE	FALSE	FALSE	FALSE	{}	'	'	'	'	'	'	'	'	'	'	UNASSESSED	[]	20		'	'	'	'	'	'	'	'	'	'	'	'	'	'	'	'	INSUFFICIENT	'	'	'	'	'	'	'	'	'	'	'	'	'	'	'	'	MANUAL REVIEW / UNPRICED	FALSE	FALSE	["identity_unverified","exact_comps_missing","full_costs_unknown","owned_copy_check_missing"]	{"ep":["wnba"],"q":["wnba.dominique-malonga.broad-professional-rookies"],"id":"v1|407108677225|0"}
cand-s4-ebay-45bff481d9fb5298c0	dh-20260730T170046Z-7d4c2a91	4	2026-07-30T17:05:44.524826+00:00	WNBA / autograph_memorabilia	Dominique Malonga	professional_wnba_rookie_autograph_memorabilia	eBay	matta_card_shop	'	v1|800081845971|0	https://www.ebay.com/itm/800081845971	LIVE	2025 Panini Select WNBA DOMINIQUE MALONGA ROOKIE PATCH AUTO SILVER SP Storm🔥🔥	{"q":["wnba.dominique-malonga.autograph-memorabilia"],"s":"DISCOVERY_SCOPE_PASS"}	{"status":"UNVERIFIED"}	preliminary|45bff481d9fb5298c0	ebay|matta_card_shop|v1|800081845971|0	https://i.ebayimg.com/images/g/~V4AAeSweGNqF5rj/s-l225.jpg	'	FALSE	FALSE	FALSE	FALSE	{}	'	'	'	'	'	'	'	'	'	'	UNASSESSED	[]	129.99	5.99	'	'	'	'	'	'	'	'	'	'	'	'	'	'	'	'	INSUFFICIENT	'	'	'	'	'	'	'	'	'	'	'	'	'	'	'	'	MANUAL REVIEW / UNPRICED	FALSE	FALSE	["identity_unverified","exact_comps_missing","full_costs_unknown","owned_copy_check_missing"]	{"ep":["wnba"],"q":["wnba.dominique-malonga.autograph-memorabilia"],"id":"v1|800081845971|0"}
cand-s4-ebay-49cefd5a3d958f559a	dh-20260730T170046Z-7d4c2a91	4	2026-07-30T17:05:44.524826+00:00	WNBA / autograph_memorabilia	Paige Bueckers	professional_wnba_rookie_autograph_memorabilia	eBay	breakpointllc-2020	'	v1|800278316810|0	https://www.ebay.com/itm/800278316810	LIVE	Paige Bueckers Silver Prizm Rookie Patch Auto 2025 Panini Select WNBA Basketball	{"q":["wnba.paige-bueckers.autograph-memorabilia"],"s":"DISCOVERY_SCOPE_PASS"}	{"status":"UNVERIFIED"}	preliminary|49cefd5a3d958f559a	ebay|breakpointllc-2020|v1|800278316810|0	https://i.ebayimg.com/images/g/ibgAAeSwznxqRpmF/s-l225.jpg	'	FALSE	FALSE	FALSE	FALSE	{}	'	'	'	'	'	'	'	'	'	'	UNASSESSED	[]	700	15	'	'	'	'	'	'	'	'	'	'	'	'	'	'	'	'	INSUFFICIENT	'	'	'	'	'	'	'	'	'	'	'	'	'	'	'	'	MANUAL REVIEW / UNPRICED	FALSE	FALSE	["identity_unverified","exact_comps_missing","full_costs_unknown","owned_copy_check_missing"]	{"ep":["wnba"],"q":["wnba.paige-bueckers.autograph-memorabilia"],"id":"v1|800278316810|0"}
cand-s4-ebay-06b1983f3c4f478771	dh-20260730T170046Z-7d4c2a91	4	2026-07-30T17:05:44.524826+00:00	WNBA / autograph_memorabilia	Sonia Citron	professional_wnba_rookie_autograph_memorabilia	eBay	tocl_4310	'	v1|800360753652|0	https://www.ebay.com/itm/800360753652	LIVE	SONIA CITRON 2025 WNBA NATIONAL TREASURES ROOKIE PATCH AUTO #50/99 🔥SEALED🔥	{"q":["wnba.sonia-citron.autograph-memorabilia"],"s":"DISCOVERY_SCOPE_PASS"}	{"status":"UNVERIFIED"}	preliminary|06b1983f3c4f478771	ebay|tocl_4310|v1|800360753652|0	https://i.ebayimg.com/images/g/x2cAAeSwr3RqWoyS/s-l225.jpg	'	FALSE	FALSE	FALSE	FALSE	{}	'	'	'	'	'	'	'	'	'	'	UNASSESSED	[]	1200	9.95	'	'	'	'	'	'	'	'	'	'	'	'	'	'	'	'	INSUFFICIENT	'	'	'	'	'	'	'	'	'	'	'	'	'	'	'	'	MANUAL REVIEW / UNPRICED	FALSE	FALSE	["identity_unverified","exact_comps_missing","full_costs_unknown","owned_copy_check_missing"]	{"ep":["wnba"],"q":["wnba.sonia-citron.autograph-memorabilia"],"id":"v1|800360753652|0"}
cand-s4-ebay-d1c8dbc59b319fa185	dh-20260730T170046Z-7d4c2a91	4	2026-07-30T17:05:44.524826+00:00	WNBA / broad_professional_rookies	Sonia Citron	professional_wnba_rookie_card	eBay	cardsandthangs	'	v1|800395426843|0	https://www.ebay.com/itm/800395426843	LIVE	2025 Panini Prizm WNBA Sonia Citron #122 RC Mystics White Seismic Prizm	{"q":["wnba.sonia-citron.broad-professional-rookies"],"s":"DISCOVERY_SCOPE_PASS"}	{"status":"UNVERIFIED"}	preliminary|d1c8dbc59b319fa185	ebay|cardsandthangs|v1|800395426843|0	https://i.ebayimg.com/images/g/49oAAeSw171p6nfm/s-l225.jpg	'	FALSE	FALSE	FALSE	FALSE	{}	'	'	'	'	'	'	'	'	'	'	UNASSESSED	[]	6.5		'	'	'	'	'	'	'	'	'	'	'	'	'	'	'	'	INSUFFICIENT	'	'	'	'	'	'	'	'	'	'	'	'	'	'	'	'	MANUAL REVIEW / UNPRICED	FALSE	FALSE	["identity_unverified","exact_comps_missing","full_costs_unknown","owned_copy_check_missing"]	{"ep":["wnba"],"q":["wnba.sonia-citron.broad-professional-rookies"],"id":"v1|800395426843|0"}
