cand-s14-ebay-d6d3d61aac86db2765fc,dh-20260731T184251Z-gha-recovery,14,2026-08-16T20:35:00.076Z,WNBA/broad_professional_rookies,Sonia Citron,professional_wnba_rookie_card,eBay,maphil-5615,,206496191962,https://www.ebay.com/itm/206496191962?_skw=Sonia+Citron+Washington+Mystics+WNBA+rookie+card&hash=item301421d5da%3Ag%3AVi4AAeSwMcpqgh1I,LIVE,2025 WNBA LOGO PRIZM #122 SONIA CITRON ROOKIE RC PSA 10 WASHINGTON MYSTICS,"{""preliminary_scope_status"":""DISCOVERY_SCOPE_PASS"",""query_family_ids"":[""wnba.sonia-citron.broad-professional-rookies""]}",{},,ebay|maphil-5615|206496191962,https://i.ebayimg.com/images/g/Vi4AAeSwMcpqgh1I/s-l225.jpg,,FALSE,FALSE,FALSE,,{},,,,NO,NO,GRADED,PSA,10,,Graded; seller/API claim only; front/back unverified.,UNKNOWN,"[""identity_and_images_unverified""]",172.9,7.9,,,,,0,180,TRUE,,,,,,[],INSUFFICIENT,INSUFFICIENT,UNKNOWN,INSUFFICIENT,,,,,,,,,,,,,,,,,MANUAL REVIEW / UNPRICED,FALSE,FALSE,"[""exact_front_back_identity_not_verified"",""identical_completed_sales_not_persisted"",""delivered_acquisition_cost_incomplete"",""truely_collectables_owned_copy_exclusion_not_proven"",""silver_equivalent_or_better_not_image_verified""]","{""artifact_schema"":""TRUELY_COLLECTABLES_DEAL_HUNTER_ARTIFACT_V1"",""deployment"":{""commitSha"":null,""environment"":""production"",""region"":null},""discovery_family_ids"":[""wnba.sonia-citron.broad-professional-rookies""],""gateway_endpoint"":""https://truelycollectables.com/api/tcos/deal-hunter-native-ebay?perQuery=20&scope=wnba"",""gateway_host"":""https://truelycollectables.com"",""gateway_scopes"":[""wnba""],""listing_item_id"":""206496191962"",""native_schema"":""TCOS_NATIVE_EBAY_FEED_V1"",""producer_commit_sha"":""07471ae49901220d13073aab604afbb0e223e855"",""producer_run_id"":""31970958336"",""source"":""truelycollectables.com/native-ebay"",""source_queries"":[""Sonia Citron Washington Mystics WNBA rookie card""],""token_mode"":""client_credentials""}"
cand-s14-ebay-1654e90e015e69414192,dh-20260731T184251Z-gha-recovery,14,2026-08-16T20:35:00.076Z,WNBA/broad_professional_rookies,Sonia Citron,professional_wnba_rookie_card,eBay,cabincardshop,,206496184434,https://www.ebay.com/itm/206496184434?_skw=Sonia+Citron+Washington+Mystics+WNBA+rookie+card&hash=item301421b872%3Ag%3AxckAAeSwbjtqghr9,LIVE,Panini 2025 WNBA Select Sonia Citron RC Wash. Mystics #122 Pink Flash Premier,"{""preliminary_scope_status"":""DISCOVERY_SCOPE_PASS"",""query_family_ids"":[""wnba.sonia-citron.broad-professional-rookies""]}",{},,ebay|cabincardshop|206496184434,https://i.ebayimg.com/images/g/xckAAeSwbjtqghr9/s-l225.jpg,,FALSE,FALSE,FALSE,,{},,,,NO,NO,RAW,,,,Ungraded; seller/API claim only; front/back unverified.,UNKNOWN,"[""identity_and_images_unverified""]",8,,,,,,0,180,TRUE,,,,,,[],INSUFFICIENT,INSUFFICIENT,UNKNOWN,INSUFFICIENT,,,,,,,,,,,,,,,,,MANUAL REVIEW / UNPRICED,FALSE,FALSE,"[""exact_front_back_identity_not_verified"",""identical_completed_sales_not_persisted"",""delivered_acquisition_cost_incomplete"",""truely_collectables_owned_copy_exclusion_not_proven"",""silver_equivalent_or_better_not_image_verified""]","{""artifact_schema"":""TRUELY_COLLECTABLES_DEAL_HUNTER_ARTIFACT_V1"",""deployment"":{""commitSha"":null,""environment"":""production"",""region"":null},""discovery_family_ids"":[""wnba.sonia-citron.broad-professional-rookies""],""gateway_endpoint"":""https://truelycollectables.com/api/tcos/deal-hunter-native-ebay?perQuery=20&scope=wnba"",""gateway_host"":""https://truelycollectables.com"",""gateway_scopes"":[""wnba""],""listing_item_id"":""206496184434"",""native_schema"":""TCOS_NATIVE_EBAY_FEED_V1"",""producer_commit_sha"":""07471ae49901220d13073aab604afbb0e223e855"",""producer_run_id"":""31970958336"",""source"":""truelycollectables.com/native-ebay"",""source_queries"":[""Sonia Citron Washington Mystics WNBA rookie card""],""token_mode"":""client_credentials""}"
cand-s14-ebay-517165cff7612d6273d6,dh-20260731T184251Z-gha-recovery,14,2026-08-16T20:35:00.076Z,WNBA/broad_professional_rookies,Sonia Citron,professional_wnba_rookie_card,eBay,mjbcardscollectibles,,366609762452,https://www.ebay.com/itm/366609762452?_skw=Sonia+Citron+Washington+Mystics+WNBA+rookie+card&hash=item555ba50894%3Ag%3AYC4AAeSwAWlpl5t-,LIVE,2025 Panini Prizm WNBA Sonia Citron Rookie #148 Washington Mystics,"{""preliminary_scope_status"":""DISCOVERY_SCOPE_PASS"",""query_family_ids"":[""wnba.sonia-citron.broad-professional-rookies""]}",{},,ebay|mjbcardscollectibles|366609762452,https://i.ebayimg.com/images/g/YC4AAeSwAWlpl5t-/s-l225.jpg,,FALSE,FALSE,FALSE,,{},,,,NO,NO,RAW,,,,Ungraded; seller/API claim only; front/back unverified.,UNKNOWN,"[""identity_and_images_unverified""]",3.75,0,,,,,0,180,TRUE,,,,,,[],INSUFFICIENT,INSUFFICIENT,UNKNOWN,INSUFFICIENT,,,,,,,,,,,,,,,,,MANUAL REVIEW / UNPRICED,FALSE,FALSE,"[""exact_front_back_identity_not_verified"",""identical_completed_sales_not_persisted"",""delivered_acquisition_cost_incomplete"",""truely_collectables_owned_copy_exclusion_not_proven"",""silver_equivalent_or_better_not_image_verified""]","{""artifact_schema"":""TRUELY_COLLECTABLES_DEAL_HUNTER_ARTIFACT_V1"",""deployment"":{""commitSha"":null,""environment"":""production"",""region"":null},""discovery_family_ids"":[""wnba.sonia-citron.broad-professional-rookies""],""gateway_endpoint"":""https://truelycollectables.com/api/tcos/deal-hunter-native-ebay?perQuery=20&scope=wnba"",""gateway_host"":""https://truelycollectables.com"",""gateway_scopes"":[""wnba""],""listing_item_id"":""366609762452"",""native_schema"":""TCOS_NATIVE_EBAY_FEED_V1"",""producer_commit_sha"":""07471ae49901220d13073aab604afbb0e223e855"",""producer_run_id"":""31970958336"",""source"":""truelycollectables.com/native-ebay"",""source_queries"":[""Sonia Citron Washington Mystics WNBA rookie card""],""token_mode"":""client_credentials""}"
cand-s14-ebay-9c3c3ab88f6cd8d47e67,dh-20260731T184251Z-gha-recovery,14,2026-08-16T20:35:00.076Z,WNBA/broad_professional_rookies,Kiki Iriafen,professional_wnba_rookie_card,eBay,collectors_cache27,,287529095330,https://www.ebay.com/itm/287529095330?_skw=Kiki+Iriafen+Washington+Mystics+WNBA+rookie+card&hash=item42f211d0a2%3Ag%3Af-AAAeSw65pqgg3P,LIVE,2025 Panini Donruss WNBA KIKI IRIAFEN #94 RC Washington Mystics NM,"{""preliminary_scope_status"":""IMAGE_OR_IDENTITY_REVIEW_REQUIRED"",""query_family_ids"":[""wnba.kiki-iriafen.broad-professional-rookies""]}",{},,ebay|collectors-cache27|287529095330,https://i.ebayimg.com/images/g/f-AAAeSw65pqgg3P/s-l225.jpg,,FALSE,FALSE,FALSE,,{},,,,NO,NO,RAW,,,,Ungraded; seller/API claim only; front/back unverified.,UNKNOWN,"[""identity_and_images_unverified""]",1,,,,,,0,180,TRUE,,,,,,[],INSUFFICIENT,INSUFFICIENT,UNKNOWN,INSUFFICIENT,,,,,,,,,,,,,,,,,MANUAL REVIEW / UNPRICED,FALSE,FALSE,"[""exact_front_back_identity_not_verified"",""identical_completed_sales_not_persisted"",""delivered_acquisition_cost_incomplete"",""truely_collectables_owned_copy_exclusion_not_proven"",""silver_equivalent_or_better_not_image_verified"",""tier_not_proven_from_title_image_review_required""]","{""artifact_schema"":""TRUELY_COLLECTABLES_DEAL_HUNTER_ARTIFACT_V1"",""deployment"":{""commitSha"":null,""environment"":""production"",""region"":null},""discovery_family_ids"":[""wnba.kiki-iriafen.broad-professional-rookies""],""gateway_endpoint"":""https://truelycollectables.com/api/tcos/deal-hunter-native-ebay?perQuery=20&scope=wnba"",""gateway_host"":""https://truelycollectables.com"",""gateway_scopes"":[""wnba""],""listing_item_id"":""287529095330"",""native_schema"":""TCOS_NATIVE_EBAY_FEED_V1"",""producer_commit_sha"":""07471ae49901220d13073aab604afbb0e223e855"",""producer_run_id"":""31970958336"",""source"":""truelycollectables.com/native-ebay"",""source_queries"":[""Kiki Iriafen Washington Mystics WNBA rookie card""],""token_mode"":""client_credentials""}"
cand-s14-ebay-cddfb51e7962fdf603f5,dh-20260731T184251Z-gha-recovery,14,2026-08-16T20:35:00.076Z,WNBA/broad_professional_rookies,Dominique Malonga,professional_wnba_rookie_card,eBay,collectors_cache27,,287529095237,https://www.ebay.com/itm/287529095237?_skw=Dominique+Malonga+Seattle+Storm+WNBA+rookie+card&hash=item42f211d045%3Ag%3Ay3AAAeSwYVRqgg53,LIVE,2025 Panini Donruss WNBA DOMINIQUE MALONGA #89 RC Seattle Storm NM,"{""preliminary_scope_status"":""IMAGE_OR_IDENTITY_REVIEW_REQUIRED"",""query_family_ids"":[""wnba.dominique-malonga.broad-professional-rookies""]}",{},,ebay|collectors-cache27|287529095237,https://i.ebayimg.com/images/g/y3AAAeSwYVRqgg53/s-l225.jpg,,FALSE,FALSE,FALSE,,{},,,,NO,NO,RAW,,,,Ungraded; seller/API claim only; front/back unverified.,UNKNOWN,"[""identity_and_images_unverified""]",1.42,,,,,,0,180,TRUE,,,,,,[],INSUFFICIENT,INSUFFICIENT,UNKNOWN,INSUFFICIENT,,,,,,,,,,,,,,,,,MANUAL REVIEW / UNPRICED,FALSE,FALSE,"[""exact_front_back_identity_not_verified"",""identical_completed_sales_not_persisted"",""delivered_acquisition_cost_incomplete"",""truely_collectables_owned_copy_exclusion_not_proven"",""silver_equivalent_or_better_not_image_verified"",""tier_not_proven_from_title_image_review_required""]","{""artifact_schema"":""TRUELY_COLLECTABLES_DEAL_HUNTER_ARTIFACT_V1"",""deployment"":{""commitSha"":null,""environment"":""production"",""region"":null},""discovery_family_ids"":[""wnba.dominique-malonga.broad-professional-rookies""],""gateway_endpoint"":""https://truelycollectables.com/api/tcos/deal-hunter-native-ebay?perQuery=20&scope=wnba"",""gateway_host"":""https://truelycollectables.com"",""gateway_scopes"":[""wnba""],""listing_item_id"":""287529095237"",""native_schema"":""TCOS_NATIVE_EBAY_FEED_V1"",""producer_commit_sha"":""07471ae49901220d13073aab604afbb0e223e855"",""producer_run_id"":""31970958336"",""source"":""truelycollectables.com/native-ebay"",""source_queries"":[""Dominique Malonga Seattle Storm WNBA rookie card""],""token_mode"":""client_credentials""}"
cand-s14-ebay-8c38e74dc4ecac76147d,dh-20260731T184251Z-gha-recovery,14,2026-08-16T20:35:00.076Z,WNBA/broad_professional_rookies,Caitlin Clark,professional_wnba_rookie_card,eBay,bravos_house_of_cardz,,267759188891,https://www.ebay.com/itm/267759188891?_skw=Caitlin+Clark+Indiana+Fever+WNBA+rookie+card&hash=item3e57b0fb9b%3Ag%3AQnMAAeSwXyBqge-P,LIVE,Panini Prizm 2024 WNBA Caitlin Clark #145 Ice Rookie Indiana Fever Mint PSA 9,"{""preliminary_scope_status"":""DISCOVERY_SCOPE_PASS"",""query_family_ids"":[""wnba.caitlin-clark.broad-professional-rookies""]}",{},,ebay|bravos-house-of-cardz|267759188891,https://i.ebayimg.com/images/g/QnMAAeSwXyBqge-P/s-l225.jpg,,FALSE,FALSE,FALSE,,{},,,,NO,NO,GRADED,PSA,9,,Graded; seller/API claim only; front/back unverified.,UNKNOWN,"[""identity_and_images_unverified""]",119,,,,,,0,180,TRUE,,,,,,[],INSUFFICIENT,INSUFFICIENT,UNKNOWN,INSUFFICIENT,,,,,,,,,,,,,,,,,MANUAL REVIEW / UNPRICED,FALSE,FALSE,"[""exact_front_back_identity_not_verified"",""identical_completed_sales_not_persisted"",""delivered_acquisition_cost_incomplete"",""truely_collectables_owned_copy_exclusion_not_proven"",""silver_equivalent_or_better_not_image_verified""]","{""artifact_schema"":""TRUELY_COLLECTABLES_DEAL_HUNTER_ARTIFACT_V1"",""deployment"":{""commitSha"":null,""environment"":""production"",""region"":null},""discovery_family_ids"":[""wnba.caitlin-clark.broad-professional-rookies""],""gateway_endpoint"":""https://truelycollectables.com/api/tcos/deal-hunter-native-ebay?perQuery=20&scope=wnba"",""gateway_host"":""https://truelycollectables.com"",""gateway_scopes"":[""wnba""],""listing_item_id"":""267759188891"",""native_schema"":""TCOS_NATIVE_EBAY_FEED_V1"",""producer_commit_sha"":""07471ae49901220d13073aab604afbb0e223e855"",""producer_run_id"":""31970958336"",""source"":""truelycollectables.com/native-ebay"",""source_queries"":[""Caitlin Clark Indiana Fever WNBA rookie card""],""token_mode"":""client_credentials""}"
cand-s14-ebay-05d27a9c5635b248be13,dh-20260731T184251Z-gha-recovery,14,2026-08-16T20:35:00.076Z,WNBA/broad_professional_rookies,Kiki Iriafen,professional_wnba_rookie_card,eBay,sant1077,,158195001562,https://www.ebay.com/itm/158195001562?_skw=Kiki+Iriafen+Washington+Mystics+WNBA+rookie+card&hash=item24d52828da%3Ag%3A7oUAAeSws4lqgeez,LIVE,KIKI IRIAFEN RC 3 CARD LOT 2025 PRIZM FIREWORKS WASHINGTON MYSTICS WNBA,"{""preliminary_scope_status"":""DISCOVERY_SCOPE_PASS"",""query_family_ids"":[""wnba.kiki-iriafen.broad-professional-rookies""]}",{},,ebay|sant1077|158195001562,https://i.ebayimg.com/images/g/7oUAAeSws4lqgeez/s-l225.jpg,,FALSE,FALSE,FALSE,,{},,,,NO,NO,UNKNOWN,,,,New; seller/API claim only; front/back unverified.,UNKNOWN,"[""identity_and_images_unverified""]",4,0.5,,,,,0,180,TRUE,,,,,,[],INSUFFICIENT,INSUFFICIENT,UNKNOWN,INSUFFICIENT,,,,,,,,,,,,,,,,,MANUAL REVIEW / UNPRICED,FALSE,FALSE,"[""exact_front_back_identity_not_verified"",""identical_completed_sales_not_persisted"",""delivered_acquisition_cost_incomplete"",""truely_collectables_owned_copy_exclusion_not_proven"",""silver_equivalent_or_better_not_image_verified""]","{""artifact_schema"":""TRUELY_COLLECTABLES_DEAL_HUNTER_ARTIFACT_V1"",""deployment"":{""commitSha"":null,""environment"":""production"",""region"":null},""discovery_family_ids"":[""wnba.kiki-iriafen.broad-professional-rookies""],""gateway_endpoint"":""https://truelycollectables.com/api/tcos/deal-hunter-native-ebay?perQuery=20&scope=wnba"",""gateway_host"":""https://truelycollectables.com"",""gateway_scopes"":[""wnba""],""listing_item_id"":""158195001562"",""native_schema"":""TCOS_NATIVE_EBAY_FEED_V1"",""producer_commit_sha"":""07471ae49901220d13073aab604afbb0e223e855"",""producer_run_id"":""31970958336"",""source"":""truelycollectables.com/native-ebay"",""source_queries"":[""Kiki Iriafen Washington Mystics WNBA rookie card""],""token_mode"":""client_credentials""}"
cand-s14-ebay-8b55b022601ee4e42be0,dh-20260731T184251Z-gha-recovery,14,2026-08-16T20:35:00.076Z,WNBA/broad_professional_rookies,Dominique Malonga,professional_wnba_rookie_card,eBay,greeniniative,,198575347763,https://www.ebay.com/itm/198575347763?_skw=Dominique+Malonga+Seattle+Storm+WNBA+rookie+card&hash=item2e3c035833%3Ag%3AOdoAAeSwqvlqgdba,LIVE,Dominique Malonga Concourse 2025 Select WNBA #60 Storm Rookie RC,"{""preliminary_scope_status"":""DISCOVERY_SCOPE_PASS"",""query_family_ids"":[""wnba.dominique-malonga.broad-professional-rookies""]}",{},,ebay|greeniniative|198575347763,https://i.ebayimg.com/images/g/OdoAAeSwqvlqgdba/s-l225.jpg,,FALSE,FALSE,FALSE,,{},,,,NO,NO,RAW,,,,Ungraded; seller/API claim only; front/back unverified.,UNKNOWN,"[""identity_and_images_unverified""]",4.2,,,,,,0,180,TRUE,,,,,,[],INSUFFICIENT,INSUFFICIENT,UNKNOWN,INSUFFICIENT,,,,,,,,,,,,,,,,,MANUAL REVIEW / UNPRICED,FALSE,FALSE,"[""exact_front_back_identity_not_verified"",""identical_completed_sales_not_persisted"",""delivered_acquisition_cost_incomplete"",""truely_collectables_owned_copy_exclusion_not_proven"",""silver_equivalent_or_better_not_image_verified""]","{""artifact_schema"":""TRUELY_COLLECTABLES_DEAL_HUNTER_ARTIFACT_V1"",""deployment"":{""commitSha"":null,""environment"":""production"",""region"":null},""discovery_family_ids"":[""wnba.dominique-malonga.broad-professional-rookies""],""gateway_endpoint"":""https://truelycollectables.com/api/tcos/deal-hunter-native-ebay?perQuery=20&scope=wnba"",""gateway_host"":""https://truelycollectables.com"",""gateway_scopes"":[""wnba""],""listing_item_id"":""198575347763"",""native_schema"":""TCOS_NATIVE_EBAY_FEED_V1"",""producer_commit_sha"":""07471ae49901220d13073aab604afbb0e223e855"",""producer_run_id"":""31970958336"",""source"":""truelycollectables.com/native-ebay"",""source_queries"":[""Dominique Malonga Seattle Storm WNBA rookie card""],""token_mode"":""client_credentials""}"
cand-s14-ebay-6d40bbb49d945c2dbf45,dh-20260731T184251Z-gha-recovery,14,2026-08-16T20:35:00.076Z,WNBA/broad_professional_rookies,Caitlin Clark,professional_wnba_rookie_card,eBay,rocollectibles-13,,307129915176,https://www.ebay.com/itm/307129915176?_skw=Caitlin+Clark+Indiana+Fever+WNBA+rookie+card&hash=item47825e9728%3Ag%3AqlQAAeSwAVhqgdiX,LIVE,Panini 2024 Prizm WNBA Caitlin Clark Rookie Indiana Fever #22 Base Set,"{""preliminary_scope_status"":""DISCOVERY_SCOPE_PASS"",""query_family_ids"":[""wnba.caitlin-clark.broad-professional-rookies""]}",{},,ebay|rocollectibles-13|307129915176,https://i.ebayimg.com/images/g/qlQAAeSwAVhqgdiX/s-l225.jpg,,FALSE,FALSE,FALSE,,{},,,,NO,NO,RAW,,,,Ungraded; seller/API claim only; front/back unverified.,UNKNOWN,"[""identity_and_images_unverified""]",19,,,,,,0,180,TRUE,,,,,,[],INSUFFICIENT,INSUFFICIENT,UNKNOWN,INSUFFICIENT,,,,,,,,,,,,,,,,,MANUAL REVIEW / UNPRICED,FALSE,FALSE,"[""exact_front_back_identity_not_verified"",""identical_completed_sales_not_persisted"",""delivered_acquisition_cost_incomplete"",""truely_collectables_owned_copy_exclusion_not_proven"",""silver_equivalent_or_better_not_image_verified""]","{""artifact_schema"":""TRUELY_COLLECTABLES_DEAL_HUNTER_ARTIFACT_V1"",""deployment"":{""commitSha"":null,""environment"":""production"",""region"":null},""discovery_family_ids"":[""wnba.caitlin-clark.broad-professional-rookies""],""gateway_endpoint"":""https://truelycollectables.com/api/tcos/deal-hunter-native-ebay?perQuery=20&scope=wnba"",""gateway_host"":""https://truelycollectables.com"",""gateway_scopes"":[""wnba""],""listing_item_id"":""307129915176"",""native_schema"":""TCOS_NATIVE_EBAY_FEED_V1"",""producer_commit_sha"":""07471ae49901220d13073aab604afbb0e223e855"",""producer_run_id"":""31970958336"",""source"":""truelycollectables.com/native-ebay"",""source_queries"":[""Caitlin Clark Indiana Fever WNBA rookie card""],""token_mode"":""client_credentials""}"
cand-s14-ebay-67b006aa023b40585606,dh-20260731T184251Z-gha-recovery,14,2026-08-16T20:35:00.076Z,WNBA/broad_professional_rookies,Paige Bueckers,professional_wnba_rookie_card,eBay,seattlesoy,,168618216796,https://www.ebay.com/itm/168618216796?_skw=Paige+Bueckers+Dallas+Wings+WNBA+rookie+card&hash=item27426dcd5c%3Ag%3AluUAAeSw3BxqgdXr,LIVE,Panini WNBA Paige Bueckers Dallas Wings Rookie Lot Donruss Prizm White Seismic,"{""preliminary_scope_status"":""DISCOVERY_SCOPE_PASS"",""query_family_ids"":[""wnba.paige-bueckers.broad-professional-rookies""]}",{},,ebay|seattlesoy|168618216796,https://i.ebayimg.com/images/g/luUAAeSw3BxqgdXr/s-l225.jpg,,FALSE,FALSE,FALSE,,{},,,,NO,NO,UNKNOWN,,,,New; seller/API claim only; front/back unverified.,UNKNOWN,"[""identity_and_images_unverified""]",20,,,,,,0,180,TRUE,,,,,,[],INSUFFICIENT,INSUFFICIENT,UNKNOWN,INSUFFICIENT,,,,,,,,,,,,,,,,,MANUAL REVIEW / UNPRICED,FALSE,FALSE,"[""exact_front_back_identity_not_verified"",""identical_completed_sales_not_persisted"",""delivered_acquisition_cost_incomplete"",""truely_collectables_owned_copy_exclusion_not_proven"",""silver_equivalent_or_better_not_image_verified""]","{""artifact_schema"":""TRUELY_COLLECTABLES_DEAL_HUNTER_ARTIFACT_V1"",""deployment"":{""commitSha"":null,""environment"":""production"",""region"":null},""discovery_family_ids"":[""wnba.paige-bueckers.broad-professional-rookies""],""gateway_endpoint"":""https://truelycollectables.com/api/tcos/deal-hunter-native-ebay?perQuery=20&scope=wnba"",""gateway_host"":""https://truelycollectables.com"",""gateway_scopes"":[""wnba""],""listing_item_id"":""168618216796"",""native_schema"":""TCOS_NATIVE_EBAY_FEED_V1"",""producer_commit_sha"":""07471ae49901220d13073aab604afbb0e223e855"",""producer_run_id"":""31970958336"",""source"":""truelycollectables.com/native-ebay"",""source_queries"":[""Paige Bueckers Dallas Wings WNBA rookie card""],""token_mode"":""client_credentials""}"
cand-s14-ebay-de8e054265181590c511,dh-20260731T184251Z-gha-recovery,14,2026-08-16T20:35:00.076Z,WNBA/broad_professional_rookies,Caitlin Clark,professional_wnba_rookie_card,eBay,rocollectibles-13,,307129900978,https://www.ebay.com/itm/307129900978?_skw=Caitlin+Clark+Indiana+Fever+WNBA+rookie+card&hash=item47825e5fb2%3Ag%3A1ysAAeSwhKZqgWus,LIVE,Panini 2024 Prizm WNBA Caitlin Clark Rookie #145 Indiana Fever Base Set,"{""preliminary_scope_status"":""DISCOVERY_SCOPE_PASS"",""query_family_ids"":[""wnba.caitlin-clark.broad-professional-rookies""]}",{},,ebay|rocollectibles-13|307129900978,https://i.ebayimg.com/images/g/1ysAAeSwhKZqgWus/s-l225.jpg,,FALSE,FALSE,FALSE,,{},,,,NO,NO,RAW,,,,Ungraded; seller/API claim only; front/back unverified.,UNKNOWN,"[""identity_and_images_unverified""]",18,,,,,,0,180,TRUE,,,,,,[],INSUFFICIENT,INSUFFICIENT,UNKNOWN,INSUFFICIENT,,,,,,,,,,,,,,,,,MANUAL REVIEW / UNPRICED,FALSE,FALSE,"[""exact_front_back_identity_not_verified"",""identical_completed_sales_not_persisted"",""delivered_acquisition_cost_incomplete"",""truely_collectables_owned_copy_exclusion_not_proven"",""silver_equivalent_or_better_not_image_verified""]","{""artifact_schema"":""TRUELY_COLLECTABLES_DEAL_HUNTER_ARTIFACT_V1"",""deployment"":{""commitSha"":null,""environment"":""production"",""region"":null},""discovery_family_ids"":[""wnba.caitlin-clark.broad-professional-rookies""],""gateway_endpoint"":""https://truelycollectables.com/api/tcos/deal-hunter-native-ebay?perQuery=20&scope=wnba"",""gateway_host"":""https://truelycollectables.com"",""gateway_scopes"":[""wnba""],""listing_item_id"":""307129900978"",""native_schema"":""TCOS_NATIVE_EBAY_FEED_V1"",""producer_commit_sha"":""07471ae49901220d13073aab604afbb0e223e855"",""producer_run_id"":""31970958336"",""source"":""truelycollectables.com/native-ebay"",""source_queries"":[""Caitlin Clark Indiana Fever WNBA rookie card""],""token_mode"":""client_credentials""}"
cand-s14-ebay-8f3cb111187df2a6b382,dh-20260731T184251Z-gha-recovery,14,2026-08-16T20:35:00.076Z,WNBA/broad_professional_rookies,Caitlin Clark,professional_wnba_rookie_card,eBay,jayscardhut,,147508634444,https://www.ebay.com/itm/147508634444?_skw=Caitlin+Clark+Indiana+Fever+WNBA+rookie+card&hash=item225833234c%3Ag%3AlS4AAeSwTrRqgb03,LIVE,2024 Panini Prizm WNBA Caitlin Clark #145 Ice Rookie PSA 9 Indiana Fever,"{""preliminary_scope_status"":""DISCOVERY_SCOPE_PASS"",""query_family_ids"":[""wnba.caitlin-clark.broad-professional-rookies""]}",{},,ebay|jayscardhut|147508634444,https://i.ebayimg.com/images/g/lS4AAeSwTrRqgb03/s-l225.jpg,,FALSE,FALSE,FALSE,,{},,,,NO,NO,GRADED,PSA,9,,Graded; seller/API claim only; front/back unverified.,UNKNOWN,"[""identity_and_images_unverified""]",90,,,,,,0,180,TRUE,,,,,,[],INSUFFICIENT,INSUFFICIENT,UNKNOWN,INSUFFICIENT,,,,,,,,,,,,,,,,,MANUAL REVIEW / UNPRICED,FALSE,FALSE,"[""exact_front_back_identity_not_verified"",""identical_completed_sales_not_persisted"",""delivered_acquisition_cost_incomplete"",""truely_collectables_owned_copy_exclusion_not_proven"",""silver_equivalent_or_better_not_image_verified""]","{""artifact_schema"":""TRUELY_COLLECTABLES_DEAL_HUNTER_ARTIFACT_V1"",""deployment"":{""commitSha"":null,""environment"":""production"",""region"":null},""discovery_family_ids"":[""wnba.caitlin-clark.broad-professional-rookies""],""gateway_endpoint"":""https://truelycollectables.com/api/tcos/deal-hunter-native-ebay?perQuery=20&scope=wnba"",""gateway_host"":""https://truelycollectables.com"",""gateway_scopes"":[""wnba""],""listing_item_id"":""147508634444"",""native_schema"":""TCOS_NATIVE_EBAY_FEED_V1"",""producer_commit_sha"":""07471ae49901220d13073aab604afbb0e223e855"",""producer_run_id"":""31970958336"",""source"":""truelycollectables.com/native-ebay"",""source_queries"":[""Caitlin Clark Indiana Fever WNBA rookie card""],""token_mode"":""client_credentials""}"
cand-s14-ebay-e63df643a9b5fec1b5b2,dh-20260731T184251Z-gha-recovery,14,2026-08-16T20:35:00.076Z,WNBA/broad_professional_rookies,Paige Bueckers,professional_wnba_rookie_card,eBay,dynamicsigns,,168617294483,https://www.ebay.com/itm/168617294483?_skw=Paige+Bueckers+Dallas+Wings+WNBA+rookie+card&hash=item27425fba93%3Ag%3AuNcAAeSwA6tqgU8l,LIVE,2025 Panini WNBA Prizm Paige Bueckers RC White Seismic Rookie #147 Wings,"{""preliminary_scope_status"":""DISCOVERY_SCOPE_PASS"",""query_family_ids"":[""wnba.paige-bueckers.broad-professional-rookies""]}",{},,ebay|dynamicsigns|168617294483,https://i.ebayimg.com/images/g/uNcAAeSwA6tqgU8l/s-l225.jpg,,FALSE,FALSE,FALSE,,{},,,,NO,NO,RAW,,,,Ungraded; seller/API claim only; front/back unverified.,UNKNOWN,"[""identity_and_images_unverified""]",10,0.99,,,,,0,180,TRUE,,,,,,[],INSUFFICIENT,INSUFFICIENT,UNKNOWN,INSUFFICIENT,,,,,,,,,,,,,,,,,MANUAL REVIEW / UNPRICED,FALSE,FALSE,"[""exact_front_back_identity_not_verified"",""identical_completed_sales_not_persisted"",""delivered_acquisition_cost_incomplete"",""truely_collectables_owned_copy_exclusion_not_proven"",""silver_equivalent_or_better_not_image_verified""]","{""artifact_schema"":""TRUELY_COLLECTABLES_DEAL_HUNTER_ARTIFACT_V1"",""deployment"":{""commitSha"":null,""environment"":""production"",""region"":null},""discovery_family_ids"":[""wnba.paige-bueckers.broad-professional-rookies""],""gateway_endpoint"":""https://truelycollectables.com/api/tcos/deal-hunter-native-ebay?perQuery=20&scope=wnba"",""gateway_host"":""https://truelycollectables.com"",""gateway_scopes"":[""wnba""],""listing_item_id"":""168617294483"",""native_schema"":""TCOS_NATIVE_EBAY_FEED_V1"",""producer_commit_sha"":""07471ae49901220d13073aab604afbb0e223e855"",""producer_run_id"":""31970958336"",""source"":""truelycollectables.com/native-ebay"",""source_queries"":[""Paige Bueckers Dallas Wings WNBA rookie card""],""token_mode"":""client_credentials""}"
cand-s14-ebay-89f8b1a38529311b74fc,dh-20260731T184251Z-gha-recovery,14,2026-08-16T20:35:00.076Z,WNBA/broad_professional_rookies,Dominique Malonga,professional_wnba_rookie_card,eBay,jcmprestige_sports75,,398291237801,https://www.ebay.com/itm/398291237801?_skw=Dominique+Malonga+Seattle+Storm+WNBA+rookie+card&hash=item5cbc01fba9%3Ag%3ANZ8AAeSwWcdqgVWZ&amdata=enc%3AAQALAAABEACCtXRWQnOEpyOqnQQ8KGYLtFg24J8kwRGn31%2BKk20tP8l6rBZG1asTROHk%2FC7xEvuGkTO53Zrdr44Ed0EtIzTNX0TsKWMueb9Z%2FkTL8bhZIVufRWnIRif%2BrFqA%2BT0CZOJyeETQkLzxAgUJt3sfEK6H5UxPbOLnPLCK4Zb4x%2B0bfyRbSjp7DKZUl8%2BbGsaa4qHUPPElyKcwe7WqmpyZKnOHpMy6ObSPQjp6obdTV3esppA7DaP8MJxNrIASNmc1Rx3pAuOgmjZoQuycJ6fsJe7zdBpwjZM%2BmxtoYgzaffkhR7nsR5d4I0wallxzC3L0mgvwG0HoB6gSns4dawsbuHzq7q52qiUoZ%2FLyPgMrQf1Y,LIVE,2025 Panini WNBA Prizm Dominique Malonga Seattle Storm RC Lot (2) #116 #144,"{""preliminary_scope_status"":""DISCOVERY_SCOPE_PASS"",""query_family_ids"":[""wnba.dominique-malonga.broad-professional-rookies""]}",{},,ebay|jcmprestige-sports75|398291237801,https://i.ebayimg.com/images/g/NZ8AAeSwWcdqgVWZ/s-l225.jpg,,FALSE,FALSE,FALSE,,{},,,,NO,NO,UNKNOWN,,,,New; seller/API claim only; front/back unverified.,UNKNOWN,"[""identity_and_images_unverified""]",18.75,,,,,,0,180,TRUE,,,,,,[],INSUFFICIENT,INSUFFICIENT,UNKNOWN,INSUFFICIENT,,,,,,,,,,,,,,,,,MANUAL REVIEW / UNPRICED,FALSE,FALSE,"[""exact_front_back_identity_not_verified"",""identical_completed_sales_not_persisted"",""delivered_acquisition_cost_incomplete"",""truely_collectables_owned_copy_exclusion_not_proven"",""silver_equivalent_or_better_not_image_verified""]","{""artifact_schema"":""TRUELY_COLLECTABLES_DEAL_HUNTER_ARTIFACT_V1"",""deployment"":{""commitSha"":null,""environment"":""production"",""region"":null},""discovery_family_ids"":[""wnba.dominique-malonga.broad-professional-rookies""],""gateway_endpoint"":""https://truelycollectables.com/api/tcos/deal-hunter-native-ebay?perQuery=20&scope=wnba"",""gateway_host"":""https://truelycollectables.com"",""gateway_scopes"":[""wnba""],""listing_item_id"":""398291237801"",""native_schema"":""TCOS_NATIVE_EBAY_FEED_V1"",""producer_commit_sha"":""07471ae49901220d13073aab604afbb0e223e855"",""producer_run_id"":""31970958336"",""source"":""truelycollectables.com/native-ebay"",""source_queries"":[""Dominique Malonga Seattle Storm WNBA rookie card""],""token_mode"":""client_credentials""}"
cand-s14-ebay-eceb8edf67f212e8f02f,dh-20260731T184251Z-gha-recovery,14,2026-08-16T20:35:00.076Z,WNBA/broad_professional_rookies,Paige Bueckers,professional_wnba_rookie_card,eBay,envy-13,,820008246355,https://www.ebay.com/itm/820008246355?_skw=Paige+Bueckers+Dallas+Wings+WNBA+rookie+card&hash=itembeec4cdc53%3Ag%3ARAwAAeSw%7EcFqgTxQ&amdata=enc%3AAQALAAABEACCtXRWQnOEpyOqnQQ8KGbT2yDgzuu4JeMOZpew%2FukSUEHxMxCdevRk0uC4Yvzj%2FCaXrpwbPphLA17DxGHwh5iaSTbTa1%2F15ekKbTTB1EHvX%2FSwKE9oVoq5P%2BiBnbCSWyT33E47%2BZvPLmX38YlSSFW87s7j2B4uWwIQ1u5s6wyOQMc%2FqMEGQr%2B3WbelQErEBlB%2BtUohuteAno8PXHADtLcI9vFG1uEtiBOGiMi1Vvo2UZPzR1HMb%2FYs5AVBkKchnpHAx4K8rWzan%2BGWNBSwduZ%2F4VswlJd%2BrXPaAT4HZ083Gp1al3z8Rfckcjusx7pKNQhgbTTTpsDs%2FtvZsIeXk1AAiYPXe2goE17nZ%2B7sKD%2Bj,LIVE,Paige Bueckers Of The Dallas Wings In The WNBA Lot Of 6 Panini Rookie Cards,"{""preliminary_scope_status"":""IMAGE_OR_IDENTITY_REVIEW_REQUIRED"",""query_family_ids"":[""wnba.paige-bueckers.broad-professional-rookies""]}",{},,ebay|envy-13|820008246355,https://i.ebayimg.com/images/g/RAwAAeSw~cFqgTxQ/s-l225.jpg,,FALSE,FALSE,FALSE,,{},,,,NO,NO,UNKNOWN,,,,New; seller/API claim only; front/back unverified.,UNKNOWN,"[""identity_and_images_unverified""]",75,8.5,,,,,0,180,TRUE,,,,,,[],INSUFFICIENT,INSUFFICIENT,UNKNOWN,INSUFFICIENT,,,,,,,,,,,,,,,,,MANUAL REVIEW / UNPRICED,FALSE,FALSE,"[""exact_front_back_identity_not_verified"",""identical_completed_sales_not_persisted"",""delivered_acquisition_cost_incomplete"",""truely_collectables_owned_copy_exclusion_not_proven"",""silver_equivalent_or_better_not_image_verified"",""tier_not_proven_from_title_image_review_required""]","{""artifact_schema"":""TRUELY_COLLECTABLES_DEAL_HUNTER_ARTIFACT_V1"",""deployment"":{""commitSha"":null,""environment"":""production"",""region"":null},""discovery_family_ids"":[""wnba.paige-bueckers.broad-professional-rookies""],""gateway_endpoint"":""https://truelycollectables.com/api/tcos/deal-hunter-native-ebay?perQuery=20&scope=wnba"",""gateway_host"":""https://truelycollectables.com"",""gateway_scopes"":[""wnba""],""listing_item_id"":""820008246355"",""native_schema"":""TCOS_NATIVE_EBAY_FEED_V1"",""producer_commit_sha"":""07471ae49901220d13073aab604afbb0e223e855"",""producer_run_id"":""31970958336"",""source"":""truelycollectables.com/native-ebay"",""source_queries"":[""Paige Bueckers Dallas Wings WNBA rookie card""],""token_mode"":""client_credentials""}"
cand-s14-ebay-802a2ba7880ed6575587,dh-20260731T184251Z-gha-recovery,14,2026-08-16T20:35:00.076Z,WNBA/broad_professional_rookies,Kiki Iriafen,professional_wnba_rookie_card,eBay,bingz_bangerz,,800515677722,https://www.ebay.com/itm/800515677722?_skw=Kiki+Iriafen+Washington+Mystics+WNBA+rookie+card&hash=itemba6273de1a%3Ag%3AJoMAAeSwj-VqgTAh,LIVE,Panini Prizm WNBA 2025 Kiki Iriafen Rookie RC #149 Washington Mystics,"{""preliminary_scope_status"":""DISCOVERY_SCOPE_PASS"",""query_family_ids"":[""wnba.kiki-iriafen.broad-professional-rookies""]}",{},,ebay|bingz-bangerz|800515677722,https://i.ebayimg.com/images/g/JoMAAeSwj-VqgTAh/s-l225.jpg,,FALSE,FALSE,FALSE,,{},,,,NO,NO,RAW,,,,Ungraded; seller/API claim only; front/back unverified.,UNKNOWN,"[""identity_and_images_unverified""]",7,0,,,,,0,180,TRUE,,,,,,[],INSUFFICIENT,INSUFFICIENT,UNKNOWN,INSUFFICIENT,,,,,,,,,,,,,,,,,MANUAL REVIEW / UNPRICED,FALSE,FALSE,"[""exact_front_back_identity_not_verified"",""identical_completed_sales_not_persisted"",""delivered_acquisition_cost_incomplete"",""truely_collectables_owned_copy_exclusion_not_proven"",""silver_equivalent_or_better_not_image_verified""]","{""artifact_schema"":""TRUELY_COLLECTABLES_DEAL_HUNTER_ARTIFACT_V1"",""deployment"":{""commitSha"":null,""environment"":""production"",""region"":null},""discovery_family_ids"":[""wnba.kiki-iriafen.broad-professional-rookies""],""gateway_endpoint"":""https://truelycollectables.com/api/tcos/deal-hunter-native-ebay?perQuery=20&scope=wnba"",""gateway_host"":""https://truelycollectables.com"",""gateway_scopes"":[""wnba""],""listing_item_id"":""800515677722"",""native_schema"":""TCOS_NATIVE_EBAY_FEED_V1"",""producer_commit_sha"":""07471ae49901220d13073aab604afbb0e223e855"",""producer_run_id"":""31970958336"",""source"":""truelycollectables.com/native-ebay"",""source_queries"":[""Kiki Iriafen Washington Mystics WNBA rookie card""],""token_mode"":""client_credentials""}"
cand-s14-ebay-0477965a5f9461d367b9,dh-20260731T184251Z-gha-recovery,14,2026-08-16T20:35:00.076Z,WNBA/broad_professional_rookies,Sonia Citron,professional_wnba_rookie_card,eBay,randy_68,,168616869126,https://www.ebay.com/itm/168616869126?_skw=Sonia+Citron+Washington+Mystics+WNBA+rookie+card&hash=item2742593d06%3Ag%3AUQAAAeSwvFVqgRcb,LIVE,2025 Panini Prizm WNBA Sonia Citron RC #13 Groovy Insert -Washington Mystics,"{""preliminary_scope_status"":""DISCOVERY_SCOPE_PASS"",""query_family_ids"":[""wnba.sonia-citron.broad-professional-rookies""]}",{},,ebay|randy-68|168616869126,https://i.ebayimg.com/images/g/UQAAAeSwvFVqgRcb/s-l225.jpg,,FALSE,FALSE,FALSE,,{},,,,NO,NO,RAW,,,,Ungraded; seller/API claim only; front/back unverified.,UNKNOWN,"[""identity_and_images_unverified""]",3,,,,,,0,180,TRUE,,,,,,[],INSUFFICIENT,INSUFFICIENT,UNKNOWN,INSUFFICIENT,,,,,,,,,,,,,,,,,MANUAL REVIEW / UNPRICED,FALSE,FALSE,"[""exact_front_back_identity_not_verified"",""identical_completed_sales_not_persisted"",""delivered_acquisition_cost_incomplete"",""truely_collectables_owned_copy_exclusion_not_proven"",""silver_equivalent_or_better_not_image_verified""]","{""artifact_schema"":""TRUELY_COLLECTABLES_DEAL_HUNTER_ARTIFACT_V1"",""deployment"":{""commitSha"":null,""environment"":""production"",""region"":null},""discovery_family_ids"":[""wnba.sonia-citron.broad-professional-rookies""],""gateway_endpoint"":""https://truelycollectables.com/api/tcos/deal-hunter-native-ebay?perQuery=20&scope=wnba"",""gateway_host"":""https://truelycollectables.com"",""gateway_scopes"":[""wnba""],""listing_item_id"":""168616869126"",""native_schema"":""TCOS_NATIVE_EBAY_FEED_V1"",""producer_commit_sha"":""07471ae49901220d13073aab604afbb0e223e855"",""producer_run_id"":""31970958336"",""source"":""truelycollectables.com/native-ebay"",""source_queries"":[""Sonia Citron Washington Mystics WNBA rookie card""],""token_mode"":""client_credentials""}"
cand-s14-ebay-05f268ac5ae09909be62,dh-20260731T184251Z-gha-recovery,14,2026-08-16T20:35:00.076Z,WNBA/broad_professional_rookies,Caitlin Clark,professional_wnba_rookie_card,eBay,bbow11,,137626262108,https://www.ebay.com/itm/137626262108?_skw=Caitlin+Clark+Indiana+Fever+WNBA+rookie+card&hash=item200b2a1a5c%3Ag%3ARiUAAeSwMwFqgRKS,LIVE,2024 Panini Prizm WNBA Rookie Caitlin Clark #145 Indiana Fever Basketball,"{""preliminary_scope_status"":""DISCOVERY_SCOPE_PASS"",""query_family_ids"":[""wnba.caitlin-clark.broad-professional-rookies""]}",{},,ebay|bbow11|137626262108,https://i.ebayimg.com/images/g/RiUAAeSwMwFqgRKS/s-l225.jpg,,FALSE,FALSE,FALSE,,{},,,,NO,NO,RAW,,,,Ungraded; seller/API claim only; front/back unverified.,UNKNOWN,"[""identity_and_images_unverified""]",17.99,0.78,,,,,0,180,TRUE,,,,,,[],INSUFFICIENT,INSUFFICIENT,UNKNOWN,INSUFFICIENT,,,,,,,,,,,,,,,,,MANUAL REVIEW / UNPRICED,FALSE,FALSE,"[""exact_front_back_identity_not_verified"",""identical_completed_sales_not_persisted"",""delivered_acquisition_cost_incomplete"",""truely_collectables_owned_copy_exclusion_not_proven"",""silver_equivalent_or_better_not_image_verified""]","{""artifact_schema"":""TRUELY_COLLECTABLES_DEAL_HUNTER_ARTIFACT_V1"",""deployment"":{""commitSha"":null,""environment"":""production"",""region"":null},""discovery_family_ids"":[""wnba.caitlin-clark.broad-professional-rookies""],""gateway_endpoint"":""https://truelycollectables.com/api/tcos/deal-hunter-native-ebay?perQuery=20&scope=wnba"",""gateway_host"":""https://truelycollectables.com"",""gateway_scopes"":[""wnba""],""listing_item_id"":""137626262108"",""native_schema"":""TCOS_NATIVE_EBAY_FEED_V1"",""producer_commit_sha"":""07471ae49901220d13073aab604afbb0e223e855"",""producer_run_id"":""31970958336"",""source"":""truelycollectables.com/native-ebay"",""source_queries"":[""Caitlin Clark Indiana Fever WNBA rookie card""],""token_mode"":""client_credentials""}"
cand-s14-ebay-040fff4b58a4d050593a,dh-20260731T184251Z-gha-recovery,14,2026-08-16T20:35:00.076Z,WNBA/broad_professional_rookies,Sonia Citron,professional_wnba_rookie_card,eBay,thor-1747,,377421684906,https://www.ebay.com/itm/377421684906?_skw=Sonia+Citron+Washington+Mystics+WNBA+rookie+card&hash=item57e015e0aa%3Ag%3AiXgAAeSwcflqgQ0k,LIVE,2025 Panini WNBA Prizm Sonia Citron RC Var. Checkerboard #148 Mystics PSA 10,"{""preliminary_scope_status"":""DISCOVERY_SCOPE_PASS"",""query_family_ids"":[""wnba.sonia-citron.broad-professional-rookies""]}",{},,ebay|thor-1747|377421684906,https://i.ebayimg.com/images/g/iXgAAeSwcflqgQ0k/s-l225.jpg,,FALSE,FALSE,FALSE,,{},,,,NO,NO,GRADED,PSA,10,,Graded; seller/API claim only; front/back unverified.,UNKNOWN,"[""identity_and_images_unverified""]",250,,,,,,0,180,TRUE,,,,,,[],INSUFFICIENT,INSUFFICIENT,UNKNOWN,INSUFFICIENT,,,,,,,,,,,,,,,,,MANUAL REVIEW / UNPRICED,FALSE,FALSE,"[""exact_front_back_identity_not_verified"",""identical_completed_sales_not_persisted"",""delivered_acquisition_cost_incomplete"",""truely_collectables_owned_copy_exclusion_not_proven"",""silver_equivalent_or_better_not_image_verified""]","{""artifact_schema"":""TRUELY_COLLECTABLES_DEAL_HUNTER_ARTIFACT_V1"",""deployment"":{""commitSha"":null,""environment"":""production"",""region"":null},""discovery_family_ids"":[""wnba.sonia-citron.broad-professional-rookies""],""gateway_endpoint"":""https://truelycollectables.com/api/tcos/deal-hunter-native-ebay?perQuery=20&scope=wnba"",""gateway_host"":""https://truelycollectables.com"",""gateway_scopes"":[""wnba""],""listing_item_id"":""377421684906"",""native_schema"":""TCOS_NATIVE_EBAY_FEED_V1"",""producer_commit_sha"":""07471ae49901220d13073aab604afbb0e223e855"",""producer_run_id"":""31970958336"",""source"":""truelycollectables.com/native-ebay"",""source_queries"":[""Sonia Citron Washington Mystics WNBA rookie card""],""token_mode"":""client_credentials""}"
cand-s14-ebay-03c1cf9281bfd926379d,dh-20260731T184251Z-gha-recovery,14,2026-08-16T20:35:00.076Z,WNBA/broad_professional_rookies,Sonia Citron,professional_wnba_rookie_card,eBay,emchen-28,,800514979192,https://www.ebay.com/itm/800514979192?_skw=Sonia+Citron+Washington+Mystics+WNBA+rookie+card&hash=itemba62693578%3Ag%3A2-8AAeSwUp5qgQhG,LIVE,Panini 2025 Donruss WNBA Sonia Citron Washington Mystics Rated Rookie #87 holo,"{""preliminary_scope_status"":""DISCOVERY_SCOPE_PASS"",""query_family_ids"":[""wnba.sonia-citron.broad-professional-rookies""]}",{},,ebay|emchen-28|800514979192,https://i.ebayimg.com/images/g/2-8AAeSwUp5qgQhG/s-l225.jpg,,FALSE,FALSE,FALSE,,{},,,,NO,NO,RAW,,,,Ungraded; seller/API claim only; front/back unverified.,UNKNOWN,"[""identity_and_images_unverified""]",2.5,,,,,,0,180,TRUE,,,,,,[],INSUFFICIENT,INSUFFICIENT,UNKNOWN,INSUFFICIENT,,,,,,,,,,,,,,,,,MANUAL REVIEW / UNPRICED,FALSE,FALSE,"[""exact_front_back_identity_not_verified"",""identical_completed_sales_not_persisted"",""delivered_acquisition_cost_incomplete"",""truely_collectables_owned_copy_exclusion_not_proven"",""silver_equivalent_or_better_not_image_verified""]","{""artifact_schema"":""TRUELY_COLLECTABLES_DEAL_HUNTER_ARTIFACT_V1"",""deployment"":{""commitSha"":null,""environment"":""production"",""region"":null},""discovery_family_ids"":[""wnba.sonia-citron.broad-professional-rookies""],""gateway_endpoint"":""https://truelycollectables.com/api/tcos/deal-hunter-native-ebay?perQuery=20&scope=wnba"",""gateway_host"":""https://truelycollectables.com"",""gateway_scopes"":[""wnba""],""listing_item_id"":""800514979192"",""native_schema"":""TCOS_NATIVE_EBAY_FEED_V1"",""producer_commit_sha"":""07471ae49901220d13073aab604afbb0e223e855"",""producer_run_id"":""31970958336"",""source"":""truelycollectables.com/native-ebay"",""source_queries"":[""Sonia Citron Washington Mystics WNBA rookie card""],""token_mode"":""client_credentials""}"
cand-s14-ebay-0d6c7faa8ab04b948c9e,dh-20260731T184251Z-gha-recovery,14,2026-08-16T20:35:00.076Z,WNBA/broad_professional_rookies,Sonia Citron,professional_wnba_rookie_card,eBay,jrm03slp,,178411109320,https://www.ebay.com/itm/178411109320?_skw=Sonia+Citron+Washington+Mystics+WNBA+rookie+card&hash=item298a217bc8%3Ag%3AiBMAAeSwXudqgQFQ&amdata=enc%3AAQALAAABEACCtXRWQnOEpyOqnQQ8KGbjTuxACyhUtNGeaN%2FrN5UzWYg%2BRYFENzWIABfHancs3u72vSFer5mAz9az5LpNfmHG2w1sEueO2eAYeFbnrlcMgZopeJa609quWoB2DvOo9LZfYfLn8Yccl02XPEn6c6vqtvsjkO8wj%2B7vhkLkK028OYI4KS3UXqSOfRhqtoiWPIDa3zeeiGtIhYBUjQrejinR%2FHQ1HZc6bGdd%2FN8DUb%2BhTDywS1o7PXL5WP%2Bbwj2jJQUqT3dV4WrxWr90AqsdYAUW3yuIfKVhTTybkahcytLoPCy%2BnnMgZYDUosHp6%2FZwpQ35mIacqs3cJyFt8Uankx8a%2BhqyP%2BfaS8r1xrTUSGD0,LIVE,Panini Sonia Citron RC 5-Card Lot Prizm Silver,"{""preliminary_scope_status"":""DISCOVERY_SCOPE_PASS"",""query_family_ids"":[""wnba.sonia-citron.broad-professional-rookies""]}",{},,ebay|jrm03slp|178411109320,https://i.ebayimg.com/images/g/iBMAAeSwXudqgQFQ/s-l225.jpg,,FALSE,FALSE,FALSE,,{},,,,NO,NO,UNKNOWN,,,,Used; seller/API claim only; front/back unverified.,UNKNOWN,"[""identity_and_images_unverified""]",35,,,,,,0,180,TRUE,,,,,,[],INSUFFICIENT,INSUFFICIENT,UNKNOWN,INSUFFICIENT,,,,,,,,,,,,,,,,,MANUAL REVIEW / UNPRICED,FALSE,FALSE,"[""exact_front_back_identity_not_verified"",""identical_completed_sales_not_persisted"",""delivered_acquisition_cost_incomplete"",""truely_collectables_owned_copy_exclusion_not_proven"",""silver_equivalent_or_better_not_image_verified""]","{""artifact_schema"":""TRUELY_COLLECTABLES_DEAL_HUNTER_ARTIFACT_V1"",""deployment"":{""commitSha"":null,""environment"":""production"",""region"":null},""discovery_family_ids"":[""wnba.sonia-citron.broad-professional-rookies""],""gateway_endpoint"":""https://truelycollectables.com/api/tcos/deal-hunter-native-ebay?perQuery=20&scope=wnba"",""gateway_host"":""https://truelycollectables.com"",""gateway_scopes"":[""wnba""],""listing_item_id"":""178411109320"",""native_schema"":""TCOS_NATIVE_EBAY_FEED_V1"",""producer_commit_sha"":""07471ae49901220d13073aab604afbb0e223e855"",""producer_run_id"":""31970958336"",""source"":""truelycollectables.com/native-ebay"",""source_queries"":[""Sonia Citron Washington Mystics WNBA rookie card""],""token_mode"":""client_credentials""}"
cand-s14-ebay-03afca9995a60d064904,dh-20260731T184251Z-gha-recovery,14,2026-08-16T20:35:00.076Z,WNBA/broad_professional_rookies,Paige Bueckers,professional_wnba_rookie_card,eBay,jrueholidayisthegoat,,158192494224,https://www.ebay.com/itm/158192494224?_skw=Paige+Bueckers+Dallas+Wings+WNBA+rookie+card&hash=item24d501e690%3Ag%3AEyEAAeSwtH5qgOXd&amdata=enc%3AAQALAAABEACCtXRWQnOEpyOqnQQ8KGZyT1POHo8BqK6njK4B8L24w%2FQ4SNu2l8DKEHDc1O%2BYb5bWfvDlxBjy6uETE5hkIKEw4Vn2NjeacTpI5eXt4fBNnsQGC%2Frd7PyWcdWPOsZU5m5rK3Af%2FuM%2BwtXljLTD9yR3yk4Qr08%2Bt1QolV6uCmBgtwTUgF5o5UfGHajQraJxSnFKETd3z53uPq3eQIDZ3nYBH2dC1QM7bmlQlmD7MJdiiWxeftI8dtu0MC%2FsFUBu6cPGKwJoqTTsUR%2FYm2kcjZaOKSNECjBoXE%2FVNnccq9qkl9vA%2BBOtoGo1nHNzAFOpPKSXA7OOj5%2FoIcpGsspartMWwsB0uh%2FbhyhMuSRIaql1,LIVE,Panini WNBA Paige Bueckers Lot of 25 Rookie Cards - Prizm/Select/Donruss -Wings,"{""preliminary_scope_status"":""DISCOVERY_SCOPE_PASS"",""query_family_ids"":[""wnba.paige-bueckers.broad-professional-rookies""]}",{},,ebay|jrueholidayisthegoat|158192494224,https://i.ebayimg.com/images/g/EyEAAeSwtH5qgOXd/s-l225.jpg,,FALSE,FALSE,FALSE,,{},,,,NO,NO,UNKNOWN,,,,New; seller/API claim only; front/back unverified.,UNKNOWN,"[""identity_and_images_unverified""]",150,,,,,,0,180,TRUE,,,,,,[],INSUFFICIENT,INSUFFICIENT,UNKNOWN,INSUFFICIENT,,,,,,,,,,,,,,,,,MANUAL REVIEW / UNPRICED,FALSE,FALSE,"[""exact_front_back_identity_not_verified"",""identical_completed_sales_not_persisted"",""delivered_acquisition_cost_incomplete"",""truely_collectables_owned_copy_exclusion_not_proven"",""silver_equivalent_or_better_not_image_verified""]","{""artifact_schema"":""TRUELY_COLLECTABLES_DEAL_HUNTER_ARTIFACT_V1"",""deployment"":{""commitSha"":null,""environment"":""production"",""region"":null},""discovery_family_ids"":[""wnba.paige-bueckers.broad-professional-rookies""],""gateway_endpoint"":""https://truelycollectables.com/api/tcos/deal-hunter-native-ebay?perQuery=20&scope=wnba"",""gateway_host"":""https://truelycollectables.com"",""gateway_scopes"":[""wnba""],""listing_item_id"":""158192494224"",""native_schema"":""TCOS_NATIVE_EBAY_FEED_V1"",""producer_commit_sha"":""07471ae49901220d13073aab604afbb0e223e855"",""producer_run_id"":""31970958336"",""source"":""truelycollectables.com/native-ebay"",""source_queries"":[""Paige Bueckers Dallas Wings WNBA rookie card""],""token_mode"":""client_credentials""}"
cand-s14-ebay-80b5e13a62061ebb2040,dh-20260731T184251Z-gha-recovery,14,2026-08-16T20:35:00.076Z,WNBA/broad_professional_rookies,Sonia Citron,professional_wnba_rookie_card,eBay,aravmehta_5510,,407147567164,https://www.ebay.com/itm/407147567164?_skw=Sonia+Citron+Washington+Mystics+WNBA+rookie+card&hash=item5ecbe2d83c%3Ag%3AjaAAAeSwsqlqgOg-,LIVE,2025 Panini Prizm WNBA Sonia Citron Silver Prizm Variation Washington Mystics,"{""preliminary_scope_status"":""DISCOVERY_SCOPE_PASS"",""query_family_ids"":[""wnba.sonia-citron.broad-professional-rookies""]}",{},,ebay|aravmehta-5510|407147567164,https://i.ebayimg.com/images/g/jaAAAeSwsqlqgOg-/s-l225.jpg,,FALSE,FALSE,FALSE,,{},,,,NO,NO,RAW,,,,Ungraded; seller/API claim only; front/back unverified.,UNKNOWN,"[""identity_and_images_unverified""]",6.99,0,,,,,0,180,TRUE,,,,,,[],INSUFFICIENT,INSUFFICIENT,UNKNOWN,INSUFFICIENT,,,,,,,,,,,,,,,,,MANUAL REVIEW / UNPRICED,FALSE,FALSE,"[""exact_front_back_identity_not_verified"",""identical_completed_sales_not_persisted"",""delivered_acquisition_cost_incomplete"",""truely_collectables_owned_copy_exclusion_not_proven"",""silver_equivalent_or_better_not_image_verified""]","{""artifact_schema"":""TRUELY_COLLECTABLES_DEAL_HUNTER_ARTIFACT_V1"",""deployment"":{""commitSha"":null,""environment"":""production"",""region"":null},""discovery_family_ids"":[""wnba.sonia-citron.broad-professional-rookies""],""gateway_endpoint"":""https://truelycollectables.com/api/tcos/deal-hunter-native-ebay?perQuery=20&scope=wnba"",""gateway_host"":""https://truelycollectables.com"",""gateway_scopes"":[""wnba""],""listing_item_id"":""407147567164"",""native_schema"":""TCOS_NATIVE_EBAY_FEED_V1"",""producer_commit_sha"":""07471ae49901220d13073aab604afbb0e223e855"",""producer_run_id"":""31970958336"",""source"":""truelycollectables.com/native-ebay"",""source_queries"":[""Sonia Citron Washington Mystics WNBA rookie card""],""token_mode"":""client_credentials""}"
cand-s14-ebay-ca88925c85d54223c877,dh-20260731T184251Z-gha-recovery,14,2026-08-16T20:35:00.076Z,WNBA/broad_professional_rookies,Dominique Malonga,professional_wnba_rookie_card,eBay,fyp-26,,398290048496,https://www.ebay.com/itm/398290048496?_skw=Dominique+Malonga+Seattle+Storm+WNBA+rookie+card&hash=item5cbbefd5f0%3Ag%3AzHgAAeSwCclqgN30,LIVE,Panini Prizm WNBA 2025 Dominique Malonga Seattle Storm #144 Rookie Card,"{""preliminary_scope_status"":""DISCOVERY_SCOPE_PASS"",""query_family_ids"":[""wnba.dominique-malonga.broad-professional-rookies""]}",{},,ebay|fyp-26|398290048496,https://i.ebayimg.com/images/g/zHgAAeSwCclqgN30/s-l225.jpg,,FALSE,FALSE,FALSE,,{},,,,NO,NO,RAW,,,,Ungraded; seller/API claim only; front/back unverified.,UNKNOWN,"[""identity_and_images_unverified""]",2,,,,,,0,180,TRUE,,,,,,[],INSUFFICIENT,INSUFFICIENT,UNKNOWN,INSUFFICIENT,,,,,,,,,,,,,,,,,MANUAL REVIEW / UNPRICED,FALSE,FALSE,"[""exact_front_back_identity_not_verified"",""identical_completed_sales_not_persisted"",""delivered_acquisition_cost_incomplete"",""truely_collectables_owned_copy_exclusion_not_proven"",""silver_equivalent_or_better_not_image_verified""]","{""artifact_schema"":""TRUELY_COLLECTABLES_DEAL_HUNTER_ARTIFACT_V1"",""deployment"":{""commitSha"":null,""environment"":""production"",""region"":null},""discovery_family_ids"":[""wnba.dominique-malonga.broad-professional-rookies""],""gateway_endpoint"":""https://truelycollectables.com/api/tcos/deal-hunter-native-ebay?perQuery=20&scope=wnba"",""gateway_host"":""https://truelycollectables.com"",""gateway_scopes"":[""wnba""],""listing_item_id"":""398290048496"",""native_schema"":""TCOS_NATIVE_EBAY_FEED_V1"",""producer_commit_sha"":""07471ae49901220d13073aab604afbb0e223e855"",""producer_run_id"":""31970958336"",""source"":""truelycollectables.com/native-ebay"",""source_queries"":[""Dominique Malonga Seattle Storm WNBA rookie card""],""token_mode"":""client_credentials""}"
cand-s14-ebay-fb7193ee517dbb2dc53b,dh-20260731T184251Z-gha-recovery,14,2026-08-16T20:35:00.076Z,WNBA/broad_professional_rookies,Caitlin Clark,professional_wnba_rookie_card,eBay,chrislovesgpk,,168616454587,https://www.ebay.com/itm/168616454587?_skw=Caitlin+Clark+Indiana+Fever+WNBA+rookie+card&hash=item274252e9bb%3Ag%3A4vMAAeSwgGdqgNkH,LIVE,Caitlin Clark 2024 Panini Prizm WNBA #22 Rookie RC Indiana Fever,"{""preliminary_scope_status"":""DISCOVERY_SCOPE_PASS"",""query_family_ids"":[""wnba.caitlin-clark.broad-professional-rookies""]}",{},,ebay|chrislovesgpk|168616454587,https://i.ebayimg.com/images/g/4vMAAeSwgGdqgNkH/s-l225.jpg,,FALSE,FALSE,FALSE,,{},,,,NO,NO,RAW,,,,Ungraded; seller/API claim only; front/back unverified.,UNKNOWN,"[""identity_and_images_unverified""]",19.99,2.99,,,,,0,180,TRUE,,,,,,[],INSUFFICIENT,INSUFFICIENT,UNKNOWN,INSUFFICIENT,,,,,,,,,,,,,,,,,MANUAL REVIEW / UNPRICED,FALSE,FALSE,"[""exact_front_back_identity_not_verified"",""identical_completed_sales_not_persisted"",""delivered_acquisition_cost_incomplete"",""truely_collectables_owned_copy_exclusion_not_proven"",""silver_equivalent_or_better_not_image_verified""]","{""artifact_schema"":""TRUELY_COLLECTABLES_DEAL_HUNTER_ARTIFACT_V1"",""deployment"":{""commitSha"":null,""environment"":""production"",""region"":null},""discovery_family_ids"":[""wnba.caitlin-clark.broad-professional-rookies""],""gateway_endpoint"":""https://truelycollectables.com/api/tcos/deal-hunter-native-ebay?perQuery=20&scope=wnba"",""gateway_host"":""https://truelycollectables.com"",""gateway_scopes"":[""wnba""],""listing_item_id"":""168616454587"",""native_schema"":""TCOS_NATIVE_EBAY_FEED_V1"",""producer_commit_sha"":""07471ae49901220d13073aab604afbb0e223e855"",""producer_run_id"":""31970958336"",""source"":""truelycollectables.com/native-ebay"",""source_queries"":[""Caitlin Clark Indiana Fever WNBA rookie card""],""token_mode"":""client_credentials""}"
cand-s14-ebay-a96f447d2d52fbe5bdbd,dh-20260731T184251Z-gha-recovery,14,2026-08-16T20:35:00.076Z,WNBA/broad_professional_rookies,Dominique Malonga,professional_wnba_rookie_card,eBay,titletownsportscards-oh,,188798378173,https://www.ebay.com/itm/188798378173?_skw=Dominique+Malonga+Seattle+Storm+WNBA+rookie+card&hash=item2bf542a0bd%3Ag%3ApIgAAeSwvmNqgNWV,LIVE,2025 Prizm WNBA - Rookie Variation Dominique Malonga #144 Mojo PRIZM #/25 Storm,"{""preliminary_scope_status"":""DISCOVERY_SCOPE_PASS"",""query_family_ids"":[""wnba.dominique-malonga.broad-professional-rookies""]}",{},,ebay|titletownsportscards-oh|188798378173,https://i.ebayimg.com/images/g/pIgAAeSwvmNqgNWV/s-l225.jpg,,FALSE,FALSE,FALSE,,{},,,,NO,NO,RAW,,,,Ungraded; seller/API claim only; front/back unverified.,UNKNOWN,"[""identity_and_images_unverified""]",150,,,,,,0,180,TRUE,,,,,,[],INSUFFICIENT,INSUFFICIENT,UNKNOWN,INSUFFICIENT,,,,,,,,,,,,,,,,,MANUAL REVIEW / UNPRICED,FALSE,FALSE,"[""exact_front_back_identity_not_verified"",""identical_completed_sales_not_persisted"",""delivered_acquisition_cost_incomplete"",""truely_collectables_owned_copy_exclusion_not_proven"",""silver_equivalent_or_better_not_image_verified""]","{""artifact_schema"":""TRUELY_COLLECTABLES_DEAL_HUNTER_ARTIFACT_V1"",""deployment"":{""commitSha"":null,""environment"":""production"",""region"":null},""discovery_family_ids"":[""wnba.dominique-malonga.broad-professional-rookies""],""gateway_endpoint"":""https://truelycollectables.com/api/tcos/deal-hunter-native-ebay?perQuery=20&scope=wnba"",""gateway_host"":""https://truelycollectables.com"",""gateway_scopes"":[""wnba""],""listing_item_id"":""188798378173"",""native_schema"":""TCOS_NATIVE_EBAY_FEED_V1"",""producer_commit_sha"":""07471ae49901220d13073aab604afbb0e223e855"",""producer_run_id"":""31970958336"",""source"":""truelycollectables.com/native-ebay"",""source_queries"":[""Dominique Malonga Seattle Storm WNBA rookie card""],""token_mode"":""client_credentials""}"
cand-s14-ebay-953aafb26039e99db2da,dh-20260731T184251Z-gha-recovery,14,2026-08-16T20:35:00.076Z,WNBA/broad_professional_rookies,Paige Bueckers,professional_wnba_rookie_card,eBay,hohen4,,158191986556,https://www.ebay.com/itm/158191986556?_skw=Paige+Bueckers+Dallas+Wings+WNBA+rookie+card&hash=item24d4fa277c%3Ag%3AQbcAAeSwOLpqgLC7,LIVE,2025 Panini Prizm WNBA Fireworks Paige Bueckers Dallas Wings #14 Rookie Wings,"{""preliminary_scope_status"":""DISCOVERY_SCOPE_PASS"",""query_family_ids"":[""wnba.paige-bueckers.broad-professional-rookies""]}",{},,ebay|hohen4|158191986556,https://i.ebayimg.com/images/g/QbcAAeSwOLpqgLC7/s-l225.jpg,,FALSE,FALSE,FALSE,,{},,,,NO,NO,RAW,,,,Ungraded; seller/API claim only; front/back unverified.,UNKNOWN,"[""identity_and_images_unverified""]",3,,,,,,0,180,TRUE,,,,,,[],INSUFFICIENT,INSUFFICIENT,UNKNOWN,INSUFFICIENT,,,,,,,,,,,,,,,,,MANUAL REVIEW / UNPRICED,FALSE,FALSE,"[""exact_front_back_identity_not_verified"",""identical_completed_sales_not_persisted"",""delivered_acquisition_cost_incomplete"",""truely_collectables_owned_copy_exclusion_not_proven"",""silver_equivalent_or_better_not_image_verified""]","{""artifact_schema"":""TRUELY_COLLECTABLES_DEAL_HUNTER_ARTIFACT_V1"",""deployment"":{""commitSha"":null,""environment"":""production"",""region"":null},""discovery_family_ids"":[""wnba.paige-bueckers.broad-professional-rookies""],""gateway_endpoint"":""https://truelycollectables.com/api/tcos/deal-hunter-native-ebay?perQuery=20&scope=wnba"",""gateway_host"":""https://truelycollectables.com"",""gateway_scopes"":[""wnba""],""listing_item_id"":""158191986556"",""native_schema"":""TCOS_NATIVE_EBAY_FEED_V1"",""producer_commit_sha"":""07471ae49901220d13073aab604afbb0e223e855"",""producer_run_id"":""31970958336"",""source"":""truelycollectables.com/native-ebay"",""source_queries"":[""Paige Bueckers Dallas Wings WNBA rookie card""],""token_mode"":""client_credentials""}"
cand-s14-ebay-5b96b3c8e6f218006d88,dh-20260731T184251Z-gha-recovery,14,2026-08-16T20:35:00.076Z,WNBA/broad_professional_rookies,Paige Bueckers,professional_wnba_rookie_card,eBay,hohen4,,158191948516,https://www.ebay.com/itm/158191948516?_skw=Paige+Bueckers+Dallas+Wings+WNBA+rookie+card&hash=item24d4f992e4%3Ag%3Ab0kAAeSwhP1qgK0C,LIVE,2025 Panini Prizm WNBA Paige Bueckers #5 (RC) Dallas Wings QTY,"{""preliminary_scope_status"":""DISCOVERY_SCOPE_PASS"",""query_family_ids"":[""wnba.paige-bueckers.broad-professional-rookies""]}",{},,ebay|hohen4|158191948516,https://i.ebayimg.com/images/g/b0kAAeSwhP1qgK0C/s-l225.jpg,,FALSE,FALSE,FALSE,,{},,,,NO,NO,RAW,,,,Ungraded; seller/API claim only; front/back unverified.,UNKNOWN,"[""identity_and_images_unverified""]",3,,,,,,0,180,TRUE,,,,,,[],INSUFFICIENT,INSUFFICIENT,UNKNOWN,INSUFFICIENT,,,,,,,,,,,,,,,,,MANUAL REVIEW / UNPRICED,FALSE,FALSE,"[""exact_front_back_identity_not_verified"",""identical_completed_sales_not_persisted"",""delivered_acquisition_cost_incomplete"",""truely_collectables_owned_copy_exclusion_not_proven"",""silver_equivalent_or_better_not_image_verified""]","{""artifact_schema"":""TRUELY_COLLECTABLES_DEAL_HUNTER_ARTIFACT_V1"",""deployment"":{""commitSha"":null,""environment"":""production"",""region"":null},""discovery_family_ids"":[""wnba.paige-bueckers.broad-professional-rookies""],""gateway_endpoint"":""https://truelycollectables.com/api/tcos/deal-hunter-native-ebay?perQuery=20&scope=wnba"",""gateway_host"":""https://truelycollectables.com"",""gateway_scopes"":[""wnba""],""listing_item_id"":""158191948516"",""native_schema"":""TCOS_NATIVE_EBAY_FEED_V1"",""producer_commit_sha"":""07471ae49901220d13073aab604afbb0e223e855"",""producer_run_id"":""31970958336"",""source"":""truelycollectables.com/native-ebay"",""source_queries"":[""Paige Bueckers Dallas Wings WNBA rookie card""],""token_mode"":""client_credentials""}"
cand-s14-ebay-dfd692b426f34abe9be1,dh-20260731T184251Z-gha-recovery,14,2026-08-16T20:35:00.076Z,WNBA/broad_professional_rookies,Caitlin Clark,professional_wnba_rookie_card,eBay,kelseys_cards,,137625083029,https://www.ebay.com/itm/137625083029?_skw=Caitlin+Clark+Indiana+Fever+WNBA+rookie+card&hash=item200b181c95%3Ag%3ALn4AAeSw87BqgKU8&amdata=enc%3AAQALAAABEACCtXRWQnOEpyOqnQQ8KGY84zAX367hkGs67kV1dz6n98OF%2Bztu%2FEiUxIXAXsCRHeBgZcnK4T0%2Fnns%2Fqyb%2FZbXLXyIDvTwyld53H4GiFnn3fuWO4%2FZQJCoXwGpwjLvLIb2a8ZB%2FUakAojIWQ9QXHAuDRLaImNpMO%2FYAlUb6heloF3gEnxxntsjGaJqASuZhFgKiS8x3ShE3o%2FQAgHSIlFoNKbvxe3E6DhLgHt2MUPUpyFLfESn2vMrOOGNcgk9%2BB4HXnoclhbxHyl0S30QZE5Vcw9qSuLuQNleD2UrSIjiRytGZKEPRW34hvAQxojS21VAZpzVaUxncdW7Lde3KVB6mCur3mG3rVDtW4EAO%2FPjg,LIVE,‼️MINT WNBA GOAT RC‼️Short-Print 2024 Panini Caitlin Clark #A ROY Indiana Fever,"{""preliminary_scope_status"":""IMAGE_OR_IDENTITY_REVIEW_REQUIRED"",""query_family_ids"":[""wnba.caitlin-clark.broad-professional-rookies""]}",{},,ebay|kelseys-cards|137625083029,https://i.ebayimg.com/images/g/Ln4AAeSw87BqgKU8/s-l225.jpg,,FALSE,FALSE,FALSE,,{},,,,NO,NO,GRADED,,,,Graded; seller/API claim only; front/back unverified.,UNKNOWN,"[""identity_and_images_unverified""]",24.99,,,,,,0,180,TRUE,,,,,,[],INSUFFICIENT,INSUFFICIENT,UNKNOWN,INSUFFICIENT,,,,,,,,,,,,,,,,,MANUAL REVIEW / UNPRICED,FALSE,FALSE,"[""exact_front_back_identity_not_verified"",""identical_completed_sales_not_persisted"",""delivered_acquisition_cost_incomplete"",""truely_collectables_owned_copy_exclusion_not_proven"",""silver_equivalent_or_better_not_image_verified"",""tier_not_proven_from_title_image_review_required""]","{""artifact_schema"":""TRUELY_COLLECTABLES_DEAL_HUNTER_ARTIFACT_V1"",""deployment"":{""commitSha"":null,""environment"":""production"",""region"":null},""discovery_family_ids"":[""wnba.caitlin-clark.broad-professional-rookies""],""gateway_endpoint"":""https://truelycollectables.com/api/tcos/deal-hunter-native-ebay?perQuery=20&scope=wnba"",""gateway_host"":""https://truelycollectables.com"",""gateway_scopes"":[""wnba""],""listing_item_id"":""137625083029"",""native_schema"":""TCOS_NATIVE_EBAY_FEED_V1"",""producer_commit_sha"":""07471ae49901220d13073aab604afbb0e223e855"",""producer_run_id"":""31970958336"",""source"":""truelycollectables.com/native-ebay"",""source_queries"":[""Caitlin Clark Indiana Fever WNBA rookie card""],""token_mode"":""client_credentials""}"
cand-s14-ebay-a093f54427e57d264521,dh-20260731T184251Z-gha-recovery,14,2026-08-16T20:35:00.076Z,WNBA/broad_professional_rookies,Kiki Iriafen,professional_wnba_rookie_card,eBay,dannydoinks,,820002311075,https://www.ebay.com/itm/820002311075?_skw=Kiki+Iriafen+Washington+Mystics+WNBA+rookie+card&hash=itembeebf24ba3%3Ag%3AaPIAAeSwvmNqf2LG,LIVE,Panini Select 2024 WNBA Kiki Iriafen Washington Mystics Rookie #10 Card,"{""preliminary_scope_status"":""IMAGE_OR_IDENTITY_REVIEW_REQUIRED"",""query_family_ids"":[""wnba.kiki-iriafen.broad-professional-rookies""]}",{},,ebay|dannydoinks|820002311075,https://i.ebayimg.com/images/g/aPIAAeSwvmNqf2LG/s-l225.jpg,,FALSE,FALSE,FALSE,,{},,,,NO,NO,RAW,,,,Ungraded; seller/API claim only; front/back unverified.,UNKNOWN,"[""identity_and_images_unverified""]",1,,,,,,0,180,TRUE,,,,,,[],INSUFFICIENT,INSUFFICIENT,UNKNOWN,INSUFFICIENT,,,,,,,,,,,,,,,,,MANUAL REVIEW / UNPRICED,FALSE,FALSE,"[""exact_front_back_identity_not_verified"",""identical_completed_sales_not_persisted"",""delivered_acquisition_cost_incomplete"",""truely_collectables_owned_copy_exclusion_not_proven"",""silver_equivalent_or_better_not_image_verified"",""tier_not_proven_from_title_image_review_required""]","{""artifact_schema"":""TRUELY_COLLECTABLES_DEAL_HUNTER_ARTIFACT_V1"",""deployment"":{""commitSha"":null,""environment"":""production"",""region"":null},""discovery_family_ids"":[""wnba.kiki-iriafen.broad-professional-rookies""],""gateway_endpoint"":""https://truelycollectables.com/api/tcos/deal-hunter-native-ebay?perQuery=20&scope=wnba"",""gateway_host"":""https://truelycollectables.com"",""gateway_scopes"":[""wnba""],""listing_item_id"":""820002311075"",""native_schema"":""TCOS_NATIVE_EBAY_FEED_V1"",""producer_commit_sha"":""07471ae49901220d13073aab604afbb0e223e855"",""producer_run_id"":""31970958336"",""source"":""truelycollectables.com/native-ebay"",""source_queries"":[""Kiki Iriafen Washington Mystics WNBA rookie card""],""token_mode"":""client_credentials""}"
cand-s14-ebay-e5d73cc7d48538e48635,dh-20260731T184251Z-gha-recovery,14,2026-08-16T20:35:00.076Z,WNBA/broad_professional_rookies,Sonia Citron,professional_wnba_rookie_card,eBay,lovesports7,,287524896518,https://www.ebay.com/itm/287524896518?_skw=Sonia+Citron+Washington+Mystics+WNBA+rookie+card&hash=item42f1d1bf06%3Ag%3AVFwAAeSwjZxqfyiw&amdata=enc%3AAQALAAABEACCtXRWQnOEpyOqnQQ8KGZ52T7wr4M0qKzPwMo51vvwoldUT3%2F18Y4QGAYDTijXY%2F649PCABXw1dXxWSx09zvF2ZeSzc0S124bWAouZINtt3Ju3bVsCP6eHdPc%2B%2BeTik9wF8iCcKPzyAyxBtrpjD%2Fs34Ahp0tOx6RE6wTh3VfGXWS4HWxfVUSjhhrrGa6O6vrRx9WpWZ8ylMPKQkVleBEaakJm1wfaNV2YpvQGFM6fHZRn66nicHC2MsioeQb9vSoUQvWtPw21AnPq6zrPMOlXLFttJ%2B5Xa6lJ7BkDeCqdhj5xexCpe1KDL8KVfqSdEceY2cNayo3vwV8aPzDvsrgjOnFLcTRkTRkIZkVXTcOxD,LIVE,Panini Donruss WNBA 2025 Sonia Citron #87 Rated Rookie Signatures Auto PSA 10,"{""preliminary_scope_status"":""DISCOVERY_SCOPE_PASS"",""query_family_ids"":[""wnba.sonia-citron.broad-professional-rookies""]}",{},,ebay|lovesports7|287524896518,https://i.ebayimg.com/images/g/VFwAAeSwjZxqfyiw/s-l225.jpg,,FALSE,FALSE,FALSE,,{},,,,CLAIMED_ONLY,NO,GRADED,PSA,10,,Graded; seller/API claim only; front/back unverified.,UNKNOWN,"[""identity_and_images_unverified""]",230,,,,,,0,180,TRUE,,,,,,[],INSUFFICIENT,INSUFFICIENT,UNKNOWN,INSUFFICIENT,,,,,,,,,,,,,,,,,MANUAL REVIEW / UNPRICED,FALSE,FALSE,"[""exact_front_back_identity_not_verified"",""identical_completed_sales_not_persisted"",""delivered_acquisition_cost_incomplete"",""truely_collectables_owned_copy_exclusion_not_proven"",""silver_equivalent_or_better_not_image_verified""]","{""artifact_schema"":""TRUELY_COLLECTABLES_DEAL_HUNTER_ARTIFACT_V1"",""deployment"":{""commitSha"":null,""environment"":""production"",""region"":null},""discovery_family_ids"":[""wnba.sonia-citron.broad-professional-rookies""],""gateway_endpoint"":""https://truelycollectables.com/api/tcos/deal-hunter-native-ebay?perQuery=20&scope=wnba"",""gateway_host"":""https://truelycollectables.com"",""gateway_scopes"":[""wnba""],""listing_item_id"":""287524896518"",""native_schema"":""TCOS_NATIVE_EBAY_FEED_V1"",""producer_commit_sha"":""07471ae49901220d13073aab604afbb0e223e855"",""producer_run_id"":""31970958336"",""source"":""truelycollectables.com/native-ebay"",""source_queries"":[""Sonia Citron Washington Mystics WNBA rookie card""],""token_mode"":""client_credentials""}"
cand-s14-ebay-455c06a1311a61210a1f,dh-20260731T184251Z-gha-recovery,14,2026-08-16T20:35:00.076Z,WNBA/broad_professional_rookies,Dominique Malonga,professional_wnba_rookie_card,eBay,gonz6591,,820001027410,https://www.ebay.com/itm/820001027410?_skw=Dominique+Malonga+Seattle+Storm+WNBA+rookie+card&hash=itembeebdeb552%3Ag%3A4F0AAeSwiiFqfwJy,LIVE,2025 WNBA Prizm Dominique Malonga Groovy #8 RC Seattle Storm,"{""preliminary_scope_status"":""DISCOVERY_SCOPE_PASS"",""query_family_ids"":[""wnba.dominique-malonga.broad-professional-rookies""]}",{},,ebay|gonz6591|820001027410,https://i.ebayimg.com/images/g/4F0AAeSwiiFqfwJy/s-l225.jpg,,FALSE,FALSE,FALSE,,{},,,,NO,NO,RAW,,,,Ungraded; seller/API claim only; front/back unverified.,UNKNOWN,"[""identity_and_images_unverified""]",1.27,,,,,,0,180,TRUE,,,,,,[],INSUFFICIENT,INSUFFICIENT,UNKNOWN,INSUFFICIENT,,,,,,,,,,,,,,,,,MANUAL REVIEW / UNPRICED,FALSE,FALSE,"[""exact_front_back_identity_not_verified"",""identical_completed_sales_not_persisted"",""delivered_acquisition_cost_incomplete"",""truely_collectables_owned_copy_exclusion_not_proven"",""silver_equivalent_or_better_not_image_verified""]","{""artifact_schema"":""TRUELY_COLLECTABLES_DEAL_HUNTER_ARTIFACT_V1"",""deployment"":{""commitSha"":null,""environment"":""production"",""region"":null},""discovery_family_ids"":[""wnba.dominique-malonga.broad-professional-rookies""],""gateway_endpoint"":""https://truelycollectables.com/api/tcos/deal-hunter-native-ebay?perQuery=20&scope=wnba"",""gateway_host"":""https://truelycollectables.com"",""gateway_scopes"":[""wnba""],""listing_item_id"":""820001027410"",""native_schema"":""TCOS_NATIVE_EBAY_FEED_V1"",""producer_commit_sha"":""07471ae49901220d13073aab604afbb0e223e855"",""producer_run_id"":""31970958336"",""source"":""truelycollectables.com/native-ebay"",""source_queries"":[""Dominique Malonga Seattle Storm WNBA rookie card""],""token_mode"":""client_credentials""}"
cand-s14-ebay-6d5227b58f81fe816fa9,dh-20260731T184251Z-gha-recovery,14,2026-08-16T20:35:00.076Z,WNBA/broad_professional_rookies,Paige Bueckers,professional_wnba_rookie_card,eBay,flinche0330,,267756446544,https://www.ebay.com/itm/267756446544?_skw=Paige+Bueckers+Dallas+Wings+WNBA+rookie+card&hash=item3e57872350%3Ag%3ATZ0AAeSwvFVqfkKM&amdata=enc%3AAQALAAABEACCtXRWQnOEpyOqnQQ8KGanP%2F3a6gR3l81iHqfYRINIkGv2jef1siXCLpnLyGt09zov1hWVTtlXDLx69jTltJGdJi%2BGY9OajpDTzMqwhQZfsvDS23VeCvpBZkwu5cZmbsG4QRgLtFP4mn%2BMCccDwex%2FhYVYkUOhtIw6Wzsk6cxGBEj21PtCb6uWvLJsMwN3HrmqGQQHsqWzZvJFGJjZYFfBtp0X4AmB4SXyPH%2Bi6Pqxs4U6r18MGThsl7icdSeAP5kTIS2yvGvNc6a576oUYfUorgTPwxmn%2B%2FVt1kDS4ki%2FAbyND6L7hKyNuve6o73Nq9g9dcfPOrrRvK6lBJqotMVyodzv6JJFbHbfs5Aqz8Cz,LIVE,2026 Panini Nationals Paige Bueckers Dallas Wings Gold /50 #26,"{""preliminary_scope_status"":""DISCOVERY_SCOPE_PASS"",""query_family_ids"":[""wnba.paige-bueckers.broad-professional-rookies""]}",{},,ebay|flinche0330|267756446544,https://i.ebayimg.com/images/g/TZ0AAeSwvFVqfkKM/s-l225.jpg,,FALSE,FALSE,FALSE,,{},,,,NO,NO,RAW,,,,Ungraded; seller/API claim only; front/back unverified.,UNKNOWN,"[""identity_and_images_unverified""]",75,2.99,,,,,0,180,TRUE,,,,,,[],INSUFFICIENT,INSUFFICIENT,UNKNOWN,INSUFFICIENT,,,,,,,,,,,,,,,,,MANUAL REVIEW / UNPRICED,FALSE,FALSE,"[""exact_front_back_identity_not_verified"",""identical_completed_sales_not_persisted"",""delivered_acquisition_cost_incomplete"",""truely_collectables_owned_copy_exclusion_not_proven"",""silver_equivalent_or_better_not_image_verified""]","{""artifact_schema"":""TRUELY_COLLECTABLES_DEAL_HUNTER_ARTIFACT_V1"",""deployment"":{""commitSha"":null,""environment"":""production"",""region"":null},""discovery_family_ids"":[""wnba.paige-bueckers.broad-professional-rookies""],""gateway_endpoint"":""https://truelycollectables.com/api/tcos/deal-hunter-native-ebay?perQuery=20&scope=wnba"",""gateway_host"":""https://truelycollectables.com"",""gateway_scopes"":[""wnba""],""listing_item_id"":""267756446544"",""native_schema"":""TCOS_NATIVE_EBAY_FEED_V1"",""producer_commit_sha"":""07471ae49901220d13073aab604afbb0e223e855"",""producer_run_id"":""31970958336"",""source"":""truelycollectables.com/native-ebay"",""source_queries"":[""Paige Bueckers Dallas Wings WNBA rookie card""],""token_mode"":""client_credentials""}"
cand-s14-ebay-10165d857dfcfb74c1d9,dh-20260731T184251Z-gha-recovery,14,2026-08-16T20:35:00.076Z,WNBA/broad_professional_rookies,Paige Bueckers,professional_wnba_rookie_card,eBay,tonyadoyle,,168611701488,https://www.ebay.com/itm/168611701488?_skw=Paige+Bueckers+Dallas+Wings+WNBA+rookie+card&hash=item27420a62f0%3Ag%3AdPYAAeSwJvdqfidG,LIVE,2025 Panini Prizm Paige Bueckers WNBA Logo Border Parallel RC Rookie Wings PRISM,"{""preliminary_scope_status"":""DISCOVERY_SCOPE_PASS"",""query_family_ids"":[""wnba.paige-bueckers.broad-professional-rookies""]}",{},,ebay|tonyadoyle|168611701488,https://i.ebayimg.com/images/g/dPYAAeSwJvdqfidG/s-l225.jpg,,FALSE,FALSE,FALSE,,{},,,,NO,NO,GRADED,,,,Graded; seller/API claim only; front/back unverified.,UNKNOWN,"[""identity_and_images_unverified""]",125,,,,,,0,180,TRUE,,,,,,[],INSUFFICIENT,INSUFFICIENT,UNKNOWN,INSUFFICIENT,,,,,,,,,,,,,,,,,MANUAL REVIEW / UNPRICED,FALSE,FALSE,"[""exact_front_back_identity_not_verified"",""identical_completed_sales_not_persisted"",""delivered_acquisition_cost_incomplete"",""truely_collectables_owned_copy_exclusion_not_proven"",""silver_equivalent_or_better_not_image_verified""]","{""artifact_schema"":""TRUELY_COLLECTABLES_DEAL_HUNTER_ARTIFACT_V1"",""deployment"":{""commitSha"":null,""environment"":""production"",""region"":null},""discovery_family_ids"":[""wnba.paige-bueckers.broad-professional-rookies""],""gateway_endpoint"":""https://truelycollectables.com/api/tcos/deal-hunter-native-ebay?perQuery=20&scope=wnba"",""gateway_host"":""https://truelycollectables.com"",""gateway_scopes"":[""wnba""],""listing_item_id"":""168611701488"",""native_schema"":""TCOS_NATIVE_EBAY_FEED_V1"",""producer_commit_sha"":""07471ae49901220d13073aab604afbb0e223e855"",""producer_run_id"":""31970958336"",""source"":""truelycollectables.com/native-ebay"",""source_queries"":[""Paige Bueckers Dallas Wings WNBA rookie card""],""token_mode"":""client_credentials""}"
cand-s14-ebay-6cc1859b30af5bc27ef4,dh-20260731T184251Z-gha-recovery,14,2026-08-16T20:35:00.076Z,WNBA/broad_professional_rookies,Caitlin Clark,professional_wnba_rookie_card,eBay,keyi-33,,358922965034,https://www.ebay.com/itm/358922965034?_skw=Caitlin+Clark+Indiana+Fever+WNBA+rookie+card&hash=item539179d02a%3Ag%3AaGkAAeSwjJxqfgdq,LIVE,CAITLIN CLARK 2024 Panini Instant WNBA #198 INDIANA FEVER ROOKIE CARD MILESTONE,"{""preliminary_scope_status"":""IMAGE_OR_IDENTITY_REVIEW_REQUIRED"",""query_family_ids"":[""wnba.caitlin-clark.broad-professional-rookies""]}",{},,ebay|keyi-33|358922965034,https://i.ebayimg.com/images/g/aGkAAeSwjJxqfgdq/s-l225.jpg,,FALSE,FALSE,FALSE,,{},,,,NO,NO,RAW,,,,Ungraded; seller/API claim only; front/back unverified.,UNKNOWN,"[""identity_and_images_unverified""]",19.99,1.99,,,,,0,180,TRUE,,,,,,[],INSUFFICIENT,INSUFFICIENT,UNKNOWN,INSUFFICIENT,,,,,,,,,,,,,,,,,MANUAL REVIEW / UNPRICED,FALSE,FALSE,"[""exact_front_back_identity_not_verified"",""identical_completed_sales_not_persisted"",""delivered_acquisition_cost_incomplete"",""truely_collectables_owned_copy_exclusion_not_proven"",""silver_equivalent_or_better_not_image_verified"",""tier_not_proven_from_title_image_review_required""]","{""artifact_schema"":""TRUELY_COLLECTABLES_DEAL_HUNTER_ARTIFACT_V1"",""deployment"":{""commitSha"":null,""environment"":""production"",""region"":null},""discovery_family_ids"":[""wnba.caitlin-clark.broad-professional-rookies""],""gateway_endpoint"":""https://truelycollectables.com/api/tcos/deal-hunter-native-ebay?perQuery=20&scope=wnba"",""gateway_host"":""https://truelycollectables.com"",""gateway_scopes"":[""wnba""],""listing_item_id"":""358922965034"",""native_schema"":""TCOS_NATIVE_EBAY_FEED_V1"",""producer_commit_sha"":""07471ae49901220d13073aab604afbb0e223e855"",""producer_run_id"":""31970958336"",""source"":""truelycollectables.com/native-ebay"",""source_queries"":[""Caitlin Clark Indiana Fever WNBA rookie card""],""token_mode"":""client_credentials""}"
cand-s14-ebay-4c7cb590c3ad2ffd447e,dh-20260731T184251Z-gha-recovery,14,2026-08-16T20:35:00.076Z,WNBA/broad_professional_rookies,Paige Bueckers,professional_wnba_rookie_card,eBay,kn_644365,,147502634741,https://www.ebay.com/itm/147502634741?_skw=Paige+Bueckers+Dallas+Wings+WNBA+rookie+card&hash=item2257d796f5%3Ag%3AYh8AAeSw0ttqYChB,LIVE,2025 Panini WNBA Prizm Paige Bueckers RC Silver Rookie #5 Wings,"{""preliminary_scope_status"":""DISCOVERY_SCOPE_PASS"",""query_family_ids"":[""wnba.paige-bueckers.broad-professional-rookies""]}",{},,ebay|kn-644365|147502634741,https://i.ebayimg.com/images/g/Yh8AAeSw0ttqYChB/s-l225.jpg,,FALSE,FALSE,FALSE,,{},,,,NO,NO,RAW,,,,Ungraded; seller/API claim only; front/back unverified.,UNKNOWN,"[""identity_and_images_unverified""]",51.99,0,,,,,0,180,TRUE,,,,,,[],INSUFFICIENT,INSUFFICIENT,UNKNOWN,INSUFFICIENT,,,,,,,,,,,,,,,,,MANUAL REVIEW / UNPRICED,FALSE,FALSE,"[""exact_front_back_identity_not_verified"",""identical_completed_sales_not_persisted"",""delivered_acquisition_cost_incomplete"",""truely_collectables_owned_copy_exclusion_not_proven"",""silver_equivalent_or_better_not_image_verified""]","{""artifact_schema"":""TRUELY_COLLECTABLES_DEAL_HUNTER_ARTIFACT_V1"",""deployment"":{""commitSha"":null,""environment"":""production"",""region"":null},""discovery_family_ids"":[""wnba.paige-bueckers.broad-professional-rookies""],""gateway_endpoint"":""https://truelycollectables.com/api/tcos/deal-hunter-native-ebay?perQuery=20&scope=wnba"",""gateway_host"":""https://truelycollectables.com"",""gateway_scopes"":[""wnba""],""listing_item_id"":""147502634741"",""native_schema"":""TCOS_NATIVE_EBAY_FEED_V1"",""producer_commit_sha"":""07471ae49901220d13073aab604afbb0e223e855"",""producer_run_id"":""31970958336"",""source"":""truelycollectables.com/native-ebay"",""source_queries"":[""Paige Bueckers Dallas Wings WNBA rookie card""],""token_mode"":""client_credentials""}"
cand-s14-ebay-d34aa4975e13a3c565b2,dh-20260731T184251Z-gha-recovery,14,2026-08-16T20:35:00.076Z,WNBA/broad_professional_rookies,Paige Bueckers,professional_wnba_rookie_card,eBay,bonesdsg,,128025006616,https://www.ebay.com/itm/128025006616?_skw=Paige+Bueckers+Dallas+Wings+WNBA+rookie+card&hash=item1dcee29218%3Ag%3A6qEAAeSwWcdqffdb,LIVE,2025 Prizm WNBA Rookie #5 Paige Bueckers Dallas Wings Basketball Card Green,"{""preliminary_scope_status"":""DISCOVERY_SCOPE_PASS"",""query_family_ids"":[""wnba.paige-bueckers.broad-professional-rookies""]}",{},,ebay|bonesdsg|128025006616,https://i.ebayimg.com/images/g/6qEAAeSwWcdqffdb/s-l225.jpg,,FALSE,FALSE,FALSE,,{},,,,NO,NO,RAW,,,,Ungraded; seller/API claim only; front/back unverified.,UNKNOWN,"[""identity_and_images_unverified""]",14.99,,,,,,0,180,TRUE,,,,,,[],INSUFFICIENT,INSUFFICIENT,UNKNOWN,INSUFFICIENT,,,,,,,,,,,,,,,,,MANUAL REVIEW / UNPRICED,FALSE,FALSE,"[""exact_front_back_identity_not_verified"",""identical_completed_sales_not_persisted"",""delivered_acquisition_cost_incomplete"",""truely_collectables_owned_copy_exclusion_not_proven"",""silver_equivalent_or_better_not_image_verified""]","{""artifact_schema"":""TRUELY_COLLECTABLES_DEAL_HUNTER_ARTIFACT_V1"",""deployment"":{""commitSha"":null,""environment"":""production"",""region"":null},""discovery_family_ids"":[""wnba.paige-bueckers.broad-professional-rookies""],""gateway_endpoint"":""https://truelycollectables.com/api/tcos/deal-hunter-native-ebay?perQuery=20&scope=wnba"",""gateway_host"":""https://truelycollectables.com"",""gateway_scopes"":[""wnba""],""listing_item_id"":""128025006616"",""native_schema"":""TCOS_NATIVE_EBAY_FEED_V1"",""producer_commit_sha"":""07471ae49901220d13073aab604afbb0e223e855"",""producer_run_id"":""31970958336"",""source"":""truelycollectables.com/native-ebay"",""source_queries"":[""Paige Bueckers Dallas Wings WNBA rookie card""],""token_mode"":""client_credentials""}"
cand-s14-ebay-5b16e0416ab5e713766e,dh-20260731T184251Z-gha-recovery,14,2026-08-16T20:35:00.076Z,WNBA/broad_professional_rookies,Paige Bueckers,professional_wnba_rookie_card,eBay,kn_644365,,147502598164,https://www.ebay.com/itm/147502598164?_skw=Paige+Bueckers+Dallas+Wings+WNBA+rookie+card&hash=item2257d70814%3Ag%3AaTMAAeSwxUxqXnjR,LIVE,Panini Donruss 2025 WNBA Paige Bueckers Rated Rookie Holo #86 Dallas Wings,"{""preliminary_scope_status"":""DISCOVERY_SCOPE_PASS"",""query_family_ids"":[""wnba.paige-bueckers.broad-professional-rookies""]}",{},,ebay|kn-644365|147502598164,https://i.ebayimg.com/images/g/aTMAAeSwxUxqXnjR/s-l225.jpg,,FALSE,FALSE,FALSE,,{},,,,NO,NO,RAW,,,,Ungraded; seller/API claim only; front/back unverified.,UNKNOWN,"[""identity_and_images_unverified""]",19.99,0,,,,,0,180,TRUE,,,,,,[],INSUFFICIENT,INSUFFICIENT,UNKNOWN,INSUFFICIENT,,,,,,,,,,,,,,,,,MANUAL REVIEW / UNPRICED,FALSE,FALSE,"[""exact_front_back_identity_not_verified"",""identical_completed_sales_not_persisted"",""delivered_acquisition_cost_incomplete"",""truely_collectables_owned_copy_exclusion_not_proven"",""silver_equivalent_or_better_not_image_verified""]","{""artifact_schema"":""TRUELY_COLLECTABLES_DEAL_HUNTER_ARTIFACT_V1"",""deployment"":{""commitSha"":null,""environment"":""production"",""region"":null},""discovery_family_ids"":[""wnba.paige-bueckers.broad-professional-rookies""],""gateway_endpoint"":""https://truelycollectables.com/api/tcos/deal-hunter-native-ebay?perQuery=20&scope=wnba"",""gateway_host"":""https://truelycollectables.com"",""gateway_scopes"":[""wnba""],""listing_item_id"":""147502598164"",""native_schema"":""TCOS_NATIVE_EBAY_FEED_V1"",""producer_commit_sha"":""07471ae49901220d13073aab604afbb0e223e855"",""producer_run_id"":""31970958336"",""source"":""truelycollectables.com/native-ebay"",""source_queries"":[""Paige Bueckers Dallas Wings WNBA rookie card""],""token_mode"":""client_credentials""}"
cand-s14-ebay-a9fbda0f5aced8af2cad,dh-20260731T184251Z-gha-recovery,14,2026-08-16T20:35:00.076Z,WNBA/broad_professional_rookies,Sonia Citron,professional_wnba_rookie_card,eBay,cardrevealbros8766,,377413360593,https://www.ebay.com/itm/377413360593?_skw=Sonia+Citron+Washington+Mystics+WNBA+rookie+card&hash=item57df96dbd1%3Ag%3AxQoAAeSwoUJqfMfI,LIVE,2025 Select WNBA Sonia Citron Concourse Silver Prizm RC #83 Washington Mystics,"{""preliminary_scope_status"":""DISCOVERY_SCOPE_PASS"",""query_family_ids"":[""wnba.sonia-citron.broad-professional-rookies""]}",{},,ebay|cardrevealbros8766|377413360593,https://i.ebayimg.com/images/g/xQoAAeSwoUJqfMfI/s-l225.jpg,,FALSE,FALSE,FALSE,,{},,,,NO,NO,RAW,,,,Ungraded; seller/API claim only; front/back unverified.,UNKNOWN,"[""identity_and_images_unverified""]",2.25,,,,,,0,180,TRUE,,,,,,[],INSUFFICIENT,INSUFFICIENT,UNKNOWN,INSUFFICIENT,,,,,,,,,,,,,,,,,MANUAL REVIEW / UNPRICED,FALSE,FALSE,"[""exact_front_back_identity_not_verified"",""identical_completed_sales_not_persisted"",""delivered_acquisition_cost_incomplete"",""truely_collectables_owned_copy_exclusion_not_proven"",""silver_equivalent_or_better_not_image_verified""]","{""artifact_schema"":""TRUELY_COLLECTABLES_DEAL_HUNTER_ARTIFACT_V1"",""deployment"":{""commitSha"":null,""environment"":""production"",""region"":null},""discovery_family_ids"":[""wnba.sonia-citron.broad-professional-rookies""],""gateway_endpoint"":""https://truelycollectables.com/api/tcos/deal-hunter-native-ebay?perQuery=20&scope=wnba"",""gateway_host"":""https://truelycollectables.com"",""gateway_scopes"":[""wnba""],""listing_item_id"":""377413360593"",""native_schema"":""TCOS_NATIVE_EBAY_FEED_V1"",""producer_commit_sha"":""07471ae49901220d13073aab604afbb0e223e855"",""producer_run_id"":""31970958336"",""source"":""truelycollectables.com/native-ebay"",""source_queries"":[""Sonia Citron Washington Mystics WNBA rookie card""],""token_mode"":""client_credentials""}"
cand-s14-ebay-ead896284f0c6a6b0fee,dh-20260731T184251Z-gha-recovery,14,2026-08-16T20:35:00.076Z,WNBA/broad_professional_rookies,Paige Bueckers,professional_wnba_rookie_card,eBay,33_duval_sports_and_goods,,398277891166,https://www.ebay.com/itm/398277891166?_skw=Paige+Bueckers+Dallas+Wings+WNBA+rookie+card&hash=item5cbb36545e%3Ag%3A6FMAAeSwFkJqfIes,LIVE,PAIGE BUECKERS Rookie Draft Night /67412 2025 Panini Instant WNBA Dallas Wings,"{""preliminary_scope_status"":""IMAGE_OR_IDENTITY_REVIEW_REQUIRED"",""query_family_ids"":[""wnba.paige-bueckers.broad-professional-rookies""]}",{},,ebay|33-duval-sports-and-goods|398277891166,https://i.ebayimg.com/images/g/6FMAAeSwFkJqfIes/s-l225.jpg,,FALSE,FALSE,FALSE,,{},,,,NO,NO,RAW,,,,Ungraded; seller/API claim only; front/back unverified.,UNKNOWN,"[""identity_and_images_unverified""]",4.99,,,,,,0,180,TRUE,,,,,,[],INSUFFICIENT,INSUFFICIENT,UNKNOWN,INSUFFICIENT,,,,,,,,,,,,,,,,,MANUAL REVIEW / UNPRICED,FALSE,FALSE,"[""exact_front_back_identity_not_verified"",""identical_completed_sales_not_persisted"",""delivered_acquisition_cost_incomplete"",""truely_collectables_owned_copy_exclusion_not_proven"",""silver_equivalent_or_better_not_image_verified"",""tier_not_proven_from_title_image_review_required""]","{""artifact_schema"":""TRUELY_COLLECTABLES_DEAL_HUNTER_ARTIFACT_V1"",""deployment"":{""commitSha"":null,""environment"":""production"",""region"":null},""discovery_family_ids"":[""wnba.paige-bueckers.broad-professional-rookies""],""gateway_endpoint"":""https://truelycollectables.com/api/tcos/deal-hunter-native-ebay?perQuery=20&scope=wnba"",""gateway_host"":""https://truelycollectables.com"",""gateway_scopes"":[""wnba""],""listing_item_id"":""398277891166"",""native_schema"":""TCOS_NATIVE_EBAY_FEED_V1"",""producer_commit_sha"":""07471ae49901220d13073aab604afbb0e223e855"",""producer_run_id"":""31970958336"",""source"":""truelycollectables.com/native-ebay"",""source_queries"":[""Paige Bueckers Dallas Wings WNBA rookie card""],""token_mode"":""client_credentials""}"
cand-s14-ebay-3e3d362cc78c51d15460,dh-20260731T184251Z-gha-recovery,14,2026-08-16T20:35:00.076Z,WNBA/broad_professional_rookies,Dominique Malonga,professional_wnba_rookie_card,eBay,ragersripz,,178397869457,https://www.ebay.com/itm/178397869457?_skw=Dominique+Malonga+Seattle+Storm+WNBA+rookie+card&hash=item2989577591%3Ag%3ACVsAAeSwfjZqe7mv,LIVE,Panini 2025 Select WNBA Dominique Malonga Seattle Storm Concourse RC #60,"{""preliminary_scope_status"":""DISCOVERY_SCOPE_PASS"",""query_family_ids"":[""wnba.dominique-malonga.broad-professional-rookies""]}",{},,ebay|ragersripz|178397869457,https://i.ebayimg.com/images/g/CVsAAeSwfjZqe7mv/s-l225.jpg,,FALSE,FALSE,FALSE,,{},,,,NO,NO,RAW,,,,Ungraded; seller/API claim only; front/back unverified.,UNKNOWN,"[""identity_and_images_unverified""]",1.99,,,,,,0,180,TRUE,,,,,,[],INSUFFICIENT,INSUFFICIENT,UNKNOWN,INSUFFICIENT,,,,,,,,,,,,,,,,,MANUAL REVIEW / UNPRICED,FALSE,FALSE,"[""exact_front_back_identity_not_verified"",""identical_completed_sales_not_persisted"",""delivered_acquisition_cost_incomplete"",""truely_collectables_owned_copy_exclusion_not_proven"",""silver_equivalent_or_better_not_image_verified""]","{""artifact_schema"":""TRUELY_COLLECTABLES_DEAL_HUNTER_ARTIFACT_V1"",""deployment"":{""commitSha"":null,""environment"":""production"",""region"":null},""discovery_family_ids"":[""wnba.dominique-malonga.broad-professional-rookies""],""gateway_endpoint"":""https://truelycollectables.com/api/tcos/deal-hunter-native-ebay?perQuery=20&scope=wnba"",""gateway_host"":""https://truelycollectables.com"",""gateway_scopes"":[""wnba""],""listing_item_id"":""178397869457"",""native_schema"":""TCOS_NATIVE_EBAY_FEED_V1"",""producer_commit_sha"":""07471ae49901220d13073aab604afbb0e223e855"",""producer_run_id"":""31970958336"",""source"":""truelycollectables.com/native-ebay"",""source_queries"":[""Dominique Malonga Seattle Storm WNBA rookie card""],""token_mode"":""client_credentials""}"
cand-s14-ebay-a2e3e2abc7d385c523a3,dh-20260731T184251Z-gha-recovery,14,2026-08-16T20:35:00.076Z,WNBA/broad_professional_rookies,Kiki Iriafen,professional_wnba_rookie_card,eBay,istockgrizz,,398275256618,https://www.ebay.com/itm/398275256618?_skw=Kiki+Iriafen+Washington+Mystics+WNBA+rookie+card&hash=item5cbb0e212a%3Ag%3A4HwAAeSwVf1qe5Ya&amdata=enc%3AAQALAAABEACCtXRWQnOEpyOqnQQ8KGavW2dMUcNxExiBTR5%2BzpwOYN7iC24RvtRBeojy3UKjWMvxsISxEM3t%2BstCYtlqQxUpnqpe53N7JiShIDpFfI1OCghJlU6XhNMZPH%2B9ba7b6mnQ5qBd1tWRRCRsopNoOdUNZHM2YYwOjuzSQN%2F6pdq2ckQBW9dPj4wDtAW6SL5QNX4sUgv2%2BkDzi1c77t9E3NxnNVn69xsrZwRzx7paU6xTN%2FYOxxcvbVuhyEcbt1Us3YU2vMyPzXaPX0kpb48h%2BjG5fkpEkBjnUSF01LDuukqgMszNjls1G9FFM9BFChs6wr2iTkalUKDcxlhPECjAHrrHQCDtekkwuYUuG3hNmU9C,LIVE,Kiki Iriafen 2025 Panini Instant WNBA Rookie Auto /10 SGC 10 Auto 10 Mystics,"{""preliminary_scope_status"":""DISCOVERY_SCOPE_PASS"",""query_family_ids"":[""wnba.kiki-iriafen.broad-professional-rookies""]}",{},,ebay|istockgrizz|398275256618,https://i.ebayimg.com/images/g/4HwAAeSwVf1qe5Ya/s-l225.jpg,,FALSE,FALSE,FALSE,,{},,,,CLAIMED_ONLY,NO,GRADED,SGC,10,,Graded; seller/API claim only; front/back unverified.,UNKNOWN,"[""identity_and_images_unverified""]",249.99,0,,,,,0,180,TRUE,,,,,,[],INSUFFICIENT,INSUFFICIENT,UNKNOWN,INSUFFICIENT,,,,,,,,,,,,,,,,,MANUAL REVIEW / UNPRICED,FALSE,FALSE,"[""exact_front_back_identity_not_verified"",""identical_completed_sales_not_persisted"",""delivered_acquisition_cost_incomplete"",""truely_collectables_owned_copy_exclusion_not_proven"",""silver_equivalent_or_better_not_image_verified""]","{""artifact_schema"":""TRUELY_COLLECTABLES_DEAL_HUNTER_ARTIFACT_V1"",""deployment"":{""commitSha"":null,""environment"":""production"",""region"":null},""discovery_family_ids"":[""wnba.kiki-iriafen.broad-professional-rookies""],""gateway_endpoint"":""https://truelycollectables.com/api/tcos/deal-hunter-native-ebay?perQuery=20&scope=wnba"",""gateway_host"":""https://truelycollectables.com"",""gateway_scopes"":[""wnba""],""listing_item_id"":""398275256618"",""native_schema"":""TCOS_NATIVE_EBAY_FEED_V1"",""producer_commit_sha"":""07471ae49901220d13073aab604afbb0e223e855"",""producer_run_id"":""31970958336"",""source"":""truelycollectables.com/native-ebay"",""source_queries"":[""Kiki Iriafen Washington Mystics WNBA rookie card""],""token_mode"":""client_credentials""}"
cand-s14-ebay-5b71c6d5895a48be6015,dh-20260731T184251Z-gha-recovery,14,2026-08-16T20:35:00.076Z,WNBA/broad_professional_rookies,Kiki Iriafen,professional_wnba_rookie_card,eBay,stewart207,,278268118851,https://www.ebay.com/itm/278268118851?_skw=Kiki+Iriafen+Washington+Mystics+WNBA+rookie+card&hash=item40ca128743%3Ag%3A3yoAAeSwQQxqepMB,LIVE,2025 WNBA Select 91 Kiki Iriafen Washington Mystics,"{""preliminary_scope_status"":""IMAGE_OR_IDENTITY_REVIEW_REQUIRED"",""query_family_ids"":[""wnba.kiki-iriafen.broad-professional-rookies""]}",{},,ebay|stewart207|278268118851,https://i.ebayimg.com/images/g/3yoAAeSwQQxqepMB/s-l225.jpg,,FALSE,FALSE,FALSE,,{},,,,NO,NO,RAW,,,,Ungraded; seller/API claim only; front/back unverified.,UNKNOWN,"[""identity_and_images_unverified""]",1.5,0,,,,,0,180,TRUE,,,,,,[],INSUFFICIENT,INSUFFICIENT,UNKNOWN,INSUFFICIENT,,,,,,,,,,,,,,,,,MANUAL REVIEW / UNPRICED,FALSE,FALSE,"[""exact_front_back_identity_not_verified"",""identical_completed_sales_not_persisted"",""delivered_acquisition_cost_incomplete"",""truely_collectables_owned_copy_exclusion_not_proven"",""silver_equivalent_or_better_not_image_verified"",""tier_not_proven_from_title_image_review_required""]","{""artifact_schema"":""TRUELY_COLLECTABLES_DEAL_HUNTER_ARTIFACT_V1"",""deployment"":{""commitSha"":null,""environment"":""production"",""region"":null},""discovery_family_ids"":[""wnba.kiki-iriafen.broad-professional-rookies""],""gateway_endpoint"":""https://truelycollectables.com/api/tcos/deal-hunter-native-ebay?perQuery=20&scope=wnba"",""gateway_host"":""https://truelycollectables.com"",""gateway_scopes"":[""wnba""],""listing_item_id"":""278268118851"",""native_schema"":""TCOS_NATIVE_EBAY_FEED_V1"",""producer_commit_sha"":""07471ae49901220d13073aab604afbb0e223e855"",""producer_run_id"":""31970958336"",""source"":""truelycollectables.com/native-ebay"",""source_queries"":[""Kiki Iriafen Washington Mystics WNBA rookie card""],""token_mode"":""client_credentials""}"
cand-s14-ebay-47f13eb0ef4f1b5933c7,dh-20260731T184251Z-gha-recovery,14,2026-08-16T20:35:00.076Z,WNBA/broad_professional_rookies,Dominique Malonga,professional_wnba_rookie_card,eBay,stix11,,318702751455,https://www.ebay.com/itm/318702751455?_skw=Dominique+Malonga+Seattle+Storm+WNBA+rookie+card&hash=item4a342a0edf%3Ag%3AOhcAAeSw%7EwRqeKUm&amdata=enc%3AAQALAAABEACCtXRWQnOEpyOqnQQ8KGZ15v%2FIc6IGVaWgj8LML%2FKjFlqPqGsYLE2UvZexI16xOFKLFsWWsy1K5ew%2BqQ%2FM8KnEyHdsc94Wj%2F6ZHUQeR6j5Eup1Csd2ZiAt%2BUKarjv1UqKaTl7NbOQ9W1C%2BfpWZ8j67lhfBc%2F6ws2PD%2FPxGA4HWkFioi7bkEoxEN0aKVL6ZDu8eakr00Plf8YPR93Nj%2FXAQDENXlNqf%2FVUB9Ec1KxBjxCg8t45%2Be2%2B7EmKl%2Bm0ZZtxQhLkB8sGtBlGNo5FhL1RvTy%2FxvdDo4QnsrUkLJSUFXb9AuSP1fH%2BwkO3mXMGTgZ1f9aNZeWeCW%2FigXegkce3sAOGYcwYzqTaqWQjENMGn,LIVE,2025 Panini Prizm WNBA Dominique Malonga Lime Green Prizm /225 RC #116 Storm,"{""preliminary_scope_status"":""DISCOVERY_SCOPE_PASS"",""query_family_ids"":[""wnba.dominique-malonga.broad-professional-rookies""]}",{},,ebay|stix11|318702751455,https://i.ebayimg.com/images/g/OhcAAeSw~wRqeKUm/s-l225.jpg,,FALSE,FALSE,FALSE,,{},,,,NO,NO,RAW,,,,Ungraded; seller/API claim only; front/back unverified.,UNKNOWN,"[""identity_and_images_unverified""]",19.99,,,,,,0,180,TRUE,,,,,,[],INSUFFICIENT,INSUFFICIENT,UNKNOWN,INSUFFICIENT,,,,,,,,,,,,,,,,,MANUAL REVIEW / UNPRICED,FALSE,FALSE,"[""exact_front_back_identity_not_verified"",""identical_completed_sales_not_persisted"",""delivered_acquisition_cost_incomplete"",""truely_collectables_owned_copy_exclusion_not_proven"",""silver_equivalent_or_better_not_image_verified""]","{""artifact_schema"":""TRUELY_COLLECTABLES_DEAL_HUNTER_ARTIFACT_V1"",""deployment"":{""commitSha"":null,""environment"":""production"",""region"":null},""discovery_family_ids"":[""wnba.dominique-malonga.broad-professional-rookies""],""gateway_endpoint"":""https://truelycollectables.com/api/tcos/deal-hunter-native-ebay?perQuery=20&scope=wnba"",""gateway_host"":""https://truelycollectables.com"",""gateway_scopes"":[""wnba""],""listing_item_id"":""318702751455"",""native_schema"":""TCOS_NATIVE_EBAY_FEED_V1"",""producer_commit_sha"":""07471ae49901220d13073aab604afbb0e223e855"",""producer_run_id"":""31970958336"",""source"":""truelycollectables.com/native-ebay"",""source_queries"":[""Dominique Malonga Seattle Storm WNBA rookie card""],""token_mode"":""client_credentials""}"
cand-s14-ebay-516838d75f67e3d430ba,dh-20260731T184251Z-gha-recovery,14,2026-08-16T20:35:00.076Z,WNBA/broad_professional_rookies,Dominique Malonga,professional_wnba_rookie_card,eBay,pnw-406cardcollecting,,128017391949,https://www.ebay.com/itm/128017391949?_skw=Dominique+Malonga+Seattle+Storm+WNBA+rookie+card&hash=item1dce6e614d%3Ag%3ApX8AAeSw24hpYFPB,LIVE,Dominique Malonga Rated Rookie RC 2025 Donruss WNBA Card #89 Seattle Storm,"{""preliminary_scope_status"":""IMAGE_OR_IDENTITY_REVIEW_REQUIRED"",""query_family_ids"":[""wnba.dominique-malonga.broad-professional-rookies""]}",{},,ebay|pnw-406cardcollecting|128017391949,https://i.ebayimg.com/images/g/pX8AAeSw24hpYFPB/s-l225.jpg,,FALSE,FALSE,FALSE,,{},,,,NO,NO,RAW,,,,Ungraded; seller/API claim only; front/back unverified.,UNKNOWN,"[""identity_and_images_unverified""]",1.5,0,,,,,0,180,TRUE,,,,,,[],INSUFFICIENT,INSUFFICIENT,UNKNOWN,INSUFFICIENT,,,,,,,,,,,,,,,,,MANUAL REVIEW / UNPRICED,FALSE,FALSE,"[""exact_front_back_identity_not_verified"",""identical_completed_sales_not_persisted"",""delivered_acquisition_cost_incomplete"",""truely_collectables_owned_copy_exclusion_not_proven"",""silver_equivalent_or_better_not_image_verified"",""tier_not_proven_from_title_image_review_required""]","{""artifact_schema"":""TRUELY_COLLECTABLES_DEAL_HUNTER_ARTIFACT_V1"",""deployment"":{""commitSha"":null,""environment"":""production"",""region"":null},""discovery_family_ids"":[""wnba.dominique-malonga.broad-professional-rookies""],""gateway_endpoint"":""https://truelycollectables.com/api/tcos/deal-hunter-native-ebay?perQuery=20&scope=wnba"",""gateway_host"":""https://truelycollectables.com"",""gateway_scopes"":[""wnba""],""listing_item_id"":""128017391949"",""native_schema"":""TCOS_NATIVE_EBAY_FEED_V1"",""producer_commit_sha"":""07471ae49901220d13073aab604afbb0e223e855"",""producer_run_id"":""31970958336"",""source"":""truelycollectables.com/native-ebay"",""source_queries"":[""Dominique Malonga Seattle Storm WNBA rookie card""],""token_mode"":""client_credentials""}"
cand-s14-ebay-27c6c07fa1ef788d5b25,dh-20260731T184251Z-gha-recovery,14,2026-08-16T20:35:00.076Z,WNBA/autograph_memorabilia,Dominique Malonga,professional_wnba_rookie_autograph_memorabilia,eBay,teddya,,137601036730,https://www.ebay.com/itm/137601036730?_skw=Dominique+Malonga+WNBA+rookie+autograph+auto+patch+memorabilia&hash=item2009a931ba%3Ag%3AWLIAAeSw7RNqXj5A,LIVE,2025 Panini National Treasures Dominique Malonga RPA #54/99 On Card RC Auto WNBA,"{""preliminary_scope_status"":""DISCOVERY_SCOPE_PASS"",""query_family_ids"":[""wnba.dominique-malonga.autograph-memorabilia""]}",{},,ebay|teddya|137601036730,https://i.ebayimg.com/images/g/WLIAAeSw7RNqXj5A/s-l225.jpg,,FALSE,FALSE,FALSE,,{},,,,CLAIMED_ONLY,NO,RAW,,,,Ungraded; seller/API claim only; front/back unverified.,UNKNOWN,"[""identity_and_images_unverified""]",499.05,12,,,,,0,180,TRUE,,,,,,[],INSUFFICIENT,INSUFFICIENT,UNKNOWN,INSUFFICIENT,,,,,,,,,,,,,,,,,MANUAL REVIEW / UNPRICED,FALSE,FALSE,"[""exact_front_back_identity_not_verified"",""identical_completed_sales_not_persisted"",""delivered_acquisition_cost_incomplete"",""truely_collectables_owned_copy_exclusion_not_proven"",""silver_equivalent_or_better_not_image_verified""]","{""artifact_schema"":""TRUELY_COLLECTABLES_DEAL_HUNTER_ARTIFACT_V1"",""deployment"":{""commitSha"":null,""environment"":""production"",""region"":null},""discovery_family_ids"":[""wnba.dominique-malonga.autograph-memorabilia""],""gateway_endpoint"":""https://truelycollectables.com/api/tcos/deal-hunter-native-ebay?perQuery=20&scope=wnba"",""gateway_host"":""https://truelycollectables.com"",""gateway_scopes"":[""wnba""],""listing_item_id"":""137601036730"",""native_schema"":""TCOS_NATIVE_EBAY_FEED_V1"",""producer_commit_sha"":""07471ae49901220d13073aab604afbb0e223e855"",""producer_run_id"":""31970958336"",""source"":""truelycollectables.com/native-ebay"",""source_queries"":[""Dominique Malonga WNBA rookie autograph auto patch memorabilia""],""token_mode"":""client_credentials""}"
cand-s14-ebay-5b4707c961180d167538,dh-20260731T184251Z-gha-recovery,14,2026-08-16T20:35:00.076Z,WNBA/broad_professional_rookies,Kiki Iriafen,professional_wnba_rookie_card,eBay,harmanscardhaven,,398264615929,https://www.ebay.com/itm/398264615929?_skw=Kiki+Iriafen+Washington+Mystics+WNBA+rookie+card&hash=item5cba6bc3f9%3Ag%3AfL4AAeSwqgRqd6Ur,LIVE,2025 Select WNBA Kiki Iriafen Future #23 Washington Mystics,"{""preliminary_scope_status"":""IMAGE_OR_IDENTITY_REVIEW_REQUIRED"",""query_family_ids"":[""wnba.kiki-iriafen.broad-professional-rookies""]}",{},,ebay|harmanscardhaven|398264615929,https://i.ebayimg.com/images/g/fL4AAeSwqgRqd6Ur/s-l225.jpg,,FALSE,FALSE,FALSE,,{},,,,NO,NO,RAW,,,,Ungraded; seller/API claim only; front/back unverified.,UNKNOWN,"[""identity_and_images_unverified""]",1.19,0.5,,,,,0,180,TRUE,,,,,,[],INSUFFICIENT,INSUFFICIENT,UNKNOWN,INSUFFICIENT,,,,,,,,,,,,,,,,,MANUAL REVIEW / UNPRICED,FALSE,FALSE,"[""exact_front_back_identity_not_verified"",""identical_completed_sales_not_persisted"",""delivered_acquisition_cost_incomplete"",""truely_collectables_owned_copy_exclusion_not_proven"",""silver_equivalent_or_better_not_image_verified"",""tier_not_proven_from_title_image_review_required""]","{""artifact_schema"":""TRUELY_COLLECTABLES_DEAL_HUNTER_ARTIFACT_V1"",""deployment"":{""commitSha"":null,""environment"":""production"",""region"":null},""discovery_family_ids"":[""wnba.kiki-iriafen.broad-professional-rookies""],""gateway_endpoint"":""https://truelycollectables.com/api/tcos/deal-hunter-native-ebay?perQuery=20&scope=wnba"",""gateway_host"":""https://truelycollectables.com"",""gateway_scopes"":[""wnba""],""listing_item_id"":""398264615929"",""native_schema"":""TCOS_NATIVE_EBAY_FEED_V1"",""producer_commit_sha"":""07471ae49901220d13073aab604afbb0e223e855"",""producer_run_id"":""31970958336"",""source"":""truelycollectables.com/native-ebay"",""source_queries"":[""Kiki Iriafen Washington Mystics WNBA rookie card""],""token_mode"":""client_credentials""}"
cand-s14-ebay-1394534f683e73436cf5,dh-20260731T184251Z-gha-recovery,14,2026-08-16T20:35:00.076Z,WNBA/broad_professional_rookies,Kiki Iriafen,professional_wnba_rookie_card,eBay,cardnerds1,,318699168593,https://www.ebay.com/itm/318699168593?_skw=Kiki+Iriafen+Washington+Mystics+WNBA+rookie+card&hash=item4a33f36351%3Ag%3A%7EQsAAeSwHdJqd5oo,LIVE,2025 Panini Prizm WNBA - Kiki Iriafen RC Rookie #72 Teal Prizm /49 Mystics,"{""preliminary_scope_status"":""DISCOVERY_SCOPE_PASS"",""query_family_ids"":[""wnba.kiki-iriafen.broad-professional-rookies""]}",{},,ebay|cardnerds1|318699168593,https://i.ebayimg.com/images/g/~QsAAeSwHdJqd5oo/s-l225.jpg,,FALSE,FALSE,FALSE,,{},,,,NO,NO,RAW,,,,Ungraded; seller/API claim only; front/back unverified.,UNKNOWN,"[""identity_and_images_unverified""]",24.99,,,,,,0,180,TRUE,,,,,,[],INSUFFICIENT,INSUFFICIENT,UNKNOWN,INSUFFICIENT,,,,,,,,,,,,,,,,,MANUAL REVIEW / UNPRICED,FALSE,FALSE,"[""exact_front_back_identity_not_verified"",""identical_completed_sales_not_persisted"",""delivered_acquisition_cost_incomplete"",""truely_collectables_owned_copy_exclusion_not_proven"",""silver_equivalent_or_better_not_image_verified""]","{""artifact_schema"":""TRUELY_COLLECTABLES_DEAL_HUNTER_ARTIFACT_V1"",""deployment"":{""commitSha"":null,""environment"":""production"",""region"":null},""discovery_family_ids"":[""wnba.kiki-iriafen.broad-professional-rookies""],""gateway_endpoint"":""https://truelycollectables.com/api/tcos/deal-hunter-native-ebay?perQuery=20&scope=wnba"",""gateway_host"":""https://truelycollectables.com"",""gateway_scopes"":[""wnba""],""listing_item_id"":""318699168593"",""native_schema"":""TCOS_NATIVE_EBAY_FEED_V1"",""producer_commit_sha"":""07471ae49901220d13073aab604afbb0e223e855"",""producer_run_id"":""31970958336"",""source"":""truelycollectables.com/native-ebay"",""source_queries"":[""Kiki Iriafen Washington Mystics WNBA rookie card""],""token_mode"":""client_credentials""}"
cand-s14-ebay-cd67f913e8d87f7ab5b3,dh-20260731T184251Z-gha-recovery,14,2026-08-16T20:35:00.076Z,WNBA/broad_professional_rookies,Paige Bueckers,professional_wnba_rookie_card,eBay,kn_644365,,147489942747,https://www.ebay.com/itm/147489942747?_skw=Paige+Bueckers+Dallas+Wings+WNBA+rookie+card&hash=item225715ecdb%3Ag%3AzLsAAeSwm6tqdmFS,LIVE,2025 Panini Donruss WNBA - Rated Rookie Paige Bueckers #86 (RC),"{""preliminary_scope_status"":""IMAGE_OR_IDENTITY_REVIEW_REQUIRED"",""query_family_ids"":[""wnba.paige-bueckers.broad-professional-rookies""]}",{},,ebay|kn-644365|147489942747,https://i.ebayimg.com/images/g/zLsAAeSwm6tqdmFS/s-l225.jpg,,FALSE,FALSE,FALSE,,{},,,,NO,NO,RAW,,,,Ungraded; seller/API claim only; front/back unverified.,UNKNOWN,"[""identity_and_images_unverified""]",2.69,0,,,,,0,180,TRUE,,,,,,[],INSUFFICIENT,INSUFFICIENT,UNKNOWN,INSUFFICIENT,,,,,,,,,,,,,,,,,MANUAL REVIEW / UNPRICED,FALSE,FALSE,"[""exact_front_back_identity_not_verified"",""identical_completed_sales_not_persisted"",""delivered_acquisition_cost_incomplete"",""truely_collectables_owned_copy_exclusion_not_proven"",""silver_equivalent_or_better_not_image_verified"",""tier_not_proven_from_title_image_review_required""]","{""artifact_schema"":""TRUELY_COLLECTABLES_DEAL_HUNTER_ARTIFACT_V1"",""deployment"":{""commitSha"":null,""environment"":""production"",""region"":null},""discovery_family_ids"":[""wnba.paige-bueckers.broad-professional-rookies""],""gateway_endpoint"":""https://truelycollectables.com/api/tcos/deal-hunter-native-ebay?perQuery=20&scope=wnba"",""gateway_host"":""https://truelycollectables.com"",""gateway_scopes"":[""wnba""],""listing_item_id"":""147489942747"",""native_schema"":""TCOS_NATIVE_EBAY_FEED_V1"",""producer_commit_sha"":""07471ae49901220d13073aab604afbb0e223e855"",""producer_run_id"":""31970958336"",""source"":""truelycollectables.com/native-ebay"",""source_queries"":[""Paige Bueckers Dallas Wings WNBA rookie card""],""token_mode"":""client_credentials""}"
cand-s14-ebay-4d5a1cd4d4b1e6ce6873,dh-20260731T184251Z-gha-recovery,14,2026-08-16T20:35:00.076Z,WNBA/broad_professional_rookies,Caitlin Clark,professional_wnba_rookie_card,eBay,eksportscardsandcollectibles,,398261206714,https://www.ebay.com/itm/398261206714?_skw=Caitlin+Clark+Indiana+Fever+WNBA+rookie+card&hash=item5cba37beba%3Ag%3A2rIAAeSwBCJqdku5,LIVE,2024 Panini Origins WNBA Caitlin Clark #13 (RC) PSA 9 Mint Indiana Fever,"{""preliminary_scope_status"":""IMAGE_OR_IDENTITY_REVIEW_REQUIRED"",""query_family_ids"":[""wnba.caitlin-clark.broad-professional-rookies""]}",{},,ebay|eksportscardsandcollectibles|398261206714,https://i.ebayimg.com/images/g/2rIAAeSwBCJqdku5/s-l225.jpg,,FALSE,FALSE,FALSE,,{},,,,NO,NO,GRADED,PSA,9,,Graded; seller/API claim only; front/back unverified.,UNKNOWN,"[""identity_and_images_unverified""]",550,,,,,,0,180,TRUE,,,,,,[],INSUFFICIENT,INSUFFICIENT,UNKNOWN,INSUFFICIENT,,,,,,,,,,,,,,,,,MANUAL REVIEW / UNPRICED,FALSE,FALSE,"[""exact_front_back_identity_not_verified"",""identical_completed_sales_not_persisted"",""delivered_acquisition_cost_incomplete"",""truely_collectables_owned_copy_exclusion_not_proven"",""silver_equivalent_or_better_not_image_verified"",""tier_not_proven_from_title_image_review_required""]","{""artifact_schema"":""TRUELY_COLLECTABLES_DEAL_HUNTER_ARTIFACT_V1"",""deployment"":{""commitSha"":null,""environment"":""production"",""region"":null},""discovery_family_ids"":[""wnba.caitlin-clark.broad-professional-rookies""],""gateway_endpoint"":""https://truelycollectables.com/api/tcos/deal-hunter-native-ebay?perQuery=20&scope=wnba"",""gateway_host"":""https://truelycollectables.com"",""gateway_scopes"":[""wnba""],""listing_item_id"":""398261206714"",""native_schema"":""TCOS_NATIVE_EBAY_FEED_V1"",""producer_commit_sha"":""07471ae49901220d13073aab604afbb0e223e855"",""producer_run_id"":""31970958336"",""source"":""truelycollectables.com/native-ebay"",""source_queries"":[""Caitlin Clark Indiana Fever WNBA rookie card""],""token_mode"":""client_credentials""}"
cand-s14-ebay-6e4ac4e27b54e1f57d4a,dh-20260731T184251Z-gha-recovery,14,2026-08-16T20:35:00.076Z,WNBA/broad_professional_rookies,Kiki Iriafen,professional_wnba_rookie_card,eBay,stekalino24,,117345217843,https://www.ebay.com/itm/117345217843?_skw=Kiki+Iriafen+Washington+Mystics+WNBA+rookie+card&hash=item1b5251ed33%3Ag%3ABlMAAeSwBCJqdV5C,LIVE,Kiki Iriafen 2025 Prizm WNBA Blue Lazer Rookie Card #149 Washington Mystics ,"{""preliminary_scope_status"":""DISCOVERY_SCOPE_PASS"",""query_family_ids"":[""wnba.kiki-iriafen.broad-professional-rookies""]}",{},,ebay|stekalino24|117345217843,https://i.ebayimg.com/images/g/BlMAAeSwBCJqdV5C/s-l225.jpg,,FALSE,FALSE,FALSE,,{},,,,NO,NO,RAW,,,,Ungraded; seller/API claim only; front/back unverified.,UNKNOWN,"[""identity_and_images_unverified""]",3.49,0,,,,,0,180,TRUE,,,,,,[],INSUFFICIENT,INSUFFICIENT,UNKNOWN,INSUFFICIENT,,,,,,,,,,,,,,,,,MANUAL REVIEW / UNPRICED,FALSE,FALSE,"[""exact_front_back_identity_not_verified"",""identical_completed_sales_not_persisted"",""delivered_acquisition_cost_incomplete"",""truely_collectables_owned_copy_exclusion_not_proven"",""silver_equivalent_or_better_not_image_verified""]","{""artifact_schema"":""TRUELY_COLLECTABLES_DEAL_HUNTER_ARTIFACT_V1"",""deployment"":{""commitSha"":null,""environment"":""production"",""region"":null},""discovery_family_ids"":[""wnba.kiki-iriafen.broad-professional-rookies""],""gateway_endpoint"":""https://truelycollectables.com/api/tcos/deal-hunter-native-ebay?perQuery=20&scope=wnba"",""gateway_host"":""https://truelycollectables.com"",""gateway_scopes"":[""wnba""],""listing_item_id"":""117345217843"",""native_schema"":""TCOS_NATIVE_EBAY_FEED_V1"",""producer_commit_sha"":""07471ae49901220d13073aab604afbb0e223e855"",""producer_run_id"":""31970958336"",""source"":""truelycollectables.com/native-ebay"",""source_queries"":[""Kiki Iriafen Washington Mystics WNBA rookie card""],""token_mode"":""client_credentials""}"
cand-s14-ebay-642e359750ab9e762875,dh-20260731T184251Z-gha-recovery,14,2026-08-16T20:35:00.076Z,WNBA/broad_professional_rookies,Kiki Iriafen,professional_wnba_rookie_card,eBay,stekalino24,,128014909040,https://www.ebay.com/itm/128014909040?_skw=Kiki+Iriafen+Washington+Mystics+WNBA+rookie+card&hash=item1dce487e70%3Ag%3ABLUAAeSwWXtqdV3e,LIVE,Kiki Iriafen 2025 Prizm WNBA Green Parallel Rookie Card #149 Washington Mystics ,"{""preliminary_scope_status"":""DISCOVERY_SCOPE_PASS"",""query_family_ids"":[""wnba.kiki-iriafen.broad-professional-rookies""]}",{},,ebay|stekalino24|128014909040,https://i.ebayimg.com/images/g/BLUAAeSwWXtqdV3e/s-l225.jpg,,FALSE,FALSE,FALSE,,{},,,,NO,NO,RAW,,,,Ungraded; seller/API claim only; front/back unverified.,UNKNOWN,"[""identity_and_images_unverified""]",3.49,0,,,,,0,180,TRUE,,,,,,[],INSUFFICIENT,INSUFFICIENT,UNKNOWN,INSUFFICIENT,,,,,,,,,,,,,,,,,MANUAL REVIEW / UNPRICED,FALSE,FALSE,"[""exact_front_back_identity_not_verified"",""identical_completed_sales_not_persisted"",""delivered_acquisition_cost_incomplete"",""truely_collectables_owned_copy_exclusion_not_proven"",""silver_equivalent_or_better_not_image_verified""]","{""artifact_schema"":""TRUELY_COLLECTABLES_DEAL_HUNTER_ARTIFACT_V1"",""deployment"":{""commitSha"":null,""environment"":""production"",""region"":null},""discovery_family_ids"":[""wnba.kiki-iriafen.broad-professional-rookies""],""gateway_endpoint"":""https://truelycollectables.com/api/tcos/deal-hunter-native-ebay?perQuery=20&scope=wnba"",""gateway_host"":""https://truelycollectables.com"",""gateway_scopes"":[""wnba""],""listing_item_id"":""128014909040"",""native_schema"":""TCOS_NATIVE_EBAY_FEED_V1"",""producer_commit_sha"":""07471ae49901220d13073aab604afbb0e223e855"",""producer_run_id"":""31970958336"",""source"":""truelycollectables.com/native-ebay"",""source_queries"":[""Kiki Iriafen Washington Mystics WNBA rookie card""],""token_mode"":""client_credentials""}"
cand-s14-ebay-f098e20e5c475b796e13,dh-20260731T184251Z-gha-recovery,14,2026-08-16T20:35:00.076Z,WNBA/broad_professional_rookies,Kiki Iriafen,professional_wnba_rookie_card,eBay,stekalino24,,128014905974,https://www.ebay.com/itm/128014905974?_skw=Kiki+Iriafen+Washington+Mystics+WNBA+rookie+card&hash=item1dce487276%3Ag%3A07UAAeSw2SRqdVy1,LIVE,Kiki Iriafen 2025 Prizm WNBA Silver Rookie Card #72 Washington Mystics ,"{""preliminary_scope_status"":""DISCOVERY_SCOPE_PASS"",""query_family_ids"":[""wnba.kiki-iriafen.broad-professional-rookies""]}",{},,ebay|stekalino24|128014905974,https://i.ebayimg.com/images/g/07UAAeSw2SRqdVy1/s-l225.jpg,,FALSE,FALSE,FALSE,,{},,,,NO,NO,RAW,,,,Ungraded; seller/API claim only; front/back unverified.,UNKNOWN,"[""identity_and_images_unverified""]",3.49,0,,,,,0,180,TRUE,,,,,,[],INSUFFICIENT,INSUFFICIENT,UNKNOWN,INSUFFICIENT,,,,,,,,,,,,,,,,,MANUAL REVIEW / UNPRICED,FALSE,FALSE,"[""exact_front_back_identity_not_verified"",""identical_completed_sales_not_persisted"",""delivered_acquisition_cost_incomplete"",""truely_collectables_owned_copy_exclusion_not_proven"",""silver_equivalent_or_better_not_image_verified""]","{""artifact_schema"":""TRUELY_COLLECTABLES_DEAL_HUNTER_ARTIFACT_V1"",""deployment"":{""commitSha"":null,""environment"":""production"",""region"":null},""discovery_family_ids"":[""wnba.kiki-iriafen.broad-professional-rookies""],""gateway_endpoint"":""https://truelycollectables.com/api/tcos/deal-hunter-native-ebay?perQuery=20&scope=wnba"",""gateway_host"":""https://truelycollectables.com"",""gateway_scopes"":[""wnba""],""listing_item_id"":""128014905974"",""native_schema"":""TCOS_NATIVE_EBAY_FEED_V1"",""producer_commit_sha"":""07471ae49901220d13073aab604afbb0e223e855"",""producer_run_id"":""31970958336"",""source"":""truelycollectables.com/native-ebay"",""source_queries"":[""Kiki Iriafen Washington Mystics WNBA rookie card""],""token_mode"":""client_credentials""}"
cand-s14-ebay-27b5e99d5b85b878a5c1,dh-20260731T184251Z-gha-recovery,14,2026-08-16T20:35:00.076Z,WNBA/broad_professional_rookies,Dominique Malonga,professional_wnba_rookie_card,eBay,stekalino24,,128014892070,https://www.ebay.com/itm/128014892070?_skw=Dominique+Malonga+Seattle+Storm+WNBA+rookie+card&hash=item1dce483c26%3Ag%3A284AAeSwYTBqdVkp,LIVE,Dominique Malonga 2025 Prizm WNBA Green Groovy Parallel Card #8 Seattle Storm ,"{""preliminary_scope_status"":""DISCOVERY_SCOPE_PASS"",""query_family_ids"":[""wnba.dominique-malonga.broad-professional-rookies""]}",{},,ebay|stekalino24|128014892070,https://i.ebayimg.com/images/g/284AAeSwYTBqdVkp/s-l225.jpg,,FALSE,FALSE,FALSE,,{},,,,NO,NO,RAW,,,,Ungraded; seller/API claim only; front/back unverified.,UNKNOWN,"[""identity_and_images_unverified""]",4.69,0,,,,,0,180,TRUE,,,,,,[],INSUFFICIENT,INSUFFICIENT,UNKNOWN,INSUFFICIENT,,,,,,,,,,,,,,,,,MANUAL REVIEW / UNPRICED,FALSE,FALSE,"[""exact_front_back_identity_not_verified"",""identical_completed_sales_not_persisted"",""delivered_acquisition_cost_incomplete"",""truely_collectables_owned_copy_exclusion_not_proven"",""silver_equivalent_or_better_not_image_verified""]","{""artifact_schema"":""TRUELY_COLLECTABLES_DEAL_HUNTER_ARTIFACT_V1"",""deployment"":{""commitSha"":null,""environment"":""production"",""region"":null},""discovery_family_ids"":[""wnba.dominique-malonga.broad-professional-rookies""],""gateway_endpoint"":""https://truelycollectables.com/api/tcos/deal-hunter-native-ebay?perQuery=20&scope=wnba"",""gateway_host"":""https://truelycollectables.com"",""gateway_scopes"":[""wnba""],""listing_item_id"":""128014892070"",""native_schema"":""TCOS_NATIVE_EBAY_FEED_V1"",""producer_commit_sha"":""07471ae49901220d13073aab604afbb0e223e855"",""producer_run_id"":""31970958336"",""source"":""truelycollectables.com/native-ebay"",""source_queries"":[""Dominique Malonga Seattle Storm WNBA rookie card""],""token_mode"":""client_credentials""}"
cand-s14-ebay-6ebfc17064acc44e9595,dh-20260731T184251Z-gha-recovery,14,2026-08-16T20:35:00.076Z,WNBA/broad_professional_rookies,Kiki Iriafen,professional_wnba_rookie_card,eBay,spincycle_industries,,318683760271,https://www.ebay.com/itm/318683760271?_skw=Kiki+Iriafen+Washington+Mystics+WNBA+rookie+card&hash=item4a3308468f%3Ag%3AwAAAAeSwkN9qc7QC,LIVE,2025-26 Prizm WNBA Kiki Iriafen Teal Seismic RC Rookie #27/49 Washington Mystics,"{""preliminary_scope_status"":""DISCOVERY_SCOPE_PASS"",""query_family_ids"":[""wnba.kiki-iriafen.broad-professional-rookies""]}",{},,ebay|spincycle-industries|318683760271,https://i.ebayimg.com/images/g/wAAAAeSwkN9qc7QC/s-l225.jpg,,FALSE,FALSE,FALSE,,{},,,,NO,NO,RAW,,,,Ungraded; seller/API claim only; front/back unverified.,UNKNOWN,"[""identity_and_images_unverified""]",26,0,,,,,0,180,TRUE,,,,,,[],INSUFFICIENT,INSUFFICIENT,UNKNOWN,INSUFFICIENT,,,,,,,,,,,,,,,,,MANUAL REVIEW / UNPRICED,FALSE,FALSE,"[""exact_front_back_identity_not_verified"",""identical_completed_sales_not_persisted"",""delivered_acquisition_cost_incomplete"",""truely_collectables_owned_copy_exclusion_not_proven"",""silver_equivalent_or_better_not_image_verified""]","{""artifact_schema"":""TRUELY_COLLECTABLES_DEAL_HUNTER_ARTIFACT_V1"",""deployment"":{""commitSha"":null,""environment"":""production"",""region"":null},""discovery_family_ids"":[""wnba.kiki-iriafen.broad-professional-rookies""],""gateway_endpoint"":""https://truelycollectables.com/api/tcos/deal-hunter-native-ebay?perQuery=20&scope=wnba"",""gateway_host"":""https://truelycollectables.com"",""gateway_scopes"":[""wnba""],""listing_item_id"":""318683760271"",""native_schema"":""TCOS_NATIVE_EBAY_FEED_V1"",""producer_commit_sha"":""07471ae49901220d13073aab604afbb0e223e855"",""producer_run_id"":""31970958336"",""source"":""truelycollectables.com/native-ebay"",""source_queries"":[""Kiki Iriafen Washington Mystics WNBA rookie card""],""token_mode"":""client_credentials""}"
cand-s14-ebay-cc00b52c8c277d21e61f,dh-20260731T184251Z-gha-recovery,14,2026-08-16T20:35:00.076Z,WNBA/broad_professional_rookies,Kiki Iriafen,professional_wnba_rookie_card,eBay,kn_644365,,147481307557,https://www.ebay.com/itm/147481307557?_skw=Kiki+Iriafen+Washington+Mystics+WNBA+rookie+card&hash=item22569229a5%3Ag%3AihwAAeSwOU1qcSxm,LIVE,2025 Panini WNBA Prizm Kiki Iriafen RC Variation Silver Rookie #149 Mystics,"{""preliminary_scope_status"":""DISCOVERY_SCOPE_PASS"",""query_family_ids"":[""wnba.kiki-iriafen.broad-professional-rookies""]}",{},,ebay|kn-644365|147481307557,https://i.ebayimg.com/images/g/ihwAAeSwOU1qcSxm/s-l225.jpg,,FALSE,FALSE,FALSE,,{},,,,NO,NO,RAW,,,,Ungraded; seller/API claim only; front/back unverified.,UNKNOWN,"[""identity_and_images_unverified""]",2.99,0,,,,,0,180,TRUE,,,,,,[],INSUFFICIENT,INSUFFICIENT,UNKNOWN,INSUFFICIENT,,,,,,,,,,,,,,,,,MANUAL REVIEW / UNPRICED,FALSE,FALSE,"[""exact_front_back_identity_not_verified"",""identical_completed_sales_not_persisted"",""delivered_acquisition_cost_incomplete"",""truely_collectables_owned_copy_exclusion_not_proven"",""silver_equivalent_or_better_not_image_verified""]","{""artifact_schema"":""TRUELY_COLLECTABLES_DEAL_HUNTER_ARTIFACT_V1"",""deployment"":{""commitSha"":null,""environment"":""production"",""region"":null},""discovery_family_ids"":[""wnba.kiki-iriafen.broad-professional-rookies""],""gateway_endpoint"":""https://truelycollectables.com/api/tcos/deal-hunter-native-ebay?perQuery=20&scope=wnba"",""gateway_host"":""https://truelycollectables.com"",""gateway_scopes"":[""wnba""],""listing_item_id"":""147481307557"",""native_schema"":""TCOS_NATIVE_EBAY_FEED_V1"",""producer_commit_sha"":""07471ae49901220d13073aab604afbb0e223e855"",""producer_run_id"":""31970958336"",""source"":""truelycollectables.com/native-ebay"",""source_queries"":[""Kiki Iriafen Washington Mystics WNBA rookie card""],""token_mode"":""client_credentials""}"
cand-s14-ebay-f8e589d9877350de5749,dh-20260731T184251Z-gha-recovery,14,2026-08-16T20:35:00.076Z,WNBA/broad_professional_rookies,Kiki Iriafen,professional_wnba_rookie_card,eBay,kn_644365,,147481304320,https://www.ebay.com/itm/147481304320?_skw=Kiki+Iriafen+Washington+Mystics+WNBA+rookie+card&hash=item2256921d00%3Ag%3Am7YAAeSwEm5qcS0j,LIVE,KiKi Iriafen 2025 Prizm WNBA RC Fractal Green Prizm #12 Mystics,"{""preliminary_scope_status"":""DISCOVERY_SCOPE_PASS"",""query_family_ids"":[""wnba.kiki-iriafen.broad-professional-rookies""]}",{},,ebay|kn-644365|147481304320,https://i.ebayimg.com/images/g/m7YAAeSwEm5qcS0j/s-l225.jpg,,FALSE,FALSE,FALSE,,{},,,,NO,NO,RAW,,,,Ungraded; seller/API claim only; front/back unverified.,UNKNOWN,"[""identity_and_images_unverified""]",2.99,0,,,,,0,180,TRUE,,,,,,[],INSUFFICIENT,INSUFFICIENT,UNKNOWN,INSUFFICIENT,,,,,,,,,,,,,,,,,MANUAL REVIEW / UNPRICED,FALSE,FALSE,"[""exact_front_back_identity_not_verified"",""identical_completed_sales_not_persisted"",""delivered_acquisition_cost_incomplete"",""truely_collectables_owned_copy_exclusion_not_proven"",""silver_equivalent_or_better_not_image_verified""]","{""artifact_schema"":""TRUELY_COLLECTABLES_DEAL_HUNTER_ARTIFACT_V1"",""deployment"":{""commitSha"":null,""environment"":""production"",""region"":null},""discovery_family_ids"":[""wnba.kiki-iriafen.broad-professional-rookies""],""gateway_endpoint"":""https://truelycollectables.com/api/tcos/deal-hunter-native-ebay?perQuery=20&scope=wnba"",""gateway_host"":""https://truelycollectables.com"",""gateway_scopes"":[""wnba""],""listing_item_id"":""147481304320"",""native_schema"":""TCOS_NATIVE_EBAY_FEED_V1"",""producer_commit_sha"":""07471ae49901220d13073aab604afbb0e223e855"",""producer_run_id"":""31970958336"",""source"":""truelycollectables.com/native-ebay"",""source_queries"":[""Kiki Iriafen Washington Mystics WNBA rookie card""],""token_mode"":""client_credentials""}"
cand-s14-ebay-723def520a00eeda0907,dh-20260731T184251Z-gha-recovery,14,2026-08-16T20:35:00.076Z,WNBA/broad_professional_rookies,Sonia Citron,professional_wnba_rookie_card,eBay,ehearn20,,147480982267,https://www.ebay.com/itm/147480982267?_skw=Sonia+Citron+Washington+Mystics+WNBA+rookie+card&hash=item22568d32fb%3Ag%3Ayz0AAeSwRXVqcPU6,LIVE,Sonia Citron RC 2025 WNBA Panini Prizm Cracked Ice Variation Mystics,"{""preliminary_scope_status"":""DISCOVERY_SCOPE_PASS"",""query_family_ids"":[""wnba.sonia-citron.broad-professional-rookies""]}",{},,ebay|ehearn20|147480982267,https://i.ebayimg.com/images/g/yz0AAeSwRXVqcPU6/s-l225.jpg,,FALSE,FALSE,FALSE,,{},,,,NO,NO,RAW,,,,Ungraded; seller/API claim only; front/back unverified.,UNKNOWN,"[""identity_and_images_unverified""]",2.33,0.99,,,,,0,180,TRUE,,,,,,[],INSUFFICIENT,INSUFFICIENT,UNKNOWN,INSUFFICIENT,,,,,,,,,,,,,,,,,MANUAL REVIEW / UNPRICED,FALSE,FALSE,"[""exact_front_back_identity_not_verified"",""identical_completed_sales_not_persisted"",""delivered_acquisition_cost_incomplete"",""truely_collectables_owned_copy_exclusion_not_proven"",""silver_equivalent_or_better_not_image_verified""]","{""artifact_schema"":""TRUELY_COLLECTABLES_DEAL_HUNTER_ARTIFACT_V1"",""deployment"":{""commitSha"":null,""environment"":""production"",""region"":null},""discovery_family_ids"":[""wnba.sonia-citron.broad-professional-rookies""],""gateway_endpoint"":""https://truelycollectables.com/api/tcos/deal-hunter-native-ebay?perQuery=20&scope=wnba"",""gateway_host"":""https://truelycollectables.com"",""gateway_scopes"":[""wnba""],""listing_item_id"":""147480982267"",""native_schema"":""TCOS_NATIVE_EBAY_FEED_V1"",""producer_commit_sha"":""07471ae49901220d13073aab604afbb0e223e855"",""producer_run_id"":""31970958336"",""source"":""truelycollectables.com/native-ebay"",""source_queries"":[""Sonia Citron Washington Mystics WNBA rookie card""],""token_mode"":""client_credentials""}"
cand-s14-ebay-b06ec1000677b4a556a9,dh-20260731T184251Z-gha-recovery,14,2026-08-16T20:35:00.076Z,WNBA/broad_professional_rookies,Sonia Citron,professional_wnba_rookie_card,eBay,ehearn20,,147480981409,https://www.ebay.com/itm/147480981409?_skw=Sonia+Citron+Washington+Mystics+WNBA+rookie+card&hash=item22568d2fa1%3Ag%3A8yYAAeSwRzJqcPUV,LIVE,2025 Panini Prizm WNBA Sonia Citron Cracked Ice RC Mystics #122,"{""preliminary_scope_status"":""DISCOVERY_SCOPE_PASS"",""query_family_ids"":[""wnba.sonia-citron.broad-professional-rookies""]}",{},,ebay|ehearn20|147480981409,https://i.ebayimg.com/images/g/8yYAAeSwRzJqcPUV/s-l225.jpg,,FALSE,FALSE,FALSE,,{},,,,NO,NO,RAW,,,,Ungraded; seller/API claim only; front/back unverified.,UNKNOWN,"[""identity_and_images_unverified""]",1.99,0.99,,,,,0,180,TRUE,,,,,,[],INSUFFICIENT,INSUFFICIENT,UNKNOWN,INSUFFICIENT,,,,,,,,,,,,,,,,,MANUAL REVIEW / UNPRICED,FALSE,FALSE,"[""exact_front_back_identity_not_verified"",""identical_completed_sales_not_persisted"",""delivered_acquisition_cost_incomplete"",""truely_collectables_owned_copy_exclusion_not_proven"",""silver_equivalent_or_better_not_image_verified""]","{""artifact_schema"":""TRUELY_COLLECTABLES_DEAL_HUNTER_ARTIFACT_V1"",""deployment"":{""commitSha"":null,""environment"":""production"",""region"":null},""discovery_family_ids"":[""wnba.sonia-citron.broad-professional-rookies""],""gateway_endpoint"":""https://truelycollectables.com/api/tcos/deal-hunter-native-ebay?perQuery=20&scope=wnba"",""gateway_host"":""https://truelycollectables.com"",""gateway_scopes"":[""wnba""],""listing_item_id"":""147480981409"",""native_schema"":""TCOS_NATIVE_EBAY_FEED_V1"",""producer_commit_sha"":""07471ae49901220d13073aab604afbb0e223e855"",""producer_run_id"":""31970958336"",""source"":""truelycollectables.com/native-ebay"",""source_queries"":[""Sonia Citron Washington Mystics WNBA rookie card""],""token_mode"":""client_credentials""}"
cand-s14-ebay-0f63a8df4157da39673c,dh-20260731T184251Z-gha-recovery,14,2026-08-16T20:35:00.076Z,WNBA/broad_professional_rookies,Sonia Citron,professional_wnba_rookie_card,eBay,stekalino24,,117337614511,https://www.ebay.com/itm/117337614511?_skw=Sonia+Citron+Washington+Mystics+WNBA+rookie+card&hash=item1b51dde8af%3Ag%3ArdoAAeSw8KJqcDzr,LIVE,Sonia Citron 2025 Prizm WNBA Silver Rookie Card #148 Washington Mystics Variant ,"{""preliminary_scope_status"":""DISCOVERY_SCOPE_PASS"",""query_family_ids"":[""wnba.sonia-citron.broad-professional-rookies""]}",{},,ebay|stekalino24|117337614511,https://i.ebayimg.com/images/g/rdoAAeSw8KJqcDzr/s-l225.jpg,,FALSE,FALSE,FALSE,,{},,,,NO,NO,RAW,,,,Ungraded; seller/API claim only; front/back unverified.,UNKNOWN,"[""identity_and_images_unverified""]",6.99,0,,,,,0,180,TRUE,,,,,,[],INSUFFICIENT,INSUFFICIENT,UNKNOWN,INSUFFICIENT,,,,,,,,,,,,,,,,,MANUAL REVIEW / UNPRICED,FALSE,FALSE,"[""exact_front_back_identity_not_verified"",""identical_completed_sales_not_persisted"",""delivered_acquisition_cost_incomplete"",""truely_collectables_owned_copy_exclusion_not_proven"",""silver_equivalent_or_better_not_image_verified""]","{""artifact_schema"":""TRUELY_COLLECTABLES_DEAL_HUNTER_ARTIFACT_V1"",""deployment"":{""commitSha"":null,""environment"":""production"",""region"":null},""discovery_family_ids"":[""wnba.sonia-citron.broad-professional-rookies""],""gateway_endpoint"":""https://truelycollectables.com/api/tcos/deal-hunter-native-ebay?perQuery=20&scope=wnba"",""gateway_host"":""https://truelycollectables.com"",""gateway_scopes"":[""wnba""],""listing_item_id"":""117337614511"",""native_schema"":""TCOS_NATIVE_EBAY_FEED_V1"",""producer_commit_sha"":""07471ae49901220d13073aab604afbb0e223e855"",""producer_run_id"":""31970958336"",""source"":""truelycollectables.com/native-ebay"",""source_queries"":[""Sonia Citron Washington Mystics WNBA rookie card""],""token_mode"":""client_credentials""}"
cand-s14-ebay-5c83980fbe6a5e1dc7a0,dh-20260731T184251Z-gha-recovery,14,2026-08-16T20:35:00.076Z,WNBA/autograph_memorabilia,Dominique Malonga,professional_wnba_rookie_autograph_memorabilia,eBay,jtilton23cards,,327292174180,https://www.ebay.com/itm/327292174180?_skw=Dominique+Malonga+WNBA+rookie+autograph+auto+patch+memorabilia&hash=item4c34223f64%3Ag%3AdyMAAeSwzGVqb4cg,LIVE,Dominique Malonga 2025 Panini WNBA Select Auto Patch RC Purple Prizm /99 Storm,"{""preliminary_scope_status"":""DISCOVERY_SCOPE_PASS"",""query_family_ids"":[""wnba.dominique-malonga.autograph-memorabilia""]}",{},,ebay|jtilton23cards|327292174180,https://i.ebayimg.com/images/g/dyMAAeSwzGVqb4cg/s-l225.jpg,,FALSE,FALSE,FALSE,,{},,,,CLAIMED_ONLY,CLAIMED_ONLY,RAW,,,,Ungraded; seller/API claim only; front/back unverified.,UNKNOWN,"[""identity_and_images_unverified""]",84.99,,,,,,0,180,TRUE,,,,,,[],INSUFFICIENT,INSUFFICIENT,UNKNOWN,INSUFFICIENT,,,,,,,,,,,,,,,,,MANUAL REVIEW / UNPRICED,FALSE,FALSE,"[""exact_front_back_identity_not_verified"",""identical_completed_sales_not_persisted"",""delivered_acquisition_cost_incomplete"",""truely_collectables_owned_copy_exclusion_not_proven"",""silver_equivalent_or_better_not_image_verified""]","{""artifact_schema"":""TRUELY_COLLECTABLES_DEAL_HUNTER_ARTIFACT_V1"",""deployment"":{""commitSha"":null,""environment"":""production"",""region"":null},""discovery_family_ids"":[""wnba.dominique-malonga.autograph-memorabilia""],""gateway_endpoint"":""https://truelycollectables.com/api/tcos/deal-hunter-native-ebay?perQuery=20&scope=wnba"",""gateway_host"":""https://truelycollectables.com"",""gateway_scopes"":[""wnba""],""listing_item_id"":""327292174180"",""native_schema"":""TCOS_NATIVE_EBAY_FEED_V1"",""producer_commit_sha"":""07471ae49901220d13073aab604afbb0e223e855"",""producer_run_id"":""31970958336"",""source"":""truelycollectables.com/native-ebay"",""source_queries"":[""Dominique Malonga WNBA rookie autograph auto patch memorabilia""],""token_mode"":""client_credentials""}"
cand-s14-ebay-bd0b5dd1aea8771d84fb,dh-20260731T184251Z-gha-recovery,14,2026-08-16T20:35:00.076Z,WNBA/broad_professional_rookies,Kiki Iriafen,professional_wnba_rookie_card,eBay,kn_644365,,147475106442,https://www.ebay.com/itm/147475106442?_skw=Kiki+Iriafen+Washington+Mystics+WNBA+rookie+card&hash=item2256338a8a%3Ag%3AMsoAAeSwf79qbUv6,LIVE,Kiki Iriafen 2025 Donruss WNBA Franchise Features #18 Diamond Insert RC Mystics,"{""preliminary_scope_status"":""IMAGE_OR_IDENTITY_REVIEW_REQUIRED"",""query_family_ids"":[""wnba.kiki-iriafen.broad-professional-rookies""]}",{},,ebay|kn-644365|147475106442,https://i.ebayimg.com/images/g/MsoAAeSwf79qbUv6/s-l225.jpg,,FALSE,FALSE,FALSE,,{},,,,NO,NO,RAW,,,,Ungraded; seller/API claim only; front/back unverified.,UNKNOWN,"[""identity_and_images_unverified""]",3.99,0,,,,,0,180,TRUE,,,,,,[],INSUFFICIENT,INSUFFICIENT,UNKNOWN,INSUFFICIENT,,,,,,,,,,,,,,,,,MANUAL REVIEW / UNPRICED,FALSE,FALSE,"[""exact_front_back_identity_not_verified"",""identical_completed_sales_not_persisted"",""delivered_acquisition_cost_incomplete"",""truely_collectables_owned_copy_exclusion_not_proven"",""silver_equivalent_or_better_not_image_verified"",""tier_not_proven_from_title_image_review_required""]","{""artifact_schema"":""TRUELY_COLLECTABLES_DEAL_HUNTER_ARTIFACT_V1"",""deployment"":{""commitSha"":null,""environment"":""production"",""region"":null},""discovery_family_ids"":[""wnba.kiki-iriafen.broad-professional-rookies""],""gateway_endpoint"":""https://truelycollectables.com/api/tcos/deal-hunter-native-ebay?perQuery=20&scope=wnba"",""gateway_host"":""https://truelycollectables.com"",""gateway_scopes"":[""wnba""],""listing_item_id"":""147475106442"",""native_schema"":""TCOS_NATIVE_EBAY_FEED_V1"",""producer_commit_sha"":""07471ae49901220d13073aab604afbb0e223e855"",""producer_run_id"":""31970958336"",""source"":""truelycollectables.com/native-ebay"",""source_queries"":[""Kiki Iriafen Washington Mystics WNBA rookie card""],""token_mode"":""client_credentials""}"
cand-s14-ebay-67230ae0e0558c9e0c4c,dh-20260731T184251Z-gha-recovery,14,2026-08-16T20:35:00.076Z,WNBA/broad_professional_rookies,Sonia Citron,professional_wnba_rookie_card,eBay,evscards99,,407102645650,https://www.ebay.com/itm/407102645650?_skw=Sonia+Citron+Washington+Mystics+WNBA+rookie+card&hash=item5ec9356592%3Ag%3AyIEAAeSwhINqZ-4v,LIVE,2025 Panini Prizm WNBA Sonia Citron RC Variation #148 - Washington Mystics,"{""preliminary_scope_status"":""DISCOVERY_SCOPE_PASS"",""query_family_ids"":[""wnba.sonia-citron.broad-professional-rookies""]}",{},,ebay|evscards99|407102645650,https://i.ebayimg.com/images/g/yIEAAeSwhINqZ-4v/s-l225.jpg,,FALSE,FALSE,FALSE,,{},,,,NO,NO,RAW,,,,Ungraded; seller/API claim only; front/back unverified.,UNKNOWN,"[""identity_and_images_unverified""]",1.8,0,,,,,0,180,TRUE,,,,,,[],INSUFFICIENT,INSUFFICIENT,UNKNOWN,INSUFFICIENT,,,,,,,,,,,,,,,,,MANUAL REVIEW / UNPRICED,FALSE,FALSE,"[""exact_front_back_identity_not_verified"",""identical_completed_sales_not_persisted"",""delivered_acquisition_cost_incomplete"",""truely_collectables_owned_copy_exclusion_not_proven"",""silver_equivalent_or_better_not_image_verified""]","{""artifact_schema"":""TRUELY_COLLECTABLES_DEAL_HUNTER_ARTIFACT_V1"",""deployment"":{""commitSha"":null,""environment"":""production"",""region"":null},""discovery_family_ids"":[""wnba.sonia-citron.broad-professional-rookies""],""gateway_endpoint"":""https://truelycollectables.com/api/tcos/deal-hunter-native-ebay?perQuery=20&scope=wnba"",""gateway_host"":""https://truelycollectables.com"",""gateway_scopes"":[""wnba""],""listing_item_id"":""407102645650"",""native_schema"":""TCOS_NATIVE_EBAY_FEED_V1"",""producer_commit_sha"":""07471ae49901220d13073aab604afbb0e223e855"",""producer_run_id"":""31970958336"",""source"":""truelycollectables.com/native-ebay"",""source_queries"":[""Sonia Citron Washington Mystics WNBA rookie card""],""token_mode"":""client_credentials""}"
cand-s14-ebay-f69ff5ead229b93bda49,dh-20260731T184251Z-gha-recovery,14,2026-08-16T20:35:00.076Z,WNBA/broad_professional_rookies,Sonia Citron,professional_wnba_rookie_card,eBay,gametimecards247,,178348852627,https://www.ebay.com/itm/178348852627?_skw=Sonia+Citron+Washington+Mystics+WNBA+rookie+card&hash=item29866b8593%3Ag%3A7cMAAeSwMDlqZ50f,LIVE,Sonia Citron Rookie 2025 Panini Prizm WNBA #122 Washington Mystics,"{""preliminary_scope_status"":""DISCOVERY_SCOPE_PASS"",""query_family_ids"":[""wnba.sonia-citron.broad-professional-rookies""]}",{},,ebay|gametimecards247|178348852627,https://i.ebayimg.com/images/g/7cMAAeSwMDlqZ50f/s-l225.jpg,,FALSE,FALSE,FALSE,,{},,,,NO,NO,RAW,,,,Ungraded; seller/API claim only; front/back unverified.,UNKNOWN,"[""identity_and_images_unverified""]",1.75,0,,,,,0,180,TRUE,,,,,,[],INSUFFICIENT,INSUFFICIENT,UNKNOWN,INSUFFICIENT,,,,,,,,,,,,,,,,,MANUAL REVIEW / UNPRICED,FALSE,FALSE,"[""exact_front_back_identity_not_verified"",""identical_completed_sales_not_persisted"",""delivered_acquisition_cost_incomplete"",""truely_collectables_owned_copy_exclusion_not_proven"",""silver_equivalent_or_better_not_image_verified""]","{""artifact_schema"":""TRUELY_COLLECTABLES_DEAL_HUNTER_ARTIFACT_V1"",""deployment"":{""commitSha"":null,""environment"":""production"",""region"":null},""discovery_family_ids"":[""wnba.sonia-citron.broad-professional-rookies""],""gateway_endpoint"":""https://truelycollectables.com/api/tcos/deal-hunter-native-ebay?perQuery=20&scope=wnba"",""gateway_host"":""https://truelycollectables.com"",""gateway_scopes"":[""wnba""],""listing_item_id"":""178348852627"",""native_schema"":""TCOS_NATIVE_EBAY_FEED_V1"",""producer_commit_sha"":""07471ae49901220d13073aab604afbb0e223e855"",""producer_run_id"":""31970958336"",""source"":""truelycollectables.com/native-ebay"",""source_queries"":[""Sonia Citron Washington Mystics WNBA rookie card""],""token_mode"":""client_credentials""}"
cand-s14-ebay-1093a4b3fe12a3aba63f,dh-20260731T184251Z-gha-recovery,14,2026-08-16T20:35:00.076Z,WNBA/autograph_memorabilia,Sonia Citron,professional_wnba_rookie_autograph_memorabilia,eBay,harveyiscool,,236958702247,https://www.ebay.com/itm/236958702247?_skw=Sonia+Citron+WNBA+rookie+autograph+auto+patch+memorabilia&hash=item372bd6daa7%3Ag%3AL0sAAeSwB-dqYmev,LIVE,Sonia Citron 2025 Panini WNBA Crown Royale Silhouette Gold RPA RC Patch Auto /10,"{""preliminary_scope_status"":""DISCOVERY_SCOPE_PASS"",""query_family_ids"":[""wnba.sonia-citron.autograph-memorabilia""]}",{},,ebay|harveyiscool|236958702247,https://i.ebayimg.com/images/g/L0sAAeSwB-dqYmev/s-l225.jpg,,FALSE,FALSE,FALSE,,{},,,,CLAIMED_ONLY,CLAIMED_ONLY,RAW,,,,Ungraded; seller/API claim only; front/back unverified.,UNKNOWN,"[""identity_and_images_unverified""]",1999,0,,,,,0,180,TRUE,,,,,,[],INSUFFICIENT,INSUFFICIENT,UNKNOWN,INSUFFICIENT,,,,,,,,,,,,,,,,,MANUAL REVIEW / UNPRICED,FALSE,FALSE,"[""exact_front_back_identity_not_verified"",""identical_completed_sales_not_persisted"",""delivered_acquisition_cost_incomplete"",""truely_collectables_owned_copy_exclusion_not_proven"",""silver_equivalent_or_better_not_image_verified""]","{""artifact_schema"":""TRUELY_COLLECTABLES_DEAL_HUNTER_ARTIFACT_V1"",""deployment"":{""commitSha"":null,""environment"":""production"",""region"":null},""discovery_family_ids"":[""wnba.sonia-citron.autograph-memorabilia""],""gateway_endpoint"":""https://truelycollectables.com/api/tcos/deal-hunter-native-ebay?perQuery=20&scope=wnba"",""gateway_host"":""https://truelycollectables.com"",""gateway_scopes"":[""wnba""],""listing_item_id"":""236958702247"",""native_schema"":""TCOS_NATIVE_EBAY_FEED_V1"",""producer_commit_sha"":""07471ae49901220d13073aab604afbb0e223e855"",""producer_run_id"":""31970958336"",""source"":""truelycollectables.com/native-ebay"",""source_queries"":[""Sonia Citron WNBA rookie autograph auto patch memorabilia""],""token_mode"":""client_credentials""}"
cand-s14-ebay-16943b12575dbefa6854,dh-20260731T184251Z-gha-recovery,14,2026-08-16T20:35:00.076Z,WNBA/autograph_memorabilia,Sonia Citron,professional_wnba_rookie_autograph_memorabilia,eBay,harveyiscool,,236958697224,https://www.ebay.com/itm/236958697224?_skw=Sonia+Citron+WNBA+rookie+autograph+auto+patch+memorabilia&hash=item372bd6c708%3Ag%3AHDIAAeSwMndqYmZ9,LIVE,Sonia Citron 2025 Panini WNBA Crown Royale Silhouette RPA RC Patch Auto 01/99!,"{""preliminary_scope_status"":""DISCOVERY_SCOPE_PASS"",""query_family_ids"":[""wnba.sonia-citron.autograph-memorabilia""]}",{},,ebay|harveyiscool|236958697224,https://i.ebayimg.com/images/g/HDIAAeSwMndqYmZ9/s-l225.jpg,,FALSE,FALSE,FALSE,,{},,,,CLAIMED_ONLY,CLAIMED_ONLY,RAW,,,,Ungraded; seller/API claim only; front/back unverified.,UNKNOWN,"[""identity_and_images_unverified""]",249.99,5.99,,,,,0,180,TRUE,,,,,,[],INSUFFICIENT,INSUFFICIENT,UNKNOWN,INSUFFICIENT,,,,,,,,,,,,,,,,,MANUAL REVIEW / UNPRICED,FALSE,FALSE,"[""exact_front_back_identity_not_verified"",""identical_completed_sales_not_persisted"",""delivered_acquisition_cost_incomplete"",""truely_collectables_owned_copy_exclusion_not_proven"",""silver_equivalent_or_better_not_image_verified""]","{""artifact_schema"":""TRUELY_COLLECTABLES_DEAL_HUNTER_ARTIFACT_V1"",""deployment"":{""commitSha"":null,""environment"":""production"",""region"":null},""discovery_family_ids"":[""wnba.sonia-citron.autograph-memorabilia""],""gateway_endpoint"":""https://truelycollectables.com/api/tcos/deal-hunter-native-ebay?perQuery=20&scope=wnba"",""gateway_host"":""https://truelycollectables.com"",""gateway_scopes"":[""wnba""],""listing_item_id"":""236958697224"",""native_schema"":""TCOS_NATIVE_EBAY_FEED_V1"",""producer_commit_sha"":""07471ae49901220d13073aab604afbb0e223e855"",""producer_run_id"":""31970958336"",""source"":""truelycollectables.com/native-ebay"",""source_queries"":[""Sonia Citron WNBA rookie autograph auto patch memorabilia""],""token_mode"":""client_credentials""}"
cand-s14-ebay-dfce2888a413fc8def56,dh-20260731T184251Z-gha-recovery,14,2026-08-16T20:35:00.076Z,WNBA/autograph_memorabilia,Paige Bueckers,professional_wnba_rookie_autograph_memorabilia,eBay,harveyiscool,,336704742545,https://www.ebay.com/itm/336704742545?_skw=Paige+Bueckers+WNBA+rookie+autograph+auto+patch+memorabilia&hash=item4e652aa491%3Ag%3AexcAAeSwgMtqYmRH,LIVE,Paige Bueckers 2025 Panini WNBA Crown Royale Silhouette RPA RC Patch Auto /99!,"{""preliminary_scope_status"":""DISCOVERY_SCOPE_PASS"",""query_family_ids"":[""wnba.paige-bueckers.autograph-memorabilia""]}",{},,ebay|harveyiscool|336704742545,https://i.ebayimg.com/images/g/excAAeSwgMtqYmRH/s-l225.jpg,,FALSE,FALSE,FALSE,,{},,,,CLAIMED_ONLY,CLAIMED_ONLY,RAW,,,,Ungraded; seller/API claim only; front/back unverified.,UNKNOWN,"[""identity_and_images_unverified""]",849.99,0,,,,,0,180,TRUE,,,,,,[],INSUFFICIENT,INSUFFICIENT,UNKNOWN,INSUFFICIENT,,,,,,,,,,,,,,,,,MANUAL REVIEW / UNPRICED,FALSE,FALSE,"[""exact_front_back_identity_not_verified"",""identical_completed_sales_not_persisted"",""delivered_acquisition_cost_incomplete"",""truely_collectables_owned_copy_exclusion_not_proven"",""silver_equivalent_or_better_not_image_verified""]","{""artifact_schema"":""TRUELY_COLLECTABLES_DEAL_HUNTER_ARTIFACT_V1"",""deployment"":{""commitSha"":null,""environment"":""production"",""region"":null},""discovery_family_ids"":[""wnba.paige-bueckers.autograph-memorabilia""],""gateway_endpoint"":""https://truelycollectables.com/api/tcos/deal-hunter-native-ebay?perQuery=20&scope=wnba"",""gateway_host"":""https://truelycollectables.com"",""gateway_scopes"":[""wnba""],""listing_item_id"":""336704742545"",""native_schema"":""TCOS_NATIVE_EBAY_FEED_V1"",""producer_commit_sha"":""07471ae49901220d13073aab604afbb0e223e855"",""producer_run_id"":""31970958336"",""source"":""truelycollectables.com/native-ebay"",""source_queries"":[""Paige Bueckers WNBA rookie autograph auto patch memorabilia""],""token_mode"":""client_credentials""}"
cand-s14-ebay-171c87ad77edde0284b4,dh-20260731T184251Z-gha-recovery,14,2026-08-16T20:35:00.076Z,WNBA/autograph_memorabilia,Paige Bueckers,professional_wnba_rookie_autograph_memorabilia,eBay,bigtimesportscard,,198517292985,https://www.ebay.com/itm/198517292985?_skw=Paige+Bueckers+WNBA+rookie+autograph+auto+patch+memorabilia&hash=item2e388d7fb9%3Ag%3AmXYAAeSwkE1qYXPU,LIVE,2025 Panini WNBA National Treasures Paige Bueckers True Rookie Patch Auto /99,"{""preliminary_scope_status"":""DISCOVERY_SCOPE_PASS"",""query_family_ids"":[""wnba.paige-bueckers.autograph-memorabilia""]}",{},,ebay|bigtimesportscard|198517292985,https://i.ebayimg.com/images/g/mXYAAeSwkE1qYXPU/s-l225.jpg,,FALSE,FALSE,FALSE,,{},,,,CLAIMED_ONLY,CLAIMED_ONLY,RAW,,,,Ungraded; seller/API claim only; front/back unverified.,UNKNOWN,"[""identity_and_images_unverified""]",4500,,,,,,0,180,TRUE,,,,,,[],INSUFFICIENT,INSUFFICIENT,UNKNOWN,INSUFFICIENT,,,,,,,,,,,,,,,,,MANUAL REVIEW / UNPRICED,FALSE,FALSE,"[""exact_front_back_identity_not_verified"",""identical_completed_sales_not_persisted"",""delivered_acquisition_cost_incomplete"",""truely_collectables_owned_copy_exclusion_not_proven"",""silver_equivalent_or_better_not_image_verified""]","{""artifact_schema"":""TRUELY_COLLECTABLES_DEAL_HUNTER_ARTIFACT_V1"",""deployment"":{""commitSha"":null,""environment"":""production"",""region"":null},""discovery_family_ids"":[""wnba.paige-bueckers.autograph-memorabilia""],""gateway_endpoint"":""https://truelycollectables.com/api/tcos/deal-hunter-native-ebay?perQuery=20&scope=wnba"",""gateway_host"":""https://truelycollectables.com"",""gateway_scopes"":[""wnba""],""listing_item_id"":""198517292985"",""native_schema"":""TCOS_NATIVE_EBAY_FEED_V1"",""producer_commit_sha"":""07471ae49901220d13073aab604afbb0e223e855"",""producer_run_id"":""31970958336"",""source"":""truelycollectables.com/native-ebay"",""source_queries"":[""Paige Bueckers WNBA rookie autograph auto patch memorabilia""],""token_mode"":""client_credentials""}"
cand-s14-ebay-f83801ef492d32ae1883,dh-20260731T184251Z-gha-recovery,14,2026-08-16T20:35:00.076Z,WNBA/broad_professional_rookies,Sonia Citron,professional_wnba_rookie_card,eBay,crystalbroker,,206433428218,https://www.ebay.com/itm/206433428218?_skw=Sonia+Citron+Washington+Mystics+WNBA+rookie+card&hash=item30106422fa%3Ag%3A-RkAAeSw0-xqXlEi&amdata=enc%3AAQALAAABEACCtXRWQnOEpyOqnQQ8KGZk2eT0NqOo1nYMJdrt8jc7GCKAqq694Aigx8wNJepfitp8WzycWyG%2FdJ%2BY0mNmzl4FIFmBzINYefmsbIPxLdsAKupRsx0Wf%2F30JElmvaRt%2BY1SZ5zpGfGrYIFXTYTe9dX80WSdEw7l367BGEKwHsiHK82nQQR%2B32SBha1Y3rpcHqsmd0gV3uwgeJpDInl5C7WAV%2BUgsDW%2FrZnRYhVbGxLv9H7lQQzbp4vMflG4Z46flUEOz5DD%2BxMlz41rRPgS5IrzKP%2F2RZOwNxxf7cr4CMNVqy29QNFFEcSvlWT30XGtVczB3LKq45bg0GDwjyWx9k5ohH8ulOOhXg0sWhbS5tiv,LIVE,Sonia Citron 2025 Panini Instant WNBA RC WNBA Debut #11 Mystics 4/5 Panini Seal,"{""preliminary_scope_status"":""DISCOVERY_SCOPE_PASS"",""query_family_ids"":[""wnba.sonia-citron.broad-professional-rookies""]}",{},,ebay|crystalbroker|206433428218,https://i.ebayimg.com/images/g/-RkAAeSw0-xqXlEi/s-l225.jpg,,FALSE,FALSE,FALSE,,{},,,,NO,NO,RAW,,,,Ungraded; seller/API claim only; front/back unverified.,UNKNOWN,"[""identity_and_images_unverified""]",324.99,,,,,,0,180,TRUE,,,,,,[],INSUFFICIENT,INSUFFICIENT,UNKNOWN,INSUFFICIENT,,,,,,,,,,,,,,,,,MANUAL REVIEW / UNPRICED,FALSE,FALSE,"[""exact_front_back_identity_not_verified"",""identical_completed_sales_not_persisted"",""delivered_acquisition_cost_incomplete"",""truely_collectables_owned_copy_exclusion_not_proven"",""silver_equivalent_or_better_not_image_verified""]","{""artifact_schema"":""TRUELY_COLLECTABLES_DEAL_HUNTER_ARTIFACT_V1"",""deployment"":{""commitSha"":null,""environment"":""production"",""region"":null},""discovery_family_ids"":[""wnba.sonia-citron.broad-professional-rookies""],""gateway_endpoint"":""https://truelycollectables.com/api/tcos/deal-hunter-native-ebay?perQuery=20&scope=wnba"",""gateway_host"":""https://truelycollectables.com"",""gateway_scopes"":[""wnba""],""listing_item_id"":""206433428218"",""native_schema"":""TCOS_NATIVE_EBAY_FEED_V1"",""producer_commit_sha"":""07471ae49901220d13073aab604afbb0e223e855"",""producer_run_id"":""31970958336"",""source"":""truelycollectables.com/native-ebay"",""source_queries"":[""Sonia Citron Washington Mystics WNBA rookie card""],""token_mode"":""client_credentials""}"
cand-s14-ebay-cea4555d9b53588d4f8c,dh-20260731T184251Z-gha-recovery,14,2026-08-16T20:35:00.076Z,WNBA/autograph_memorabilia,Paige Bueckers,professional_wnba_rookie_autograph_memorabilia,eBay,sportskingshobby,,287478074867,https://www.ebay.com/itm/287478074867?_skw=Paige+Bueckers+WNBA+rookie+autograph+auto+patch+memorabilia&hash=item42ef074df3%3Ag%3A9jAAAeSwAzZqYO2J,LIVE,2025 Crown Royale WNBA PAIGE BUECKERS Rookie Silhouette Jersey RELIC AUTO /99 RC,"{""preliminary_scope_status"":""DISCOVERY_SCOPE_PASS"",""query_family_ids"":[""wnba.paige-bueckers.autograph-memorabilia""]}",{},,ebay|sportskingshobby|287478074867,https://i.ebayimg.com/images/g/9jAAAeSwAzZqYO2J/s-l225.jpg,,FALSE,FALSE,FALSE,,{},,,,CLAIMED_ONLY,CLAIMED_ONLY,RAW,,,,Ungraded; seller/API claim only; front/back unverified.,UNKNOWN,"[""identity_and_images_unverified""]",874.99,6,,,,,0,180,TRUE,,,,,,[],INSUFFICIENT,INSUFFICIENT,UNKNOWN,INSUFFICIENT,,,,,,,,,,,,,,,,,MANUAL REVIEW / UNPRICED,FALSE,FALSE,"[""exact_front_back_identity_not_verified"",""identical_completed_sales_not_persisted"",""delivered_acquisition_cost_incomplete"",""truely_collectables_owned_copy_exclusion_not_proven"",""silver_equivalent_or_better_not_image_verified""]","{""artifact_schema"":""TRUELY_COLLECTABLES_DEAL_HUNTER_ARTIFACT_V1"",""deployment"":{""commitSha"":null,""environment"":""production"",""region"":null},""discovery_family_ids"":[""wnba.paige-bueckers.autograph-memorabilia""],""gateway_endpoint"":""https://truelycollectables.com/api/tcos/deal-hunter-native-ebay?perQuery=20&scope=wnba"",""gateway_host"":""https://truelycollectables.com"",""gateway_scopes"":[""wnba""],""listing_item_id"":""287478074867"",""native_schema"":""TCOS_NATIVE_EBAY_FEED_V1"",""producer_commit_sha"":""07471ae49901220d13073aab604afbb0e223e855"",""producer_run_id"":""31970958336"",""source"":""truelycollectables.com/native-ebay"",""source_queries"":[""Paige Bueckers WNBA rookie autograph auto patch memorabilia""],""token_mode"":""client_credentials""}"
cand-s14-ebay-bd36e3464404b4b84d63,dh-20260731T184251Z-gha-recovery,14,2026-08-16T20:35:00.076Z,WNBA/autograph_memorabilia,Paige Bueckers,professional_wnba_rookie_autograph_memorabilia,eBay,lmum7040,,366554896100,https://www.ebay.com/itm/366554896100?_skw=Paige+Bueckers+WNBA+rookie+autograph+auto+patch+memorabilia&hash=item55585fd6e4%3Ag%3AYuYAAeSwZB9qXoYw,LIVE,Paige Bueckers RPA 2025 Panini Select WNBA RC Auto Blue /49 Wings Rookie Patch,"{""preliminary_scope_status"":""DISCOVERY_SCOPE_PASS"",""query_family_ids"":[""wnba.paige-bueckers.autograph-memorabilia""]}",{},,ebay|lmum7040|366554896100,https://i.ebayimg.com/images/g/YuYAAeSwZB9qXoYw/s-l225.jpg,,FALSE,FALSE,FALSE,,{},,,,CLAIMED_ONLY,CLAIMED_ONLY,RAW,,,,Ungraded; seller/API claim only; front/back unverified.,UNKNOWN,"[""identity_and_images_unverified""]",699.99,,,,,,0,180,TRUE,,,,,,[],INSUFFICIENT,INSUFFICIENT,UNKNOWN,INSUFFICIENT,,,,,,,,,,,,,,,,,MANUAL REVIEW / UNPRICED,FALSE,FALSE,"[""exact_front_back_identity_not_verified"",""identical_completed_sales_not_persisted"",""delivered_acquisition_cost_incomplete"",""truely_collectables_owned_copy_exclusion_not_proven"",""silver_equivalent_or_better_not_image_verified""]","{""artifact_schema"":""TRUELY_COLLECTABLES_DEAL_HUNTER_ARTIFACT_V1"",""deployment"":{""commitSha"":null,""environment"":""production"",""region"":null},""discovery_family_ids"":[""wnba.paige-bueckers.autograph-memorabilia""],""gateway_endpoint"":""https://truelycollectables.com/api/tcos/deal-hunter-native-ebay?perQuery=20&scope=wnba"",""gateway_host"":""https://truelycollectables.com"",""gateway_scopes"":[""wnba""],""listing_item_id"":""366554896100"",""native_schema"":""TCOS_NATIVE_EBAY_FEED_V1"",""producer_commit_sha"":""07471ae49901220d13073aab604afbb0e223e855"",""producer_run_id"":""31970958336"",""source"":""truelycollectables.com/native-ebay"",""source_queries"":[""Paige Bueckers WNBA rookie autograph auto patch memorabilia""],""token_mode"":""client_credentials""}"
cand-s14-ebay-1e89e9b2d9b9c932d6df,dh-20260731T184251Z-gha-recovery,14,2026-08-16T20:35:00.076Z,WNBA/broad_professional_rookies,Paige Bueckers,professional_wnba_rookie_card,eBay,kn_644365,,147449967275,https://www.ebay.com/itm/147449967275?_skw=Paige+Bueckers+Dallas+Wings+WNBA+rookie+card&hash=item2254b3f2ab%3Ag%3AviYAAeSwo9lqXnkd,LIVE,PAIGE BUECKERS 2025-26 WNBA DONRUSS ROOKIE NET MARVELS #23 WINGS,"{""preliminary_scope_status"":""IMAGE_OR_IDENTITY_REVIEW_REQUIRED"",""query_family_ids"":[""wnba.paige-bueckers.broad-professional-rookies""]}",{},,ebay|kn-644365|147449967275,https://i.ebayimg.com/images/g/viYAAeSwo9lqXnkd/s-l225.jpg,,FALSE,FALSE,FALSE,,{},,,,NO,NO,RAW,,,,Ungraded; seller/API claim only; front/back unverified.,UNKNOWN,"[""identity_and_images_unverified""]",3.49,0,,,,,0,180,TRUE,,,,,,[],INSUFFICIENT,INSUFFICIENT,UNKNOWN,INSUFFICIENT,,,,,,,,,,,,,,,,,MANUAL REVIEW / UNPRICED,FALSE,FALSE,"[""exact_front_back_identity_not_verified"",""identical_completed_sales_not_persisted"",""delivered_acquisition_cost_incomplete"",""truely_collectables_owned_copy_exclusion_not_proven"",""silver_equivalent_or_better_not_image_verified"",""tier_not_proven_from_title_image_review_required""]","{""artifact_schema"":""TRUELY_COLLECTABLES_DEAL_HUNTER_ARTIFACT_V1"",""deployment"":{""commitSha"":null,""environment"":""production"",""region"":null},""discovery_family_ids"":[""wnba.paige-bueckers.broad-professional-rookies""],""gateway_endpoint"":""https://truelycollectables.com/api/tcos/deal-hunter-native-ebay?perQuery=20&scope=wnba"",""gateway_host"":""https://truelycollectables.com"",""gateway_scopes"":[""wnba""],""listing_item_id"":""147449967275"",""native_schema"":""TCOS_NATIVE_EBAY_FEED_V1"",""producer_commit_sha"":""07471ae49901220d13073aab604afbb0e223e855"",""producer_run_id"":""31970958336"",""source"":""truelycollectables.com/native-ebay"",""source_queries"":[""Paige Bueckers Dallas Wings WNBA rookie card""],""token_mode"":""client_credentials""}"
cand-s14-ebay-0a340e26796c7911bf83,dh-20260731T184251Z-gha-recovery,14,2026-08-16T20:35:00.076Z,WNBA/broad_professional_rookies,Kiki Iriafen,professional_wnba_rookie_card,eBay,bis_3234,,407080760149,https://www.ebay.com/itm/407080760149?_skw=Kiki+Iriafen+Washington+Mystics+WNBA+rookie+card&hash=item5ec7e77355%3Ag%3AmqgAAeSwdbtqWr6-&amdata=enc%3AAQALAAABEACCtXRWQnOEpyOqnQQ8KGYRZXpkDT0u7KRCLqVV6tHnADoArfE%2FbRVHO44lbN3HW3fyhN0iSGyqTd5YMPII4BaQkKxuOawvqS3zwO7K67Ng6zFPVDg35X7cX2Kt5A4KSEUYK%2BGXnZM8XYZStNfbp9tOU3L4kxDhBL0RCqQaS0yoM1uL4QmerrEoOKScSjQu3MMXqWU3xRwSFeUUGko6P9YZcD7LyiOtZA3jKGEN8R2oiepU%2BlcULmBxLCEy2Yahy2uPmMGKueV13kjaME26DpqXK5emlTcU6N7GUuhc2cdyzn4lrPri1rIvNNgVXN%2FUGslkbRwjRHFdlNgZj2UAC%2BB%2BGMdoENEdrd%2B0iqN0S92K,LIVE,Panini 2025 WNBA 3-Card Lot Mystics Kiki Iriafen Rookie Jersey Mem #149 #94 #9,"{""preliminary_scope_status"":""IMAGE_OR_IDENTITY_REVIEW_REQUIRED"",""query_family_ids"":[""wnba.kiki-iriafen.broad-professional-rookies""]}",{},,ebay|bis-3234|407080760149,https://i.ebayimg.com/images/g/mqgAAeSwdbtqWr6-/s-l225.jpg,,FALSE,FALSE,FALSE,,{},,,,NO,NO,UNKNOWN,,,,New; seller/API claim only; front/back unverified.,UNKNOWN,"[""identity_and_images_unverified""]",20,,,,,,0,180,TRUE,,,,,,[],INSUFFICIENT,INSUFFICIENT,UNKNOWN,INSUFFICIENT,,,,,,,,,,,,,,,,,MANUAL REVIEW / UNPRICED,FALSE,FALSE,"[""exact_front_back_identity_not_verified"",""identical_completed_sales_not_persisted"",""delivered_acquisition_cost_incomplete"",""truely_collectables_owned_copy_exclusion_not_proven"",""silver_equivalent_or_better_not_image_verified"",""tier_not_proven_from_title_image_review_required""]","{""artifact_schema"":""TRUELY_COLLECTABLES_DEAL_HUNTER_ARTIFACT_V1"",""deployment"":{""commitSha"":null,""environment"":""production"",""region"":null},""discovery_family_ids"":[""wnba.kiki-iriafen.broad-professional-rookies""],""gateway_endpoint"":""https://truelycollectables.com/api/tcos/deal-hunter-native-ebay?perQuery=20&scope=wnba"",""gateway_host"":""https://truelycollectables.com"",""gateway_scopes"":[""wnba""],""listing_item_id"":""407080760149"",""native_schema"":""TCOS_NATIVE_EBAY_FEED_V1"",""producer_commit_sha"":""07471ae49901220d13073aab604afbb0e223e855"",""producer_run_id"":""31970958336"",""source"":""truelycollectables.com/native-ebay"",""source_queries"":[""Kiki Iriafen Washington Mystics WNBA rookie card""],""token_mode"":""client_credentials""}"
cand-s14-ebay-56a4d06c14463459011f,dh-20260731T184251Z-gha-recovery,14,2026-08-16T20:35:00.076Z,WNBA/autograph_memorabilia,Sonia Citron,professional_wnba_rookie_autograph_memorabilia,eBay,tocl_4310,,800360753652,https://www.ebay.com/itm/800360753652?_skw=Sonia+Citron+WNBA+rookie+autograph+auto+patch+memorabilia&hash=itemba5937e9f4%3Ag%3Ax2cAAeSwr3RqWoyS,LIVE,SONIA CITRON 2025 WNBA NATIONAL TREASURES ROOKIE PATCH AUTO #50/99 🔥SEALED🔥,"{""preliminary_scope_status"":""DISCOVERY_SCOPE_PASS"",""query_family_ids"":[""wnba.sonia-citron.autograph-memorabilia""]}",{},,ebay|tocl-4310|800360753652,https://i.ebayimg.com/images/g/x2cAAeSwr3RqWoyS/s-l225.jpg,,FALSE,FALSE,FALSE,,{},,,,CLAIMED_ONLY,CLAIMED_ONLY,RAW,,,,Ungraded; seller/API claim only; front/back unverified.,UNKNOWN,"[""identity_and_images_unverified""]",1200,9.95,,,,,0,180,TRUE,,,,,,[],INSUFFICIENT,INSUFFICIENT,UNKNOWN,INSUFFICIENT,,,,,,,,,,,,,,,,,MANUAL REVIEW / UNPRICED,FALSE,FALSE,"[""exact_front_back_identity_not_verified"",""identical_completed_sales_not_persisted"",""delivered_acquisition_cost_incomplete"",""truely_collectables_owned_copy_exclusion_not_proven"",""silver_equivalent_or_better_not_image_verified""]","{""artifact_schema"":""TRUELY_COLLECTABLES_DEAL_HUNTER_ARTIFACT_V1"",""deployment"":{""commitSha"":null,""environment"":""production"",""region"":null},""discovery_family_ids"":[""wnba.sonia-citron.autograph-memorabilia""],""gateway_endpoint"":""https://truelycollectables.com/api/tcos/deal-hunter-native-ebay?perQuery=20&scope=wnba"",""gateway_host"":""https://truelycollectables.com"",""gateway_scopes"":[""wnba""],""listing_item_id"":""800360753652"",""native_schema"":""TCOS_NATIVE_EBAY_FEED_V1"",""producer_commit_sha"":""07471ae49901220d13073aab604afbb0e223e855"",""producer_run_id"":""31970958336"",""source"":""truelycollectables.com/native-ebay"",""source_queries"":[""Sonia Citron WNBA rookie autograph auto patch memorabilia""],""token_mode"":""client_credentials""}"
cand-s14-ebay-e2b4e7d9d636e9a8a01a,dh-20260731T184251Z-gha-recovery,14,2026-08-16T20:35:00.076Z,WNBA/broad_professional_rookies,Sonia Citron,professional_wnba_rookie_card,eBay,e_comicsandcards_724,,267730741629,https://www.ebay.com/itm/267730741629?_skw=Sonia+Citron+Washington+Mystics+WNBA+rookie+card&hash=item3e55fee97d%3Ag%3AbI0AAeSw3QFqWn8X&amdata=enc%3AAQALAAABEACCtXRWQnOEpyOqnQQ8KGZAMxaXqYaHi7YrT02isg1yaPfB%2F3aG5wJOkIdKIqMucpqUiic5wxp9gXpwjqjjLvPHw1Xa5ZOcvuP0zw58RZL6%2BC8QT2Eay0dazRuF%2BTxIKMGa2hJJegjuXIpUCoDIQkMJk9ho49VIVl2RDO2lfdE34jyqEayR9aIOQKlSEKRemwg7Z7FnMM65zGxQWB4aP7QfBJli8B%2F0l8nH20eROikXKayQnawhqt1zQj8xKJkLbyXTier1iWPYi8Ke0NhpfTyhBNH4BBFHoi3%2FKIT%2FxfpDtiO74a9ldpQ6wP29o9si8tgFPJwOOoMsQJLPVGy9RaPl8wtSd5F79pB8%2F79Tk0Sj,LIVE,"Sonia Citron 2025-26 Rookie Card Lot (6) - Studio Stars  /424, Orange Laser /199","{""preliminary_scope_status"":""DISCOVERY_SCOPE_PASS"",""query_family_ids"":[""wnba.sonia-citron.broad-professional-rookies""]}",{},,ebay|e-comicsandcards-724|267730741629,https://i.ebayimg.com/images/g/bI0AAeSw3QFqWn8X/s-l225.jpg,,FALSE,FALSE,FALSE,,{},,,,NO,NO,UNKNOWN,,,,New; seller/API claim only; front/back unverified.,UNKNOWN,"[""identity_and_images_unverified""]",60,0,,,,,0,180,TRUE,,,,,,[],INSUFFICIENT,INSUFFICIENT,UNKNOWN,INSUFFICIENT,,,,,,,,,,,,,,,,,MANUAL REVIEW / UNPRICED,FALSE,FALSE,"[""exact_front_back_identity_not_verified"",""identical_completed_sales_not_persisted"",""delivered_acquisition_cost_incomplete"",""truely_collectables_owned_copy_exclusion_not_proven"",""silver_equivalent_or_better_not_image_verified""]","{""artifact_schema"":""TRUELY_COLLECTABLES_DEAL_HUNTER_ARTIFACT_V1"",""deployment"":{""commitSha"":null,""environment"":""production"",""region"":null},""discovery_family_ids"":[""wnba.sonia-citron.broad-professional-rookies""],""gateway_endpoint"":""https://truelycollectables.com/api/tcos/deal-hunter-native-ebay?perQuery=20&scope=wnba"",""gateway_host"":""https://truelycollectables.com"",""gateway_scopes"":[""wnba""],""listing_item_id"":""267730741629"",""native_schema"":""TCOS_NATIVE_EBAY_FEED_V1"",""producer_commit_sha"":""07471ae49901220d13073aab604afbb0e223e855"",""producer_run_id"":""31970958336"",""source"":""truelycollectables.com/native-ebay"",""source_queries"":[""Sonia Citron Washington Mystics WNBA rookie card""],""token_mode"":""client_credentials""}"
cand-s14-ebay-5e21393572e5c5b8b323,dh-20260731T184251Z-gha-recovery,14,2026-08-16T20:35:00.076Z,WNBA/autograph_memorabilia,Sonia Citron,professional_wnba_rookie_autograph_memorabilia,eBay,cards704,,188655205914,https://www.ebay.com/itm/188655205914?_skw=Sonia+Citron+WNBA+rookie+autograph+auto+patch+memorabilia&hash=item2becb9fe1a%3Ag%3A5BUAAeSwrOpqObSL,LIVE,2025 Panini One & One WNBA Sonia Citron RC Rookie Jersey Purple Auto /25 #RJA-SC,"{""preliminary_scope_status"":""DISCOVERY_SCOPE_PASS"",""query_family_ids"":[""wnba.sonia-citron.autograph-memorabilia""]}",{},,ebay|cards704|188655205914,https://i.ebayimg.com/images/g/5BUAAeSwrOpqObSL/s-l225.jpg,,FALSE,FALSE,FALSE,,{},,,,CLAIMED_ONLY,NO,RAW,,,,Ungraded; seller/API claim only; front/back unverified.,UNKNOWN,"[""identity_and_images_unverified""]",467.5,6,,,,,0,180,TRUE,,,,,,[],INSUFFICIENT,INSUFFICIENT,UNKNOWN,INSUFFICIENT,,,,,,,,,,,,,,,,,MANUAL REVIEW / UNPRICED,FALSE,FALSE,"[""exact_front_back_identity_not_verified"",""identical_completed_sales_not_persisted"",""delivered_acquisition_cost_incomplete"",""truely_collectables_owned_copy_exclusion_not_proven"",""silver_equivalent_or_better_not_image_verified""]","{""artifact_schema"":""TRUELY_COLLECTABLES_DEAL_HUNTER_ARTIFACT_V1"",""deployment"":{""commitSha"":null,""environment"":""production"",""region"":null},""discovery_family_ids"":[""wnba.sonia-citron.autograph-memorabilia""],""gateway_endpoint"":""https://truelycollectables.com/api/tcos/deal-hunter-native-ebay?perQuery=20&scope=wnba"",""gateway_host"":""https://truelycollectables.com"",""gateway_scopes"":[""wnba""],""listing_item_id"":""188655205914"",""native_schema"":""TCOS_NATIVE_EBAY_FEED_V1"",""producer_commit_sha"":""07471ae49901220d13073aab604afbb0e223e855"",""producer_run_id"":""31970958336"",""source"":""truelycollectables.com/native-ebay"",""source_queries"":[""Sonia Citron WNBA rookie autograph auto patch memorabilia""],""token_mode"":""client_credentials""}"
cand-s14-ebay-e43de796274d601f7018,dh-20260731T184251Z-gha-recovery,14,2026-08-16T20:35:00.076Z,WNBA/broad_professional_rookies,Dominique Malonga,professional_wnba_rookie_card,eBay,rynocardz,,236940735364,https://www.ebay.com/itm/236940735364?_skw=Dominique+Malonga+Seattle+Storm+WNBA+rookie+card&hash=item372ac4b384%3Ag%3Aj8oAAeSwHg9qWAnb,LIVE,2025 Prizm WNBA Dominique Malonga Purple Variation /149 - Seattle Storm,"{""preliminary_scope_status"":""DISCOVERY_SCOPE_PASS"",""query_family_ids"":[""wnba.dominique-malonga.broad-professional-rookies""]}",{},,ebay|rynocardz|236940735364,https://i.ebayimg.com/images/g/j8oAAeSwHg9qWAnb/s-l225.jpg,,FALSE,FALSE,FALSE,,{},,,,NO,NO,RAW,,,,Ungraded; seller/API claim only; front/back unverified.,UNKNOWN,"[""identity_and_images_unverified""]",11.99,0,,,,,0,180,TRUE,,,,,,[],INSUFFICIENT,INSUFFICIENT,UNKNOWN,INSUFFICIENT,,,,,,,,,,,,,,,,,MANUAL REVIEW / UNPRICED,FALSE,FALSE,"[""exact_front_back_identity_not_verified"",""identical_completed_sales_not_persisted"",""delivered_acquisition_cost_incomplete"",""truely_collectables_owned_copy_exclusion_not_proven"",""silver_equivalent_or_better_not_image_verified""]","{""artifact_schema"":""TRUELY_COLLECTABLES_DEAL_HUNTER_ARTIFACT_V1"",""deployment"":{""commitSha"":null,""environment"":""production"",""region"":null},""discovery_family_ids"":[""wnba.dominique-malonga.broad-professional-rookies""],""gateway_endpoint"":""https://truelycollectables.com/api/tcos/deal-hunter-native-ebay?perQuery=20&scope=wnba"",""gateway_host"":""https://truelycollectables.com"",""gateway_scopes"":[""wnba""],""listing_item_id"":""236940735364"",""native_schema"":""TCOS_NATIVE_EBAY_FEED_V1"",""producer_commit_sha"":""07471ae49901220d13073aab604afbb0e223e855"",""producer_run_id"":""31970958336"",""source"":""truelycollectables.com/native-ebay"",""source_queries"":[""Dominique Malonga Seattle Storm WNBA rookie card""],""token_mode"":""client_credentials""}"
cand-s14-ebay-f18c74b2f63933c35454,dh-20260731T184251Z-gha-recovery,14,2026-08-16T20:35:00.076Z,WNBA/broad_professional_rookies,Sonia Citron,professional_wnba_rookie_card,eBay,aviiicollectibles,,188635306497,https://www.ebay.com/itm/188635306497?_skw=Sonia+Citron+Washington+Mystics+WNBA+rookie+card&hash=item2beb8a5a01%3Ag%3AaRsAAeSwBFtqVSsg&amdata=enc%3AAQALAAABEACCtXRWQnOEpyOqnQQ8KGa3CAnvwLfZBWZbo0R5NAor32a0MXyQNyCz3casS502SktcD%2Fqm0py61Xl6b8kVRgSWfCKa9TLwXvMFw5AuDfIxFv9zMa9l0PR8aTuTxOu02fro2jji6E9xGQhdCt6SQmfaZQCqgNsnlg%2BV%2FLG%2B21cvUMPuWsA8C7csOtX2pJiLTjMI1hUBUi%2FatDurqOIcb6PngjMwUdXW60RPfqAMBS4ogPB6NOOHCVWYDhXJ8uhSQhkpCK3ML3AYrYA743LQo4V%2BDmcxPGz0I4sM4zrnB4JeYatkFKllr4WrseeYHPwwA2MDgLdb9COEulO76T%2F91YwUOxR6HQzYj8s62REPVVNF,LIVE,Sonia Citron | 2025 Panini Select 4-Card Rookie Lot | All Parallels | Mystics ⭐️,"{""preliminary_scope_status"":""IMAGE_OR_IDENTITY_REVIEW_REQUIRED"",""query_family_ids"":[""wnba.sonia-citron.broad-professional-rookies""]}",{},,ebay|aviiicollectibles|188635306497,https://i.ebayimg.com/images/g/aRsAAeSwBFtqVSsg/s-l225.jpg,,FALSE,FALSE,FALSE,,{},,,,NO,NO,UNKNOWN,,,,Used; seller/API claim only; front/back unverified.,UNKNOWN,"[""identity_and_images_unverified""]",79.99,0,,,,,0,180,TRUE,,,,,,[],INSUFFICIENT,INSUFFICIENT,UNKNOWN,INSUFFICIENT,,,,,,,,,,,,,,,,,MANUAL REVIEW / UNPRICED,FALSE,FALSE,"[""exact_front_back_identity_not_verified"",""identical_completed_sales_not_persisted"",""delivered_acquisition_cost_incomplete"",""truely_collectables_owned_copy_exclusion_not_proven"",""silver_equivalent_or_better_not_image_verified"",""tier_not_proven_from_title_image_review_required""]","{""artifact_schema"":""TRUELY_COLLECTABLES_DEAL_HUNTER_ARTIFACT_V1"",""deployment"":{""commitSha"":null,""environment"":""production"",""region"":null},""discovery_family_ids"":[""wnba.sonia-citron.broad-professional-rookies""],""gateway_endpoint"":""https://truelycollectables.com/api/tcos/deal-hunter-native-ebay?perQuery=20&scope=wnba"",""gateway_host"":""https://truelycollectables.com"",""gateway_scopes"":[""wnba""],""listing_item_id"":""188635306497"",""native_schema"":""TCOS_NATIVE_EBAY_FEED_V1"",""producer_commit_sha"":""07471ae49901220d13073aab604afbb0e223e855"",""producer_run_id"":""31970958336"",""source"":""truelycollectables.com/native-ebay"",""source_queries"":[""Sonia Citron Washington Mystics WNBA rookie card""],""token_mode"":""client_credentials""}"
cand-s14-ebay-a6c47dc3dfb8c389ba9e,dh-20260731T184251Z-gha-recovery,14,2026-08-16T20:35:00.076Z,WNBA/broad_professional_rookies,Dominique Malonga,professional_wnba_rookie_card,eBay,jaken-86,,236935635133,https://www.ebay.com/itm/236935635133?_skw=Dominique+Malonga+Seattle+Storm+WNBA+rookie+card&hash=item372a76e0bd%3Ag%3AVFoAAeSwdbtqVQ2O,LIVE,2025 Prizm WNBA Dominique Malonga Fireworks Orange Pulsar #/75 RC Rookie Storm,"{""preliminary_scope_status"":""DISCOVERY_SCOPE_PASS"",""query_family_ids"":[""wnba.dominique-malonga.broad-professional-rookies""]}",{},,ebay|jaken-86|236935635133,https://i.ebayimg.com/images/g/VFoAAeSwdbtqVQ2O/s-l225.jpg,,FALSE,FALSE,FALSE,,{},,,,NO,NO,RAW,,,,Ungraded; seller/API claim only; front/back unverified.,UNKNOWN,"[""identity_and_images_unverified""]",20,2,,,,,0,180,TRUE,,,,,,[],INSUFFICIENT,INSUFFICIENT,UNKNOWN,INSUFFICIENT,,,,,,,,,,,,,,,,,MANUAL REVIEW / UNPRICED,FALSE,FALSE,"[""exact_front_back_identity_not_verified"",""identical_completed_sales_not_persisted"",""delivered_acquisition_cost_incomplete"",""truely_collectables_owned_copy_exclusion_not_proven"",""silver_equivalent_or_better_not_image_verified""]","{""artifact_schema"":""TRUELY_COLLECTABLES_DEAL_HUNTER_ARTIFACT_V1"",""deployment"":{""commitSha"":null,""environment"":""production"",""region"":null},""discovery_family_ids"":[""wnba.dominique-malonga.broad-professional-rookies""],""gateway_endpoint"":""https://truelycollectables.com/api/tcos/deal-hunter-native-ebay?perQuery=20&scope=wnba"",""gateway_host"":""https://truelycollectables.com"",""gateway_scopes"":[""wnba""],""listing_item_id"":""236935635133"",""native_schema"":""TCOS_NATIVE_EBAY_FEED_V1"",""producer_commit_sha"":""07471ae49901220d13073aab604afbb0e223e855"",""producer_run_id"":""31970958336"",""source"":""truelycollectables.com/native-ebay"",""source_queries"":[""Dominique Malonga Seattle Storm WNBA rookie card""],""token_mode"":""client_credentials""}"
cand-s14-ebay-af91fef1a5a4970cc41d,dh-20260731T184251Z-gha-recovery,14,2026-08-16T20:35:00.076Z,WNBA/autograph_memorabilia,Sonia Citron,professional_wnba_rookie_autograph_memorabilia,eBay,gregoryscottt,,278176589158,https://www.ebay.com/itm/278176589158?_skw=Sonia+Citron+WNBA+rookie+autograph+auto+patch+memorabilia&hash=item40c49de566%3Ag%3A4TAAAeSwUIlqVH3r,LIVE,2024-25 Bowman Best U Sonia Citron RC Orange Geometric Jumbo Patch Auto #25/25,"{""preliminary_scope_status"":""DISCOVERY_SCOPE_PASS"",""query_family_ids"":[""wnba.sonia-citron.autograph-memorabilia""]}",{},,ebay|gregoryscottt|278176589158,https://i.ebayimg.com/images/g/4TAAAeSwUIlqVH3r/s-l225.jpg,,FALSE,FALSE,FALSE,,{},,,,CLAIMED_ONLY,CLAIMED_ONLY,RAW,,,,Ungraded; seller/API claim only; front/back unverified.,UNKNOWN,"[""identity_and_images_unverified""]",299.99,5.17,,,,,0,180,TRUE,,,,,,[],INSUFFICIENT,INSUFFICIENT,UNKNOWN,INSUFFICIENT,,,,,,,,,,,,,,,,,MANUAL REVIEW / UNPRICED,FALSE,FALSE,"[""exact_front_back_identity_not_verified"",""identical_completed_sales_not_persisted"",""delivered_acquisition_cost_incomplete"",""truely_collectables_owned_copy_exclusion_not_proven"",""silver_equivalent_or_better_not_image_verified""]","{""artifact_schema"":""TRUELY_COLLECTABLES_DEAL_HUNTER_ARTIFACT_V1"",""deployment"":{""commitSha"":null,""environment"":""production"",""region"":null},""discovery_family_ids"":[""wnba.sonia-citron.autograph-memorabilia""],""gateway_endpoint"":""https://truelycollectables.com/api/tcos/deal-hunter-native-ebay?perQuery=20&scope=wnba"",""gateway_host"":""https://truelycollectables.com"",""gateway_scopes"":[""wnba""],""listing_item_id"":""278176589158"",""native_schema"":""TCOS_NATIVE_EBAY_FEED_V1"",""producer_commit_sha"":""07471ae49901220d13073aab604afbb0e223e855"",""producer_run_id"":""31970958336"",""source"":""truelycollectables.com/native-ebay"",""source_queries"":[""Sonia Citron WNBA rookie autograph auto patch memorabilia""],""token_mode"":""client_credentials""}"
cand-s14-ebay-6822114f36e4ff2f65be,dh-20260731T184251Z-gha-recovery,14,2026-08-16T20:35:00.076Z,WNBA/autograph_memorabilia,Paige Bueckers,professional_wnba_rookie_autograph_memorabilia,eBay,carnycards,,178375151709,https://www.ebay.com/itm/178375151709?_skw=Paige+Bueckers+WNBA+rookie+autograph+auto+patch+memorabilia&hash=item2987fcd05d%3Ag%3AZzYAAeSwA5dqUDXz,LIVE,2025 Panini One and One WNBA Paige Bueckers RC #d 39/99 RPA Rookie Patch Auto SP,"{""preliminary_scope_status"":""DISCOVERY_SCOPE_PASS"",""query_family_ids"":[""wnba.paige-bueckers.autograph-memorabilia""]}",{},,ebay|carnycards|178375151709,https://i.ebayimg.com/images/g/ZzYAAeSwA5dqUDXz/s-l225.jpg,,FALSE,FALSE,FALSE,,{},,,,CLAIMED_ONLY,CLAIMED_ONLY,RAW,,,,Ungraded; seller/API claim only; front/back unverified.,UNKNOWN,"[""identity_and_images_unverified""]",950,9.99,,,,,0,180,TRUE,,,,,,[],INSUFFICIENT,INSUFFICIENT,UNKNOWN,INSUFFICIENT,,,,,,,,,,,,,,,,,MANUAL REVIEW / UNPRICED,FALSE,FALSE,"[""exact_front_back_identity_not_verified"",""identical_completed_sales_not_persisted"",""delivered_acquisition_cost_incomplete"",""truely_collectables_owned_copy_exclusion_not_proven"",""silver_equivalent_or_better_not_image_verified""]","{""artifact_schema"":""TRUELY_COLLECTABLES_DEAL_HUNTER_ARTIFACT_V1"",""deployment"":{""commitSha"":null,""environment"":""production"",""region"":null},""discovery_family_ids"":[""wnba.paige-bueckers.autograph-memorabilia""],""gateway_endpoint"":""https://truelycollectables.com/api/tcos/deal-hunter-native-ebay?perQuery=20&scope=wnba"",""gateway_host"":""https://truelycollectables.com"",""gateway_scopes"":[""wnba""],""listing_item_id"":""178375151709"",""native_schema"":""TCOS_NATIVE_EBAY_FEED_V1"",""producer_commit_sha"":""07471ae49901220d13073aab604afbb0e223e855"",""producer_run_id"":""31970958336"",""source"":""truelycollectables.com/native-ebay"",""source_queries"":[""Paige Bueckers WNBA rookie autograph auto patch memorabilia""],""token_mode"":""client_credentials""}"
cand-s14-ebay-5405a1a8205fdd821427,dh-20260731T184251Z-gha-recovery,14,2026-08-16T20:35:00.076Z,WNBA/broad_professional_rookies,Kiki Iriafen,professional_wnba_rookie_card,eBay,gmemphian,,298492250877,https://www.ebay.com/itm/298492250877?_skw=Kiki+Iriafen+Washington+Mystics+WNBA+rookie+card&hash=item457f864afd%3Ag%3ABRsAAeSwBoBqTxWq,LIVE,2025 Panini Select WNBA KIKI IRIAFEN PINK ICE PRIZM MYSTICS ROOKIE #91,"{""preliminary_scope_status"":""DISCOVERY_SCOPE_PASS"",""query_family_ids"":[""wnba.kiki-iriafen.broad-professional-rookies""]}",{},,ebay|gmemphian|298492250877,https://i.ebayimg.com/images/g/BRsAAeSwBoBqTxWq/s-l225.jpg,,FALSE,FALSE,FALSE,,{},,,,NO,NO,RAW,,,,Ungraded; seller/API claim only; front/back unverified.,UNKNOWN,"[""identity_and_images_unverified""]",1.5,1.08,,,,,0,180,TRUE,,,,,,[],INSUFFICIENT,INSUFFICIENT,UNKNOWN,INSUFFICIENT,,,,,,,,,,,,,,,,,MANUAL REVIEW / UNPRICED,FALSE,FALSE,"[""exact_front_back_identity_not_verified"",""identical_completed_sales_not_persisted"",""delivered_acquisition_cost_incomplete"",""truely_collectables_owned_copy_exclusion_not_proven"",""silver_equivalent_or_better_not_image_verified""]","{""artifact_schema"":""TRUELY_COLLECTABLES_DEAL_HUNTER_ARTIFACT_V1"",""deployment"":{""commitSha"":null,""environment"":""production"",""region"":null},""discovery_family_ids"":[""wnba.kiki-iriafen.broad-professional-rookies""],""gateway_endpoint"":""https://truelycollectables.com/api/tcos/deal-hunter-native-ebay?perQuery=20&scope=wnba"",""gateway_host"":""https://truelycollectables.com"",""gateway_scopes"":[""wnba""],""listing_item_id"":""298492250877"",""native_schema"":""TCOS_NATIVE_EBAY_FEED_V1"",""producer_commit_sha"":""07471ae49901220d13073aab604afbb0e223e855"",""producer_run_id"":""31970958336"",""source"":""truelycollectables.com/native-ebay"",""source_queries"":[""Kiki Iriafen Washington Mystics WNBA rookie card""],""token_mode"":""client_credentials""}"
cand-s14-ebay-519e6c96ddbab6c06fd2,dh-20260731T184251Z-gha-recovery,14,2026-08-16T20:35:00.076Z,WNBA/broad_professional_rookies,Dominique Malonga,professional_wnba_rookie_card,eBay,imru59,,398143426996,https://www.ebay.com/itm/398143426996?_skw=Dominique+Malonga+Seattle+Storm+WNBA+rookie+card&hash=item5cb33291b4%3Ag%3AkdsAAeSwuY1qSrdh&amdata=enc%3AAQALAAABEACCtXRWQnOEpyOqnQQ8KGZc045zX8hBM1elxemNWSv4Qoy5D3kH9KwRF9Gl4OHQJG0Tpfn9BPm80wkht5gfoEg6RhoLNcNx5wf2cVZt9H1RATEdwn%2BOcY9Wb6DxiBHnLnuFxKbSlwug0ImUFZ%2Fb39etKHKcLruBpUb2LO6GYmkMg0gzfMspdOTL6w2TFt5%2BODYFgAnRmlrcslg1SKBDmf%2Flu5vvP6VS7bPmK5tcn4oRECXIA7s5nRcjWcB%2Fj5p5qjpt6QUllc4MHTqXZjwbEk6TKSjM%2BjypsxS0DBFatRGrkjlm8xNU0NGLlWI5TtSMkMD4od9sphr%2FgOw8Ss2lwoC7vuNvrmga1pc7wBL0Bjcc,LIVE,2025 WNBA PANINI Select Blue Score DOMINIQUE MALONGA Storm RC /49  SP #8,"{""preliminary_scope_status"":""DISCOVERY_SCOPE_PASS"",""query_family_ids"":[""wnba.dominique-malonga.broad-professional-rookies""]}",{},,ebay|imru59|398143426996,https://i.ebayimg.com/images/g/kdsAAeSwuY1qSrdh/s-l225.jpg,,FALSE,FALSE,FALSE,,{},,,,NO,NO,RAW,,,,Ungraded; seller/API claim only; front/back unverified.,UNKNOWN,"[""identity_and_images_unverified""]",38.78,6,,,,,0,180,TRUE,,,,,,[],INSUFFICIENT,INSUFFICIENT,UNKNOWN,INSUFFICIENT,,,,,,,,,,,,,,,,,MANUAL REVIEW / UNPRICED,FALSE,FALSE,"[""exact_front_back_identity_not_verified"",""identical_completed_sales_not_persisted"",""delivered_acquisition_cost_incomplete"",""truely_collectables_owned_copy_exclusion_not_proven"",""silver_equivalent_or_better_not_image_verified""]","{""artifact_schema"":""TRUELY_COLLECTABLES_DEAL_HUNTER_ARTIFACT_V1"",""deployment"":{""commitSha"":null,""environment"":""production"",""region"":null},""discovery_family_ids"":[""wnba.dominique-malonga.broad-professional-rookies""],""gateway_endpoint"":""https://truelycollectables.com/api/tcos/deal-hunter-native-ebay?perQuery=20&scope=wnba"",""gateway_host"":""https://truelycollectables.com"",""gateway_scopes"":[""wnba""],""listing_item_id"":""398143426996"",""native_schema"":""TCOS_NATIVE_EBAY_FEED_V1"",""producer_commit_sha"":""07471ae49901220d13073aab604afbb0e223e855"",""producer_run_id"":""31970958336"",""source"":""truelycollectables.com/native-ebay"",""source_queries"":[""Dominique Malonga Seattle Storm WNBA rookie card""],""token_mode"":""client_credentials""}"
cand-s14-ebay-24dc0738c41452e7bf48,dh-20260731T184251Z-gha-recovery,14,2026-08-16T20:35:00.076Z,WNBA/broad_professional_rookies,Dominique Malonga,professional_wnba_rookie_card,eBay,complexone_01,,117281267748,https://www.ebay.com/itm/117281267748?_skw=Dominique+Malonga+Seattle+Storm+WNBA+rookie+card&hash=item1b4e822024%3Ag%3Am2wAAeSwBLNqRryv,LIVE,Dominique Malonga Seattle Storm - Remix Card /99 WNBA Point RC Rookie,"{""preliminary_scope_status"":""DISCOVERY_SCOPE_PASS"",""query_family_ids"":[""wnba.dominique-malonga.broad-professional-rookies""]}",{},,ebay|complexone-01|117281267748,https://i.ebayimg.com/images/g/m2wAAeSwBLNqRryv/s-l225.jpg,,FALSE,FALSE,FALSE,,{},,,,NO,NO,RAW,,,,Ungraded; seller/API claim only; front/back unverified.,UNKNOWN,"[""identity_and_images_unverified""]",9.99,1.99,,,,,0,180,TRUE,,,,,,[],INSUFFICIENT,INSUFFICIENT,UNKNOWN,INSUFFICIENT,,,,,,,,,,,,,,,,,MANUAL REVIEW / UNPRICED,FALSE,FALSE,"[""exact_front_back_identity_not_verified"",""identical_completed_sales_not_persisted"",""delivered_acquisition_cost_incomplete"",""truely_collectables_owned_copy_exclusion_not_proven"",""silver_equivalent_or_better_not_image_verified""]","{""artifact_schema"":""TRUELY_COLLECTABLES_DEAL_HUNTER_ARTIFACT_V1"",""deployment"":{""commitSha"":null,""environment"":""production"",""region"":null},""discovery_family_ids"":[""wnba.dominique-malonga.broad-professional-rookies""],""gateway_endpoint"":""https://truelycollectables.com/api/tcos/deal-hunter-native-ebay?perQuery=20&scope=wnba"",""gateway_host"":""https://truelycollectables.com"",""gateway_scopes"":[""wnba""],""listing_item_id"":""117281267748"",""native_schema"":""TCOS_NATIVE_EBAY_FEED_V1"",""producer_commit_sha"":""07471ae49901220d13073aab604afbb0e223e855"",""producer_run_id"":""31970958336"",""source"":""truelycollectables.com/native-ebay"",""source_queries"":[""Dominique Malonga Seattle Storm WNBA rookie card""],""token_mode"":""client_credentials""}"
cand-s14-ebay-710b1b88d78979fbd323,dh-20260731T184251Z-gha-recovery,14,2026-08-16T20:35:00.076Z,WNBA/autograph_memorabilia,Paige Bueckers,professional_wnba_rookie_autograph_memorabilia,eBay,breakpointllc-2020,,800278316810,https://www.ebay.com/itm/800278316810?_skw=Paige+Bueckers+WNBA+rookie+autograph+auto+patch+memorabilia&hash=itemba544e070a%3Ag%3AibgAAeSwznxqRpmF,LIVE,Paige Bueckers Silver Prizm Rookie Patch Auto 2025 Panini Select WNBA Basketball,"{""preliminary_scope_status"":""DISCOVERY_SCOPE_PASS"",""query_family_ids"":[""wnba.paige-bueckers.autograph-memorabilia""]}",{},,ebay|breakpointllc-2020|800278316810,https://i.ebayimg.com/images/g/ibgAAeSwznxqRpmF/s-l225.jpg,,FALSE,FALSE,FALSE,,{},,,,CLAIMED_ONLY,CLAIMED_ONLY,RAW,,,,Ungraded; seller/API claim only; front/back unverified.,UNKNOWN,"[""identity_and_images_unverified""]",700,15,,,,,0,180,TRUE,,,,,,[],INSUFFICIENT,INSUFFICIENT,UNKNOWN,INSUFFICIENT,,,,,,,,,,,,,,,,,MANUAL REVIEW / UNPRICED,FALSE,FALSE,"[""exact_front_back_identity_not_verified"",""identical_completed_sales_not_persisted"",""delivered_acquisition_cost_incomplete"",""truely_collectables_owned_copy_exclusion_not_proven"",""silver_equivalent_or_better_not_image_verified""]","{""artifact_schema"":""TRUELY_COLLECTABLES_DEAL_HUNTER_ARTIFACT_V1"",""deployment"":{""commitSha"":null,""environment"":""production"",""region"":null},""discovery_family_ids"":[""wnba.paige-bueckers.autograph-memorabilia""],""gateway_endpoint"":""https://truelycollectables.com/api/tcos/deal-hunter-native-ebay?perQuery=20&scope=wnba"",""gateway_host"":""https://truelycollectables.com"",""gateway_scopes"":[""wnba""],""listing_item_id"":""800278316810"",""native_schema"":""TCOS_NATIVE_EBAY_FEED_V1"",""producer_commit_sha"":""07471ae49901220d13073aab604afbb0e223e855"",""producer_run_id"":""31970958336"",""source"":""truelycollectables.com/native-ebay"",""source_queries"":[""Paige Bueckers WNBA rookie autograph auto patch memorabilia""],""token_mode"":""client_credentials""}"
cand-s14-ebay-634dc283999a1128e087,dh-20260731T184251Z-gha-recovery,14,2026-08-16T20:35:00.076Z,WNBA/autograph_memorabilia,Sonia Citron,professional_wnba_rookie_autograph_memorabilia,eBay,robinsnest87,,278123003578,https://www.ebay.com/itm/278123003578?_skw=Sonia+Citron+WNBA+rookie+autograph+auto+patch+memorabilia&hash=item40c16c3eba%3Ag%3AerkAAeSwMtBqPI1h,LIVE,2025 Panini One & One WNBA Sonia Citron Rookie Jumbo Jersey Auto RC /99 Mystics,"{""preliminary_scope_status"":""DISCOVERY_SCOPE_PASS"",""query_family_ids"":[""wnba.sonia-citron.autograph-memorabilia""]}",{},,ebay|robinsnest87|278123003578,https://i.ebayimg.com/images/g/erkAAeSwMtBqPI1h/s-l225.jpg,,FALSE,FALSE,FALSE,,{},,,,CLAIMED_ONLY,NO,RAW,,,,Ungraded; seller/API claim only; front/back unverified.,UNKNOWN,"[""identity_and_images_unverified""]",300,,,,,,0,180,TRUE,,,,,,[],INSUFFICIENT,INSUFFICIENT,UNKNOWN,INSUFFICIENT,,,,,,,,,,,,,,,,,MANUAL REVIEW / UNPRICED,FALSE,FALSE,"[""exact_front_back_identity_not_verified"",""identical_completed_sales_not_persisted"",""delivered_acquisition_cost_incomplete"",""truely_collectables_owned_copy_exclusion_not_proven"",""silver_equivalent_or_better_not_image_verified""]","{""artifact_schema"":""TRUELY_COLLECTABLES_DEAL_HUNTER_ARTIFACT_V1"",""deployment"":{""commitSha"":null,""environment"":""production"",""region"":null},""discovery_family_ids"":[""wnba.sonia-citron.autograph-memorabilia""],""gateway_endpoint"":""https://truelycollectables.com/api/tcos/deal-hunter-native-ebay?perQuery=20&scope=wnba"",""gateway_host"":""https://truelycollectables.com"",""gateway_scopes"":[""wnba""],""listing_item_id"":""278123003578"",""native_schema"":""TCOS_NATIVE_EBAY_FEED_V1"",""producer_commit_sha"":""07471ae49901220d13073aab604afbb0e223e855"",""producer_run_id"":""31970958336"",""source"":""truelycollectables.com/native-ebay"",""source_queries"":[""Sonia Citron WNBA rookie autograph auto patch memorabilia""],""token_mode"":""client_credentials""}"
cand-s14-ebay-e5e1bfab7daf1592c996,dh-20260731T184251Z-gha-recovery,14,2026-08-16T20:35:00.076Z,WNBA/autograph_memorabilia,Dominique Malonga,professional_wnba_rookie_autograph_memorabilia,eBay,emjaycollects,,137440724405,https://www.ebay.com/itm/137440724405?_skw=Dominique+Malonga+WNBA+rookie+autograph+auto+patch+memorabilia&hash=item20001b05b5%3Ag%3AGRcAAeSwcLlqOKE%7E,LIVE,2025 Panini Select WNBA Dominique Malonga RC Rookie Patch Auto RPA Silver,"{""preliminary_scope_status"":""DISCOVERY_SCOPE_PASS"",""query_family_ids"":[""wnba.dominique-malonga.autograph-memorabilia""]}",{},,ebay|emjaycollects|137440724405,https://i.ebayimg.com/images/g/GRcAAeSwcLlqOKE~/s-l225.jpg,,FALSE,FALSE,FALSE,,{},,,,CLAIMED_ONLY,CLAIMED_ONLY,RAW,,,,Ungraded; seller/API claim only; front/back unverified.,UNKNOWN,"[""identity_and_images_unverified""]",111.71,,,,,,0,180,TRUE,,,,,,[],INSUFFICIENT,INSUFFICIENT,UNKNOWN,INSUFFICIENT,,,,,,,,,,,,,,,,,MANUAL REVIEW / UNPRICED,FALSE,FALSE,"[""exact_front_back_identity_not_verified"",""identical_completed_sales_not_persisted"",""delivered_acquisition_cost_incomplete"",""truely_collectables_owned_copy_exclusion_not_proven"",""silver_equivalent_or_better_not_image_verified""]","{""artifact_schema"":""TRUELY_COLLECTABLES_DEAL_HUNTER_ARTIFACT_V1"",""deployment"":{""commitSha"":null,""environment"":""production"",""region"":null},""discovery_family_ids"":[""wnba.dominique-malonga.autograph-memorabilia""],""gateway_endpoint"":""https://truelycollectables.com/api/tcos/deal-hunter-native-ebay?perQuery=20&scope=wnba"",""gateway_host"":""https://truelycollectables.com"",""gateway_scopes"":[""wnba""],""listing_item_id"":""137440724405"",""native_schema"":""TCOS_NATIVE_EBAY_FEED_V1"",""producer_commit_sha"":""07471ae49901220d13073aab604afbb0e223e855"",""producer_run_id"":""31970958336"",""source"":""truelycollectables.com/native-ebay"",""source_queries"":[""Dominique Malonga WNBA rookie autograph auto patch memorabilia""],""token_mode"":""client_credentials""}"
cand-s14-ebay-3b4df9dd4f5b17646f9e,dh-20260731T184251Z-gha-recovery,14,2026-08-16T20:35:00.076Z,WNBA/autograph_memorabilia,Sonia Citron,professional_wnba_rookie_autograph_memorabilia,eBay,chgrif0,,198438146894,https://www.ebay.com/itm/198438146894?_skw=Sonia+Citron+WNBA+rookie+autograph+auto+patch+memorabilia&hash=item2e33d5d34e%3Ag%3Ac4MAAeSwMHJqNKRe,LIVE,2025 Panini WNBA Flawless SONIA CITRON ROOKIE PATCH AUTO EMERALD 1/5 Mystics 🔥,"{""preliminary_scope_status"":""DISCOVERY_SCOPE_PASS"",""query_family_ids"":[""wnba.sonia-citron.autograph-memorabilia""]}",{},,ebay|chgrif0|198438146894,https://i.ebayimg.com/images/g/c4MAAeSwMHJqNKRe/s-l225.jpg,,FALSE,FALSE,FALSE,,{},,,,CLAIMED_ONLY,CLAIMED_ONLY,RAW,,,,Ungraded; seller/API claim only; front/back unverified.,UNKNOWN,"[""identity_and_images_unverified""]",3999.99,0,,,,,0,180,TRUE,,,,,,[],INSUFFICIENT,INSUFFICIENT,UNKNOWN,INSUFFICIENT,,,,,,,,,,,,,,,,,MANUAL REVIEW / UNPRICED,FALSE,FALSE,"[""exact_front_back_identity_not_verified"",""identical_completed_sales_not_persisted"",""delivered_acquisition_cost_incomplete"",""truely_collectables_owned_copy_exclusion_not_proven"",""silver_equivalent_or_better_not_image_verified""]","{""artifact_schema"":""TRUELY_COLLECTABLES_DEAL_HUNTER_ARTIFACT_V1"",""deployment"":{""commitSha"":null,""environment"":""production"",""region"":null},""discovery_family_ids"":[""wnba.sonia-citron.autograph-memorabilia""],""gateway_endpoint"":""https://truelycollectables.com/api/tcos/deal-hunter-native-ebay?perQuery=20&scope=wnba"",""gateway_host"":""https://truelycollectables.com"",""gateway_scopes"":[""wnba""],""listing_item_id"":""198438146894"",""native_schema"":""TCOS_NATIVE_EBAY_FEED_V1"",""producer_commit_sha"":""07471ae49901220d13073aab604afbb0e223e855"",""producer_run_id"":""31970958336"",""source"":""truelycollectables.com/native-ebay"",""source_queries"":[""Sonia Citron WNBA rookie autograph auto patch memorabilia""],""token_mode"":""client_credentials""}"
cand-s14-ebay-084ebfda591f0d266539,dh-20260731T184251Z-gha-recovery,14,2026-08-16T20:35:00.076Z,WNBA/autograph_memorabilia,Dominique Malonga,professional_wnba_rookie_autograph_memorabilia,eBay,awenterprises23,,366476586649,https://www.ebay.com/itm/366476586649?_skw=Dominique+Malonga+WNBA+rookie+autograph+auto+patch+memorabilia&hash=item5553b4ee99%3Ag%3AzWQAAeSwtZFqLU28,LIVE,DOMINIQUE MALONGA 2025 Panini Select WNBA ROOKIE PATCH AUTO SILVER SP Storm🔥🔥,"{""preliminary_scope_status"":""DISCOVERY_SCOPE_PASS"",""query_family_ids"":[""wnba.dominique-malonga.autograph-memorabilia""]}",{},,ebay|awenterprises23|366476586649,https://i.ebayimg.com/images/g/zWQAAeSwtZFqLU28/s-l225.jpg,,FALSE,FALSE,FALSE,,{},,,,CLAIMED_ONLY,CLAIMED_ONLY,RAW,,,,Ungraded; seller/API claim only; front/back unverified.,UNKNOWN,"[""identity_and_images_unverified""]",64.95,5.95,,,,,0,180,TRUE,,,,,,[],INSUFFICIENT,INSUFFICIENT,UNKNOWN,INSUFFICIENT,,,,,,,,,,,,,,,,,MANUAL REVIEW / UNPRICED,FALSE,FALSE,"[""exact_front_back_identity_not_verified"",""identical_completed_sales_not_persisted"",""delivered_acquisition_cost_incomplete"",""truely_collectables_owned_copy_exclusion_not_proven"",""silver_equivalent_or_better_not_image_verified""]","{""artifact_schema"":""TRUELY_COLLECTABLES_DEAL_HUNTER_ARTIFACT_V1"",""deployment"":{""commitSha"":null,""environment"":""production"",""region"":null},""discovery_family_ids"":[""wnba.dominique-malonga.autograph-memorabilia""],""gateway_endpoint"":""https://truelycollectables.com/api/tcos/deal-hunter-native-ebay?perQuery=20&scope=wnba"",""gateway_host"":""https://truelycollectables.com"",""gateway_scopes"":[""wnba""],""listing_item_id"":""366476586649"",""native_schema"":""TCOS_NATIVE_EBAY_FEED_V1"",""producer_commit_sha"":""07471ae49901220d13073aab604afbb0e223e855"",""producer_run_id"":""31970958336"",""source"":""truelycollectables.com/native-ebay"",""source_queries"":[""Dominique Malonga WNBA rookie autograph auto patch memorabilia""],""token_mode"":""client_credentials""}"
cand-s14-ebay-cbf8ac8a6da85d733bef,dh-20260731T184251Z-gha-recovery,14,2026-08-16T20:35:00.076Z,WNBA/broad_professional_rookies,Paige Bueckers,professional_wnba_rookie_card,eBay,michaels2345,,178207937127,https://www.ebay.com/itm/178207937127?_skw=Paige+Bueckers+Dallas+Wings+WNBA+rookie+card&hash=item297e055267%3Ag%3A1tAAAeSwu-VqKHiL&amdata=enc%3AAQALAAABEACCtXRWQnOEpyOqnQQ8KGYDdBHFNfPPsW2rE%2BYAh--SEjuFPl1N6zvy9jOiclHZUUJYol0zPvmk8nXxJn44%2FvcvJ2vPvZGrjZysPpQjg2vu47VuHJeZiiM88kseJgxTChev5OV24IELA9NVVlynEjXepY9V4mp5biEzza%2BkIy69MvqLWvEy4yOzIcvtmLrWd2YmKwv1FasLc5dMGjzLnehmkqBeXwQIVHoKAILaeQMupSSUwq88dUsa0MaImQ8EKuSGAupBMGFgQCg9PGIuuwQCxIa071aRc197ngaMHrdcp3s21UyzJH40AFWqjB1cBrloWFA76YunhE5pdE9dPo%2FXFl8iRHKG0ISreDjMmkRj,LIVE,2025 WNBA Prizm Paige Bueckers Rookie Dallas Wings 2-Card Lot Cracked Ice,"{""preliminary_scope_status"":""DISCOVERY_SCOPE_PASS"",""query_family_ids"":[""wnba.paige-bueckers.broad-professional-rookies""]}",{},,ebay|michaels2345|178207937127,https://i.ebayimg.com/images/g/1tAAAeSwu-VqKHiL/s-l225.jpg,,FALSE,FALSE,FALSE,,{},,,,NO,NO,UNKNOWN,,,,New; seller/API claim only; front/back unverified.,UNKNOWN,"[""identity_and_images_unverified""]",45,0,,,,,0,180,TRUE,,,,,,[],INSUFFICIENT,INSUFFICIENT,UNKNOWN,INSUFFICIENT,,,,,,,,,,,,,,,,,MANUAL REVIEW / UNPRICED,FALSE,FALSE,"[""exact_front_back_identity_not_verified"",""identical_completed_sales_not_persisted"",""delivered_acquisition_cost_incomplete"",""truely_collectables_owned_copy_exclusion_not_proven"",""silver_equivalent_or_better_not_image_verified""]","{""artifact_schema"":""TRUELY_COLLECTABLES_DEAL_HUNTER_ARTIFACT_V1"",""deployment"":{""commitSha"":null,""environment"":""production"",""region"":null},""discovery_family_ids"":[""wnba.paige-bueckers.broad-professional-rookies""],""gateway_endpoint"":""https://truelycollectables.com/api/tcos/deal-hunter-native-ebay?perQuery=20&scope=wnba"",""gateway_host"":""https://truelycollectables.com"",""gateway_scopes"":[""wnba""],""listing_item_id"":""178207937127"",""native_schema"":""TCOS_NATIVE_EBAY_FEED_V1"",""producer_commit_sha"":""07471ae49901220d13073aab604afbb0e223e855"",""producer_run_id"":""31970958336"",""source"":""truelycollectables.com/native-ebay"",""source_queries"":[""Paige Bueckers Dallas Wings WNBA rookie card""],""token_mode"":""client_credentials""}"
cand-s14-ebay-6cb9c1165999e3313ddb,dh-20260731T184251Z-gha-recovery,14,2026-08-16T20:35:00.076Z,WNBA/autograph_memorabilia,Paige Bueckers,professional_wnba_rookie_autograph_memorabilia,eBay,traderralf,,298394376041,https://www.ebay.com/itm/298394376041?_skw=Paige+Bueckers+WNBA+rookie+autograph+auto+patch+memorabilia&hash=item4579b0d769%3Ag%3Aeg8AAeSwhZ9qU%7EpX,LIVE,2025 Panini Select WNBA - Paige Bueckers RPA RC Auto Patch Tie Dye /25 Wings,"{""preliminary_scope_status"":""DISCOVERY_SCOPE_PASS"",""query_family_ids"":[""wnba.paige-bueckers.autograph-memorabilia""]}",{},,ebay|traderralf|298394376041,https://i.ebayimg.com/images/g/eg8AAeSwhZ9qU~pX/s-l225.jpg,,FALSE,FALSE,FALSE,,{},,,,CLAIMED_ONLY,CLAIMED_ONLY,RAW,,,,Ungraded; seller/API claim only; front/back unverified.,UNKNOWN,"[""identity_and_images_unverified""]",1950,5.75,,,,,0,180,TRUE,,,,,,[],INSUFFICIENT,INSUFFICIENT,UNKNOWN,INSUFFICIENT,,,,,,,,,,,,,,,,,MANUAL REVIEW / UNPRICED,FALSE,FALSE,"[""exact_front_back_identity_not_verified"",""identical_completed_sales_not_persisted"",""delivered_acquisition_cost_incomplete"",""truely_collectables_owned_copy_exclusion_not_proven"",""silver_equivalent_or_better_not_image_verified""]","{""artifact_schema"":""TRUELY_COLLECTABLES_DEAL_HUNTER_ARTIFACT_V1"",""deployment"":{""commitSha"":null,""environment"":""production"",""region"":null},""discovery_family_ids"":[""wnba.paige-bueckers.autograph-memorabilia""],""gateway_endpoint"":""https://truelycollectables.com/api/tcos/deal-hunter-native-ebay?perQuery=20&scope=wnba"",""gateway_host"":""https://truelycollectables.com"",""gateway_scopes"":[""wnba""],""listing_item_id"":""298394376041"",""native_schema"":""TCOS_NATIVE_EBAY_FEED_V1"",""producer_commit_sha"":""07471ae49901220d13073aab604afbb0e223e855"",""producer_run_id"":""31970958336"",""source"":""truelycollectables.com/native-ebay"",""source_queries"":[""Paige Bueckers WNBA rookie autograph auto patch memorabilia""],""token_mode"":""client_credentials""}"
cand-s14-ebay-a47d26f54ce56df582f4,dh-20260731T184251Z-gha-recovery,14,2026-08-16T20:35:00.076Z,WNBA/broad_professional_rookies,Dominique Malonga,professional_wnba_rookie_card,eBay,imru59,,398286308432,https://www.ebay.com/itm/398286308432?_skw=Dominique+Malonga+Seattle+Storm+WNBA+rookie+card&hash=item5cbbb6c450%3Ag%3A26sAAeSwBfhqJc%7EY&amdata=enc%3AAQALAAABEACCtXRWQnOEpyOqnQQ8KGa0uE3%2FX7A11vvisJszPFpxVh1dWz1gdf4WPaxq04Nv%2FCnbdP0tbsTMUxhmS6raqcHs7pF7VCnscS2FWENYtTPSEatD3UtDQz2d3JLe1CGBYDcD%2B0y9JlEZ%2BQeFSENAFd5w6J4Vmm3lBcC6oliI1T%2B9W%2FrMHefufRxmYkkEbbw%2B%2BQpRZoNvm6sUcXc084jefedEFl1j%2B6SRh7hpgVXlpGZ6PmITl1ouzEkYNNmGiNYCeuhliLSNdpLfnrE2f3icyzIDbwrDDQJ40LhwBVj00xMWHFkZEYjOAI2LZcB%2BiZbxKpG3RAPBtsf56rO67rjehoOqpmC2ySO92VO%2Bqr9%2FRm3S,LIVE,2025 WNBA Select Signature Draft Selections 🏀 Dominique Malonga #DSS-DM 🔥 RC,"{""preliminary_scope_status"":""DISCOVERY_SCOPE_PASS"",""query_family_ids"":[""wnba.dominique-malonga.broad-professional-rookies""]}",{},,ebay|imru59|398286308432,https://i.ebayimg.com/images/g/26sAAeSwBfhqJc~Y/s-l225.jpg,,FALSE,FALSE,FALSE,,{},,,,NO,NO,RAW,,,,Ungraded; seller/API claim only; front/back unverified.,UNKNOWN,"[""identity_and_images_unverified""]",100.77,6.17,,,,,0,180,TRUE,,,,,,[],INSUFFICIENT,INSUFFICIENT,UNKNOWN,INSUFFICIENT,,,,,,,,,,,,,,,,,MANUAL REVIEW / UNPRICED,FALSE,FALSE,"[""exact_front_back_identity_not_verified"",""identical_completed_sales_not_persisted"",""delivered_acquisition_cost_incomplete"",""truely_collectables_owned_copy_exclusion_not_proven"",""silver_equivalent_or_better_not_image_verified""]","{""artifact_schema"":""TRUELY_COLLECTABLES_DEAL_HUNTER_ARTIFACT_V1"",""deployment"":{""commitSha"":null,""environment"":""production"",""region"":null},""discovery_family_ids"":[""wnba.dominique-malonga.broad-professional-rookies""],""gateway_endpoint"":""https://truelycollectables.com/api/tcos/deal-hunter-native-ebay?perQuery=20&scope=wnba"",""gateway_host"":""https://truelycollectables.com"",""gateway_scopes"":[""wnba""],""listing_item_id"":""398286308432"",""native_schema"":""TCOS_NATIVE_EBAY_FEED_V1"",""producer_commit_sha"":""07471ae49901220d13073aab604afbb0e223e855"",""producer_run_id"":""31970958336"",""source"":""truelycollectables.com/native-ebay"",""source_queries"":[""Dominique Malonga Seattle Storm WNBA rookie card""],""token_mode"":""client_credentials""}"
cand-s14-ebay-e6686938d4a68c51bcf0,dh-20260731T184251Z-gha-recovery,14,2026-08-16T20:35:00.076Z,WNBA/broad_professional_rookies,Sonia Citron,professional_wnba_rookie_card,eBay,bangersforsale,,188476098420,https://www.ebay.com/itm/188476098420?_skw=Sonia+Citron+Washington+Mystics+WNBA+rookie+card&hash=item2be20d0774%3Ag%3AkO0AAeSwtz5qF2BR,LIVE,Panini 2025 Prizm WNBA Sonia Citron Groovy Insert Rookie Card #13 Mystics 🔥,"{""preliminary_scope_status"":""DISCOVERY_SCOPE_PASS"",""query_family_ids"":[""wnba.sonia-citron.broad-professional-rookies""]}",{},,ebay|bangersforsale|188476098420,https://i.ebayimg.com/images/g/kO0AAeSwtz5qF2BR/s-l225.jpg,,FALSE,FALSE,FALSE,,{},,,,NO,NO,RAW,,,,Ungraded; seller/API claim only; front/back unverified.,UNKNOWN,"[""identity_and_images_unverified""]",3.49,0,,,,,0,180,TRUE,,,,,,[],INSUFFICIENT,INSUFFICIENT,UNKNOWN,INSUFFICIENT,,,,,,,,,,,,,,,,,MANUAL REVIEW / UNPRICED,FALSE,FALSE,"[""exact_front_back_identity_not_verified"",""identical_completed_sales_not_persisted"",""delivered_acquisition_cost_incomplete"",""truely_collectables_owned_copy_exclusion_not_proven"",""silver_equivalent_or_better_not_image_verified""]","{""artifact_schema"":""TRUELY_COLLECTABLES_DEAL_HUNTER_ARTIFACT_V1"",""deployment"":{""commitSha"":null,""environment"":""production"",""region"":null},""discovery_family_ids"":[""wnba.sonia-citron.broad-professional-rookies""],""gateway_endpoint"":""https://truelycollectables.com/api/tcos/deal-hunter-native-ebay?perQuery=20&scope=wnba"",""gateway_host"":""https://truelycollectables.com"",""gateway_scopes"":[""wnba""],""listing_item_id"":""188476098420"",""native_schema"":""TCOS_NATIVE_EBAY_FEED_V1"",""producer_commit_sha"":""07471ae49901220d13073aab604afbb0e223e855"",""producer_run_id"":""31970958336"",""source"":""truelycollectables.com/native-ebay"",""source_queries"":[""Sonia Citron Washington Mystics WNBA rookie card""],""token_mode"":""client_credentials""}"
cand-s14-ebay-51190b6b9854519cbded,dh-20260731T184251Z-gha-recovery,14,2026-08-16T20:35:00.076Z,WNBA/autograph_memorabilia,Caitlin Clark,professional_wnba_rookie_autograph_memorabilia,eBay,omwvagabond,,137386549486,https://www.ebay.com/itm/137386549486?_skw=Caitlin+Clark+WNBA+rookie+autograph+auto+patch+memorabilia&hash=item1ffce060ee%3Ag%3AOqIAAeSwbtBqJKFu,LIVE,Caitlin Clark 2024 Panini Select WNBA  Autographed Memorabilia #AM-CC Gold Prizm,"{""preliminary_scope_status"":""DISCOVERY_SCOPE_PASS"",""query_family_ids"":[""wnba.caitlin-clark.autograph-memorabilia""]}",{},,ebay|omwvagabond|137386549486,https://i.ebayimg.com/images/g/OqIAAeSwbtBqJKFu/s-l225.jpg,,FALSE,FALSE,FALSE,,{},,,,NO,CLAIMED_ONLY,GRADED,,,,Graded; seller/API claim only; front/back unverified.,UNKNOWN,"[""identity_and_images_unverified""]",7500,0,,,,,0,180,TRUE,,,,,,[],INSUFFICIENT,INSUFFICIENT,UNKNOWN,INSUFFICIENT,,,,,,,,,,,,,,,,,MANUAL REVIEW / UNPRICED,FALSE,FALSE,"[""exact_front_back_identity_not_verified"",""identical_completed_sales_not_persisted"",""delivered_acquisition_cost_incomplete"",""truely_collectables_owned_copy_exclusion_not_proven"",""silver_equivalent_or_better_not_image_verified""]","{""artifact_schema"":""TRUELY_COLLECTABLES_DEAL_HUNTER_ARTIFACT_V1"",""deployment"":{""commitSha"":null,""environment"":""production"",""region"":null},""discovery_family_ids"":[""wnba.caitlin-clark.autograph-memorabilia""],""gateway_endpoint"":""https://truelycollectables.com/api/tcos/deal-hunter-native-ebay?perQuery=20&scope=wnba"",""gateway_host"":""https://truelycollectables.com"",""gateway_scopes"":[""wnba""],""listing_item_id"":""137386549486"",""native_schema"":""TCOS_NATIVE_EBAY_FEED_V1"",""producer_commit_sha"":""07471ae49901220d13073aab604afbb0e223e855"",""producer_run_id"":""31970958336"",""source"":""truelycollectables.com/native-ebay"",""source_queries"":[""Caitlin Clark WNBA rookie autograph auto patch memorabilia""],""token_mode"":""client_credentials""}"
cand-s14-ebay-3a9d7d62798575e7431f,dh-20260731T184251Z-gha-recovery,14,2026-08-16T20:35:00.076Z,WNBA/autograph_memorabilia,Kiki Iriafen,professional_wnba_rookie_autograph_memorabilia,eBay,burks4263,,336624374416,https://www.ebay.com/itm/336624374416?_skw=Kiki+Iriafen+WNBA+rookie+autograph+auto+patch+memorabilia&hash=item4e60605290%3Ag%3APgkAAeSwROFqJG1C,LIVE,2025 PANINI WNBA ONE AND ONE ROOKIE PATCH AUTOGRAPH SP KIKI IRIAFEN 81/99,"{""preliminary_scope_status"":""DISCOVERY_SCOPE_PASS"",""query_family_ids"":[""wnba.kiki-iriafen.autograph-memorabilia""]}",{},,ebay|burks4263|336624374416,https://i.ebayimg.com/images/g/PgkAAeSwROFqJG1C/s-l225.jpg,,FALSE,FALSE,FALSE,,{},,,,CLAIMED_ONLY,CLAIMED_ONLY,RAW,,,,Ungraded; seller/API claim only; front/back unverified.,UNKNOWN,"[""identity_and_images_unverified""]",109.99,,,,,,0,180,TRUE,,,,,,[],INSUFFICIENT,INSUFFICIENT,UNKNOWN,INSUFFICIENT,,,,,,,,,,,,,,,,,MANUAL REVIEW / UNPRICED,FALSE,FALSE,"[""exact_front_back_identity_not_verified"",""identical_completed_sales_not_persisted"",""delivered_acquisition_cost_incomplete"",""truely_collectables_owned_copy_exclusion_not_proven"",""silver_equivalent_or_better_not_image_verified""]","{""artifact_schema"":""TRUELY_COLLECTABLES_DEAL_HUNTER_ARTIFACT_V1"",""deployment"":{""commitSha"":null,""environment"":""production"",""region"":null},""discovery_family_ids"":[""wnba.kiki-iriafen.autograph-memorabilia""],""gateway_endpoint"":""https://truelycollectables.com/api/tcos/deal-hunter-native-ebay?perQuery=20&scope=wnba"",""gateway_host"":""https://truelycollectables.com"",""gateway_scopes"":[""wnba""],""listing_item_id"":""336624374416"",""native_schema"":""TCOS_NATIVE_EBAY_FEED_V1"",""producer_commit_sha"":""07471ae49901220d13073aab604afbb0e223e855"",""producer_run_id"":""31970958336"",""source"":""truelycollectables.com/native-ebay"",""source_queries"":[""Kiki Iriafen WNBA rookie autograph auto patch memorabilia""],""token_mode"":""client_credentials""}"
cand-s14-ebay-7df94e509dfb0dfaed9d,dh-20260731T184251Z-gha-recovery,14,2026-08-16T20:35:00.076Z,WNBA/broad_professional_rookies,Caitlin Clark,professional_wnba_rookie_card,eBay,sports-cards,,178184385093,https://www.ebay.com/itm/178184385093?_skw=Caitlin+Clark+Indiana+Fever+WNBA+rookie+card&hash=item297c9df245%3Ag%3AC98AAeSwNXFqHd42,LIVE,2024-25 Panini Instant WNBA Caitlin Clark Rookie of the Year Indiana Fever RC,"{""preliminary_scope_status"":""IMAGE_OR_IDENTITY_REVIEW_REQUIRED"",""query_family_ids"":[""wnba.caitlin-clark.broad-professional-rookies""]}",{},,ebay|sports-cards|178184385093,https://i.ebayimg.com/images/g/C98AAeSwNXFqHd42/s-l225.jpg,,FALSE,FALSE,FALSE,,{},,,,NO,NO,RAW,,,,Ungraded; seller/API claim only; front/back unverified.,UNKNOWN,"[""identity_and_images_unverified""]",8.95,1.49,,,,,0,180,TRUE,,,,,,[],INSUFFICIENT,INSUFFICIENT,UNKNOWN,INSUFFICIENT,,,,,,,,,,,,,,,,,MANUAL REVIEW / UNPRICED,FALSE,FALSE,"[""exact_front_back_identity_not_verified"",""identical_completed_sales_not_persisted"",""delivered_acquisition_cost_incomplete"",""truely_collectables_owned_copy_exclusion_not_proven"",""silver_equivalent_or_better_not_image_verified"",""tier_not_proven_from_title_image_review_required""]","{""artifact_schema"":""TRUELY_COLLECTABLES_DEAL_HUNTER_ARTIFACT_V1"",""deployment"":{""commitSha"":null,""environment"":""production"",""region"":null},""discovery_family_ids"":[""wnba.caitlin-clark.broad-professional-rookies""],""gateway_endpoint"":""https://truelycollectables.com/api/tcos/deal-hunter-native-ebay?perQuery=20&scope=wnba"",""gateway_host"":""https://truelycollectables.com"",""gateway_scopes"":[""wnba""],""listing_item_id"":""178184385093"",""native_schema"":""TCOS_NATIVE_EBAY_FEED_V1"",""producer_commit_sha"":""07471ae49901220d13073aab604afbb0e223e855"",""producer_run_id"":""31970958336"",""source"":""truelycollectables.com/native-ebay"",""source_queries"":[""Caitlin Clark Indiana Fever WNBA rookie card""],""token_mode"":""client_credentials""}"
cand-s14-ebay-90bcdbdb0c2172890d0a,dh-20260731T184251Z-gha-recovery,14,2026-08-16T20:35:00.076Z,WNBA/broad_professional_rookies,Dominique Malonga,professional_wnba_rookie_card,eBay,oilybo-3,,287367136630,https://www.ebay.com/itm/287367136630?_skw=Dominique+Malonga+Seattle+Storm+WNBA+rookie+card&hash=item42e86a8576%3Ag%3A0TAAAeSwMrpqHMt5,LIVE,Dominique Malonga 2025 Panini Prizm WNBA #116 Seattle Storm Rookie Card RC,"{""preliminary_scope_status"":""DISCOVERY_SCOPE_PASS"",""query_family_ids"":[""wnba.dominique-malonga.broad-professional-rookies""]}",{},,ebay|oilybo-3|287367136630,https://i.ebayimg.com/images/g/0TAAAeSwMrpqHMt5/s-l225.jpg,,FALSE,FALSE,FALSE,,{},,,,NO,NO,RAW,,,,Ungraded; seller/API claim only; front/back unverified.,UNKNOWN,"[""identity_and_images_unverified""]",1.5,0,,,,,0,180,TRUE,,,,,,[],INSUFFICIENT,INSUFFICIENT,UNKNOWN,INSUFFICIENT,,,,,,,,,,,,,,,,,MANUAL REVIEW / UNPRICED,FALSE,FALSE,"[""exact_front_back_identity_not_verified"",""identical_completed_sales_not_persisted"",""delivered_acquisition_cost_incomplete"",""truely_collectables_owned_copy_exclusion_not_proven"",""silver_equivalent_or_better_not_image_verified""]","{""artifact_schema"":""TRUELY_COLLECTABLES_DEAL_HUNTER_ARTIFACT_V1"",""deployment"":{""commitSha"":null,""environment"":""production"",""region"":null},""discovery_family_ids"":[""wnba.dominique-malonga.broad-professional-rookies""],""gateway_endpoint"":""https://truelycollectables.com/api/tcos/deal-hunter-native-ebay?perQuery=20&scope=wnba"",""gateway_host"":""https://truelycollectables.com"",""gateway_scopes"":[""wnba""],""listing_item_id"":""287367136630"",""native_schema"":""TCOS_NATIVE_EBAY_FEED_V1"",""producer_commit_sha"":""07471ae49901220d13073aab604afbb0e223e855"",""producer_run_id"":""31970958336"",""source"":""truelycollectables.com/native-ebay"",""source_queries"":[""Dominique Malonga Seattle Storm WNBA rookie card""],""token_mode"":""client_credentials""}"
cand-s14-ebay-57025d9cfca4442463c9,dh-20260731T184251Z-gha-recovery,14,2026-08-16T20:35:00.076Z,WNBA/autograph_memorabilia,Dominique Malonga,professional_wnba_rookie_autograph_memorabilia,eBay,matta_card_shop,,800081845971,https://www.ebay.com/itm/800081845971?_skw=Dominique+Malonga+WNBA+rookie+autograph+auto+patch+memorabilia&hash=itemba48981ed3%3Ag%3A%7EV4AAeSweGNqF5rj,LIVE,2025 Panini Select WNBA DOMINIQUE MALONGA ROOKIE PATCH AUTO SILVER SP Storm🔥🔥,"{""preliminary_scope_status"":""DISCOVERY_SCOPE_PASS"",""query_family_ids"":[""wnba.dominique-malonga.autograph-memorabilia""]}",{},,ebay|matta-card-shop|800081845971,https://i.ebayimg.com/images/g/~V4AAeSweGNqF5rj/s-l225.jpg,,FALSE,FALSE,FALSE,,{},,,,CLAIMED_ONLY,CLAIMED_ONLY,RAW,,,,Ungraded; seller/API claim only; front/back unverified.,UNKNOWN,"[""identity_and_images_unverified""]",129.99,5.99,,,,,0,180,TRUE,,,,,,[],INSUFFICIENT,INSUFFICIENT,UNKNOWN,INSUFFICIENT,,,,,,,,,,,,,,,,,MANUAL REVIEW / UNPRICED,FALSE,FALSE,"[""exact_front_back_identity_not_verified"",""identical_completed_sales_not_persisted"",""delivered_acquisition_cost_incomplete"",""truely_collectables_owned_copy_exclusion_not_proven"",""silver_equivalent_or_better_not_image_verified""]","{""artifact_schema"":""TRUELY_COLLECTABLES_DEAL_HUNTER_ARTIFACT_V1"",""deployment"":{""commitSha"":null,""environment"":""production"",""region"":null},""discovery_family_ids"":[""wnba.dominique-malonga.autograph-memorabilia""],""gateway_endpoint"":""https://truelycollectables.com/api/tcos/deal-hunter-native-ebay?perQuery=20&scope=wnba"",""gateway_host"":""https://truelycollectables.com"",""gateway_scopes"":[""wnba""],""listing_item_id"":""800081845971"",""native_schema"":""TCOS_NATIVE_EBAY_FEED_V1"",""producer_commit_sha"":""07471ae49901220d13073aab604afbb0e223e855"",""producer_run_id"":""31970958336"",""source"":""truelycollectables.com/native-ebay"",""source_queries"":[""Dominique Malonga WNBA rookie autograph auto patch memorabilia""],""token_mode"":""client_credentials""}"
cand-s14-ebay-dba8d76eada16528a382,dh-20260731T184251Z-gha-recovery,14,2026-08-16T20:35:00.076Z,WNBA/broad_professional_rookies,Kiki Iriafen,professional_wnba_rookie_card,eBay,finishstr66,,318370281518,https://www.ebay.com/itm/318370281518?_skw=Kiki+Iriafen+Washington+Mystics+WNBA+rookie+card&hash=item4a2058f82e%3Ag%3AAQ8AAeSw6oxqFyEv&amdata=enc%3AAQALAAABEACCtXRWQnOEpyOqnQQ8KGbAIecZgO0Sf3Oeu%2FbIV0lZkO9u6WbNtpEbKyavgaH95YHBxz6PHFOFyv6giBlqbXRFh8IUsEn%2FGAj13FoZnxBiPgm8WVkcRe4QJ92SOYXEtSmJgh6T5VXKkl1199gjXK3oV8w6XyazweX5NF%2BxOCvT%2BpQQtahHm9S57y7l66ahRUGTKLxw%2F8m27hgx3DsWpc3u1unOOm6%2F5p%2Fp8mOEKW%2FYgpDgDf%2FVah0pZvRTZ1iGJ2Id4sv8UhYIZCohPKXu2Qz9tZKXjKiGBdgOktQtS1rpXtJVmZJeLGB5vX%2FeDn4hQxSd4cnXSnJItiGeW360evcFKl42Z3jGO%2BYA10txjFwW,LIVE,2025 WNBA Prizm KIKI IRIAFEN Rookie Groovy Mojo Prizm #15/25  Wash Mystics #15🔥,"{""preliminary_scope_status"":""DISCOVERY_SCOPE_PASS"",""query_family_ids"":[""wnba.kiki-iriafen.broad-professional-rookies""]}",{},,ebay|finishstr66|318370281518,https://i.ebayimg.com/images/g/AQ8AAeSw6oxqFyEv/s-l225.jpg,,FALSE,FALSE,FALSE,,{},,,,NO,NO,RAW,,,,Ungraded; seller/API claim only; front/back unverified.,UNKNOWN,"[""identity_and_images_unverified""]",250,5.5,,,,,0,180,TRUE,,,,,,[],INSUFFICIENT,INSUFFICIENT,UNKNOWN,INSUFFICIENT,,,,,,,,,,,,,,,,,MANUAL REVIEW / UNPRICED,FALSE,FALSE,"[""exact_front_back_identity_not_verified"",""identical_completed_sales_not_persisted"",""delivered_acquisition_cost_incomplete"",""truely_collectables_owned_copy_exclusion_not_proven"",""silver_equivalent_or_better_not_image_verified""]","{""artifact_schema"":""TRUELY_COLLECTABLES_DEAL_HUNTER_ARTIFACT_V1"",""deployment"":{""commitSha"":null,""environment"":""production"",""region"":null},""discovery_family_ids"":[""wnba.kiki-iriafen.broad-professional-rookies""],""gateway_endpoint"":""https://truelycollectables.com/api/tcos/deal-hunter-native-ebay?perQuery=20&scope=wnba"",""gateway_host"":""https://truelycollectables.com"",""gateway_scopes"":[""wnba""],""listing_item_id"":""318370281518"",""native_schema"":""TCOS_NATIVE_EBAY_FEED_V1"",""producer_commit_sha"":""07471ae49901220d13073aab604afbb0e223e855"",""producer_run_id"":""31970958336"",""source"":""truelycollectables.com/native-ebay"",""source_queries"":[""Kiki Iriafen Washington Mystics WNBA rookie card""],""token_mode"":""client_credentials""}"
cand-s14-ebay-9d3bf5435871d3c84464,dh-20260731T184251Z-gha-recovery,14,2026-08-16T20:35:00.076Z,WNBA/autograph_memorabilia,Sonia Citron,professional_wnba_rookie_autograph_memorabilia,eBay,lombardycollectibles,,137344568759,https://www.ebay.com/itm/137344568759?_skw=Sonia+Citron+WNBA+rookie+autograph+auto+patch+memorabilia&hash=item1ffa5fcdb7%3Ag%3AXjUAAeSwjiVqFJbD,LIVE,Panini 2025 WNBA One and One Sonia Citron RC Jersey Auto Patch /25 RJJ-SC,"{""preliminary_scope_status"":""DISCOVERY_SCOPE_PASS"",""query_family_ids"":[""wnba.sonia-citron.autograph-memorabilia""]}",{},,ebay|lombardycollectibles|137344568759,https://i.ebayimg.com/images/g/XjUAAeSwjiVqFJbD/s-l225.jpg,,FALSE,FALSE,FALSE,,{},,,,CLAIMED_ONLY,CLAIMED_ONLY,RAW,,,,Ungraded; seller/API claim only; front/back unverified.,UNKNOWN,"[""identity_and_images_unverified""]",850,,,,,,0,180,TRUE,,,,,,[],INSUFFICIENT,INSUFFICIENT,UNKNOWN,INSUFFICIENT,,,,,,,,,,,,,,,,,MANUAL REVIEW / UNPRICED,FALSE,FALSE,"[""exact_front_back_identity_not_verified"",""identical_completed_sales_not_persisted"",""delivered_acquisition_cost_incomplete"",""truely_collectables_owned_copy_exclusion_not_proven"",""silver_equivalent_or_better_not_image_verified""]","{""artifact_schema"":""TRUELY_COLLECTABLES_DEAL_HUNTER_ARTIFACT_V1"",""deployment"":{""commitSha"":null,""environment"":""production"",""region"":null},""discovery_family_ids"":[""wnba.sonia-citron.autograph-memorabilia""],""gateway_endpoint"":""https://truelycollectables.com/api/tcos/deal-hunter-native-ebay?perQuery=20&scope=wnba"",""gateway_host"":""https://truelycollectables.com"",""gateway_scopes"":[""wnba""],""listing_item_id"":""137344568759"",""native_schema"":""TCOS_NATIVE_EBAY_FEED_V1"",""producer_commit_sha"":""07471ae49901220d13073aab604afbb0e223e855"",""producer_run_id"":""31970958336"",""source"":""truelycollectables.com/native-ebay"",""source_queries"":[""Sonia Citron WNBA rookie autograph auto patch memorabilia""],""token_mode"":""client_credentials""}"
cand-s14-ebay-435d9d24de5ad97b708b,dh-20260731T184251Z-gha-recovery,14,2026-08-16T20:35:00.076Z,WNBA/autograph_memorabilia,Dominique Malonga,professional_wnba_rookie_autograph_memorabilia,eBay,littleshop2006,,278015903072,https://www.ebay.com/itm/278015903072?_skw=Dominique+Malonga+WNBA+rookie+autograph+auto+patch+memorabilia&hash=item40bb0a0560%3Ag%3AGPIAAeSwXbZqEj6u,LIVE,Dominique Malonga 2025 Select WNBA Purple Prizm RPA Auto Patch Rookie /99,"{""preliminary_scope_status"":""DISCOVERY_SCOPE_PASS"",""query_family_ids"":[""wnba.dominique-malonga.autograph-memorabilia""]}",{},,ebay|littleshop2006|278015903072,https://i.ebayimg.com/images/g/GPIAAeSwXbZqEj6u/s-l225.jpg,,FALSE,FALSE,FALSE,,{},,,,CLAIMED_ONLY,CLAIMED_ONLY,RAW,,,,Ungraded; seller/API claim only; front/back unverified.,UNKNOWN,"[""identity_and_images_unverified""]",499.95,9.95,,,,,0,180,TRUE,,,,,,[],INSUFFICIENT,INSUFFICIENT,UNKNOWN,INSUFFICIENT,,,,,,,,,,,,,,,,,MANUAL REVIEW / UNPRICED,FALSE,FALSE,"[""exact_front_back_identity_not_verified"",""identical_completed_sales_not_persisted"",""delivered_acquisition_cost_incomplete"",""truely_collectables_owned_copy_exclusion_not_proven"",""silver_equivalent_or_better_not_image_verified""]","{""artifact_schema"":""TRUELY_COLLECTABLES_DEAL_HUNTER_ARTIFACT_V1"",""deployment"":{""commitSha"":null,""environment"":""production"",""region"":null},""discovery_family_ids"":[""wnba.dominique-malonga.autograph-memorabilia""],""gateway_endpoint"":""https://truelycollectables.com/api/tcos/deal-hunter-native-ebay?perQuery=20&scope=wnba"",""gateway_host"":""https://truelycollectables.com"",""gateway_scopes"":[""wnba""],""listing_item_id"":""278015903072"",""native_schema"":""TCOS_NATIVE_EBAY_FEED_V1"",""producer_commit_sha"":""07471ae49901220d13073aab604afbb0e223e855"",""producer_run_id"":""31970958336"",""source"":""truelycollectables.com/native-ebay"",""source_queries"":[""Dominique Malonga WNBA rookie autograph auto patch memorabilia""],""token_mode"":""client_credentials""}"
cand-s14-ebay-3f7e48391dd0b19177ba,dh-20260731T184251Z-gha-recovery,14,2026-08-16T20:35:00.076Z,WNBA/autograph_memorabilia,Paige Bueckers,professional_wnba_rookie_autograph_memorabilia,eBay,roscoepicotrain30,,277997554774,https://www.ebay.com/itm/277997554774?_skw=Paige+Bueckers+WNBA+rookie+autograph+auto+patch+memorabilia&hash=item40b9f20c56%3Ag%3AVAoAAeSwhYVqClTm,LIVE,2025 WNBA Impeccable Paige Bueckers /15 Auto Rookie 3 Color Patch Beckett 9/10,"{""preliminary_scope_status"":""DISCOVERY_SCOPE_PASS"",""query_family_ids"":[""wnba.paige-bueckers.autograph-memorabilia""]}",{},,ebay|roscoepicotrain30|277997554774,https://i.ebayimg.com/images/g/VAoAAeSwhYVqClTm/s-l225.jpg,,FALSE,FALSE,FALSE,,{},,,,CLAIMED_ONLY,CLAIMED_ONLY,GRADED,,,,Graded; seller/API claim only; front/back unverified.,UNKNOWN,"[""identity_and_images_unverified""]",6999.99,,,,,,0,180,TRUE,,,,,,[],INSUFFICIENT,INSUFFICIENT,UNKNOWN,INSUFFICIENT,,,,,,,,,,,,,,,,,MANUAL REVIEW / UNPRICED,FALSE,FALSE,"[""exact_front_back_identity_not_verified"",""identical_completed_sales_not_persisted"",""delivered_acquisition_cost_incomplete"",""truely_collectables_owned_copy_exclusion_not_proven"",""silver_equivalent_or_better_not_image_verified""]","{""artifact_schema"":""TRUELY_COLLECTABLES_DEAL_HUNTER_ARTIFACT_V1"",""deployment"":{""commitSha"":null,""environment"":""production"",""region"":null},""discovery_family_ids"":[""wnba.paige-bueckers.autograph-memorabilia""],""gateway_endpoint"":""https://truelycollectables.com/api/tcos/deal-hunter-native-ebay?perQuery=20&scope=wnba"",""gateway_host"":""https://truelycollectables.com"",""gateway_scopes"":[""wnba""],""listing_item_id"":""277997554774"",""native_schema"":""TCOS_NATIVE_EBAY_FEED_V1"",""producer_commit_sha"":""07471ae49901220d13073aab604afbb0e223e855"",""producer_run_id"":""31970958336"",""source"":""truelycollectables.com/native-ebay"",""source_queries"":[""Paige Bueckers WNBA rookie autograph auto patch memorabilia""],""token_mode"":""client_credentials""}"
cand-s14-ebay-42bbd499e58c7d5f6071,dh-20260731T184251Z-gha-recovery,14,2026-08-16T20:35:00.076Z,WNBA/broad_professional_rookies,Dominique Malonga,professional_wnba_rookie_card,eBay,cadesellscards,,366396674234,https://www.ebay.com/itm/366396674234?_skw=Dominique+Malonga+Seattle+Storm+WNBA+rookie+card&hash=item554ef190ba%3Ag%3At18AAeSwe69p%7EguO,LIVE,Dominique Malonga Orange Ice Panini 2025 Prizm WNBA Rookie #116 Seattle Storm,"{""preliminary_scope_status"":""DISCOVERY_SCOPE_PASS"",""query_family_ids"":[""wnba.dominique-malonga.broad-professional-rookies""]}",{},,ebay|cadesellscards|366396674234,https://i.ebayimg.com/images/g/t18AAeSwe69p~guO/s-l225.jpg,,FALSE,FALSE,FALSE,,{},,,,NO,NO,RAW,,,,Ungraded; seller/API claim only; front/back unverified.,UNKNOWN,"[""identity_and_images_unverified""]",3.5,0.99,,,,,0,180,TRUE,,,,,,[],INSUFFICIENT,INSUFFICIENT,UNKNOWN,INSUFFICIENT,,,,,,,,,,,,,,,,,MANUAL REVIEW / UNPRICED,FALSE,FALSE,"[""exact_front_back_identity_not_verified"",""identical_completed_sales_not_persisted"",""delivered_acquisition_cost_incomplete"",""truely_collectables_owned_copy_exclusion_not_proven"",""silver_equivalent_or_better_not_image_verified""]","{""artifact_schema"":""TRUELY_COLLECTABLES_DEAL_HUNTER_ARTIFACT_V1"",""deployment"":{""commitSha"":null,""environment"":""production"",""region"":null},""discovery_family_ids"":[""wnba.dominique-malonga.broad-professional-rookies""],""gateway_endpoint"":""https://truelycollectables.com/api/tcos/deal-hunter-native-ebay?perQuery=20&scope=wnba"",""gateway_host"":""https://truelycollectables.com"",""gateway_scopes"":[""wnba""],""listing_item_id"":""366396674234"",""native_schema"":""TCOS_NATIVE_EBAY_FEED_V1"",""producer_commit_sha"":""07471ae49901220d13073aab604afbb0e223e855"",""producer_run_id"":""31970958336"",""source"":""truelycollectables.com/native-ebay"",""source_queries"":[""Dominique Malonga Seattle Storm WNBA rookie card""],""token_mode"":""client_credentials""}"
cand-s14-ebay-2fd5780e4a1388af9444,dh-20260731T184251Z-gha-recovery,14,2026-08-16T20:35:00.076Z,WNBA/broad_professional_rookies,Kiki Iriafen,professional_wnba_rookie_card,eBay,db63987czq,,157886641296,https://www.ebay.com/itm/157886641296?_skw=Kiki+Iriafen+Washington+Mystics+WNBA+rookie+card&hash=item24c2c6f490%3Ag%3AV9oAAeSwLrlqUqeH&amdata=enc%3AAQALAAABEACCtXRWQnOEpyOqnQQ8KGZNzKKVj%2FwM1RZv5mJ6dpi4SqGHDOup8DnXWeG4W01%2FVVbuW4uUp9o1ff8AlsxFKmauxylroEUZ4ii4iYH4IpjyEUbrj6V0y2Ypn%2FOjC4uRy%2Bn8oM1PjUHqrTS63kN6nH4saOIojHFwcdwzLzvK%2FOha7AmVEzwnAKMpjA1VCY8K%2FLl9qEo0EYgSU%2FuyJMVjeRfWYtFoCP82avRPjDhpZtihRIWhNuXb6YQXdFD927YQ2ZL%2BeO3I%2BsX3fk0PZIGRC7C3M23ZYLOke2tW%2BqO3HQ5fTlPOrHJ0k%2FkvA5bmmzNUelbEToAXE%2F6xGc5XrlzuaUttTbnTw7sBJbv2xnkhsB8j,LIVE,2025 Panini Donruss WNBA KIKI IRIAFEN #94 Rated Rookie AUTO Mystics,"{""preliminary_scope_status"":""DISCOVERY_SCOPE_PASS"",""query_family_ids"":[""wnba.kiki-iriafen.broad-professional-rookies""]}",{},,ebay|db63987czq|157886641296,https://i.ebayimg.com/images/g/V9oAAeSwLrlqUqeH/s-l225.jpg,,FALSE,FALSE,FALSE,,{},,,,CLAIMED_ONLY,NO,RAW,,,,Ungraded; seller/API claim only; front/back unverified.,UNKNOWN,"[""identity_and_images_unverified""]",62.95,6.45,,,,,0,180,TRUE,,,,,,[],INSUFFICIENT,INSUFFICIENT,UNKNOWN,INSUFFICIENT,,,,,,,,,,,,,,,,,MANUAL REVIEW / UNPRICED,FALSE,FALSE,"[""exact_front_back_identity_not_verified"",""identical_completed_sales_not_persisted"",""delivered_acquisition_cost_incomplete"",""truely_collectables_owned_copy_exclusion_not_proven"",""silver_equivalent_or_better_not_image_verified""]","{""artifact_schema"":""TRUELY_COLLECTABLES_DEAL_HUNTER_ARTIFACT_V1"",""deployment"":{""commitSha"":null,""environment"":""production"",""region"":null},""discovery_family_ids"":[""wnba.kiki-iriafen.broad-professional-rookies""],""gateway_endpoint"":""https://truelycollectables.com/api/tcos/deal-hunter-native-ebay?perQuery=20&scope=wnba"",""gateway_host"":""https://truelycollectables.com"",""gateway_scopes"":[""wnba""],""listing_item_id"":""157886641296"",""native_schema"":""TCOS_NATIVE_EBAY_FEED_V1"",""producer_commit_sha"":""07471ae49901220d13073aab604afbb0e223e855"",""producer_run_id"":""31970958336"",""source"":""truelycollectables.com/native-ebay"",""source_queries"":[""Kiki Iriafen Washington Mystics WNBA rookie card""],""token_mode"":""client_credentials""}"
cand-s14-ebay-a04dc9bbeb93050e4670,dh-20260731T184251Z-gha-recovery,14,2026-08-16T20:35:00.076Z,WNBA/broad_professional_rookies,Dominique Malonga,professional_wnba_rookie_card,eBay,imru59,,398286536646,https://www.ebay.com/itm/398286536646?_skw=Dominique+Malonga+Seattle+Storm+WNBA+rookie+card&hash=item5cbbba3fc6%3Ag%3AEqYAAeSwN%7Exp7%7EoZ&amdata=enc%3AAQALAAABEACCtXRWQnOEpyOqnQQ8KGbNYsVs9U8jIkJtsOli%2Ff%2BaiPYyhqelOOeZbbzybhsHmhIca1tsOnatanhM6doK3J69ZnuC4MrP7IAsfaTL2mDusYljE5Xhdq8bS30KQYviTD%2FDvfPp15j3VLstQsbMXzK%2FO8mXiT%2FWmTXCuvHi%2BqvQJLqi34I5qqLwqp5V9lXm1LazjyGl8RnWGIFBcz2dsVG2qjKfjeEcEZ0NSpEkbGNPSwJ3oHKci%2FU2odhyThOvfjLrzfnINjOnyrRrJBwxnlkTnrtr7SuVGA46rBT5ELjU18aJyTUA2RLQv6DyZo3BkuTgFXt1DSBMRPlKBjBJFeFZKHONpgyr34%2BVJ6pwjZ9L,LIVE,2025 WNBA PRIZM AUTOGRAPH BLUE SIGNATURE DOMINIQUE MALONGA RC 4/75 Storm SG-DM,"{""preliminary_scope_status"":""DISCOVERY_SCOPE_PASS"",""query_family_ids"":[""wnba.dominique-malonga.broad-professional-rookies""]}",{},,ebay|imru59|398286536646,https://i.ebayimg.com/images/g/EqYAAeSwN~xp7~oZ/s-l225.jpg,,FALSE,FALSE,FALSE,,{},,,,CLAIMED_ONLY,NO,RAW,,,,Ungraded; seller/API claim only; front/back unverified.,UNKNOWN,"[""identity_and_images_unverified""]",100.21,6.17,,,,,0,180,TRUE,,,,,,[],INSUFFICIENT,INSUFFICIENT,UNKNOWN,INSUFFICIENT,,,,,,,,,,,,,,,,,MANUAL REVIEW / UNPRICED,FALSE,FALSE,"[""exact_front_back_identity_not_verified"",""identical_completed_sales_not_persisted"",""delivered_acquisition_cost_incomplete"",""truely_collectables_owned_copy_exclusion_not_proven"",""silver_equivalent_or_better_not_image_verified""]","{""artifact_schema"":""TRUELY_COLLECTABLES_DEAL_HUNTER_ARTIFACT_V1"",""deployment"":{""commitSha"":null,""environment"":""production"",""region"":null},""discovery_family_ids"":[""wnba.dominique-malonga.broad-professional-rookies""],""gateway_endpoint"":""https://truelycollectables.com/api/tcos/deal-hunter-native-ebay?perQuery=20&scope=wnba"",""gateway_host"":""https://truelycollectables.com"",""gateway_scopes"":[""wnba""],""listing_item_id"":""398286536646"",""native_schema"":""TCOS_NATIVE_EBAY_FEED_V1"",""producer_commit_sha"":""07471ae49901220d13073aab604afbb0e223e855"",""producer_run_id"":""31970958336"",""source"":""truelycollectables.com/native-ebay"",""source_queries"":[""Dominique Malonga Seattle Storm WNBA rookie card""],""token_mode"":""client_credentials""}"
cand-s14-ebay-8a04481aff8bf8704b0e,dh-20260731T184251Z-gha-recovery,14,2026-08-16T20:35:00.076Z,WNBA/autograph_memorabilia,Caitlin Clark,professional_wnba_rookie_autograph_memorabilia,eBay,jackalsportscards,,327105190554,https://www.ebay.com/itm/327105190554?_skw=Caitlin+Clark+WNBA+rookie+autograph+auto+patch+memorabilia&hash=item4c28fd1a9a%3Ag%3ALIEAAeSw-8pp4DiE,LIVE,2024 National Treasures Caitlin Clark /25 Bronze Rookie Patch Auto PSA 10/10,"{""preliminary_scope_status"":""DISCOVERY_SCOPE_PASS"",""query_family_ids"":[""wnba.caitlin-clark.autograph-memorabilia""]}",{},,ebay|jackalsportscards|327105190554,https://i.ebayimg.com/images/g/LIEAAeSw-8pp4DiE/s-l225.jpg,,FALSE,FALSE,FALSE,,{},,,,CLAIMED_ONLY,CLAIMED_ONLY,GRADED,PSA,10,,Graded; seller/API claim only; front/back unverified.,UNKNOWN,"[""identity_and_images_unverified""]",69999,0,,,,,0,180,TRUE,,,,,,[],INSUFFICIENT,INSUFFICIENT,UNKNOWN,INSUFFICIENT,,,,,,,,,,,,,,,,,MANUAL REVIEW / UNPRICED,FALSE,FALSE,"[""exact_front_back_identity_not_verified"",""identical_completed_sales_not_persisted"",""delivered_acquisition_cost_incomplete"",""truely_collectables_owned_copy_exclusion_not_proven"",""silver_equivalent_or_better_not_image_verified""]","{""artifact_schema"":""TRUELY_COLLECTABLES_DEAL_HUNTER_ARTIFACT_V1"",""deployment"":{""commitSha"":null,""environment"":""production"",""region"":null},""discovery_family_ids"":[""wnba.caitlin-clark.autograph-memorabilia""],""gateway_endpoint"":""https://truelycollectables.com/api/tcos/deal-hunter-native-ebay?perQuery=20&scope=wnba"",""gateway_host"":""https://truelycollectables.com"",""gateway_scopes"":[""wnba""],""listing_item_id"":""327105190554"",""native_schema"":""TCOS_NATIVE_EBAY_FEED_V1"",""producer_commit_sha"":""07471ae49901220d13073aab604afbb0e223e855"",""producer_run_id"":""31970958336"",""source"":""truelycollectables.com/native-ebay"",""source_queries"":[""Caitlin Clark WNBA rookie autograph auto patch memorabilia""],""token_mode"":""client_credentials""}"
cand-s14-ebay-1f5cc81cb4ae51f8b5e2,dh-20260731T184251Z-gha-recovery,14,2026-08-16T20:35:00.076Z,WNBA/broad_professional_rookies,Caitlin Clark,professional_wnba_rookie_card,eBay,hightide.family.retailers2015,,336520475877,https://www.ebay.com/itm/336520475877?_skw=Caitlin+Clark+Indiana+Fever+WNBA+rookie+card&hash=item4e5a2ef4e5%3Ag%3AdR0AAeSwhhhp0sjV,LIVE,2024 Prizm WNBA Caitlin Clark RC #22 PSA 9 Rookie Indiana Fever S2,"{""preliminary_scope_status"":""DISCOVERY_SCOPE_PASS"",""query_family_ids"":[""wnba.caitlin-clark.broad-professional-rookies""]}",{},,ebay|hightide-family-retailers2015|336520475877,https://i.ebayimg.com/images/g/dR0AAeSwhhhp0sjV/s-l225.jpg,,FALSE,FALSE,FALSE,,{},,,,NO,NO,GRADED,PSA,9,,Graded; seller/API claim only; front/back unverified.,UNKNOWN,"[""identity_and_images_unverified""]",59.98,0,,,,,0,180,TRUE,,,,,,[],INSUFFICIENT,INSUFFICIENT,UNKNOWN,INSUFFICIENT,,,,,,,,,,,,,,,,,MANUAL REVIEW / UNPRICED,FALSE,FALSE,"[""exact_front_back_identity_not_verified"",""identical_completed_sales_not_persisted"",""delivered_acquisition_cost_incomplete"",""truely_collectables_owned_copy_exclusion_not_proven"",""silver_equivalent_or_better_not_image_verified""]","{""artifact_schema"":""TRUELY_COLLECTABLES_DEAL_HUNTER_ARTIFACT_V1"",""deployment"":{""commitSha"":null,""environment"":""production"",""region"":null},""discovery_family_ids"":[""wnba.caitlin-clark.broad-professional-rookies""],""gateway_endpoint"":""https://truelycollectables.com/api/tcos/deal-hunter-native-ebay?perQuery=20&scope=wnba"",""gateway_host"":""https://truelycollectables.com"",""gateway_scopes"":[""wnba""],""listing_item_id"":""336520475877"",""native_schema"":""TCOS_NATIVE_EBAY_FEED_V1"",""producer_commit_sha"":""07471ae49901220d13073aab604afbb0e223e855"",""producer_run_id"":""31970958336"",""source"":""truelycollectables.com/native-ebay"",""source_queries"":[""Caitlin Clark Indiana Fever WNBA rookie card""],""token_mode"":""client_credentials""}"
cand-s14-ebay-07f5e1ddc95a4780b5c8,dh-20260731T184251Z-gha-recovery,14,2026-08-16T20:35:00.076Z,WNBA/autograph_memorabilia,Dominique Malonga,professional_wnba_rookie_autograph_memorabilia,eBay,elmoszn,,137195324871,https://www.ebay.com/itm/137195324871?_skw=Dominique+Malonga+WNBA+rookie+autograph+auto+patch+memorabilia&hash=item1ff17a85c7%3Ag%3Ah40AAeSw9A1p0HpJ,LIVE,2025 Panini Impeccable Dominique Malonga Elegance RPA Rookie Auto Purple FOTL /3,"{""preliminary_scope_status"":""DISCOVERY_SCOPE_PASS"",""query_family_ids"":[""wnba.dominique-malonga.autograph-memorabilia""]}",{},,ebay|elmoszn|137195324871,https://i.ebayimg.com/images/g/h40AAeSw9A1p0HpJ/s-l225.jpg,,FALSE,FALSE,FALSE,,{},,,,CLAIMED_ONLY,NO,RAW,,,,Ungraded; seller/API claim only; front/back unverified.,UNKNOWN,"[""identity_and_images_unverified""]",2999.99,0,,,,,0,180,TRUE,,,,,,[],INSUFFICIENT,INSUFFICIENT,UNKNOWN,INSUFFICIENT,,,,,,,,,,,,,,,,,MANUAL REVIEW / UNPRICED,FALSE,FALSE,"[""exact_front_back_identity_not_verified"",""identical_completed_sales_not_persisted"",""delivered_acquisition_cost_incomplete"",""truely_collectables_owned_copy_exclusion_not_proven"",""silver_equivalent_or_better_not_image_verified""]","{""artifact_schema"":""TRUELY_COLLECTABLES_DEAL_HUNTER_ARTIFACT_V1"",""deployment"":{""commitSha"":null,""environment"":""production"",""region"":null},""discovery_family_ids"":[""wnba.dominique-malonga.autograph-memorabilia""],""gateway_endpoint"":""https://truelycollectables.com/api/tcos/deal-hunter-native-ebay?perQuery=20&scope=wnba"",""gateway_host"":""https://truelycollectables.com"",""gateway_scopes"":[""wnba""],""listing_item_id"":""137195324871"",""native_schema"":""TCOS_NATIVE_EBAY_FEED_V1"",""producer_commit_sha"":""07471ae49901220d13073aab604afbb0e223e855"",""producer_run_id"":""31970958336"",""source"":""truelycollectables.com/native-ebay"",""source_queries"":[""Dominique Malonga WNBA rookie autograph auto patch memorabilia""],""token_mode"":""client_credentials""}"
cand-s14-ebay-7d7cb0fc05a8846e2fd8,dh-20260731T184251Z-gha-recovery,14,2026-08-16T20:35:00.076Z,WNBA/broad_professional_rookies,Caitlin Clark,professional_wnba_rookie_card,eBay,sportcardculture,,236975904184,https://www.ebay.com/itm/236975904184?_skw=Caitlin+Clark+Indiana+Fever+WNBA+rookie+card&hash=item372cdd55b8%3Ag%3Al2MAAeSwTStpa5sJ,LIVE,2024 Caitlin Clark RC w/ gold ROOKIE CARD Case Serial # WNBA All Rookie  247,"{""preliminary_scope_status"":""DISCOVERY_SCOPE_PASS"",""query_family_ids"":[""wnba.caitlin-clark.broad-professional-rookies""]}",{},,ebay|sportcardculture|236975904184,https://i.ebayimg.com/images/g/l2MAAeSwTStpa5sJ/s-l225.jpg,,FALSE,FALSE,FALSE,,{},,,,NO,NO,RAW,,,,Ungraded; seller/API claim only; front/back unverified.,UNKNOWN,"[""identity_and_images_unverified""]",19.94,1.39,,,,,0,180,TRUE,,,,,,[],INSUFFICIENT,INSUFFICIENT,UNKNOWN,INSUFFICIENT,,,,,,,,,,,,,,,,,MANUAL REVIEW / UNPRICED,FALSE,FALSE,"[""exact_front_back_identity_not_verified"",""identical_completed_sales_not_persisted"",""delivered_acquisition_cost_incomplete"",""truely_collectables_owned_copy_exclusion_not_proven"",""silver_equivalent_or_better_not_image_verified""]","{""artifact_schema"":""TRUELY_COLLECTABLES_DEAL_HUNTER_ARTIFACT_V1"",""deployment"":{""commitSha"":null,""environment"":""production"",""region"":null},""discovery_family_ids"":[""wnba.caitlin-clark.broad-professional-rookies""],""gateway_endpoint"":""https://truelycollectables.com/api/tcos/deal-hunter-native-ebay?perQuery=20&scope=wnba"",""gateway_host"":""https://truelycollectables.com"",""gateway_scopes"":[""wnba""],""listing_item_id"":""236975904184"",""native_schema"":""TCOS_NATIVE_EBAY_FEED_V1"",""producer_commit_sha"":""07471ae49901220d13073aab604afbb0e223e855"",""producer_run_id"":""31970958336"",""source"":""truelycollectables.com/native-ebay"",""source_queries"":[""Caitlin Clark Indiana Fever WNBA rookie card""],""token_mode"":""client_credentials""}"
cand-s14-ebay-9f049282f86147d13de7,dh-20260731T184251Z-gha-recovery,14,2026-08-16T20:35:00.076Z,WNBA/broad_professional_rookies,Paige Bueckers,professional_wnba_rookie_card,eBay,pistolwilliam,,377062638147,https://www.ebay.com/itm/377062638147?_skw=Paige+Bueckers+Dallas+Wings+WNBA+rookie+card&hash=item57caaf4243%3Ag%3At00AAeSwhD1pV83-,LIVE,"PAIGE BUECKERS * DALLAS WINGS WNBA 2023 ""ROOKIE"" #RS-67 BASKETBALL CARD","{""preliminary_scope_status"":""IMAGE_OR_IDENTITY_REVIEW_REQUIRED"",""query_family_ids"":[""wnba.paige-bueckers.broad-professional-rookies""]}",{},,ebay|pistolwilliam|377062638147,https://i.ebayimg.com/images/g/t00AAeSwhD1pV83-/s-l225.jpg,,FALSE,FALSE,FALSE,,{},,,,NO,NO,RAW,,,,Ungraded; seller/API claim only; front/back unverified.,UNKNOWN,"[""identity_and_images_unverified""]",5.5,0,,,,,0,180,TRUE,,,,,,[],INSUFFICIENT,INSUFFICIENT,UNKNOWN,INSUFFICIENT,,,,,,,,,,,,,,,,,MANUAL REVIEW / UNPRICED,FALSE,FALSE,"[""exact_front_back_identity_not_verified"",""identical_completed_sales_not_persisted"",""delivered_acquisition_cost_incomplete"",""truely_collectables_owned_copy_exclusion_not_proven"",""silver_equivalent_or_better_not_image_verified"",""tier_not_proven_from_title_image_review_required""]","{""artifact_schema"":""TRUELY_COLLECTABLES_DEAL_HUNTER_ARTIFACT_V1"",""deployment"":{""commitSha"":null,""environment"":""production"",""region"":null},""discovery_family_ids"":[""wnba.paige-bueckers.broad-professional-rookies""],""gateway_endpoint"":""https://truelycollectables.com/api/tcos/deal-hunter-native-ebay?perQuery=20&scope=wnba"",""gateway_host"":""https://truelycollectables.com"",""gateway_scopes"":[""wnba""],""listing_item_id"":""377062638147"",""native_schema"":""TCOS_NATIVE_EBAY_FEED_V1"",""producer_commit_sha"":""07471ae49901220d13073aab604afbb0e223e855"",""producer_run_id"":""31970958336"",""source"":""truelycollectables.com/native-ebay"",""source_queries"":[""Paige Bueckers Dallas Wings WNBA rookie card""],""token_mode"":""client_credentials""}"
cand-s14-ebay-12f0994e174944f756fc,dh-20260731T184251Z-gha-recovery,14,2026-08-16T20:35:00.076Z,WNBA/autograph_memorabilia,Paige Bueckers,professional_wnba_rookie_autograph_memorabilia,eBay,thecardsocietyvault,,327068256280,https://www.ebay.com/itm/327068256280?_skw=Paige+Bueckers+WNBA+rookie+autograph+auto+patch+memorabilia&hash=item4c26c98818%3Ag%3AgdcAAeSwbzRpxEVy,LIVE,2025 WNBA One And One Paige Bueckers Auto RPA Patch RC /99 ,"{""preliminary_scope_status"":""DISCOVERY_SCOPE_PASS"",""query_family_ids"":[""wnba.paige-bueckers.autograph-memorabilia""]}",{},,ebay|thecardsocietyvault|327068256280,https://i.ebayimg.com/images/g/gdcAAeSwbzRpxEVy/s-l225.jpg,,FALSE,FALSE,FALSE,,{},,,,CLAIMED_ONLY,CLAIMED_ONLY,RAW,,,,Ungraded; seller/API claim only; front/back unverified.,UNKNOWN,"[""identity_and_images_unverified""]",1400,4.75,,,,,0,180,TRUE,,,,,,[],INSUFFICIENT,INSUFFICIENT,UNKNOWN,INSUFFICIENT,,,,,,,,,,,,,,,,,MANUAL REVIEW / UNPRICED,FALSE,FALSE,"[""exact_front_back_identity_not_verified"",""identical_completed_sales_not_persisted"",""delivered_acquisition_cost_incomplete"",""truely_collectables_owned_copy_exclusion_not_proven"",""silver_equivalent_or_better_not_image_verified""]","{""artifact_schema"":""TRUELY_COLLECTABLES_DEAL_HUNTER_ARTIFACT_V1"",""deployment"":{""commitSha"":null,""environment"":""production"",""region"":null},""discovery_family_ids"":[""wnba.paige-bueckers.autograph-memorabilia""],""gateway_endpoint"":""https://truelycollectables.com/api/tcos/deal-hunter-native-ebay?perQuery=20&scope=wnba"",""gateway_host"":""https://truelycollectables.com"",""gateway_scopes"":[""wnba""],""listing_item_id"":""327068256280"",""native_schema"":""TCOS_NATIVE_EBAY_FEED_V1"",""producer_commit_sha"":""07471ae49901220d13073aab604afbb0e223e855"",""producer_run_id"":""31970958336"",""source"":""truelycollectables.com/native-ebay"",""source_queries"":[""Paige Bueckers WNBA rookie autograph auto patch memorabilia""],""token_mode"":""client_credentials""}"
cand-s14-ebay-0e0bd26d0f26caadd739,dh-20260731T184251Z-gha-recovery,14,2026-08-16T20:35:00.076Z,WNBA/autograph_memorabilia,Dominique Malonga,professional_wnba_rookie_autograph_memorabilia,eBay,naughtyredbox,,377057931275,https://www.ebay.com/itm/377057931275?_skw=Dominique+Malonga+WNBA+rookie+autograph+auto+patch+memorabilia&hash=item57ca67700b%3Ag%3ADi8AAeSw8otpwdFK,LIVE,2025 Panini WNBA One And One Dominique Malonga Rookie Patch Auto #RJA-DM 05/10,"{""preliminary_scope_status"":""DISCOVERY_SCOPE_PASS"",""query_family_ids"":[""wnba.dominique-malonga.autograph-memorabilia""]}",{},,ebay|naughtyredbox|377057931275,https://i.ebayimg.com/images/g/Di8AAeSw8otpwdFK/s-l225.jpg,,FALSE,FALSE,FALSE,,{},,,,CLAIMED_ONLY,CLAIMED_ONLY,RAW,,,,Ungraded; seller/API claim only; front/back unverified.,UNKNOWN,"[""identity_and_images_unverified""]",1699.99,,,,,,0,180,TRUE,,,,,,[],INSUFFICIENT,INSUFFICIENT,UNKNOWN,INSUFFICIENT,,,,,,,,,,,,,,,,,MANUAL REVIEW / UNPRICED,FALSE,FALSE,"[""exact_front_back_identity_not_verified"",""identical_completed_sales_not_persisted"",""delivered_acquisition_cost_incomplete"",""truely_collectables_owned_copy_exclusion_not_proven"",""silver_equivalent_or_better_not_image_verified""]","{""artifact_schema"":""TRUELY_COLLECTABLES_DEAL_HUNTER_ARTIFACT_V1"",""deployment"":{""commitSha"":null,""environment"":""production"",""region"":null},""discovery_family_ids"":[""wnba.dominique-malonga.autograph-memorabilia""],""gateway_endpoint"":""https://truelycollectables.com/api/tcos/deal-hunter-native-ebay?perQuery=20&scope=wnba"",""gateway_host"":""https://truelycollectables.com"",""gateway_scopes"":[""wnba""],""listing_item_id"":""377057931275"",""native_schema"":""TCOS_NATIVE_EBAY_FEED_V1"",""producer_commit_sha"":""07471ae49901220d13073aab604afbb0e223e855"",""producer_run_id"":""31970958336"",""source"":""truelycollectables.com/native-ebay"",""source_queries"":[""Dominique Malonga WNBA rookie autograph auto patch memorabilia""],""token_mode"":""client_credentials""}"
cand-s14-ebay-9f8ed4280a27edd834ae,dh-20260731T184251Z-gha-recovery,14,2026-08-16T20:35:00.076Z,WNBA/autograph_memorabilia,Kiki Iriafen,professional_wnba_rookie_autograph_memorabilia,eBay,*sportscetera*,,336491030197,https://www.ebay.com/itm/336491030197?_skw=Kiki+Iriafen+WNBA+rookie+autograph+auto+patch+memorabilia&hash=item4e586da6b5%3Ag%3AXmEAAeSwAJlpvJP7,LIVE,2025 Panini WNBA One and One KIKI IRIAFEN 6/10 Gold Auto RPA 3 Color Patch,"{""preliminary_scope_status"":""DISCOVERY_SCOPE_PASS"",""query_family_ids"":[""wnba.kiki-iriafen.autograph-memorabilia""]}",{},,ebay|sportscetera|336491030197,https://i.ebayimg.com/images/g/XmEAAeSwAJlpvJP7/s-l225.jpg,,FALSE,FALSE,FALSE,,{},,,,CLAIMED_ONLY,CLAIMED_ONLY,RAW,,,,Ungraded; seller/API claim only; front/back unverified.,UNKNOWN,"[""identity_and_images_unverified""]",800,,,,,,0,180,TRUE,,,,,,[],INSUFFICIENT,INSUFFICIENT,UNKNOWN,INSUFFICIENT,,,,,,,,,,,,,,,,,MANUAL REVIEW / UNPRICED,FALSE,FALSE,"[""exact_front_back_identity_not_verified"",""identical_completed_sales_not_persisted"",""delivered_acquisition_cost_incomplete"",""truely_collectables_owned_copy_exclusion_not_proven"",""silver_equivalent_or_better_not_image_verified""]","{""artifact_schema"":""TRUELY_COLLECTABLES_DEAL_HUNTER_ARTIFACT_V1"",""deployment"":{""commitSha"":null,""environment"":""production"",""region"":null},""discovery_family_ids"":[""wnba.kiki-iriafen.autograph-memorabilia""],""gateway_endpoint"":""https://truelycollectables.com/api/tcos/deal-hunter-native-ebay?perQuery=20&scope=wnba"",""gateway_host"":""https://truelycollectables.com"",""gateway_scopes"":[""wnba""],""listing_item_id"":""336491030197"",""native_schema"":""TCOS_NATIVE_EBAY_FEED_V1"",""producer_commit_sha"":""07471ae49901220d13073aab604afbb0e223e855"",""producer_run_id"":""31970958336"",""source"":""truelycollectables.com/native-ebay"",""source_queries"":[""Kiki Iriafen WNBA rookie autograph auto patch memorabilia""],""token_mode"":""client_credentials""}"
cand-s14-ebay-3ad01ead1f70a7fc3052,dh-20260731T184251Z-gha-recovery,14,2026-08-16T20:35:00.076Z,WNBA/broad_professional_rookies,Caitlin Clark,professional_wnba_rookie_card,eBay,buzzas109,,298096959299,https://www.ebay.com/itm/298096959299?_skw=Caitlin+Clark+Indiana+Fever+WNBA+rookie+card&hash=item4567f69f43%3Ag%3AW3UAAeSwwYxpq8JK,LIVE,2024 Panini Instant WNBA Draft #1 Pick Caitlin Clark DN-1 Fever Rookie RC Card,"{""preliminary_scope_status"":""IMAGE_OR_IDENTITY_REVIEW_REQUIRED"",""query_family_ids"":[""wnba.caitlin-clark.broad-professional-rookies""]}",{},,ebay|buzzas109|298096959299,https://i.ebayimg.com/images/g/W3UAAeSwwYxpq8JK/s-l225.jpg,,FALSE,FALSE,FALSE,,{},,,,NO,NO,RAW,,,,Ungraded; seller/API claim only; front/back unverified.,UNKNOWN,"[""identity_and_images_unverified""]",75,5.99,,,,,0,180,TRUE,,,,,,[],INSUFFICIENT,INSUFFICIENT,UNKNOWN,INSUFFICIENT,,,,,,,,,,,,,,,,,MANUAL REVIEW / UNPRICED,FALSE,FALSE,"[""exact_front_back_identity_not_verified"",""identical_completed_sales_not_persisted"",""delivered_acquisition_cost_incomplete"",""truely_collectables_owned_copy_exclusion_not_proven"",""silver_equivalent_or_better_not_image_verified"",""tier_not_proven_from_title_image_review_required""]","{""artifact_schema"":""TRUELY_COLLECTABLES_DEAL_HUNTER_ARTIFACT_V1"",""deployment"":{""commitSha"":null,""environment"":""production"",""region"":null},""discovery_family_ids"":[""wnba.caitlin-clark.broad-professional-rookies""],""gateway_endpoint"":""https://truelycollectables.com/api/tcos/deal-hunter-native-ebay?perQuery=20&scope=wnba"",""gateway_host"":""https://truelycollectables.com"",""gateway_scopes"":[""wnba""],""listing_item_id"":""298096959299"",""native_schema"":""TCOS_NATIVE_EBAY_FEED_V1"",""producer_commit_sha"":""07471ae49901220d13073aab604afbb0e223e855"",""producer_run_id"":""31970958336"",""source"":""truelycollectables.com/native-ebay"",""source_queries"":[""Caitlin Clark Indiana Fever WNBA rookie card""],""token_mode"":""client_credentials""}"
cand-s14-ebay-db4f5e02ab34370ef4fe,dh-20260731T184251Z-gha-recovery,14,2026-08-16T20:35:00.076Z,WNBA/autograph_memorabilia,Caitlin Clark,professional_wnba_rookie_autograph_memorabilia,eBay,skolcards3,,137089680990,https://www.ebay.com/itm/137089680990?_skw=Caitlin+Clark+WNBA+rookie+autograph+auto+patch+memorabilia&hash=item1feb2e865e%3Ag%3AL0QAAeSwZo9pppcw,LIVE,2024 Select WNBA Caitlin Clark Purple /99 Rookie Auto Patch #AM-CC PSA 9,"{""preliminary_scope_status"":""DISCOVERY_SCOPE_PASS"",""query_family_ids"":[""wnba.caitlin-clark.autograph-memorabilia""]}",{},,ebay|skolcards3|137089680990,https://i.ebayimg.com/images/g/L0QAAeSwZo9pppcw/s-l225.jpg,,FALSE,FALSE,FALSE,,{},,,,CLAIMED_ONLY,CLAIMED_ONLY,GRADED,PSA,9,,Graded; seller/API claim only; front/back unverified.,UNKNOWN,"[""identity_and_images_unverified""]",3300,0,,,,,0,180,TRUE,,,,,,[],INSUFFICIENT,INSUFFICIENT,UNKNOWN,INSUFFICIENT,,,,,,,,,,,,,,,,,MANUAL REVIEW / UNPRICED,FALSE,FALSE,"[""exact_front_back_identity_not_verified"",""identical_completed_sales_not_persisted"",""delivered_acquisition_cost_incomplete"",""truely_collectables_owned_copy_exclusion_not_proven"",""silver_equivalent_or_better_not_image_verified""]","{""artifact_schema"":""TRUELY_COLLECTABLES_DEAL_HUNTER_ARTIFACT_V1"",""deployment"":{""commitSha"":null,""environment"":""production"",""region"":null},""discovery_family_ids"":[""wnba.caitlin-clark.autograph-memorabilia""],""gateway_endpoint"":""https://truelycollectables.com/api/tcos/deal-hunter-native-ebay?perQuery=20&scope=wnba"",""gateway_host"":""https://truelycollectables.com"",""gateway_scopes"":[""wnba""],""listing_item_id"":""137089680990"",""native_schema"":""TCOS_NATIVE_EBAY_FEED_V1"",""producer_commit_sha"":""07471ae49901220d13073aab604afbb0e223e855"",""producer_run_id"":""31970958336"",""source"":""truelycollectables.com/native-ebay"",""source_queries"":[""Caitlin Clark WNBA rookie autograph auto patch memorabilia""],""token_mode"":""client_credentials""}"
cand-s14-ebay-ba1e067389b966e7880d,dh-20260731T184251Z-gha-recovery,14,2026-08-16T20:35:00.076Z,WNBA/broad_professional_rookies,Dominique Malonga,professional_wnba_rookie_card,eBay,boman_cardz,,127707175368,https://www.ebay.com/itm/127707175368?_skw=Dominique+Malonga+Seattle+Storm+WNBA+rookie+card&hash=item1dbbf0d9c8%3Ag%3AA18AAeSwgxxpoN6%7E,LIVE,2025 Panini Prizm WNBA Dominique Malonga #144 Image Variation Seattle Storm (RC),"{""preliminary_scope_status"":""DISCOVERY_SCOPE_PASS"",""query_family_ids"":[""wnba.dominique-malonga.broad-professional-rookies""]}",{},,ebay|boman-cardz|127707175368,https://i.ebayimg.com/images/g/A18AAeSwgxxpoN6~/s-l225.jpg,,FALSE,FALSE,FALSE,,{},,,,NO,NO,RAW,,,,Ungraded; seller/API claim only; front/back unverified.,UNKNOWN,"[""identity_and_images_unverified""]",1.99,0,,,,,0,180,TRUE,,,,,,[],INSUFFICIENT,INSUFFICIENT,UNKNOWN,INSUFFICIENT,,,,,,,,,,,,,,,,,MANUAL REVIEW / UNPRICED,FALSE,FALSE,"[""exact_front_back_identity_not_verified"",""identical_completed_sales_not_persisted"",""delivered_acquisition_cost_incomplete"",""truely_collectables_owned_copy_exclusion_not_proven"",""silver_equivalent_or_better_not_image_verified""]","{""artifact_schema"":""TRUELY_COLLECTABLES_DEAL_HUNTER_ARTIFACT_V1"",""deployment"":{""commitSha"":null,""environment"":""production"",""region"":null},""discovery_family_ids"":[""wnba.dominique-malonga.broad-professional-rookies""],""gateway_endpoint"":""https://truelycollectables.com/api/tcos/deal-hunter-native-ebay?perQuery=20&scope=wnba"",""gateway_host"":""https://truelycollectables.com"",""gateway_scopes"":[""wnba""],""listing_item_id"":""127707175368"",""native_schema"":""TCOS_NATIVE_EBAY_FEED_V1"",""producer_commit_sha"":""07471ae49901220d13073aab604afbb0e223e855"",""producer_run_id"":""31970958336"",""source"":""truelycollectables.com/native-ebay"",""source_queries"":[""Dominique Malonga Seattle Storm WNBA rookie card""],""token_mode"":""client_credentials""}"
cand-s14-ebay-3378ae99e48eb55b2f5b,dh-20260731T184251Z-gha-recovery,14,2026-08-16T20:35:00.076Z,WNBA/broad_professional_rookies,Paige Bueckers,professional_wnba_rookie_card,eBay,sthud_8287,,317900869533,https://www.ebay.com/itm/317900869533?_skw=Paige+Bueckers+Dallas+Wings+WNBA+rookie+card&hash=item4a045e4f9d%3Ag%3AUbEAAeSwgzRpl6L%7E,LIVE,2025 Panini Prizm WNBA Paige Bueckers ROOKIE Variation #147 Dallas Wings,"{""preliminary_scope_status"":""DISCOVERY_SCOPE_PASS"",""query_family_ids"":[""wnba.paige-bueckers.broad-professional-rookies""]}",{},,ebay|sthud-8287|317900869533,https://i.ebayimg.com/images/g/UbEAAeSwgzRpl6L~/s-l225.jpg,,FALSE,FALSE,FALSE,,{},,,,NO,NO,RAW,,,,Ungraded; seller/API claim only; front/back unverified.,UNKNOWN,"[""identity_and_images_unverified""]",2.99,,,,,,0,180,TRUE,,,,,,[],INSUFFICIENT,INSUFFICIENT,UNKNOWN,INSUFFICIENT,,,,,,,,,,,,,,,,,MANUAL REVIEW / UNPRICED,FALSE,FALSE,"[""exact_front_back_identity_not_verified"",""identical_completed_sales_not_persisted"",""delivered_acquisition_cost_incomplete"",""truely_collectables_owned_copy_exclusion_not_proven"",""silver_equivalent_or_better_not_image_verified""]","{""artifact_schema"":""TRUELY_COLLECTABLES_DEAL_HUNTER_ARTIFACT_V1"",""deployment"":{""commitSha"":null,""environment"":""production"",""region"":null},""discovery_family_ids"":[""wnba.paige-bueckers.broad-professional-rookies""],""gateway_endpoint"":""https://truelycollectables.com/api/tcos/deal-hunter-native-ebay?perQuery=20&scope=wnba"",""gateway_host"":""https://truelycollectables.com"",""gateway_scopes"":[""wnba""],""listing_item_id"":""317900869533"",""native_schema"":""TCOS_NATIVE_EBAY_FEED_V1"",""producer_commit_sha"":""07471ae49901220d13073aab604afbb0e223e855"",""producer_run_id"":""31970958336"",""source"":""truelycollectables.com/native-ebay"",""source_queries"":[""Paige Bueckers Dallas Wings WNBA rookie card""],""token_mode"":""client_credentials""}"
cand-s14-ebay-3d68bdfcf4f46b55b48a,dh-20260731T184251Z-gha-recovery,14,2026-08-16T20:35:00.076Z,WNBA/broad_professional_rookies,Caitlin Clark,professional_wnba_rookie_card,eBay,rinconavagon,,168171850447,https://www.ebay.com/itm/168171850447?_skw=Caitlin+Clark+Indiana+Fever+WNBA+rookie+card&hash=item2727d2cacf%3Ag%3AKd4AAeSwOLNpLyfU,LIVE,Panini Instant WNBA Basketball #213 Caitlin Clark Indiana Fever Rookie Card 2024,"{""preliminary_scope_status"":""IMAGE_OR_IDENTITY_REVIEW_REQUIRED"",""query_family_ids"":[""wnba.caitlin-clark.broad-professional-rookies""]}",{},,ebay|rinconavagon|168171850447,https://i.ebayimg.com/images/g/Kd4AAeSwOLNpLyfU/s-l225.jpg,,FALSE,FALSE,FALSE,,{},,,,NO,NO,RAW,,,,Ungraded; seller/API claim only; front/back unverified.,UNKNOWN,"[""identity_and_images_unverified""]",5.99,0,,,,,0,180,TRUE,,,,,,[],INSUFFICIENT,INSUFFICIENT,UNKNOWN,INSUFFICIENT,,,,,,,,,,,,,,,,,MANUAL REVIEW / UNPRICED,FALSE,FALSE,"[""exact_front_back_identity_not_verified"",""identical_completed_sales_not_persisted"",""delivered_acquisition_cost_incomplete"",""truely_collectables_owned_copy_exclusion_not_proven"",""silver_equivalent_or_better_not_image_verified"",""tier_not_proven_from_title_image_review_required""]","{""artifact_schema"":""TRUELY_COLLECTABLES_DEAL_HUNTER_ARTIFACT_V1"",""deployment"":{""commitSha"":null,""environment"":""production"",""region"":null},""discovery_family_ids"":[""wnba.caitlin-clark.broad-professional-rookies""],""gateway_endpoint"":""https://truelycollectables.com/api/tcos/deal-hunter-native-ebay?perQuery=20&scope=wnba"",""gateway_host"":""https://truelycollectables.com"",""gateway_scopes"":[""wnba""],""listing_item_id"":""168171850447"",""native_schema"":""TCOS_NATIVE_EBAY_FEED_V1"",""producer_commit_sha"":""07471ae49901220d13073aab604afbb0e223e855"",""producer_run_id"":""31970958336"",""source"":""truelycollectables.com/native-ebay"",""source_queries"":[""Caitlin Clark Indiana Fever WNBA rookie card""],""token_mode"":""client_credentials""}"
cand-s14-ebay-bd244f699f65f1fabf35,dh-20260731T184251Z-gha-recovery,14,2026-08-16T20:35:00.076Z,WNBA/autograph_memorabilia,Kiki Iriafen,professional_wnba_rookie_autograph_memorabilia,eBay,portellan,,257355201658,https://www.ebay.com/itm/257355201658?_skw=Kiki+Iriafen+WNBA+rookie+autograph+auto+patch+memorabilia&hash=item3beb90bc7a%3Ag%3Ag%7EEAAeSw7l5pjF7I,LIVE,2025 Impeccable WNBA Kiki Iriafen Elegance RPA RC Rookie Patch On Card Auto /99,"{""preliminary_scope_status"":""DISCOVERY_SCOPE_PASS"",""query_family_ids"":[""wnba.kiki-iriafen.autograph-memorabilia""]}",{},,ebay|portellan|257355201658,https://i.ebayimg.com/images/g/g~EAAeSw7l5pjF7I/s-l225.jpg,,FALSE,FALSE,FALSE,,{},,,,CLAIMED_ONLY,CLAIMED_ONLY,RAW,,,,Ungraded; seller/API claim only; front/back unverified.,UNKNOWN,"[""identity_and_images_unverified""]",180,,,,,,0,180,TRUE,,,,,,[],INSUFFICIENT,INSUFFICIENT,UNKNOWN,INSUFFICIENT,,,,,,,,,,,,,,,,,MANUAL REVIEW / UNPRICED,FALSE,FALSE,"[""exact_front_back_identity_not_verified"",""identical_completed_sales_not_persisted"",""delivered_acquisition_cost_incomplete"",""truely_collectables_owned_copy_exclusion_not_proven"",""silver_equivalent_or_better_not_image_verified""]","{""artifact_schema"":""TRUELY_COLLECTABLES_DEAL_HUNTER_ARTIFACT_V1"",""deployment"":{""commitSha"":null,""environment"":""production"",""region"":null},""discovery_family_ids"":[""wnba.kiki-iriafen.autograph-memorabilia""],""gateway_endpoint"":""https://truelycollectables.com/api/tcos/deal-hunter-native-ebay?perQuery=20&scope=wnba"",""gateway_host"":""https://truelycollectables.com"",""gateway_scopes"":[""wnba""],""listing_item_id"":""257355201658"",""native_schema"":""TCOS_NATIVE_EBAY_FEED_V1"",""producer_commit_sha"":""07471ae49901220d13073aab604afbb0e223e855"",""producer_run_id"":""31970958336"",""source"":""truelycollectables.com/native-ebay"",""source_queries"":[""Kiki Iriafen WNBA rookie autograph auto patch memorabilia""],""token_mode"":""client_credentials""}"
cand-s14-ebay-5b3ca3c1a97fac5427d9,dh-20260731T184251Z-gha-recovery,14,2026-08-16T20:35:00.076Z,WNBA/broad_professional_rookies,Caitlin Clark,professional_wnba_rookie_card,eBay,cardsportsociety,,206005398260,https://www.ebay.com/itm/206005398260?_skw=Caitlin+Clark+Indiana+Fever+WNBA+rookie+card&hash=item2ff6e0eaf4%3Ag%3Ax6QAAeSw3QFqc5md,LIVE,Panini 2025 Donruss WNBA Caitlin Clark Indiana Fever Rookie Card #47,"{""preliminary_scope_status"":""IMAGE_OR_IDENTITY_REVIEW_REQUIRED"",""query_family_ids"":[""wnba.caitlin-clark.broad-professional-rookies""]}",{},,ebay|cardsportsociety|206005398260,https://i.ebayimg.com/images/g/x6QAAeSw3QFqc5md/s-l225.jpg,,FALSE,FALSE,FALSE,,{},,,,NO,NO,RAW,,,,Ungraded; seller/API claim only; front/back unverified.,UNKNOWN,"[""identity_and_images_unverified""]",2.99,0.78,,,,,0,180,TRUE,,,,,,[],INSUFFICIENT,INSUFFICIENT,UNKNOWN,INSUFFICIENT,,,,,,,,,,,,,,,,,MANUAL REVIEW / UNPRICED,FALSE,FALSE,"[""exact_front_back_identity_not_verified"",""identical_completed_sales_not_persisted"",""delivered_acquisition_cost_incomplete"",""truely_collectables_owned_copy_exclusion_not_proven"",""silver_equivalent_or_better_not_image_verified"",""tier_not_proven_from_title_image_review_required""]","{""artifact_schema"":""TRUELY_COLLECTABLES_DEAL_HUNTER_ARTIFACT_V1"",""deployment"":{""commitSha"":null,""environment"":""production"",""region"":null},""discovery_family_ids"":[""wnba.caitlin-clark.broad-professional-rookies""],""gateway_endpoint"":""https://truelycollectables.com/api/tcos/deal-hunter-native-ebay?perQuery=20&scope=wnba"",""gateway_host"":""https://truelycollectables.com"",""gateway_scopes"":[""wnba""],""listing_item_id"":""206005398260"",""native_schema"":""TCOS_NATIVE_EBAY_FEED_V1"",""producer_commit_sha"":""07471ae49901220d13073aab604afbb0e223e855"",""producer_run_id"":""31970958336"",""source"":""truelycollectables.com/native-ebay"",""source_queries"":[""Caitlin Clark Indiana Fever WNBA rookie card""],""token_mode"":""client_credentials""}"
cand-s14-ebay-d0f003f47d92d25caa07,dh-20260731T184251Z-gha-recovery,14,2026-08-16T20:35:00.076Z,WNBA/autograph_memorabilia,Dominique Malonga,professional_wnba_rookie_autograph_memorabilia,eBay,elmoszn,,136942139998,https://www.ebay.com/itm/136942139998?_skw=Dominique+Malonga+WNBA+rookie+autograph+auto+patch+memorabilia&hash=item1fe2633a5e%3Ag%3ANWQAAeSwXA1pZSdd,LIVE,2025 Panini Impeccable Dominique Malonga Elegance RPA Rookie Auto Pink FOTL /7,"{""preliminary_scope_status"":""DISCOVERY_SCOPE_PASS"",""query_family_ids"":[""wnba.dominique-malonga.autograph-memorabilia""]}",{},,ebay|elmoszn|136942139998,https://i.ebayimg.com/images/g/NWQAAeSwXA1pZSdd/s-l225.jpg,,FALSE,FALSE,FALSE,,{},,,,CLAIMED_ONLY,NO,RAW,,,,Ungraded; seller/API claim only; front/back unverified.,UNKNOWN,"[""identity_and_images_unverified""]",2999.99,0,,,,,0,180,TRUE,,,,,,[],INSUFFICIENT,INSUFFICIENT,UNKNOWN,INSUFFICIENT,,,,,,,,,,,,,,,,,MANUAL REVIEW / UNPRICED,FALSE,FALSE,"[""exact_front_back_identity_not_verified"",""identical_completed_sales_not_persisted"",""delivered_acquisition_cost_incomplete"",""truely_collectables_owned_copy_exclusion_not_proven"",""silver_equivalent_or_better_not_image_verified""]","{""artifact_schema"":""TRUELY_COLLECTABLES_DEAL_HUNTER_ARTIFACT_V1"",""deployment"":{""commitSha"":null,""environment"":""production"",""region"":null},""discovery_family_ids"":[""wnba.dominique-malonga.autograph-memorabilia""],""gateway_endpoint"":""https://truelycollectables.com/api/tcos/deal-hunter-native-ebay?perQuery=20&scope=wnba"",""gateway_host"":""https://truelycollectables.com"",""gateway_scopes"":[""wnba""],""listing_item_id"":""136942139998"",""native_schema"":""TCOS_NATIVE_EBAY_FEED_V1"",""producer_commit_sha"":""07471ae49901220d13073aab604afbb0e223e855"",""producer_run_id"":""31970958336"",""source"":""truelycollectables.com/native-ebay"",""source_queries"":[""Dominique Malonga WNBA rookie autograph auto patch memorabilia""],""token_mode"":""client_credentials""}"
cand-s14-ebay-54f64040657624696922,dh-20260731T184251Z-gha-recovery,14,2026-08-16T20:35:00.076Z,WNBA/autograph_memorabilia,Kiki Iriafen,professional_wnba_rookie_autograph_memorabilia,eBay,bboyscards,,406515938456,https://www.ebay.com/itm/406515938456?_skw=Kiki+Iriafen+WNBA+rookie+autograph+auto+patch+memorabilia&hash=item5ea63cf498%3Ag%3AGcQAAeSwKe9pTDoM,LIVE,2025 Panini Impeccable WNBA Kiki Iriafen Elegance Rookie Patch On Card Auto /99,"{""preliminary_scope_status"":""DISCOVERY_SCOPE_PASS"",""query_family_ids"":[""wnba.kiki-iriafen.autograph-memorabilia""]}",{},,ebay|bboyscards|406515938456,https://i.ebayimg.com/images/g/GcQAAeSwKe9pTDoM/s-l225.jpg,,FALSE,FALSE,FALSE,,{},,,,CLAIMED_ONLY,CLAIMED_ONLY,RAW,,,,Ungraded; seller/API claim only; front/back unverified.,UNKNOWN,"[""identity_and_images_unverified""]",448,,,,,,0,180,TRUE,,,,,,[],INSUFFICIENT,INSUFFICIENT,UNKNOWN,INSUFFICIENT,,,,,,,,,,,,,,,,,MANUAL REVIEW / UNPRICED,FALSE,FALSE,"[""exact_front_back_identity_not_verified"",""identical_completed_sales_not_persisted"",""delivered_acquisition_cost_incomplete"",""truely_collectables_owned_copy_exclusion_not_proven"",""silver_equivalent_or_better_not_image_verified""]","{""artifact_schema"":""TRUELY_COLLECTABLES_DEAL_HUNTER_ARTIFACT_V1"",""deployment"":{""commitSha"":null,""environment"":""production"",""region"":null},""discovery_family_ids"":[""wnba.kiki-iriafen.autograph-memorabilia""],""gateway_endpoint"":""https://truelycollectables.com/api/tcos/deal-hunter-native-ebay?perQuery=20&scope=wnba"",""gateway_host"":""https://truelycollectables.com"",""gateway_scopes"":[""wnba""],""listing_item_id"":""406515938456"",""native_schema"":""TCOS_NATIVE_EBAY_FEED_V1"",""producer_commit_sha"":""07471ae49901220d13073aab604afbb0e223e855"",""producer_run_id"":""31970958336"",""source"":""truelycollectables.com/native-ebay"",""source_queries"":[""Kiki Iriafen WNBA rookie autograph auto patch memorabilia""],""token_mode"":""client_credentials""}"
cand-s14-ebay-65b4bd613c2e07991d72,dh-20260731T184251Z-gha-recovery,14,2026-08-16T20:35:00.076Z,WNBA/autograph_memorabilia,Caitlin Clark,professional_wnba_rookie_autograph_memorabilia,eBay,glittergraphs,,205860762241,https://www.ebay.com/itm/205860762241?_skw=Caitlin+Clark+WNBA+rookie+autograph+auto+patch+memorabilia&hash=item2fee41f281%3Ag%3Aur8AAeSwcEtpHpOa,LIVE,CAITLIN CLARK SIGNED 2024 ORIGINS WNBA ROOKIE ART NOUVEAU PATCH RC PSA AUTO,"{""preliminary_scope_status"":""DISCOVERY_SCOPE_PASS"",""query_family_ids"":[""wnba.caitlin-clark.autograph-memorabilia""]}",{},,ebay|glittergraphs|205860762241,https://i.ebayimg.com/images/g/ur8AAeSwcEtpHpOa/s-l225.jpg,,FALSE,FALSE,FALSE,,{},,,,CLAIMED_ONLY,CLAIMED_ONLY,GRADED,,,,Graded; seller/API claim only; front/back unverified.,UNKNOWN,"[""identity_and_images_unverified""]",3999.99,0,,,,,0,180,TRUE,,,,,,[],INSUFFICIENT,INSUFFICIENT,UNKNOWN,INSUFFICIENT,,,,,,,,,,,,,,,,,MANUAL REVIEW / UNPRICED,FALSE,FALSE,"[""exact_front_back_identity_not_verified"",""identical_completed_sales_not_persisted"",""delivered_acquisition_cost_incomplete"",""truely_collectables_owned_copy_exclusion_not_proven"",""silver_equivalent_or_better_not_image_verified""]","{""artifact_schema"":""TRUELY_COLLECTABLES_DEAL_HUNTER_ARTIFACT_V1"",""deployment"":{""commitSha"":null,""environment"":""production"",""region"":null},""discovery_family_ids"":[""wnba.caitlin-clark.autograph-memorabilia""],""gateway_endpoint"":""https://truelycollectables.com/api/tcos/deal-hunter-native-ebay?perQuery=20&scope=wnba"",""gateway_host"":""https://truelycollectables.com"",""gateway_scopes"":[""wnba""],""listing_item_id"":""205860762241"",""native_schema"":""TCOS_NATIVE_EBAY_FEED_V1"",""producer_commit_sha"":""07471ae49901220d13073aab604afbb0e223e855"",""producer_run_id"":""31970958336"",""source"":""truelycollectables.com/native-ebay"",""source_queries"":[""Caitlin Clark WNBA rookie autograph auto patch memorabilia""],""token_mode"":""client_credentials""}"
cand-s14-ebay-fa279a5923c132516c95,dh-20260731T184251Z-gha-recovery,14,2026-08-16T20:35:00.076Z,WNBA/autograph_memorabilia,Caitlin Clark,professional_wnba_rookie_autograph_memorabilia,eBay,kingdom_cowboy_ig,,257160120285,https://www.ebay.com/itm/257160120285?_skw=Caitlin+Clark+WNBA+rookie+autograph+auto+patch+memorabilia&hash=item3bdff007dd%3Ag%3ACjoAAeSweAVo8Wxk,LIVE,Caitlin Clark 2024 Select WNBA Auto Rookie Patch Black Gold 3/5 BGS 8.5/10,"{""preliminary_scope_status"":""DISCOVERY_SCOPE_PASS"",""query_family_ids"":[""wnba.caitlin-clark.autograph-memorabilia""]}",{},,ebay|kingdom-cowboy-ig|257160120285,https://i.ebayimg.com/images/g/CjoAAeSweAVo8Wxk/s-l225.jpg,,FALSE,FALSE,FALSE,,{},,,,CLAIMED_ONLY,CLAIMED_ONLY,GRADED,BGS,8.5,,Graded; seller/API claim only; front/back unverified.,UNKNOWN,"[""identity_and_images_unverified""]",28000,,,,,,0,180,TRUE,,,,,,[],INSUFFICIENT,INSUFFICIENT,UNKNOWN,INSUFFICIENT,,,,,,,,,,,,,,,,,MANUAL REVIEW / UNPRICED,FALSE,FALSE,"[""exact_front_back_identity_not_verified"",""identical_completed_sales_not_persisted"",""delivered_acquisition_cost_incomplete"",""truely_collectables_owned_copy_exclusion_not_proven"",""silver_equivalent_or_better_not_image_verified""]","{""artifact_schema"":""TRUELY_COLLECTABLES_DEAL_HUNTER_ARTIFACT_V1"",""deployment"":{""commitSha"":null,""environment"":""production"",""region"":null},""discovery_family_ids"":[""wnba.caitlin-clark.autograph-memorabilia""],""gateway_endpoint"":""https://truelycollectables.com/api/tcos/deal-hunter-native-ebay?perQuery=20&scope=wnba"",""gateway_host"":""https://truelycollectables.com"",""gateway_scopes"":[""wnba""],""listing_item_id"":""257160120285"",""native_schema"":""TCOS_NATIVE_EBAY_FEED_V1"",""producer_commit_sha"":""07471ae49901220d13073aab604afbb0e223e855"",""producer_run_id"":""31970958336"",""source"":""truelycollectables.com/native-ebay"",""source_queries"":[""Caitlin Clark WNBA rookie autograph auto patch memorabilia""],""token_mode"":""client_credentials""}"
cand-s14-ebay-eea0b5284c028fc63307,dh-20260731T184251Z-gha-recovery,14,2026-08-16T20:35:00.076Z,WNBA/broad_professional_rookies,Sonia Citron,professional_wnba_rookie_card,eBay,rjgmemorabilia72,,406270120845,https://www.ebay.com/itm/406270120845?_skw=Sonia+Citron+Washington+Mystics+WNBA+rookie+card&hash=item5e9796138d%3Ag%3ALZMAAeSwO%7ENo5X6E,LIVE,2025 Panini Instant WNBA #183 Sonia Citron Washington Mystics RC - PR:261,"{""preliminary_scope_status"":""IMAGE_OR_IDENTITY_REVIEW_REQUIRED"",""query_family_ids"":[""wnba.sonia-citron.broad-professional-rookies""]}",{},,ebay|rjgmemorabilia72|406270120845,https://i.ebayimg.com/images/g/LZMAAeSwO~No5X6E/s-l225.jpg,,FALSE,FALSE,FALSE,,{},,,,NO,NO,RAW,,,,Ungraded; seller/API claim only; front/back unverified.,UNKNOWN,"[""identity_and_images_unverified""]",6.99,,,,,,0,180,TRUE,,,,,,[],INSUFFICIENT,INSUFFICIENT,UNKNOWN,INSUFFICIENT,,,,,,,,,,,,,,,,,MANUAL REVIEW / UNPRICED,FALSE,FALSE,"[""exact_front_back_identity_not_verified"",""identical_completed_sales_not_persisted"",""delivered_acquisition_cost_incomplete"",""truely_collectables_owned_copy_exclusion_not_proven"",""silver_equivalent_or_better_not_image_verified"",""tier_not_proven_from_title_image_review_required""]","{""artifact_schema"":""TRUELY_COLLECTABLES_DEAL_HUNTER_ARTIFACT_V1"",""deployment"":{""commitSha"":null,""environment"":""production"",""region"":null},""discovery_family_ids"":[""wnba.sonia-citron.broad-professional-rookies""],""gateway_endpoint"":""https://truelycollectables.com/api/tcos/deal-hunter-native-ebay?perQuery=20&scope=wnba"",""gateway_host"":""https://truelycollectables.com"",""gateway_scopes"":[""wnba""],""listing_item_id"":""406270120845"",""native_schema"":""TCOS_NATIVE_EBAY_FEED_V1"",""producer_commit_sha"":""07471ae49901220d13073aab604afbb0e223e855"",""producer_run_id"":""31970958336"",""source"":""truelycollectables.com/native-ebay"",""source_queries"":[""Sonia Citron Washington Mystics WNBA rookie card""],""token_mode"":""client_credentials""}"
cand-s14-ebay-2d1ec6083e46701f6ba1,dh-20260731T184251Z-gha-recovery,14,2026-08-16T20:35:00.076Z,WNBA/broad_professional_rookies,Paige Bueckers,professional_wnba_rookie_card,eBay,creativeimages68,,127377849322,https://www.ebay.com/itm/127377849322?_skw=Paige+Bueckers+Dallas+Wings+WNBA+rookie+card&hash=item1da84fbbea%3Ag%3A5tsAAeSwM2Boyvih&amdata=enc%3AAQALAAABAACCtXRWQnOEpyOqnQQ8KGYzPORGcdfiET2Vl6iPiyK6Iwr1vqKAZsMCwyu3WsDM3OOmbudU7zv1rC6wFrrXRSmrv1L%2FDXzsx3Yxa%2BTCXjt2601YzrEZvT46DAyZVTuz3PcezRolV08ZMnr0HxR8Wbe4gs%2Bko1GAEa5C448kGgHjLQj93wUN3d84wDTrdbQjpLrbQ6VN6vfqQJvykhsYndOjhaHmOtq02Hnw2EHLwwDg5Tp7z60cq93U0KrdDzDjWwMzd0NG1v%2FyIHe%2BNyDQnDvbWnCeSoyJT0yujT7CAmK5FwFWFomUKr7TiQKu1wC64hlHJT9gdtSJBWx5xC2Lidg%3D,LIVE,Paige Bueckers 8x10 Photo 2025 WNBA Rookie of the Year Dallas Wings,"{""preliminary_scope_status"":""IMAGE_OR_IDENTITY_REVIEW_REQUIRED"",""query_family_ids"":[""wnba.paige-bueckers.broad-professional-rookies""]}",{},,ebay|creativeimages68|127377849322,https://i.ebayimg.com/images/g/5tsAAeSwM2Boyvih/s-l225.jpg,,FALSE,FALSE,FALSE,,{},,,,NO,NO,UNKNOWN,,,,New; seller/API claim only; front/back unverified.,UNKNOWN,"[""identity_and_images_unverified""]",8.75,,,,,,0,180,TRUE,,,,,,[],INSUFFICIENT,INSUFFICIENT,UNKNOWN,INSUFFICIENT,,,,,,,,,,,,,,,,,MANUAL REVIEW / UNPRICED,FALSE,FALSE,"[""exact_front_back_identity_not_verified"",""identical_completed_sales_not_persisted"",""delivered_acquisition_cost_incomplete"",""truely_collectables_owned_copy_exclusion_not_proven"",""silver_equivalent_or_better_not_image_verified"",""tier_not_proven_from_title_image_review_required""]","{""artifact_schema"":""TRUELY_COLLECTABLES_DEAL_HUNTER_ARTIFACT_V1"",""deployment"":{""commitSha"":null,""environment"":""production"",""region"":null},""discovery_family_ids"":[""wnba.paige-bueckers.broad-professional-rookies""],""gateway_endpoint"":""https://truelycollectables.com/api/tcos/deal-hunter-native-ebay?perQuery=20&scope=wnba"",""gateway_host"":""https://truelycollectables.com"",""gateway_scopes"":[""wnba""],""listing_item_id"":""127377849322"",""native_schema"":""TCOS_NATIVE_EBAY_FEED_V1"",""producer_commit_sha"":""07471ae49901220d13073aab604afbb0e223e855"",""producer_run_id"":""31970958336"",""source"":""truelycollectables.com/native-ebay"",""source_queries"":[""Paige Bueckers Dallas Wings WNBA rookie card""],""token_mode"":""client_credentials""}"
cand-s14-ebay-99aab2cc621a58547966,dh-20260731T184251Z-gha-recovery,14,2026-08-16T20:35:00.076Z,WNBA/broad_professional_rookies,Caitlin Clark,professional_wnba_rookie_card,eBay,bobbleheadhall,,286796290869,https://www.ebay.com/itm/286796290869?_skw=Caitlin+Clark+Indiana+Fever+WNBA+rookie+card&hash=item42c6641b35%3Ag%3AcooAAeSwdbJqIDXW&amdata=enc%3AAQALAAABEACCtXRWQnOEpyOqnQQ8KGbJ5VLXy96RcUm%2BfS4zmfz7ctZQCTEgukXoJTV5XHumCNqiahnfwYfaizL6oy7HHQwD9I4tUBV1idm0rWTHHcRBnwid3vKImM9FlAK%2BnNOvXfVTAxU6UZyqJUWePaII4VatHsRbe0bc%2B%2F8d%2BjJ0IeEi97L%2FgyDlez8zeiYw%2FZGq2rt3bJJn83mCcXk%2BsoFxldi%2FD484pct7xaS%2B4J93z5qInQY0WQL9goXS9Llew2NtPFJ%2FnPDioujzRMWA9%2FOoAGcvu1wTIlwsOetPGxUg%2BnhjvsB034E86acuuCbcYFbqPOVGVH1moBmi%2F7ZUvDm%2BWNX2Ez0FZttYXnwSX9EM5iIp,LIVE,Caitlin Clark Indiana Fever Sensational Rookie Season Bobblehead WNBA Basketball,"{""preliminary_scope_status"":""IMAGE_OR_IDENTITY_REVIEW_REQUIRED"",""query_family_ids"":[""wnba.caitlin-clark.broad-professional-rookies""]}",{},,ebay|bobbleheadhall|286796290869,https://i.ebayimg.com/images/g/cooAAeSwdbJqIDXW/s-l225.jpg,,FALSE,FALSE,FALSE,,{},,,,NO,NO,UNKNOWN,,,,New; seller/API claim only; front/back unverified.,UNKNOWN,"[""identity_and_images_unverified""]",76.5,8,,,,,0,180,TRUE,,,,,,[],INSUFFICIENT,INSUFFICIENT,UNKNOWN,INSUFFICIENT,,,,,,,,,,,,,,,,,MANUAL REVIEW / UNPRICED,FALSE,FALSE,"[""exact_front_back_identity_not_verified"",""identical_completed_sales_not_persisted"",""delivered_acquisition_cost_incomplete"",""truely_collectables_owned_copy_exclusion_not_proven"",""silver_equivalent_or_better_not_image_verified"",""tier_not_proven_from_title_image_review_required""]","{""artifact_schema"":""TRUELY_COLLECTABLES_DEAL_HUNTER_ARTIFACT_V1"",""deployment"":{""commitSha"":null,""environment"":""production"",""region"":null},""discovery_family_ids"":[""wnba.caitlin-clark.broad-professional-rookies""],""gateway_endpoint"":""https://truelycollectables.com/api/tcos/deal-hunter-native-ebay?perQuery=20&scope=wnba"",""gateway_host"":""https://truelycollectables.com"",""gateway_scopes"":[""wnba""],""listing_item_id"":""286796290869"",""native_schema"":""TCOS_NATIVE_EBAY_FEED_V1"",""producer_commit_sha"":""07471ae49901220d13073aab604afbb0e223e855"",""producer_run_id"":""31970958336"",""source"":""truelycollectables.com/native-ebay"",""source_queries"":[""Caitlin Clark Indiana Fever WNBA rookie card""],""token_mode"":""client_credentials""}"
cand-s14-ebay-b0647bc2268f03150e58,dh-20260731T184251Z-gha-recovery,14,2026-08-16T20:35:00.076Z,WNBA/autograph_memorabilia,Caitlin Clark,professional_wnba_rookie_autograph_memorabilia,eBay,geezee_sports_cards,,187474527621,https://www.ebay.com/itm/187474527621?_skw=Caitlin+Clark+WNBA+rookie+autograph+auto+patch+memorabilia&hash=item2ba65a4585%3Ag%3Av4gAAeSwC6JolmQs,LIVE,2024 Select WNBA Caitlin Clark RC AUTO-PATCH Purple Prizm /99,"{""preliminary_scope_status"":""DISCOVERY_SCOPE_PASS"",""query_family_ids"":[""wnba.caitlin-clark.autograph-memorabilia""]}",{},,ebay|geezee-sports-cards|187474527621,https://i.ebayimg.com/images/g/v4gAAeSwC6JolmQs/s-l225.jpg,,FALSE,FALSE,FALSE,,{},,,,CLAIMED_ONLY,CLAIMED_ONLY,RAW,,,,Ungraded; seller/API claim only; front/back unverified.,UNKNOWN,"[""identity_and_images_unverified""]",2750,,,,,,0,180,TRUE,,,,,,[],INSUFFICIENT,INSUFFICIENT,UNKNOWN,INSUFFICIENT,,,,,,,,,,,,,,,,,MANUAL REVIEW / UNPRICED,FALSE,FALSE,"[""exact_front_back_identity_not_verified"",""identical_completed_sales_not_persisted"",""delivered_acquisition_cost_incomplete"",""truely_collectables_owned_copy_exclusion_not_proven"",""silver_equivalent_or_better_not_image_verified""]","{""artifact_schema"":""TRUELY_COLLECTABLES_DEAL_HUNTER_ARTIFACT_V1"",""deployment"":{""commitSha"":null,""environment"":""production"",""region"":null},""discovery_family_ids"":[""wnba.caitlin-clark.autograph-memorabilia""],""gateway_endpoint"":""https://truelycollectables.com/api/tcos/deal-hunter-native-ebay?perQuery=20&scope=wnba"",""gateway_host"":""https://truelycollectables.com"",""gateway_scopes"":[""wnba""],""listing_item_id"":""187474527621"",""native_schema"":""TCOS_NATIVE_EBAY_FEED_V1"",""producer_commit_sha"":""07471ae49901220d13073aab604afbb0e223e855"",""producer_run_id"":""31970958336"",""source"":""truelycollectables.com/native-ebay"",""source_queries"":[""Caitlin Clark WNBA rookie autograph auto patch memorabilia""],""token_mode"":""client_credentials""}"
cand-s14-ebay-9be64f9d1a3e758921a1,dh-20260731T184251Z-gha-recovery,14,2026-08-16T20:35:00.076Z,WNBA/broad_professional_rookies,Caitlin Clark,professional_wnba_rookie_card,eBay,shophofsm,,267250610946,https://www.ebay.com/itm/267250610946?_skw=Caitlin+Clark+Indiana+Fever+WNBA+rookie+card&hash=item3e3960b302%3Ag%3AI2cAAOSwkg1oJN7U&amdata=enc%3AAQALAAABEACCtXRWQnOEpyOqnQQ8KGbQIRPlDogE42HNHFI%2FadUTzPx3YyHJmnqi2mIdFFZsgrqGU8WcK7BG%2FgcU%2BGgzdHNQN9Gtmt%2B7aVgy%2BwTBdC%2FjQBWeqagF0n9jDKhUC1vi9YFGIlBbRrWAEe5FOsykODabBOBqAOnKp88BXYAGj7qvgX4GH4FkO%2FACg4n5VKpk1HVehsP9kyVSxO4ym%2FZVFzydOqY2Fhqs5kfaRMxVLnZVzXAsd43YpCIi185hPsznW7UKbdNcFqRiV%2B1CCgmBPLGksD79w%2Bb02aQKkSk4zwDEFuGzEoWlsjm9cqRHkp1L%2F%2Bd86FOSmfl1Ps0IP8ht1RGF6EVc0%2BjjxCqoHVXRrxHz,LIVE,Caitlin Clark #02 Rookie Card Bundle Funko POP! WNBA: Indiana Fever with Case,"{""preliminary_scope_status"":""IMAGE_OR_IDENTITY_REVIEW_REQUIRED"",""query_family_ids"":[""wnba.caitlin-clark.broad-professional-rookies""]}",{},,ebay|shophofsm|267250610946,https://i.ebayimg.com/images/g/I2cAAOSwkg1oJN7U/s-l225.jpg,,FALSE,FALSE,FALSE,,{},,,,NO,NO,UNKNOWN,,,,New; seller/API claim only; front/back unverified.,UNKNOWN,"[""identity_and_images_unverified""]",39.99,0,,,,,0,180,TRUE,,,,,,[],INSUFFICIENT,INSUFFICIENT,UNKNOWN,INSUFFICIENT,,,,,,,,,,,,,,,,,MANUAL REVIEW / UNPRICED,FALSE,FALSE,"[""exact_front_back_identity_not_verified"",""identical_completed_sales_not_persisted"",""delivered_acquisition_cost_incomplete"",""truely_collectables_owned_copy_exclusion_not_proven"",""silver_equivalent_or_better_not_image_verified"",""tier_not_proven_from_title_image_review_required""]","{""artifact_schema"":""TRUELY_COLLECTABLES_DEAL_HUNTER_ARTIFACT_V1"",""deployment"":{""commitSha"":null,""environment"":""production"",""region"":null},""discovery_family_ids"":[""wnba.caitlin-clark.broad-professional-rookies""],""gateway_endpoint"":""https://truelycollectables.com/api/tcos/deal-hunter-native-ebay?perQuery=20&scope=wnba"",""gateway_host"":""https://truelycollectables.com"",""gateway_scopes"":[""wnba""],""listing_item_id"":""267250610946"",""native_schema"":""TCOS_NATIVE_EBAY_FEED_V1"",""producer_commit_sha"":""07471ae49901220d13073aab604afbb0e223e855"",""producer_run_id"":""31970958336"",""source"":""truelycollectables.com/native-ebay"",""source_queries"":[""Caitlin Clark Indiana Fever WNBA rookie card""],""token_mode"":""client_credentials""}"
cand-s14-ebay-d56c8e6e0187018bd7a8,dh-20260731T184251Z-gha-recovery,14,2026-08-16T20:35:00.076Z,WNBA/broad_professional_rookies,Dominique Malonga,professional_wnba_rookie_card,eBay,jimmerrange,,306268464135,https://www.ebay.com/itm/306268464135?_skw=Dominique+Malonga+Seattle+Storm+WNBA+rookie+card&hash=item474f05e407%3Ag%3AZ6AAAOSws1RoCs51,LIVE,2025 Panini Instant WNBA Draft #2 Dominique Malonga Seattle Storm RC - QTY,"{""preliminary_scope_status"":""IMAGE_OR_IDENTITY_REVIEW_REQUIRED"",""query_family_ids"":[""wnba.dominique-malonga.broad-professional-rookies""]}",{},,ebay|jimmerrange|306268464135,https://i.ebayimg.com/images/g/Z6AAAOSws1RoCs51/s-l225.jpg,,FALSE,FALSE,FALSE,,{},,,,NO,NO,RAW,,,,Ungraded; seller/API claim only; front/back unverified.,UNKNOWN,"[""identity_and_images_unverified""]",6.45,0,,,,,0,180,TRUE,,,,,,[],INSUFFICIENT,INSUFFICIENT,UNKNOWN,INSUFFICIENT,,,,,,,,,,,,,,,,,MANUAL REVIEW / UNPRICED,FALSE,FALSE,"[""exact_front_back_identity_not_verified"",""identical_completed_sales_not_persisted"",""delivered_acquisition_cost_incomplete"",""truely_collectables_owned_copy_exclusion_not_proven"",""silver_equivalent_or_better_not_image_verified"",""tier_not_proven_from_title_image_review_required""]","{""artifact_schema"":""TRUELY_COLLECTABLES_DEAL_HUNTER_ARTIFACT_V1"",""deployment"":{""commitSha"":null,""environment"":""production"",""region"":null},""discovery_family_ids"":[""wnba.dominique-malonga.broad-professional-rookies""],""gateway_endpoint"":""https://truelycollectables.com/api/tcos/deal-hunter-native-ebay?perQuery=20&scope=wnba"",""gateway_host"":""https://truelycollectables.com"",""gateway_scopes"":[""wnba""],""listing_item_id"":""306268464135"",""native_schema"":""TCOS_NATIVE_EBAY_FEED_V1"",""producer_commit_sha"":""07471ae49901220d13073aab604afbb0e223e855"",""producer_run_id"":""31970958336"",""source"":""truelycollectables.com/native-ebay"",""source_queries"":[""Dominique Malonga Seattle Storm WNBA rookie card""],""token_mode"":""client_credentials""}"
cand-s14-ebay-85edfb8a4dd63b836bc5,dh-20260731T184251Z-gha-recovery,14,2026-08-16T20:35:00.076Z,WNBA/autograph_memorabilia,Caitlin Clark,professional_wnba_rookie_autograph_memorabilia,eBay,sumo_sports_cards,,396189202905,https://www.ebay.com/itm/396189202905?_skw=Caitlin+Clark+WNBA+rookie+autograph+auto+patch+memorabilia&hash=item5c3eb779d9%3Ag%3A1wEAAOSw7Clnp-mP,LIVE,2024 SELECT WNBA CAITLIN CLARK GOLD ROOKIE PATCH AUTO /10 SSP-PSA 9/AUTO 10,"{""preliminary_scope_status"":""DISCOVERY_SCOPE_PASS"",""query_family_ids"":[""wnba.caitlin-clark.autograph-memorabilia""]}",{},,ebay|sumo-sports-cards|396189202905,https://i.ebayimg.com/images/g/1wEAAOSw7Clnp-mP/s-l225.jpg,,FALSE,FALSE,FALSE,,{},,,,CLAIMED_ONLY,CLAIMED_ONLY,GRADED,PSA,9,,Graded; seller/API claim only; front/back unverified.,UNKNOWN,"[""identity_and_images_unverified""]",15000,,,,,,0,180,TRUE,,,,,,[],INSUFFICIENT,INSUFFICIENT,UNKNOWN,INSUFFICIENT,,,,,,,,,,,,,,,,,MANUAL REVIEW / UNPRICED,FALSE,FALSE,"[""exact_front_back_identity_not_verified"",""identical_completed_sales_not_persisted"",""delivered_acquisition_cost_incomplete"",""truely_collectables_owned_copy_exclusion_not_proven"",""silver_equivalent_or_better_not_image_verified""]","{""artifact_schema"":""TRUELY_COLLECTABLES_DEAL_HUNTER_ARTIFACT_V1"",""deployment"":{""commitSha"":null,""environment"":""production"",""region"":null},""discovery_family_ids"":[""wnba.caitlin-clark.autograph-memorabilia""],""gateway_endpoint"":""https://truelycollectables.com/api/tcos/deal-hunter-native-ebay?perQuery=20&scope=wnba"",""gateway_host"":""https://truelycollectables.com"",""gateway_scopes"":[""wnba""],""listing_item_id"":""396189202905"",""native_schema"":""TCOS_NATIVE_EBAY_FEED_V1"",""producer_commit_sha"":""07471ae49901220d13073aab604afbb0e223e855"",""producer_run_id"":""31970958336"",""source"":""truelycollectables.com/native-ebay"",""source_queries"":[""Caitlin Clark WNBA rookie autograph auto patch memorabilia""],""token_mode"":""client_credentials""}"
cand-s14-ebay-353b60b3f5c0288e16d4,dh-20260731T184251Z-gha-recovery,14,2026-08-16T20:35:00.076Z,WNBA/broad_professional_rookies,Caitlin Clark,professional_wnba_rookie_card,eBay,4bases,,387708825827,https://www.ebay.com/itm/387708825827?_skw=Caitlin+Clark+Indiana+Fever+WNBA+rookie+card&hash=item5a453f30e3%3Ag%3A%7Ea8AAeSwC5Rpghy0&amdata=enc%3AAQALAAABEACCtXRWQnOEpyOqnQQ8KGb8OfA1rO%2BDAtKpj8f1QyrmQsB39TIvcZ9HIkOttnZ4Jtdbz83jJuZ4X4LbHKmvcITlGavMKCvFA4udqbmvAsSQ%2BZ3qgNjhc%2B4yrPj0rNQXHky8a5EMFy6fPTGvlAezjuRy%2FF2TMZc88JyJNVrbHDJ1e4zXFxfOq1LyzLrBewA0KQLYlbWCOcI3FSLvpFbxaBF1AiZ8%2BMWkhrNKi0ru7JgUGx%2BvbIkbr8LvIxqIc7vf2qdFYaXXWXF53Z0u97jq3DknR94JSfAuV2eUAzU8VXAXA5uIMUBIxZJqxIh%2FKCbgs41izEWA%2F5p2RYwY6Z6fpwTcQ1qyPG4cMTx7lKIRzv%2BN,LIVE,2024 Panini Donruss Caitlin Clark Indiana Fever Rookie Card #13 Gem Mint 10!,"{""preliminary_scope_status"":""IMAGE_OR_IDENTITY_REVIEW_REQUIRED"",""query_family_ids"":[""wnba.caitlin-clark.broad-professional-rookies""]}",{},,ebay|4bases|387708825827,https://i.ebayimg.com/images/g/~a8AAeSwC5Rpghy0/s-l225.jpg,,FALSE,FALSE,FALSE,,{},,,,NO,NO,GRADED,,,,Graded; seller/API claim only; front/back unverified.,UNKNOWN,"[""identity_and_images_unverified""]",22.49,,,,,,0,180,TRUE,,,,,,[],INSUFFICIENT,INSUFFICIENT,UNKNOWN,INSUFFICIENT,,,,,,,,,,,,,,,,,MANUAL REVIEW / UNPRICED,FALSE,FALSE,"[""exact_front_back_identity_not_verified"",""identical_completed_sales_not_persisted"",""delivered_acquisition_cost_incomplete"",""truely_collectables_owned_copy_exclusion_not_proven"",""silver_equivalent_or_better_not_image_verified"",""tier_not_proven_from_title_image_review_required""]","{""artifact_schema"":""TRUELY_COLLECTABLES_DEAL_HUNTER_ARTIFACT_V1"",""deployment"":{""commitSha"":null,""environment"":""production"",""region"":null},""discovery_family_ids"":[""wnba.caitlin-clark.broad-professional-rookies""],""gateway_endpoint"":""https://truelycollectables.com/api/tcos/deal-hunter-native-ebay?perQuery=20&scope=wnba"",""gateway_host"":""https://truelycollectables.com"",""gateway_scopes"":[""wnba""],""listing_item_id"":""387708825827"",""native_schema"":""TCOS_NATIVE_EBAY_FEED_V1"",""producer_commit_sha"":""07471ae49901220d13073aab604afbb0e223e855"",""producer_run_id"":""31970958336"",""source"":""truelycollectables.com/native-ebay"",""source_queries"":[""Caitlin Clark Indiana Fever WNBA rookie card""],""token_mode"":""client_credentials""}"
cand-s14-ebay-2831c1b945d8ab0f9921,dh-20260731T184251Z-gha-recovery,14,2026-08-16T20:35:00.076Z,WNBA/broad_professional_rookies,Caitlin Clark,professional_wnba_rookie_card,eBay,ticketgreat,,186724602032,https://www.ebay.com/itm/186724602032?_skw=Caitlin+Clark+Indiana+Fever+WNBA+rookie+card&hash=item2b79a750b0%3Ag%3ABhoAAOSwYeRnCEjK,LIVE,2024 Panini Instant WNBA Caitlin Clark ALL-ROOKIE TEAM 1/26980 SP Fever #247 RC,"{""preliminary_scope_status"":""DISCOVERY_SCOPE_PASS"",""query_family_ids"":[""wnba.caitlin-clark.broad-professional-rookies""]}",{},,ebay|ticketgreat|186724602032,https://i.ebayimg.com/images/g/BhoAAOSwYeRnCEjK/s-l225.jpg,,FALSE,FALSE,FALSE,,{},,,,NO,NO,RAW,,,,Ungraded; seller/API claim only; front/back unverified.,UNKNOWN,"[""identity_and_images_unverified""]",19.99,0.98,,,,,0,180,TRUE,,,,,,[],INSUFFICIENT,INSUFFICIENT,UNKNOWN,INSUFFICIENT,,,,,,,,,,,,,,,,,MANUAL REVIEW / UNPRICED,FALSE,FALSE,"[""exact_front_back_identity_not_verified"",""identical_completed_sales_not_persisted"",""delivered_acquisition_cost_incomplete"",""truely_collectables_owned_copy_exclusion_not_proven"",""silver_equivalent_or_better_not_image_verified""]","{""artifact_schema"":""TRUELY_COLLECTABLES_DEAL_HUNTER_ARTIFACT_V1"",""deployment"":{""commitSha"":null,""environment"":""production"",""region"":null},""discovery_family_ids"":[""wnba.caitlin-clark.broad-professional-rookies""],""gateway_endpoint"":""https://truelycollectables.com/api/tcos/deal-hunter-native-ebay?perQuery=20&scope=wnba"",""gateway_host"":""https://truelycollectables.com"",""gateway_scopes"":[""wnba""],""listing_item_id"":""186724602032"",""native_schema"":""TCOS_NATIVE_EBAY_FEED_V1"",""producer_commit_sha"":""07471ae49901220d13073aab604afbb0e223e855"",""producer_run_id"":""31970958336"",""source"":""truelycollectables.com/native-ebay"",""source_queries"":[""Caitlin Clark Indiana Fever WNBA rookie card""],""token_mode"":""client_credentials""}"
cand-s14-ebay-977156d428221ab960cf,dh-20260731T184251Z-gha-recovery,14,2026-08-16T20:35:00.076Z,WNBA/broad_professional_rookies,Caitlin Clark,professional_wnba_rookie_card,eBay,creativeimages68,,126692451599,https://www.ebay.com/itm/126692451599?_skw=Caitlin+Clark+Indiana+Fever+WNBA+rookie+card&hash=item1d7f75650f%3Ag%3ALs4AAOSwapJm8Ywe&amdata=enc%3AAQALAAABAACCtXRWQnOEpyOqnQQ8KGa%2FPgEFgqBiGfy3SGJgzICKI%2B5HnehFFuJXNy%2F6ojfur0oYNBxV1M%2B2ZulzXEwMFXh6XJW70VvUOyy9cKjWzHZuFPwdyWLh%2FQ%2FlaVOzyIVhBTDDJIXGStasgkt1UAA6m%2B4rsFaavZPKttju%2BBeId2S2ppabgRAVT2MrcuMZ3qNXDRz58lXTcMAn1%2BCDFAIyIn0NdFqRA7BCg7gB9Wkv1XjveSwBZL%2BNCfSRfBw%2FPpgVbOwk5qpD1mzw%2BUOIv%2BRC305jmvduT1LlxXyh47IqfQTHQDoRK5ozAfMNZtZ1Z0ZbUJMGaGXyPPZDxNg5OOxc5so%3D,LIVE,"Caitlin Clark Rookie of the Year WNBA Indiana Fever 8x10 RARE, HOT must have!","{""preliminary_scope_status"":""IMAGE_OR_IDENTITY_REVIEW_REQUIRED"",""query_family_ids"":[""wnba.caitlin-clark.broad-professional-rookies""]}",{},,ebay|creativeimages68|126692451599,https://i.ebayimg.com/images/g/Ls4AAOSwapJm8Ywe/s-l225.jpg,,FALSE,FALSE,FALSE,,{},,,,NO,NO,UNKNOWN,,,,New; seller/API claim only; front/back unverified.,UNKNOWN,"[""identity_and_images_unverified""]",8.75,,,,,,0,180,TRUE,,,,,,[],INSUFFICIENT,INSUFFICIENT,UNKNOWN,INSUFFICIENT,,,,,,,,,,,,,,,,,MANUAL REVIEW / UNPRICED,FALSE,FALSE,"[""exact_front_back_identity_not_verified"",""identical_completed_sales_not_persisted"",""delivered_acquisition_cost_incomplete"",""truely_collectables_owned_copy_exclusion_not_proven"",""silver_equivalent_or_better_not_image_verified"",""tier_not_proven_from_title_image_review_required""]","{""artifact_schema"":""TRUELY_COLLECTABLES_DEAL_HUNTER_ARTIFACT_V1"",""deployment"":{""commitSha"":null,""environment"":""production"",""region"":null},""discovery_family_ids"":[""wnba.caitlin-clark.broad-professional-rookies""],""gateway_endpoint"":""https://truelycollectables.com/api/tcos/deal-hunter-native-ebay?perQuery=20&scope=wnba"",""gateway_host"":""https://truelycollectables.com"",""gateway_scopes"":[""wnba""],""listing_item_id"":""126692451599"",""native_schema"":""TCOS_NATIVE_EBAY_FEED_V1"",""producer_commit_sha"":""07471ae49901220d13073aab604afbb0e223e855"",""producer_run_id"":""31970958336"",""source"":""truelycollectables.com/native-ebay"",""source_queries"":[""Caitlin Clark Indiana Fever WNBA rookie card""],""token_mode"":""client_credentials""}"
cand-s14-ebay-fffdfb524abd31846379,dh-20260731T184251Z-gha-recovery,14,2026-08-16T20:35:00.076Z,IVAN/professional_rookies,Ivan Demidov,professional_nhl_rookie_card,eBay,cardmovers,,336745780997,https://www.ebay.com/itm/336745780997?_skw=Ivan+Demidov+NHL+rookie+card&hash=item4e679cd705%3Ag%3AEEMAAeSwfjZqggNn,LIVE,2025-26 UD- O-Pee-Chee Glossy Ivan Demidov #OG-22 Gold (RC) & base card!,"{""preliminary_scope_status"":""DISCOVERY_SCOPE_PASS"",""query_family_ids"":[""ivan-demidov.professional-rookies""]}",{},,ebay|cardmovers|336745780997,https://i.ebayimg.com/images/g/EEMAAeSwfjZqggNn/s-l225.jpg,,FALSE,FALSE,FALSE,,{},,,,NO,NO,RAW,,,,Ungraded; seller/API claim only; front/back unverified.,UNKNOWN,"[""identity_and_images_unverified""]",6.25,0.25,,,,,0,180,TRUE,,,,,,[],INSUFFICIENT,INSUFFICIENT,UNKNOWN,INSUFFICIENT,,,,,,,,,,,,,,,,,MANUAL REVIEW / UNPRICED,FALSE,FALSE,"[""exact_front_back_identity_not_verified"",""identical_completed_sales_not_persisted"",""delivered_acquisition_cost_incomplete"",""truely_collectables_owned_copy_exclusion_not_proven""]","{""artifact_schema"":""TRUELY_COLLECTABLES_DEAL_HUNTER_ARTIFACT_V1"",""deployment"":{""commitSha"":null,""environment"":""production"",""region"":null},""discovery_family_ids"":[""ivan-demidov.professional-rookies""],""gateway_endpoint"":""https://truelycollectables.com/api/tcos/deal-hunter-native-ebay?perQuery=20&scope=ivan_demidov"",""gateway_host"":""https://truelycollectables.com"",""gateway_scopes"":[""ivan_demidov""],""listing_item_id"":""336745780997"",""native_schema"":""TCOS_NATIVE_EBAY_FEED_V1"",""producer_commit_sha"":""07471ae49901220d13073aab604afbb0e223e855"",""producer_run_id"":""31970958336"",""source"":""truelycollectables.com/native-ebay"",""source_queries"":[""Ivan Demidov NHL rookie card""],""token_mode"":""client_credentials""}"
cand-s14-ebay-d0dfe9638154a5821d1d,dh-20260731T184251Z-gha-recovery,14,2026-08-16T20:35:00.076Z,IVAN/professional_rookies,Ivan Demidov,professional_nhl_rookie_card,eBay,cardmovers,,336745768768,https://www.ebay.com/itm/336745768768?_skw=Ivan+Demidov+NHL+rookie+card&hash=item4e679ca740%3Ag%3ALQAAAeSwhKZqggFR,LIVE,2025-26 Ivan Demidov  Rookie Card Combo! #743 (RC) & Star Rookie!  Montreal,"{""preliminary_scope_status"":""DISCOVERY_SCOPE_PASS"",""query_family_ids"":[""ivan-demidov.professional-rookies""]}",{},,ebay|cardmovers|336745768768,https://i.ebayimg.com/images/g/LQAAAeSwhKZqggFR/s-l225.jpg,,FALSE,FALSE,FALSE,,{},,,,NO,NO,RAW,,,,Ungraded; seller/API claim only; front/back unverified.,UNKNOWN,"[""identity_and_images_unverified""]",4.75,0.25,,,,,0,180,TRUE,,,,,,[],INSUFFICIENT,INSUFFICIENT,UNKNOWN,INSUFFICIENT,,,,,,,,,,,,,,,,,MANUAL REVIEW / UNPRICED,FALSE,FALSE,"[""exact_front_back_identity_not_verified"",""identical_completed_sales_not_persisted"",""delivered_acquisition_cost_incomplete"",""truely_collectables_owned_copy_exclusion_not_proven""]","{""artifact_schema"":""TRUELY_COLLECTABLES_DEAL_HUNTER_ARTIFACT_V1"",""deployment"":{""commitSha"":null,""environment"":""production"",""region"":null},""discovery_family_ids"":[""ivan-demidov.professional-rookies""],""gateway_endpoint"":""https://truelycollectables.com/api/tcos/deal-hunter-native-ebay?perQuery=20&scope=ivan_demidov"",""gateway_host"":""https://truelycollectables.com"",""gateway_scopes"":[""ivan_demidov""],""listing_item_id"":""336745768768"",""native_schema"":""TCOS_NATIVE_EBAY_FEED_V1"",""producer_commit_sha"":""07471ae49901220d13073aab604afbb0e223e855"",""producer_run_id"":""31970958336"",""source"":""truelycollectables.com/native-ebay"",""source_queries"":[""Ivan Demidov NHL rookie card""],""token_mode"":""client_credentials""}"
cand-s14-ebay-306677b406ddd98a9a51,dh-20260731T184251Z-gha-recovery,14,2026-08-16T20:35:00.076Z,IVAN/professional_rookies,Ivan Demidov,professional_nhl_rookie_card,eBay,robdigz,,298593545145,https://www.ebay.com/itm/298593545145?_skw=Ivan+Demidov+NHL+rookie+card&hash=item45858febb9%3Ag%3AIdsAAeSw3DNqgf87,LIVE,2025-26 Parkhurst Rookies Ivan Demidov Rookie Card #236 Canadiens,"{""preliminary_scope_status"":""DISCOVERY_SCOPE_PASS"",""query_family_ids"":[""ivan-demidov.professional-rookies""]}",{},,ebay|robdigz|298593545145,https://i.ebayimg.com/images/g/IdsAAeSw3DNqgf87/s-l225.jpg,,FALSE,FALSE,FALSE,,{},,,,NO,NO,RAW,,,,Ungraded; seller/API claim only; front/back unverified.,UNKNOWN,"[""identity_and_images_unverified""]",3,,,,,,0,180,TRUE,,,,,,[],INSUFFICIENT,INSUFFICIENT,UNKNOWN,INSUFFICIENT,,,,,,,,,,,,,,,,,MANUAL REVIEW / UNPRICED,FALSE,FALSE,"[""exact_front_back_identity_not_verified"",""identical_completed_sales_not_persisted"",""delivered_acquisition_cost_incomplete"",""truely_collectables_owned_copy_exclusion_not_proven""]","{""artifact_schema"":""TRUELY_COLLECTABLES_DEAL_HUNTER_ARTIFACT_V1"",""deployment"":{""commitSha"":null,""environment"":""production"",""region"":null},""discovery_family_ids"":[""ivan-demidov.professional-rookies""],""gateway_endpoint"":""https://truelycollectables.com/api/tcos/deal-hunter-native-ebay?perQuery=20&scope=ivan_demidov"",""gateway_host"":""https://truelycollectables.com"",""gateway_scopes"":[""ivan_demidov""],""listing_item_id"":""298593545145"",""native_schema"":""TCOS_NATIVE_EBAY_FEED_V1"",""producer_commit_sha"":""07471ae49901220d13073aab604afbb0e223e855"",""producer_run_id"":""31970958336"",""source"":""truelycollectables.com/native-ebay"",""source_queries"":[""Ivan Demidov NHL rookie card""],""token_mode"":""client_credentials""}"
cand-s14-ebay-bff560d30e483925dcb6,dh-20260731T184251Z-gha-recovery,14,2026-08-16T20:35:00.076Z,IVAN/professional_rookies,Ivan Demidov,professional_nhl_rookie_card,eBay,cardhuntersnyc,,287528982171,https://www.ebay.com/itm/287528982171?_skw=Ivan+Demidov+NHL+rookie+card&hash=item42f210169b%3Ag%3AppYAAeSwHdJqgffu,LIVE,O-Pee-Chee Platinum Marquee Rookie Ivan Demidov #232 Canadiens NHL Rookie Base,"{""preliminary_scope_status"":""DISCOVERY_SCOPE_PASS"",""query_family_ids"":[""ivan-demidov.professional-rookies""]}",{},,ebay|cardhuntersnyc|287528982171,https://i.ebayimg.com/images/g/ppYAAeSwHdJqgffu/s-l225.jpg,,FALSE,FALSE,FALSE,,{},,,,NO,NO,RAW,,,,Ungraded; seller/API claim only; front/back unverified.,UNKNOWN,"[""identity_and_images_unverified""]",4.99,0,,,,,0,180,TRUE,,,,,,[],INSUFFICIENT,INSUFFICIENT,UNKNOWN,INSUFFICIENT,,,,,,,,,,,,,,,,,MANUAL REVIEW / UNPRICED,FALSE,FALSE,"[""exact_front_back_identity_not_verified"",""identical_completed_sales_not_persisted"",""delivered_acquisition_cost_incomplete"",""truely_collectables_owned_copy_exclusion_not_proven""]","{""artifact_schema"":""TRUELY_COLLECTABLES_DEAL_HUNTER_ARTIFACT_V1"",""deployment"":{""commitSha"":null,""environment"":""production"",""region"":null},""discovery_family_ids"":[""ivan-demidov.professional-rookies""],""gateway_endpoint"":""https://truelycollectables.com/api/tcos/deal-hunter-native-ebay?perQuery=20&scope=ivan_demidov"",""gateway_host"":""https://truelycollectables.com"",""gateway_scopes"":[""ivan_demidov""],""listing_item_id"":""287528982171"",""native_schema"":""TCOS_NATIVE_EBAY_FEED_V1"",""producer_commit_sha"":""07471ae49901220d13073aab604afbb0e223e855"",""producer_run_id"":""31970958336"",""source"":""truelycollectables.com/native-ebay"",""source_queries"":[""Ivan Demidov NHL rookie card""],""token_mode"":""client_credentials""}"
cand-s14-ebay-2b2cdcba90f472869a5f,dh-20260731T184251Z-gha-recovery,14,2026-08-16T20:35:00.076Z,IVAN/professional_rookies,Ivan Demidov,professional_nhl_rookie_card,eBay,paxonpacks,,366609616312,https://www.ebay.com/itm/366609616312?_skw=Ivan+Demidov+NHL+rookie+card&hash=item555ba2cdb8%3Ag%3AcpgAAeSwt99qgfdF,LIVE,2025-26 Parkhurst - Ivan Demidov #236 ROOKIE,"{""preliminary_scope_status"":""DISCOVERY_SCOPE_PASS"",""query_family_ids"":[""ivan-demidov.professional-rookies""]}",{},,ebay|paxonpacks|366609616312,https://i.ebayimg.com/images/g/cpgAAeSwt99qgfdF/s-l225.jpg,,FALSE,FALSE,FALSE,,{},,,,NO,NO,RAW,,,,Ungraded; seller/API claim only; front/back unverified.,UNKNOWN,"[""identity_and_images_unverified""]",3.5,,,,,,0,180,TRUE,,,,,,[],INSUFFICIENT,INSUFFICIENT,UNKNOWN,INSUFFICIENT,,,,,,,,,,,,,,,,,MANUAL REVIEW / UNPRICED,FALSE,FALSE,"[""exact_front_back_identity_not_verified"",""identical_completed_sales_not_persisted"",""delivered_acquisition_cost_incomplete"",""truely_collectables_owned_copy_exclusion_not_proven""]","{""artifact_schema"":""TRUELY_COLLECTABLES_DEAL_HUNTER_ARTIFACT_V1"",""deployment"":{""commitSha"":null,""environment"":""production"",""region"":null},""discovery_family_ids"":[""ivan-demidov.professional-rookies""],""gateway_endpoint"":""https://truelycollectables.com/api/tcos/deal-hunter-native-ebay?perQuery=20&scope=ivan_demidov"",""gateway_host"":""https://truelycollectables.com"",""gateway_scopes"":[""ivan_demidov""],""listing_item_id"":""366609616312"",""native_schema"":""TCOS_NATIVE_EBAY_FEED_V1"",""producer_commit_sha"":""07471ae49901220d13073aab604afbb0e223e855"",""producer_run_id"":""31970958336"",""source"":""truelycollectables.com/native-ebay"",""source_queries"":[""Ivan Demidov NHL rookie card""],""token_mode"":""client_credentials""}"
cand-s14-ebay-ae649d5c432465136c3f,dh-20260731T184251Z-gha-recovery,14,2026-08-16T20:35:00.076Z,IVAN/professional_rookies,Ivan Demidov,professional_nhl_rookie_card,eBay,jeremyscards,,366609299648,https://www.ebay.com/itm/366609299648?_skw=Ivan+Demidov+NHL+rookie+card&hash=item555b9df8c0%3Ag%3Ao1wAAeSwF%7Exqgcpy,LIVE,2025-26 Parkhurst Ivan Demidov Rookie RC #236 GOLD,"{""preliminary_scope_status"":""DISCOVERY_SCOPE_PASS"",""query_family_ids"":[""ivan-demidov.professional-rookies""]}",{},,ebay|jeremyscards|366609299648,https://i.ebayimg.com/images/g/o1wAAeSwF~xqgcpy/s-l225.jpg,,FALSE,FALSE,FALSE,,{},,,,NO,NO,RAW,,,,Ungraded; seller/API claim only; front/back unverified.,UNKNOWN,"[""identity_and_images_unverified""]",10,0,,,,,0,180,TRUE,,,,,,[],INSUFFICIENT,INSUFFICIENT,UNKNOWN,INSUFFICIENT,,,,,,,,,,,,,,,,,MANUAL REVIEW / UNPRICED,FALSE,FALSE,"[""exact_front_back_identity_not_verified"",""identical_completed_sales_not_persisted"",""delivered_acquisition_cost_incomplete"",""truely_collectables_owned_copy_exclusion_not_proven""]","{""artifact_schema"":""TRUELY_COLLECTABLES_DEAL_HUNTER_ARTIFACT_V1"",""deployment"":{""commitSha"":null,""environment"":""production"",""region"":null},""discovery_family_ids"":[""ivan-demidov.professional-rookies""],""gateway_endpoint"":""https://truelycollectables.com/api/tcos/deal-hunter-native-ebay?perQuery=20&scope=ivan_demidov"",""gateway_host"":""https://truelycollectables.com"",""gateway_scopes"":[""ivan_demidov""],""listing_item_id"":""366609299648"",""native_schema"":""TCOS_NATIVE_EBAY_FEED_V1"",""producer_commit_sha"":""07471ae49901220d13073aab604afbb0e223e855"",""producer_run_id"":""31970958336"",""source"":""truelycollectables.com/native-ebay"",""source_queries"":[""Ivan Demidov NHL rookie card""],""token_mode"":""client_credentials""}"
cand-s14-ebay-d2badf0e8be132d6a796,dh-20260731T184251Z-gha-recovery,14,2026-08-16T20:35:00.076Z,IVAN/professional_rookies,Ivan Demidov,professional_nhl_rookie_card,eBay,evscards99,,407148066518,https://www.ebay.com/itm/407148066518?_skw=Ivan+Demidov+NHL+rookie+card&hash=item5ecbea76d6%3Ag%3AZtsAAeSwoUJqgTrt,LIVE,2025-26 Upper Deck NHL Star Rookies Box Set Ivan Demidov #1 - Montreal Canadiens,"{""preliminary_scope_status"":""DISCOVERY_SCOPE_PASS"",""query_family_ids"":[""ivan-demidov.professional-rookies""]}",{},,ebay|evscards99|407148066518,https://i.ebayimg.com/images/g/ZtsAAeSwoUJqgTrt/s-l225.jpg,,FALSE,FALSE,FALSE,,{},,,,NO,NO,RAW,,,,Ungraded; seller/API claim only; front/back unverified.,UNKNOWN,"[""identity_and_images_unverified""]",1.89,0,,,,,0,180,TRUE,,,,,,[],INSUFFICIENT,INSUFFICIENT,UNKNOWN,INSUFFICIENT,,,,,,,,,,,,,,,,,MANUAL REVIEW / UNPRICED,FALSE,FALSE,"[""exact_front_back_identity_not_verified"",""identical_completed_sales_not_persisted"",""delivered_acquisition_cost_incomplete"",""truely_collectables_owned_copy_exclusion_not_proven""]","{""artifact_schema"":""TRUELY_COLLECTABLES_DEAL_HUNTER_ARTIFACT_V1"",""deployment"":{""commitSha"":null,""environment"":""production"",""region"":null},""discovery_family_ids"":[""ivan-demidov.professional-rookies""],""gateway_endpoint"":""https://truelycollectables.com/api/tcos/deal-hunter-native-ebay?perQuery=20&scope=ivan_demidov"",""gateway_host"":""https://truelycollectables.com"",""gateway_scopes"":[""ivan_demidov""],""listing_item_id"":""407148066518"",""native_schema"":""TCOS_NATIVE_EBAY_FEED_V1"",""producer_commit_sha"":""07471ae49901220d13073aab604afbb0e223e855"",""producer_run_id"":""31970958336"",""source"":""truelycollectables.com/native-ebay"",""source_queries"":[""Ivan Demidov NHL rookie card""],""token_mode"":""client_credentials""}"
cand-s14-ebay-2ccb308ba709ab4cc78e,dh-20260731T184251Z-gha-recovery,14,2026-08-16T20:35:00.076Z,IVAN/young_guns_parallels,Ivan Demidov,young_guns_rookie_parallel,eBay,hennyshockeycards,,377421948613,https://www.ebay.com/itm/377421948613?_skw=Ivan+Demidov+Young+Guns+rookie+parallel&hash=item57e019e6c5%3Ag%3ATWsAAeSwWatqgTUq,LIVE,2025-26 Upper Deck Series 1 - Young Guns Ivan Demidov #205 Outburst (RC) PSA 9,"{""preliminary_scope_status"":""DISCOVERY_SCOPE_PASS"",""query_family_ids"":[""ivan-demidov.young-guns-parallels""]}",{},,ebay|hennyshockeycards|377421948613,https://i.ebayimg.com/images/g/TWsAAeSwWatqgTUq/s-l225.jpg,,FALSE,FALSE,FALSE,,{},,,,NO,NO,GRADED,PSA,9,,Graded; seller/API claim only; front/back unverified.,UNKNOWN,"[""identity_and_images_unverified""]",799.99,,,,,,0,180,TRUE,,,,,,[],INSUFFICIENT,INSUFFICIENT,UNKNOWN,INSUFFICIENT,,,,,,,,,,,,,,,,,MANUAL REVIEW / UNPRICED,FALSE,FALSE,"[""exact_front_back_identity_not_verified"",""identical_completed_sales_not_persisted"",""delivered_acquisition_cost_incomplete"",""truely_collectables_owned_copy_exclusion_not_proven""]","{""artifact_schema"":""TRUELY_COLLECTABLES_DEAL_HUNTER_ARTIFACT_V1"",""deployment"":{""commitSha"":null,""environment"":""production"",""region"":null},""discovery_family_ids"":[""ivan-demidov.young-guns-parallels""],""gateway_endpoint"":""https://truelycollectables.com/api/tcos/deal-hunter-native-ebay?perQuery=20&scope=ivan_demidov"",""gateway_host"":""https://truelycollectables.com"",""gateway_scopes"":[""ivan_demidov""],""listing_item_id"":""377421948613"",""native_schema"":""TCOS_NATIVE_EBAY_FEED_V1"",""producer_commit_sha"":""07471ae49901220d13073aab604afbb0e223e855"",""producer_run_id"":""31970958336"",""source"":""truelycollectables.com/native-ebay"",""source_queries"":[""Ivan Demidov Young Guns rookie parallel""],""token_mode"":""client_credentials""}"
cand-s14-ebay-c45d6c9e779c622b45a2,dh-20260731T184251Z-gha-recovery,14,2026-08-16T20:35:00.076Z,IVAN/professional_rookies,Ivan Demidov,professional_nhl_rookie_card,eBay,hobbylife8,,820002734757,https://www.ebay.com/itm/820002734757?_skw=Ivan+Demidov+NHL+rookie+card&hash=itembeebf8c2a5%3Ag%3Al4EAAeSwxkhqf4Ol&amdata=enc%3AAQALAAABAACCtXRWQnOEpyOqnQQ8KGYci9wSho%2FWLgS3l4FaSLiQoDXEioBDxPFaGh5jA%2Fp8Tw943wtq1NKq64VfJfs1U8ygJ4rbbH2mHqnh3ze7bu9jHOTbLZ67mS3w%2FcAZ%2FiKLDVDeKHeumEPuRPFbOVCvfXll0FUUC0BecTCJQzFWoJJGFFGwkd9kTr4aBIqsJZKiBZ%2FfVRDqhu6c3lewzd9mT4ix2Ok6fQPcCSK6iYw3txwLbFTR1gfCyXdk%2FEZnvg%2BBYwb3Z4AQHIJ9dr%2FNmVZT29EmvTn81gTiPz6Eu4qSSQBnHmQ3I9nGewYceBAPSfPsCHmSArjbrI7UfTkrNxgdJI4%3D,LIVE,2025 Upper Deck Series 1 IVAN DEMIDOV Young Guns Rookie Card RC #205 Mint Gem,"{""preliminary_scope_status"":""DISCOVERY_SCOPE_PASS"",""query_family_ids"":[""ivan-demidov.professional-rookies"",""ivan-demidov.young-guns-parallels""]}",{},,ebay|hobbylife8|820002734757,https://i.ebayimg.com/images/g/l4EAAeSwxkhqf4Ol/s-l225.jpg,,FALSE,FALSE,FALSE,,{},,,,NO,NO,RAW,,,,Ungraded; seller/API claim only; front/back unverified.,UNKNOWN,"[""identity_and_images_unverified""]",118.92,,,,,,0,180,TRUE,,,,,,[],INSUFFICIENT,INSUFFICIENT,UNKNOWN,INSUFFICIENT,,,,,,,,,,,,,,,,,MANUAL REVIEW / UNPRICED,FALSE,FALSE,"[""exact_front_back_identity_not_verified"",""identical_completed_sales_not_persisted"",""delivered_acquisition_cost_incomplete"",""truely_collectables_owned_copy_exclusion_not_proven""]","{""artifact_schema"":""TRUELY_COLLECTABLES_DEAL_HUNTER_ARTIFACT_V1"",""deployment"":{""commitSha"":null,""environment"":""production"",""region"":null},""discovery_family_ids"":[""ivan-demidov.professional-rookies"",""ivan-demidov.young-guns-parallels""],""gateway_endpoint"":""https://truelycollectables.com/api/tcos/deal-hunter-native-ebay?perQuery=20&scope=ivan_demidov"",""gateway_host"":""https://truelycollectables.com"",""gateway_scopes"":[""ivan_demidov""],""listing_item_id"":""820002734757"",""native_schema"":""TCOS_NATIVE_EBAY_FEED_V1"",""producer_commit_sha"":""07471ae49901220d13073aab604afbb0e223e855"",""producer_run_id"":""31970958336"",""source"":""truelycollectables.com/native-ebay"",""source_queries"":[""Ivan Demidov NHL rookie card"",""Ivan Demidov Young Guns rookie parallel""],""token_mode"":""client_credentials""}"
cand-s14-ebay-8f123a189bf8b1b977ef,dh-20260731T184251Z-gha-recovery,14,2026-08-16T20:35:00.076Z,IVAN/professional_rookies,Ivan Demidov,professional_nhl_rookie_card,eBay,bouch_s,,318727903826,https://www.ebay.com/itm/318727903826?_skw=Ivan+Demidov+NHL+rookie+card&hash=item4a35a9da52%3Ag%3AhXIAAeSwnCZqfsNG,LIVE,IVAN DEMIDOV SIGNED CARD FIRST NHL GAME ROOKIE MOMENTS AUTHENTICATE FROM ACA,"{""preliminary_scope_status"":""DISCOVERY_SCOPE_PASS"",""query_family_ids"":[""ivan-demidov.professional-rookies""]}",{},,ebay|bouch-s|318727903826,https://i.ebayimg.com/images/g/hXIAAeSwnCZqfsNG/s-l225.jpg,,FALSE,FALSE,FALSE,,{},,,,CLAIMED_ONLY,NO,UNKNOWN,,,,Unknown; seller/API claim only; front/back unverified.,UNKNOWN,"[""identity_and_images_unverified""]",144.14,0,,,,,0,180,TRUE,,,,,,[],INSUFFICIENT,INSUFFICIENT,UNKNOWN,INSUFFICIENT,,,,,,,,,,,,,,,,,MANUAL REVIEW / UNPRICED,FALSE,FALSE,"[""exact_front_back_identity_not_verified"",""identical_completed_sales_not_persisted"",""delivered_acquisition_cost_incomplete"",""truely_collectables_owned_copy_exclusion_not_proven""]","{""artifact_schema"":""TRUELY_COLLECTABLES_DEAL_HUNTER_ARTIFACT_V1"",""deployment"":{""commitSha"":null,""environment"":""production"",""region"":null},""discovery_family_ids"":[""ivan-demidov.professional-rookies""],""gateway_endpoint"":""https://truelycollectables.com/api/tcos/deal-hunter-native-ebay?perQuery=20&scope=ivan_demidov"",""gateway_host"":""https://truelycollectables.com"",""gateway_scopes"":[""ivan_demidov""],""listing_item_id"":""318727903826"",""native_schema"":""TCOS_NATIVE_EBAY_FEED_V1"",""producer_commit_sha"":""07471ae49901220d13073aab604afbb0e223e855"",""producer_run_id"":""31970958336"",""source"":""truelycollectables.com/native-ebay"",""source_queries"":[""Ivan Demidov NHL rookie card""],""token_mode"":""client_credentials""}"
cand-s14-ebay-f8ea5266530f251b9f4d,dh-20260731T184251Z-gha-recovery,14,2026-08-16T20:35:00.076Z,IVAN/young_guns_parallels,Ivan Demidov,young_guns_rookie_parallel,eBay,massivemountainsofmedia,,327308819249,https://www.ebay.com/itm/327308819249?_skw=Ivan+Demidov+Young+Guns+rookie+parallel&hash=item4c35203b31%3Ag%3AYFIAAeSwZLVp5Xl8,LIVE,2025-26 Ivan Demidov Young Guns Silver Outburst BGS 9.5 Rookie #205 Canadiens RC,"{""preliminary_scope_status"":""DISCOVERY_SCOPE_PASS"",""query_family_ids"":[""ivan-demidov.young-guns-parallels""]}",{},,ebay|massivemountainsofmedia|327308819249,https://i.ebayimg.com/images/g/YFIAAeSwZLVp5Xl8/s-l225.jpg,,FALSE,FALSE,FALSE,,{},,,,NO,NO,GRADED,BGS,9.5,,Graded; seller/API claim only; front/back unverified.,UNKNOWN,"[""identity_and_images_unverified""]",799.99,0,,,,,0,180,TRUE,,,,,,[],INSUFFICIENT,INSUFFICIENT,UNKNOWN,INSUFFICIENT,,,,,,,,,,,,,,,,,MANUAL REVIEW / UNPRICED,FALSE,FALSE,"[""exact_front_back_identity_not_verified"",""identical_completed_sales_not_persisted"",""delivered_acquisition_cost_incomplete"",""truely_collectables_owned_copy_exclusion_not_proven""]","{""artifact_schema"":""TRUELY_COLLECTABLES_DEAL_HUNTER_ARTIFACT_V1"",""deployment"":{""commitSha"":null,""environment"":""production"",""region"":null},""discovery_family_ids"":[""ivan-demidov.young-guns-parallels""],""gateway_endpoint"":""https://truelycollectables.com/api/tcos/deal-hunter-native-ebay?perQuery=20&scope=ivan_demidov"",""gateway_host"":""https://truelycollectables.com"",""gateway_scopes"":[""ivan_demidov""],""listing_item_id"":""327308819249"",""native_schema"":""TCOS_NATIVE_EBAY_FEED_V1"",""producer_commit_sha"":""07471ae49901220d13073aab604afbb0e223e855"",""producer_run_id"":""31970958336"",""source"":""truelycollectables.com/native-ebay"",""source_queries"":[""Ivan Demidov Young Guns rookie parallel""],""token_mode"":""client_credentials""}"
cand-s14-ebay-ec67ba09b28b05489f5c,dh-20260731T184251Z-gha-recovery,14,2026-08-16T20:35:00.076Z,IVAN/young_guns_parallels,Ivan Demidov,young_guns_rookie_parallel,eBay,jer-1285,,800499869222,https://www.ebay.com/itm/800499869222?_skw=Ivan+Demidov+Young+Guns+rookie+parallel&hash=itemba6182a626%3Ag%3AxZgAAeSwVopqfTrF,LIVE,2025-26 UD Series 1 Young Guns RC (Holiday Green) Ivan Demidov #205 - Canadiens,"{""preliminary_scope_status"":""DISCOVERY_SCOPE_PASS"",""query_family_ids"":[""ivan-demidov.young-guns-parallels""]}",{},,ebay|jer-1285|800499869222,https://i.ebayimg.com/images/g/xZgAAeSwVopqfTrF/s-l225.jpg,,FALSE,FALSE,FALSE,,{},,,,NO,NO,RAW,,,,Ungraded; seller/API claim only; front/back unverified.,UNKNOWN,"[""identity_and_images_unverified""]",119,0,,,,,0,180,TRUE,,,,,,[],INSUFFICIENT,INSUFFICIENT,UNKNOWN,INSUFFICIENT,,,,,,,,,,,,,,,,,MANUAL REVIEW / UNPRICED,FALSE,FALSE,"[""exact_front_back_identity_not_verified"",""identical_completed_sales_not_persisted"",""delivered_acquisition_cost_incomplete"",""truely_collectables_owned_copy_exclusion_not_proven""]","{""artifact_schema"":""TRUELY_COLLECTABLES_DEAL_HUNTER_ARTIFACT_V1"",""deployment"":{""commitSha"":null,""environment"":""production"",""region"":null},""discovery_family_ids"":[""ivan-demidov.young-guns-parallels""],""gateway_endpoint"":""https://truelycollectables.com/api/tcos/deal-hunter-native-ebay?perQuery=20&scope=ivan_demidov"",""gateway_host"":""https://truelycollectables.com"",""gateway_scopes"":[""ivan_demidov""],""listing_item_id"":""800499869222"",""native_schema"":""TCOS_NATIVE_EBAY_FEED_V1"",""producer_commit_sha"":""07471ae49901220d13073aab604afbb0e223e855"",""producer_run_id"":""31970958336"",""source"":""truelycollectables.com/native-ebay"",""source_queries"":[""Ivan Demidov Young Guns rookie parallel""],""token_mode"":""client_credentials""}"
cand-s14-ebay-5a4d9bca0b6b11a63cd5,dh-20260731T184251Z-gha-recovery,14,2026-08-16T20:35:00.076Z,IVAN/young_guns_parallels,Ivan Demidov,young_guns_rookie_parallel,eBay,oxfordrebel757,,188779049710,https://www.ebay.com/itm/188779049710?_skw=Ivan+Demidov+Young+Guns+rookie+parallel&hash=item2bf41bb2ee%3Ag%3AYJEAAeSwRQxqe8YC,LIVE,2025-26 Upper Deck Series 1 - Young Guns Ivan Demidov #205 Oversized (RC),"{""preliminary_scope_status"":""DISCOVERY_SCOPE_PASS"",""query_family_ids"":[""ivan-demidov.young-guns-parallels""]}",{},,ebay|oxfordrebel757|188779049710,https://i.ebayimg.com/images/g/YJEAAeSwRQxqe8YC/s-l225.jpg,,FALSE,FALSE,FALSE,,{},,,,NO,NO,RAW,,,,Ungraded; seller/API claim only; front/back unverified.,UNKNOWN,"[""identity_and_images_unverified""]",45,,,,,,0,180,TRUE,,,,,,[],INSUFFICIENT,INSUFFICIENT,UNKNOWN,INSUFFICIENT,,,,,,,,,,,,,,,,,MANUAL REVIEW / UNPRICED,FALSE,FALSE,"[""exact_front_back_identity_not_verified"",""identical_completed_sales_not_persisted"",""delivered_acquisition_cost_incomplete"",""truely_collectables_owned_copy_exclusion_not_proven""]","{""artifact_schema"":""TRUELY_COLLECTABLES_DEAL_HUNTER_ARTIFACT_V1"",""deployment"":{""commitSha"":null,""environment"":""production"",""region"":null},""discovery_family_ids"":[""ivan-demidov.young-guns-parallels""],""gateway_endpoint"":""https://truelycollectables.com/api/tcos/deal-hunter-native-ebay?perQuery=20&scope=ivan_demidov"",""gateway_host"":""https://truelycollectables.com"",""gateway_scopes"":[""ivan_demidov""],""listing_item_id"":""188779049710"",""native_schema"":""TCOS_NATIVE_EBAY_FEED_V1"",""producer_commit_sha"":""07471ae49901220d13073aab604afbb0e223e855"",""producer_run_id"":""31970958336"",""source"":""truelycollectables.com/native-ebay"",""source_queries"":[""Ivan Demidov Young Guns rookie parallel""],""token_mode"":""client_credentials""}"
cand-s14-ebay-d4f0d58bd9904148d7d5,dh-20260731T184251Z-gha-recovery,14,2026-08-16T20:35:00.076Z,IVAN/autograph_memorabilia,Ivan Demidov,nhl_rookie_autograph_memorabilia,eBay,josdebl_40,,158174535323,https://www.ebay.com/itm/158174535323?_skw=Ivan+Demidov+NHL+rookie+autograph+patch+memorabilia&hash=item24d3efde9b%3Ag%3AAuwAAeSwC-Fqel0h,LIVE,Upper Deck 2025-26 SP Authentic Ivan Demidov  Patch Auto RC #149 /25  (SSP),"{""preliminary_scope_status"":""DISCOVERY_SCOPE_PASS"",""query_family_ids"":[""ivan-demidov.autograph-memorabilia""]}",{},,ebay|josdebl-40|158174535323,https://i.ebayimg.com/images/g/AuwAAeSwC-Fqel0h/s-l225.jpg,,FALSE,FALSE,FALSE,,{},,,,CLAIMED_ONLY,CLAIMED_ONLY,RAW,,,,Ungraded; seller/API claim only; front/back unverified.,UNKNOWN,"[""identity_and_images_unverified""]",5250,,,,,,0,180,TRUE,,,,,,[],INSUFFICIENT,INSUFFICIENT,UNKNOWN,INSUFFICIENT,,,,,,,,,,,,,,,,,MANUAL REVIEW / UNPRICED,FALSE,FALSE,"[""exact_front_back_identity_not_verified"",""identical_completed_sales_not_persisted"",""delivered_acquisition_cost_incomplete"",""truely_collectables_owned_copy_exclusion_not_proven""]","{""artifact_schema"":""TRUELY_COLLECTABLES_DEAL_HUNTER_ARTIFACT_V1"",""deployment"":{""commitSha"":null,""environment"":""production"",""region"":null},""discovery_family_ids"":[""ivan-demidov.autograph-memorabilia""],""gateway_endpoint"":""https://truelycollectables.com/api/tcos/deal-hunter-native-ebay?perQuery=20&scope=ivan_demidov"",""gateway_host"":""https://truelycollectables.com"",""gateway_scopes"":[""ivan_demidov""],""listing_item_id"":""158174535323"",""native_schema"":""TCOS_NATIVE_EBAY_FEED_V1"",""producer_commit_sha"":""07471ae49901220d13073aab604afbb0e223e855"",""producer_run_id"":""31970958336"",""source"":""truelycollectables.com/native-ebay"",""source_queries"":[""Ivan Demidov NHL rookie autograph patch memorabilia""],""token_mode"":""client_credentials""}"
cand-s14-ebay-1f83ca9e4c6986f8e78d,dh-20260731T184251Z-gha-recovery,14,2026-08-16T20:35:00.076Z,IVAN/young_guns_parallels,Ivan Demidov,young_guns_rookie_parallel,eBay,comc_consignment,,257673340406,https://www.ebay.com/itm/257673340406?_skw=Ivan+Demidov+Young+Guns+rookie+parallel&hash=item3bfe8725f6%3Ag%3A6XIAAeSw-h9qekME,LIVE,2025-26 Upper Deck Series 1 Young Guns Outburst Ivan Demidov #205 Rookie RC 04e2,"{""preliminary_scope_status"":""DISCOVERY_SCOPE_PASS"",""query_family_ids"":[""ivan-demidov.young-guns-parallels""]}",{},,ebay|comc-consignment|257673340406,https://i.ebayimg.com/images/g/6XIAAeSw-h9qekME/s-l225.jpg,,FALSE,FALSE,FALSE,,{},,,,NO,NO,RAW,,,,Ungraded; seller/API claim only; front/back unverified.,UNKNOWN,"[""identity_and_images_unverified""]",910.55,4.99,,,,,0,180,TRUE,,,,,,[],INSUFFICIENT,INSUFFICIENT,UNKNOWN,INSUFFICIENT,,,,,,,,,,,,,,,,,MANUAL REVIEW / UNPRICED,FALSE,FALSE,"[""exact_front_back_identity_not_verified"",""identical_completed_sales_not_persisted"",""delivered_acquisition_cost_incomplete"",""truely_collectables_owned_copy_exclusion_not_proven""]","{""artifact_schema"":""TRUELY_COLLECTABLES_DEAL_HUNTER_ARTIFACT_V1"",""deployment"":{""commitSha"":null,""environment"":""production"",""region"":null},""discovery_family_ids"":[""ivan-demidov.young-guns-parallels""],""gateway_endpoint"":""https://truelycollectables.com/api/tcos/deal-hunter-native-ebay?perQuery=20&scope=ivan_demidov"",""gateway_host"":""https://truelycollectables.com"",""gateway_scopes"":[""ivan_demidov""],""listing_item_id"":""257673340406"",""native_schema"":""TCOS_NATIVE_EBAY_FEED_V1"",""producer_commit_sha"":""07471ae49901220d13073aab604afbb0e223e855"",""producer_run_id"":""31970958336"",""source"":""truelycollectables.com/native-ebay"",""source_queries"":[""Ivan Demidov Young Guns rookie parallel""],""token_mode"":""client_credentials""}"
cand-s14-ebay-2ab94936322e2a5cd409,dh-20260731T184251Z-gha-recovery,14,2026-08-16T20:35:00.076Z,IVAN/autograph_memorabilia,Ivan Demidov,nhl_rookie_autograph_memorabilia,eBay,racschlu-0,,236996675831,https://www.ebay.com/itm/236996675831?_skw=Ivan+Demidov+NHL+rookie+autograph+patch+memorabilia&hash=item372e1a48f7%3Ag%3A5ogAAeSw1WFqeT8S,LIVE,Upper Deck Ultimate Ivan Demidov Rookie Signatures RC Auto Patch 5/5 RSM-ID,"{""preliminary_scope_status"":""DISCOVERY_SCOPE_PASS"",""query_family_ids"":[""ivan-demidov.autograph-memorabilia""]}",{},,ebay|racschlu-0|236996675831,https://i.ebayimg.com/images/g/5ogAAeSw1WFqeT8S/s-l225.jpg,,FALSE,FALSE,FALSE,,{},,,,CLAIMED_ONLY,CLAIMED_ONLY,RAW,,,,Ungraded; seller/API claim only; front/back unverified.,UNKNOWN,"[""identity_and_images_unverified""]",7500,,,,,,0,180,TRUE,,,,,,[],INSUFFICIENT,INSUFFICIENT,UNKNOWN,INSUFFICIENT,,,,,,,,,,,,,,,,,MANUAL REVIEW / UNPRICED,FALSE,FALSE,"[""exact_front_back_identity_not_verified"",""identical_completed_sales_not_persisted"",""delivered_acquisition_cost_incomplete"",""truely_collectables_owned_copy_exclusion_not_proven""]","{""artifact_schema"":""TRUELY_COLLECTABLES_DEAL_HUNTER_ARTIFACT_V1"",""deployment"":{""commitSha"":null,""environment"":""production"",""region"":null},""discovery_family_ids"":[""ivan-demidov.autograph-memorabilia""],""gateway_endpoint"":""https://truelycollectables.com/api/tcos/deal-hunter-native-ebay?perQuery=20&scope=ivan_demidov"",""gateway_host"":""https://truelycollectables.com"",""gateway_scopes"":[""ivan_demidov""],""listing_item_id"":""236996675831"",""native_schema"":""TCOS_NATIVE_EBAY_FEED_V1"",""producer_commit_sha"":""07471ae49901220d13073aab604afbb0e223e855"",""producer_run_id"":""31970958336"",""source"":""truelycollectables.com/native-ebay"",""source_queries"":[""Ivan Demidov NHL rookie autograph patch memorabilia""],""token_mode"":""client_credentials""}"
cand-s14-ebay-cd29cbbd4fb79762e1d0,dh-20260731T184251Z-gha-recovery,14,2026-08-16T20:35:00.076Z,IVAN/young_guns_parallels,Ivan Demidov,young_guns_rookie_parallel,eBay,ericgauthier557,,358906127868,https://www.ebay.com/itm/358906127868?_skw=Ivan+Demidov+Young+Guns+rookie+parallel&hash=item539078e5fc%3Ag%3Au-4AAeSwr-1qeSTl,LIVE,2025-26 Ivan Demidov / Artyom Levshunov UD Series 1 Young Guns #250 RC,"{""preliminary_scope_status"":""DISCOVERY_SCOPE_PASS"",""query_family_ids"":[""ivan-demidov.young-guns-parallels""]}",{},,ebay|ericgauthier557|358906127868,https://i.ebayimg.com/images/g/u-4AAeSwr-1qeSTl/s-l225.jpg,,FALSE,FALSE,FALSE,,{},,,,NO,NO,RAW,,,,Ungraded; seller/API claim only; front/back unverified.,UNKNOWN,"[""identity_and_images_unverified""]",2.99,,,,,,0,180,TRUE,,,,,,[],INSUFFICIENT,INSUFFICIENT,UNKNOWN,INSUFFICIENT,,,,,,,,,,,,,,,,,MANUAL REVIEW / UNPRICED,FALSE,FALSE,"[""exact_front_back_identity_not_verified"",""identical_completed_sales_not_persisted"",""delivered_acquisition_cost_incomplete"",""truely_collectables_owned_copy_exclusion_not_proven""]","{""artifact_schema"":""TRUELY_COLLECTABLES_DEAL_HUNTER_ARTIFACT_V1"",""deployment"":{""commitSha"":null,""environment"":""production"",""region"":null},""discovery_family_ids"":[""ivan-demidov.young-guns-parallels""],""gateway_endpoint"":""https://truelycollectables.com/api/tcos/deal-hunter-native-ebay?perQuery=20&scope=ivan_demidov"",""gateway_host"":""https://truelycollectables.com"",""gateway_scopes"":[""ivan_demidov""],""listing_item_id"":""358906127868"",""native_schema"":""TCOS_NATIVE_EBAY_FEED_V1"",""producer_commit_sha"":""07471ae49901220d13073aab604afbb0e223e855"",""producer_run_id"":""31970958336"",""source"":""truelycollectables.com/native-ebay"",""source_queries"":[""Ivan Demidov Young Guns rookie parallel""],""token_mode"":""client_credentials""}"
cand-s14-ebay-adc8ce1cc54ba841789e,dh-20260731T184251Z-gha-recovery,14,2026-08-16T20:35:00.076Z,IVAN/young_guns_parallels,Ivan Demidov,young_guns_rookie_parallel,eBay,hitz-rip.pull.repeat,,278254460439,https://www.ebay.com/itm/278254460439?_skw=Ivan+Demidov+Young+Guns+rookie+parallel&hash=item40c9421e17%3Ag%3ARk0AAeSwPoZqdSrg,LIVE,Young Guns Outburst 2025-26 Upper Deck Ivan Demidov #205 Montreal Canadiens,"{""preliminary_scope_status"":""DISCOVERY_SCOPE_PASS"",""query_family_ids"":[""ivan-demidov.young-guns-parallels""]}",{},,ebay|hitz-rip-pull-repeat|278254460439,https://i.ebayimg.com/images/g/Rk0AAeSwPoZqdSrg/s-l225.jpg,,FALSE,FALSE,FALSE,,{},,,,NO,NO,RAW,,,,Ungraded; seller/API claim only; front/back unverified.,UNKNOWN,"[""identity_and_images_unverified""]",515.32,10.8,,,,,0,180,TRUE,,,,,,[],INSUFFICIENT,INSUFFICIENT,UNKNOWN,INSUFFICIENT,,,,,,,,,,,,,,,,,MANUAL REVIEW / UNPRICED,FALSE,FALSE,"[""exact_front_back_identity_not_verified"",""identical_completed_sales_not_persisted"",""delivered_acquisition_cost_incomplete"",""truely_collectables_owned_copy_exclusion_not_proven""]","{""artifact_schema"":""TRUELY_COLLECTABLES_DEAL_HUNTER_ARTIFACT_V1"",""deployment"":{""commitSha"":null,""environment"":""production"",""region"":null},""discovery_family_ids"":[""ivan-demidov.young-guns-parallels""],""gateway_endpoint"":""https://truelycollectables.com/api/tcos/deal-hunter-native-ebay?perQuery=20&scope=ivan_demidov"",""gateway_host"":""https://truelycollectables.com"",""gateway_scopes"":[""ivan_demidov""],""listing_item_id"":""278254460439"",""native_schema"":""TCOS_NATIVE_EBAY_FEED_V1"",""producer_commit_sha"":""07471ae49901220d13073aab604afbb0e223e855"",""producer_run_id"":""31970958336"",""source"":""truelycollectables.com/native-ebay"",""source_queries"":[""Ivan Demidov Young Guns rookie parallel""],""token_mode"":""client_credentials""}"
cand-s14-ebay-052a2a3f082615aaae17,dh-20260731T184251Z-gha-recovery,14,2026-08-16T20:35:00.076Z,IVAN/young_guns_parallels,Ivan Demidov,young_guns_rookie_parallel,eBay,niprav19,,307105463186,https://www.ebay.com/itm/307105463186?_skw=Ivan+Demidov+Young+Guns+rookie+parallel&hash=item4780e97b92%3Ag%3A7vUAAeSwuzZqcVJg,LIVE,2025-26 Upper Deck Series 1 - Young Guns Ivan Demidov #205 Clear Cut (RC),"{""preliminary_scope_status"":""DISCOVERY_SCOPE_PASS"",""query_family_ids"":[""ivan-demidov.young-guns-parallels""]}",{},,ebay|niprav19|307105463186,https://i.ebayimg.com/images/g/7vUAAeSwuzZqcVJg/s-l225.jpg,,FALSE,FALSE,FALSE,,{},,,,NO,NO,RAW,,,,Ungraded; seller/API claim only; front/back unverified.,UNKNOWN,"[""identity_and_images_unverified""]",849.95,,,,,,0,180,TRUE,,,,,,[],INSUFFICIENT,INSUFFICIENT,UNKNOWN,INSUFFICIENT,,,,,,,,,,,,,,,,,MANUAL REVIEW / UNPRICED,FALSE,FALSE,"[""exact_front_back_identity_not_verified"",""identical_completed_sales_not_persisted"",""delivered_acquisition_cost_incomplete"",""truely_collectables_owned_copy_exclusion_not_proven""]","{""artifact_schema"":""TRUELY_COLLECTABLES_DEAL_HUNTER_ARTIFACT_V1"",""deployment"":{""commitSha"":null,""environment"":""production"",""region"":null},""discovery_family_ids"":[""ivan-demidov.young-guns-parallels""],""gateway_endpoint"":""https://truelycollectables.com/api/tcos/deal-hunter-native-ebay?perQuery=20&scope=ivan_demidov"",""gateway_host"":""https://truelycollectables.com"",""gateway_scopes"":[""ivan_demidov""],""listing_item_id"":""307105463186"",""native_schema"":""TCOS_NATIVE_EBAY_FEED_V1"",""producer_commit_sha"":""07471ae49901220d13073aab604afbb0e223e855"",""producer_run_id"":""31970958336"",""source"":""truelycollectables.com/native-ebay"",""source_queries"":[""Ivan Demidov Young Guns rookie parallel""],""token_mode"":""client_credentials""}"
cand-s14-ebay-600238947d481ccab11e,dh-20260731T184251Z-gha-recovery,14,2026-08-16T20:35:00.076Z,IVAN/young_guns_parallels,Ivan Demidov,young_guns_rookie_parallel,eBay,flatiron_cards,,358879005561,https://www.ebay.com/itm/358879005561?_skw=Ivan+Demidov+Young+Guns+rookie+parallel&hash=item538edb0b79%3Ag%3AB5MAAeSw7dlqcLkd,LIVE,Ivan Demidov 2025-26 Upper Deck Young Guns Outburst PSA 9,"{""preliminary_scope_status"":""DISCOVERY_SCOPE_PASS"",""query_family_ids"":[""ivan-demidov.young-guns-parallels""]}",{},,ebay|flatiron-cards|358879005561,https://i.ebayimg.com/images/g/B5MAAeSw7dlqcLkd/s-l225.jpg,,FALSE,FALSE,FALSE,,{},,,,NO,NO,GRADED,PSA,9,,Graded; seller/API claim only; front/back unverified.,UNKNOWN,"[""identity_and_images_unverified""]",529.99,7.5,,,,,0,180,TRUE,,,,,,[],INSUFFICIENT,INSUFFICIENT,UNKNOWN,INSUFFICIENT,,,,,,,,,,,,,,,,,MANUAL REVIEW / UNPRICED,FALSE,FALSE,"[""exact_front_back_identity_not_verified"",""identical_completed_sales_not_persisted"",""delivered_acquisition_cost_incomplete"",""truely_collectables_owned_copy_exclusion_not_proven""]","{""artifact_schema"":""TRUELY_COLLECTABLES_DEAL_HUNTER_ARTIFACT_V1"",""deployment"":{""commitSha"":null,""environment"":""production"",""region"":null},""discovery_family_ids"":[""ivan-demidov.young-guns-parallels""],""gateway_endpoint"":""https://truelycollectables.com/api/tcos/deal-hunter-native-ebay?perQuery=20&scope=ivan_demidov"",""gateway_host"":""https://truelycollectables.com"",""gateway_scopes"":[""ivan_demidov""],""listing_item_id"":""358879005561"",""native_schema"":""TCOS_NATIVE_EBAY_FEED_V1"",""producer_commit_sha"":""07471ae49901220d13073aab604afbb0e223e855"",""producer_run_id"":""31970958336"",""source"":""truelycollectables.com/native-ebay"",""source_queries"":[""Ivan Demidov Young Guns rookie parallel""],""token_mode"":""client_credentials""}"
cand-s14-ebay-47d96870719eaf9926b2,dh-20260731T184251Z-gha-recovery,14,2026-08-16T20:35:00.076Z,IVAN/professional_rookies,Ivan Demidov,professional_nhl_rookie_card,eBay,laventure,,206457465249,https://www.ebay.com/itm/206457465249?_skw=Ivan+Demidov+NHL+rookie+card&hash=item3011d2e9a1%3Ag%3A3VgAAeSwW9Vpd9Ig,LIVE,2024-25 Ivan Demidov NHL Topps Now Rookie Card #159 MINT Graded 10,"{""preliminary_scope_status"":""DISCOVERY_SCOPE_PASS"",""query_family_ids"":[""ivan-demidov.professional-rookies""]}",{},,ebay|laventure|206457465249,https://i.ebayimg.com/images/g/3VgAAeSwW9Vpd9Ig/s-l225.jpg,,FALSE,FALSE,FALSE,,{},,,,NO,NO,GRADED,,,,Graded; seller/API claim only; front/back unverified.,UNKNOWN,"[""identity_and_images_unverified""]",44.95,5.99,,,,,0,180,TRUE,,,,,,[],INSUFFICIENT,INSUFFICIENT,UNKNOWN,INSUFFICIENT,,,,,,,,,,,,,,,,,MANUAL REVIEW / UNPRICED,FALSE,FALSE,"[""exact_front_back_identity_not_verified"",""identical_completed_sales_not_persisted"",""delivered_acquisition_cost_incomplete"",""truely_collectables_owned_copy_exclusion_not_proven""]","{""artifact_schema"":""TRUELY_COLLECTABLES_DEAL_HUNTER_ARTIFACT_V1"",""deployment"":{""commitSha"":null,""environment"":""production"",""region"":null},""discovery_family_ids"":[""ivan-demidov.professional-rookies""],""gateway_endpoint"":""https://truelycollectables.com/api/tcos/deal-hunter-native-ebay?perQuery=20&scope=ivan_demidov"",""gateway_host"":""https://truelycollectables.com"",""gateway_scopes"":[""ivan_demidov""],""listing_item_id"":""206457465249"",""native_schema"":""TCOS_NATIVE_EBAY_FEED_V1"",""producer_commit_sha"":""07471ae49901220d13073aab604afbb0e223e855"",""producer_run_id"":""31970958336"",""source"":""truelycollectables.com/native-ebay"",""source_queries"":[""Ivan Demidov NHL rookie card""],""token_mode"":""client_credentials""}"
cand-s14-ebay-1191ec60abe0412989a2,dh-20260731T184251Z-gha-recovery,14,2026-08-16T20:35:00.076Z,IVAN/professional_rookies,Ivan Demidov,professional_nhl_rookie_card,eBay,yulgar_25,,407109704741,https://www.ebay.com/itm/407109704741?_skw=Ivan+Demidov+NHL+rookie+card&hash=item5ec9a11c25%3Ag%3AZ38AAeSw8vVqbB5p,LIVE,Upper Deck 2025-26 Flair Ivan Demidov #190 Rookie Montreal Canadiens NHL,"{""preliminary_scope_status"":""DISCOVERY_SCOPE_PASS"",""query_family_ids"":[""ivan-demidov.professional-rookies""]}",{},,ebay|yulgar-25|407109704741,https://i.ebayimg.com/images/g/Z38AAeSw8vVqbB5p/s-l225.jpg,,FALSE,FALSE,FALSE,,{},,,,NO,NO,RAW,,,,Ungraded; seller/API claim only; front/back unverified.,UNKNOWN,"[""identity_and_images_unverified""]",14,0,,,,,0,180,TRUE,,,,,,[],INSUFFICIENT,INSUFFICIENT,UNKNOWN,INSUFFICIENT,,,,,,,,,,,,,,,,,MANUAL REVIEW / UNPRICED,FALSE,FALSE,"[""exact_front_back_identity_not_verified"",""identical_completed_sales_not_persisted"",""delivered_acquisition_cost_incomplete"",""truely_collectables_owned_copy_exclusion_not_proven""]","{""artifact_schema"":""TRUELY_COLLECTABLES_DEAL_HUNTER_ARTIFACT_V1"",""deployment"":{""commitSha"":null,""environment"":""production"",""region"":null},""discovery_family_ids"":[""ivan-demidov.professional-rookies""],""gateway_endpoint"":""https://truelycollectables.com/api/tcos/deal-hunter-native-ebay?perQuery=20&scope=ivan_demidov"",""gateway_host"":""https://truelycollectables.com"",""gateway_scopes"":[""ivan_demidov""],""listing_item_id"":""407109704741"",""native_schema"":""TCOS_NATIVE_EBAY_FEED_V1"",""producer_commit_sha"":""07471ae49901220d13073aab604afbb0e223e855"",""producer_run_id"":""31970958336"",""source"":""truelycollectables.com/native-ebay"",""source_queries"":[""Ivan Demidov NHL rookie card""],""token_mode"":""client_credentials""}"
cand-s14-ebay-7e0374640e6332dd560e,dh-20260731T184251Z-gha-recovery,14,2026-08-16T20:35:00.076Z,IVAN/professional_rookies,Ivan Demidov,professional_nhl_rookie_card,eBay,fatherandsonssportscards92,,336712152518,https://www.ebay.com/itm/336712152518?_skw=Ivan+Demidov+NHL+rookie+card&hash=item4e659bb5c6%3Ag%3A%7EE8AAeSwkB5qZ%7En9,LIVE,Upper Deck SP 2025-26 Rookie Authentics Ivan Demidov Blue #137 Canadiens NHL,"{""preliminary_scope_status"":""DISCOVERY_SCOPE_PASS"",""query_family_ids"":[""ivan-demidov.professional-rookies""]}",{},,ebay|fatherandsonssportscards92|336712152518,https://i.ebayimg.com/images/g/~E8AAeSwkB5qZ~n9/s-l225.jpg,,FALSE,FALSE,FALSE,,{},,,,NO,NO,RAW,,,,Ungraded; seller/API claim only; front/back unverified.,UNKNOWN,"[""identity_and_images_unverified""]",2.75,,,,,,0,180,TRUE,,,,,,[],INSUFFICIENT,INSUFFICIENT,UNKNOWN,INSUFFICIENT,,,,,,,,,,,,,,,,,MANUAL REVIEW / UNPRICED,FALSE,FALSE,"[""exact_front_back_identity_not_verified"",""identical_completed_sales_not_persisted"",""delivered_acquisition_cost_incomplete"",""truely_collectables_owned_copy_exclusion_not_proven""]","{""artifact_schema"":""TRUELY_COLLECTABLES_DEAL_HUNTER_ARTIFACT_V1"",""deployment"":{""commitSha"":null,""environment"":""production"",""region"":null},""discovery_family_ids"":[""ivan-demidov.professional-rookies""],""gateway_endpoint"":""https://truelycollectables.com/api/tcos/deal-hunter-native-ebay?perQuery=20&scope=ivan_demidov"",""gateway_host"":""https://truelycollectables.com"",""gateway_scopes"":[""ivan_demidov""],""listing_item_id"":""336712152518"",""native_schema"":""TCOS_NATIVE_EBAY_FEED_V1"",""producer_commit_sha"":""07471ae49901220d13073aab604afbb0e223e855"",""producer_run_id"":""31970958336"",""source"":""truelycollectables.com/native-ebay"",""source_queries"":[""Ivan Demidov NHL rookie card""],""token_mode"":""client_credentials""}"
cand-s14-ebay-378fcf1929204ce3d404,dh-20260731T184251Z-gha-recovery,14,2026-08-16T20:35:00.076Z,IVAN/young_guns_parallels,Ivan Demidov,young_guns_rookie_parallel,eBay,chap1515,,407144572477,https://www.ebay.com/itm/407144572477?_skw=Ivan+Demidov+Young+Guns+rookie+parallel&hash=item5ecbb5263d%3Ag%3ATKAAAeSwKzZqY7xX,LIVE,2025-26 Upper Deck Series 1 - Young Guns Ivan Demidov #205 Silver Foil (RC),"{""preliminary_scope_status"":""DISCOVERY_SCOPE_PASS"",""query_family_ids"":[""ivan-demidov.young-guns-parallels""]}",{},,ebay|chap1515|407144572477,https://i.ebayimg.com/images/g/TKAAAeSwKzZqY7xX/s-l225.jpg,,FALSE,FALSE,FALSE,,{},,,,NO,NO,GRADED,,,,Graded; seller/API claim only; front/back unverified.,UNKNOWN,"[""identity_and_images_unverified""]",600,,,,,,0,180,TRUE,,,,,,[],INSUFFICIENT,INSUFFICIENT,UNKNOWN,INSUFFICIENT,,,,,,,,,,,,,,,,,MANUAL REVIEW / UNPRICED,FALSE,FALSE,"[""exact_front_back_identity_not_verified"",""identical_completed_sales_not_persisted"",""delivered_acquisition_cost_incomplete"",""truely_collectables_owned_copy_exclusion_not_proven""]","{""artifact_schema"":""TRUELY_COLLECTABLES_DEAL_HUNTER_ARTIFACT_V1"",""deployment"":{""commitSha"":null,""environment"":""production"",""region"":null},""discovery_family_ids"":[""ivan-demidov.young-guns-parallels""],""gateway_endpoint"":""https://truelycollectables.com/api/tcos/deal-hunter-native-ebay?perQuery=20&scope=ivan_demidov"",""gateway_host"":""https://truelycollectables.com"",""gateway_scopes"":[""ivan_demidov""],""listing_item_id"":""407144572477"",""native_schema"":""TCOS_NATIVE_EBAY_FEED_V1"",""producer_commit_sha"":""07471ae49901220d13073aab604afbb0e223e855"",""producer_run_id"":""31970958336"",""source"":""truelycollectables.com/native-ebay"",""source_queries"":[""Ivan Demidov Young Guns rookie parallel""],""token_mode"":""client_credentials""}"
cand-s14-ebay-00935e7ba2881d3d12cb,dh-20260731T184251Z-gha-recovery,14,2026-08-16T20:35:00.076Z,IVAN/professional_rookies,Ivan Demidov,professional_nhl_rookie_card,eBay,mlojo14,,327302479100,https://www.ebay.com/itm/327302479100?_skw=Ivan+Demidov+NHL+rookie+card&hash=item4c34bf7cfc%3Ag%3ASmIAAeSwcQBqU8LF,LIVE,2025-26 Spx - Finite Rookies Ivan Demidov #36 Gold /299 (RC),"{""preliminary_scope_status"":""DISCOVERY_SCOPE_PASS"",""query_family_ids"":[""ivan-demidov.professional-rookies""]}",{},,ebay|mlojo14|327302479100,https://i.ebayimg.com/images/g/SmIAAeSwcQBqU8LF/s-l225.jpg,,FALSE,FALSE,FALSE,,{},,,,NO,NO,RAW,,,,Ungraded; seller/API claim only; front/back unverified.,UNKNOWN,"[""identity_and_images_unverified""]",19.99,,,,,,0,180,TRUE,,,,,,[],INSUFFICIENT,INSUFFICIENT,UNKNOWN,INSUFFICIENT,,,,,,,,,,,,,,,,,MANUAL REVIEW / UNPRICED,FALSE,FALSE,"[""exact_front_back_identity_not_verified"",""identical_completed_sales_not_persisted"",""delivered_acquisition_cost_incomplete"",""truely_collectables_owned_copy_exclusion_not_proven""]","{""artifact_schema"":""TRUELY_COLLECTABLES_DEAL_HUNTER_ARTIFACT_V1"",""deployment"":{""commitSha"":null,""environment"":""production"",""region"":null},""discovery_family_ids"":[""ivan-demidov.professional-rookies""],""gateway_endpoint"":""https://truelycollectables.com/api/tcos/deal-hunter-native-ebay?perQuery=20&scope=ivan_demidov"",""gateway_host"":""https://truelycollectables.com"",""gateway_scopes"":[""ivan_demidov""],""listing_item_id"":""327302479100"",""native_schema"":""TCOS_NATIVE_EBAY_FEED_V1"",""producer_commit_sha"":""07471ae49901220d13073aab604afbb0e223e855"",""producer_run_id"":""31970958336"",""source"":""truelycollectables.com/native-ebay"",""source_queries"":[""Ivan Demidov NHL rookie card""],""token_mode"":""client_credentials""}"
cand-s14-ebay-8706422904e53e725132,dh-20260731T184251Z-gha-recovery,14,2026-08-16T20:35:00.076Z,IVAN/young_guns_parallels,Ivan Demidov,young_guns_rookie_parallel,eBay,reddie7,,158033784119,https://www.ebay.com/itm/158033784119?_skw=Ivan+Demidov+Young+Guns+rookie+parallel&hash=item24cb8c2d37%3Ag%3AC%7EQAAeSwFU1qQJb7&amdata=enc%3AAQALAAABAACCtXRWQnOEpyOqnQQ8KGam1ijK2lX2RjeF1o9gnfUAh9TDR7qt%2FaBPo37l8L%2B%2FPxdCRjVJj%2Buk%2FwsGR%2Fpwg4LHo6PzeUN0GPhnjLS45mtx3nwd0ijfmR8CT9ke7lDzntSZ5IxWpsEKOCDXl3sPDPHYWgS5s6SRX1jACw28GMBwJAC%2FBh1vBQu8nHVB3obW1vaTpIAOcNqbOU5zzW7Bk7Q4AbhTeQ7oyu%2BRF84TysLvnDgmthJMCYYRF6CdTtPU0FiJ1EUF9aW1Ed2IKpXJ26FMa%2Fw0j1vI1Uhg71dq3rYvbFxtvJFg05zY%2BqSKMMLE%2B1oGp2oimnpiFSb41xGPLas%3D,LIVE,2025-26 Upper Deck Series 2 Ivan Demidov UD Canvas Young Guns  #C231 PSA 10 🔥🔥,"{""preliminary_scope_status"":""DISCOVERY_SCOPE_PASS"",""query_family_ids"":[""ivan-demidov.young-guns-parallels""]}",{},,ebay|reddie7|158033784119,https://i.ebayimg.com/images/g/C~QAAeSwFU1qQJb7/s-l225.jpg,,FALSE,FALSE,FALSE,,{},,,,NO,NO,GRADED,PSA,10,,Graded; seller/API claim only; front/back unverified.,UNKNOWN,"[""identity_and_images_unverified""]",525,,,,,,0,180,TRUE,,,,,,[],INSUFFICIENT,INSUFFICIENT,UNKNOWN,INSUFFICIENT,,,,,,,,,,,,,,,,,MANUAL REVIEW / UNPRICED,FALSE,FALSE,"[""exact_front_back_identity_not_verified"",""identical_completed_sales_not_persisted"",""delivered_acquisition_cost_incomplete"",""truely_collectables_owned_copy_exclusion_not_proven""]","{""artifact_schema"":""TRUELY_COLLECTABLES_DEAL_HUNTER_ARTIFACT_V1"",""deployment"":{""commitSha"":null,""environment"":""production"",""region"":null},""discovery_family_ids"":[""ivan-demidov.young-guns-parallels""],""gateway_endpoint"":""https://truelycollectables.com/api/tcos/deal-hunter-native-ebay?perQuery=20&scope=ivan_demidov"",""gateway_host"":""https://truelycollectables.com"",""gateway_scopes"":[""ivan_demidov""],""listing_item_id"":""158033784119"",""native_schema"":""TCOS_NATIVE_EBAY_FEED_V1"",""producer_commit_sha"":""07471ae49901220d13073aab604afbb0e223e855"",""producer_run_id"":""31970958336"",""source"":""truelycollectables.com/native-ebay"",""source_queries"":[""Ivan Demidov Young Guns rookie parallel""],""token_mode"":""client_credentials""}"
cand-s14-ebay-5d7e7e0c5357c86c662c,dh-20260731T184251Z-gha-recovery,14,2026-08-16T20:35:00.076Z,IVAN/young_guns_parallels,Ivan Demidov,young_guns_rookie_parallel,eBay,mc_sportscards,,178210243291,https://www.ebay.com/itm/178210243291?_skw=Ivan+Demidov+Young+Guns+rookie+parallel&hash=item297e2882db%3Ag%3AzpQAAeSwqThqKYXu,LIVE,IVAN DEMIDOV 2025 UPPER DECK S1 #205 ROOKIE UD EXCLUSIVES YOUNG GUNS RC 38/100,"{""preliminary_scope_status"":""DISCOVERY_SCOPE_PASS"",""query_family_ids"":[""ivan-demidov.young-guns-parallels""]}",{},,ebay|mc-sportscards|178210243291,https://i.ebayimg.com/images/g/zpQAAeSwqThqKYXu/s-l225.jpg,,FALSE,FALSE,FALSE,,{},,,,NO,NO,RAW,,,,Ungraded; seller/API claim only; front/back unverified.,UNKNOWN,"[""identity_and_images_unverified""]",1374.95,19.95,,,,,0,180,TRUE,,,,,,[],INSUFFICIENT,INSUFFICIENT,UNKNOWN,INSUFFICIENT,,,,,,,,,,,,,,,,,MANUAL REVIEW / UNPRICED,FALSE,FALSE,"[""exact_front_back_identity_not_verified"",""identical_completed_sales_not_persisted"",""delivered_acquisition_cost_incomplete"",""truely_collectables_owned_copy_exclusion_not_proven""]","{""artifact_schema"":""TRUELY_COLLECTABLES_DEAL_HUNTER_ARTIFACT_V1"",""deployment"":{""commitSha"":null,""environment"":""production"",""region"":null},""discovery_family_ids"":[""ivan-demidov.young-guns-parallels""],""gateway_endpoint"":""https://truelycollectables.com/api/tcos/deal-hunter-native-ebay?perQuery=20&scope=ivan_demidov"",""gateway_host"":""https://truelycollectables.com"",""gateway_scopes"":[""ivan_demidov""],""listing_item_id"":""178210243291"",""native_schema"":""TCOS_NATIVE_EBAY_FEED_V1"",""producer_commit_sha"":""07471ae49901220d13073aab604afbb0e223e855"",""producer_run_id"":""31970958336"",""source"":""truelycollectables.com/native-ebay"",""source_queries"":[""Ivan Demidov Young Guns rookie parallel""],""token_mode"":""client_credentials""}"
cand-s14-ebay-367ce29bb670b6d26902,dh-20260731T184251Z-gha-recovery,14,2026-08-16T20:35:00.076Z,IVAN/young_guns_parallels,Ivan Demidov,young_guns_rookie_parallel,eBay,damageinc.sportscards,,198406665858,https://www.ebay.com/itm/198406665858?_skw=Ivan+Demidov+Young+Guns+rookie+parallel&hash=item2e31f57682%3Ag%3AptkAAeSwYfVqJD91,LIVE,2025-26 Upper Deck Series 2 - Ud Canvas Young Guns Ivan Demidov #C-231 (RC),"{""preliminary_scope_status"":""DISCOVERY_SCOPE_PASS"",""query_family_ids"":[""ivan-demidov.young-guns-parallels""]}",{},,ebay|damageinc-sportscards|198406665858,https://i.ebayimg.com/images/g/ptkAAeSwYfVqJD91/s-l225.jpg,,FALSE,FALSE,FALSE,,{},,,,NO,NO,RAW,,,,Ungraded; seller/API claim only; front/back unverified.,UNKNOWN,"[""identity_and_images_unverified""]",140,,,,,,0,180,TRUE,,,,,,[],INSUFFICIENT,INSUFFICIENT,UNKNOWN,INSUFFICIENT,,,,,,,,,,,,,,,,,MANUAL REVIEW / UNPRICED,FALSE,FALSE,"[""exact_front_back_identity_not_verified"",""identical_completed_sales_not_persisted"",""delivered_acquisition_cost_incomplete"",""truely_collectables_owned_copy_exclusion_not_proven""]","{""artifact_schema"":""TRUELY_COLLECTABLES_DEAL_HUNTER_ARTIFACT_V1"",""deployment"":{""commitSha"":null,""environment"":""production"",""region"":null},""discovery_family_ids"":[""ivan-demidov.young-guns-parallels""],""gateway_endpoint"":""https://truelycollectables.com/api/tcos/deal-hunter-native-ebay?perQuery=20&scope=ivan_demidov"",""gateway_host"":""https://truelycollectables.com"",""gateway_scopes"":[""ivan_demidov""],""listing_item_id"":""198406665858"",""native_schema"":""TCOS_NATIVE_EBAY_FEED_V1"",""producer_commit_sha"":""07471ae49901220d13073aab604afbb0e223e855"",""producer_run_id"":""31970958336"",""source"":""truelycollectables.com/native-ebay"",""source_queries"":[""Ivan Demidov Young Guns rookie parallel""],""token_mode"":""client_credentials""}"
cand-s14-ebay-4978925a638b6f6ffc77,dh-20260731T184251Z-gha-recovery,14,2026-08-16T20:35:00.076Z,IVAN/young_guns_parallels,Ivan Demidov,young_guns_rookie_parallel,eBay,dravistcg,,377193788480,https://www.ebay.com/itm/377193788480?_skw=Ivan+Demidov+Young+Guns+rookie+parallel&hash=item57d2807440%3Ag%3AjgAAAeSwJVVqC4e3,LIVE,2025-26 Upper Deck Series 1 - Young Guns Ivan Demidov #205 Outburst (RC),"{""preliminary_scope_status"":""DISCOVERY_SCOPE_PASS"",""query_family_ids"":[""ivan-demidov.young-guns-parallels""]}",{},,ebay|dravistcg|377193788480,https://i.ebayimg.com/images/g/jgAAAeSwJVVqC4e3/s-l225.jpg,,FALSE,FALSE,FALSE,,{},,,,NO,NO,RAW,,,,Ungraded; seller/API claim only; front/back unverified.,UNKNOWN,"[""identity_and_images_unverified""]",525,,,,,,0,180,TRUE,,,,,,[],INSUFFICIENT,INSUFFICIENT,UNKNOWN,INSUFFICIENT,,,,,,,,,,,,,,,,,MANUAL REVIEW / UNPRICED,FALSE,FALSE,"[""exact_front_back_identity_not_verified"",""identical_completed_sales_not_persisted"",""delivered_acquisition_cost_incomplete"",""truely_collectables_owned_copy_exclusion_not_proven""]","{""artifact_schema"":""TRUELY_COLLECTABLES_DEAL_HUNTER_ARTIFACT_V1"",""deployment"":{""commitSha"":null,""environment"":""production"",""region"":null},""discovery_family_ids"":[""ivan-demidov.young-guns-parallels""],""gateway_endpoint"":""https://truelycollectables.com/api/tcos/deal-hunter-native-ebay?perQuery=20&scope=ivan_demidov"",""gateway_host"":""https://truelycollectables.com"",""gateway_scopes"":[""ivan_demidov""],""listing_item_id"":""377193788480"",""native_schema"":""TCOS_NATIVE_EBAY_FEED_V1"",""producer_commit_sha"":""07471ae49901220d13073aab604afbb0e223e855"",""producer_run_id"":""31970958336"",""source"":""truelycollectables.com/native-ebay"",""source_queries"":[""Ivan Demidov Young Guns rookie parallel""],""token_mode"":""client_credentials""}"
cand-s14-ebay-0b3b212e976c2d188325,dh-20260731T184251Z-gha-recovery,14,2026-08-16T20:35:00.076Z,IVAN/young_guns_parallels,Ivan Demidov,young_guns_rookie_parallel,eBay,5_star_cards,,267662742008,https://www.ebay.com/itm/267662742008?_skw=Ivan+Demidov+Young+Guns+rookie+parallel&hash=item3e51f151f8%3Ag%3A25cAAeSwyXRp%7ELFM,LIVE,2025-26 Upper Deck Ivan Demidov Outburst Young Guns Rookie #205 PSA 10 Gem Mint,"{""preliminary_scope_status"":""DISCOVERY_SCOPE_PASS"",""query_family_ids"":[""ivan-demidov.young-guns-parallels""]}",{},,ebay|5-star-cards|267662742008,https://i.ebayimg.com/images/g/25cAAeSwyXRp~LFM/s-l225.jpg,,FALSE,FALSE,FALSE,,{},,,,NO,NO,GRADED,PSA,10,,Graded; seller/API claim only; front/back unverified.,UNKNOWN,"[""identity_and_images_unverified""]",1449.18,29.99,,,,,0,180,TRUE,,,,,,[],INSUFFICIENT,INSUFFICIENT,UNKNOWN,INSUFFICIENT,,,,,,,,,,,,,,,,,MANUAL REVIEW / UNPRICED,FALSE,FALSE,"[""exact_front_back_identity_not_verified"",""identical_completed_sales_not_persisted"",""delivered_acquisition_cost_incomplete"",""truely_collectables_owned_copy_exclusion_not_proven""]","{""artifact_schema"":""TRUELY_COLLECTABLES_DEAL_HUNTER_ARTIFACT_V1"",""deployment"":{""commitSha"":null,""environment"":""production"",""region"":null},""discovery_family_ids"":[""ivan-demidov.young-guns-parallels""],""gateway_endpoint"":""https://truelycollectables.com/api/tcos/deal-hunter-native-ebay?perQuery=20&scope=ivan_demidov"",""gateway_host"":""https://truelycollectables.com"",""gateway_scopes"":[""ivan_demidov""],""listing_item_id"":""267662742008"",""native_schema"":""TCOS_NATIVE_EBAY_FEED_V1"",""producer_commit_sha"":""07471ae49901220d13073aab604afbb0e223e855"",""producer_run_id"":""31970958336"",""source"":""truelycollectables.com/native-ebay"",""source_queries"":[""Ivan Demidov Young Guns rookie parallel""],""token_mode"":""client_credentials""}"
cand-s14-ebay-1c609d1963f4aae63189,dh-20260731T184251Z-gha-recovery,14,2026-08-16T20:35:00.076Z,IVAN/autograph_memorabilia,Ivan Demidov,nhl_rookie_autograph_memorabilia,eBay,dayoma_ltd,,397898770917,https://www.ebay.com/itm/397898770917?_skw=Ivan+Demidov+NHL+rookie+autograph+patch+memorabilia&hash=item5ca49d69e5%3Ag%3AxekAAeSwPmNp9EhB,LIVE,2025-26 SP Game Used Ivan Demidov New Grooves Gold Patch RC #NG-13 /15,"{""preliminary_scope_status"":""DISCOVERY_SCOPE_PASS"",""query_family_ids"":[""ivan-demidov.autograph-memorabilia""]}",{},,ebay|dayoma-ltd|397898770917,https://i.ebayimg.com/images/g/xekAAeSwPmNp9EhB/s-l225.jpg,,FALSE,FALSE,FALSE,,{},,,,NO,CLAIMED_ONLY,RAW,,,,Ungraded; seller/API claim only; front/back unverified.,UNKNOWN,"[""identity_and_images_unverified""]",95,,,,,,0,180,TRUE,,,,,,[],INSUFFICIENT,INSUFFICIENT,UNKNOWN,INSUFFICIENT,,,,,,,,,,,,,,,,,MANUAL REVIEW / UNPRICED,FALSE,FALSE,"[""exact_front_back_identity_not_verified"",""identical_completed_sales_not_persisted"",""delivered_acquisition_cost_incomplete"",""truely_collectables_owned_copy_exclusion_not_proven""]","{""artifact_schema"":""TRUELY_COLLECTABLES_DEAL_HUNTER_ARTIFACT_V1"",""deployment"":{""commitSha"":null,""environment"":""production"",""region"":null},""discovery_family_ids"":[""ivan-demidov.autograph-memorabilia""],""gateway_endpoint"":""https://truelycollectables.com/api/tcos/deal-hunter-native-ebay?perQuery=20&scope=ivan_demidov"",""gateway_host"":""https://truelycollectables.com"",""gateway_scopes"":[""ivan_demidov""],""listing_item_id"":""397898770917"",""native_schema"":""TCOS_NATIVE_EBAY_FEED_V1"",""producer_commit_sha"":""07471ae49901220d13073aab604afbb0e223e855"",""producer_run_id"":""31970958336"",""source"":""truelycollectables.com/native-ebay"",""source_queries"":[""Ivan Demidov NHL rookie autograph patch memorabilia""],""token_mode"":""client_credentials""}"
cand-s14-ebay-c9854fabfd907198fc50,dh-20260731T184251Z-gha-recovery,14,2026-08-16T20:35:00.076Z,IVAN/professional_rookies,Ivan Demidov,professional_nhl_rookie_card,eBay,ratamburro,,137259435746,https://www.ebay.com/itm/137259435746?_skw=Ivan+Demidov+NHL+rookie+card&hash=item1ff54cc6e2%3Ag%3AYPcAAeSwp2Jp7qVx,LIVE,Ivan Demidov 2026 UD National Hockey Card Day 50 Card Rookie Moments Lot NCHD-31,"{""preliminary_scope_status"":""DISCOVERY_SCOPE_PASS"",""query_family_ids"":[""ivan-demidov.professional-rookies""]}",{},,ebay|ratamburro|137259435746,https://i.ebayimg.com/images/g/YPcAAeSwp2Jp7qVx/s-l225.jpg,,FALSE,FALSE,FALSE,,{},,,,NO,NO,UNKNOWN,,,,New; seller/API claim only; front/back unverified.,UNKNOWN,"[""identity_and_images_unverified""]",35,,,,,,0,180,TRUE,,,,,,[],INSUFFICIENT,INSUFFICIENT,UNKNOWN,INSUFFICIENT,,,,,,,,,,,,,,,,,MANUAL REVIEW / UNPRICED,FALSE,FALSE,"[""exact_front_back_identity_not_verified"",""identical_completed_sales_not_persisted"",""delivered_acquisition_cost_incomplete"",""truely_collectables_owned_copy_exclusion_not_proven""]","{""artifact_schema"":""TRUELY_COLLECTABLES_DEAL_HUNTER_ARTIFACT_V1"",""deployment"":{""commitSha"":null,""environment"":""production"",""region"":null},""discovery_family_ids"":[""ivan-demidov.professional-rookies""],""gateway_endpoint"":""https://truelycollectables.com/api/tcos/deal-hunter-native-ebay?perQuery=20&scope=ivan_demidov"",""gateway_host"":""https://truelycollectables.com"",""gateway_scopes"":[""ivan_demidov""],""listing_item_id"":""137259435746"",""native_schema"":""TCOS_NATIVE_EBAY_FEED_V1"",""producer_commit_sha"":""07471ae49901220d13073aab604afbb0e223e855"",""producer_run_id"":""31970958336"",""source"":""truelycollectables.com/native-ebay"",""source_queries"":[""Ivan Demidov NHL rookie card""],""token_mode"":""client_credentials""}"
cand-s14-ebay-6ccff8fc4cbb25f58db3,dh-20260731T184251Z-gha-recovery,14,2026-08-16T20:35:00.076Z,IVAN/young_guns_parallels,Ivan Demidov,young_guns_rookie_parallel,eBay,brothers_kb_collectibles,,397881196152,https://www.ebay.com/itm/397881196152?_skw=Ivan+Demidov+Young+Guns+rookie+parallel&hash=item5ca3913e78%3Ag%3AFccAAeSwTU5p7X7s,LIVE,2025-26 Upper Deck Series 1 - Young Guns Ivan Demidov #205 (RC),"{""preliminary_scope_status"":""DISCOVERY_SCOPE_PASS"",""query_family_ids"":[""ivan-demidov.young-guns-parallels""]}",{},,ebay|brothers-kb-collectibles|397881196152,https://i.ebayimg.com/images/g/FccAAeSwTU5p7X7s/s-l225.jpg,,FALSE,FALSE,FALSE,,{},,,,NO,NO,RAW,,,,Ungraded; seller/API claim only; front/back unverified.,UNKNOWN,"[""identity_and_images_unverified""]",99.99,,,,,,0,180,TRUE,,,,,,[],INSUFFICIENT,INSUFFICIENT,UNKNOWN,INSUFFICIENT,,,,,,,,,,,,,,,,,MANUAL REVIEW / UNPRICED,FALSE,FALSE,"[""exact_front_back_identity_not_verified"",""identical_completed_sales_not_persisted"",""delivered_acquisition_cost_incomplete"",""truely_collectables_owned_copy_exclusion_not_proven""]","{""artifact_schema"":""TRUELY_COLLECTABLES_DEAL_HUNTER_ARTIFACT_V1"",""deployment"":{""commitSha"":null,""environment"":""production"",""region"":null},""discovery_family_ids"":[""ivan-demidov.young-guns-parallels""],""gateway_endpoint"":""https://truelycollectables.com/api/tcos/deal-hunter-native-ebay?perQuery=20&scope=ivan_demidov"",""gateway_host"":""https://truelycollectables.com"",""gateway_scopes"":[""ivan_demidov""],""listing_item_id"":""397881196152"",""native_schema"":""TCOS_NATIVE_EBAY_FEED_V1"",""producer_commit_sha"":""07471ae49901220d13073aab604afbb0e223e855"",""producer_run_id"":""31970958336"",""source"":""truelycollectables.com/native-ebay"",""source_queries"":[""Ivan Demidov Young Guns rookie parallel""],""token_mode"":""client_credentials""}"
cand-s14-ebay-3223bbda89abca708100,dh-20260731T184251Z-gha-recovery,14,2026-08-16T20:35:00.076Z,IVAN/professional_rookies,Ivan Demidov,professional_nhl_rookie_card,eBay,hgillespie1174,,397861383468,https://www.ebay.com/itm/397861383468?_skw=Ivan+Demidov+NHL+rookie+card&hash=item5ca262ed2c%3Ag%3A9a8AAeSw0F5p5jvI,LIVE,Ivan Demidov Rookie Moments Canadiens NHL 2024-25 Sports Trading Card,"{""preliminary_scope_status"":""DISCOVERY_SCOPE_PASS"",""query_family_ids"":[""ivan-demidov.professional-rookies""]}",{},,ebay|hgillespie1174|397861383468,https://i.ebayimg.com/images/g/9a8AAeSw0F5p5jvI/s-l225.jpg,,FALSE,FALSE,FALSE,,{},,,,NO,NO,RAW,,,,Ungraded; seller/API claim only; front/back unverified.,UNKNOWN,"[""identity_and_images_unverified""]",5,,,,,,0,180,TRUE,,,,,,[],INSUFFICIENT,INSUFFICIENT,UNKNOWN,INSUFFICIENT,,,,,,,,,,,,,,,,,MANUAL REVIEW / UNPRICED,FALSE,FALSE,"[""exact_front_back_identity_not_verified"",""identical_completed_sales_not_persisted"",""delivered_acquisition_cost_incomplete"",""truely_collectables_owned_copy_exclusion_not_proven""]","{""artifact_schema"":""TRUELY_COLLECTABLES_DEAL_HUNTER_ARTIFACT_V1"",""deployment"":{""commitSha"":null,""environment"":""production"",""region"":null},""discovery_family_ids"":[""ivan-demidov.professional-rookies""],""gateway_endpoint"":""https://truelycollectables.com/api/tcos/deal-hunter-native-ebay?perQuery=20&scope=ivan_demidov"",""gateway_host"":""https://truelycollectables.com"",""gateway_scopes"":[""ivan_demidov""],""listing_item_id"":""397861383468"",""native_schema"":""TCOS_NATIVE_EBAY_FEED_V1"",""producer_commit_sha"":""07471ae49901220d13073aab604afbb0e223e855"",""producer_run_id"":""31970958336"",""source"":""truelycollectables.com/native-ebay"",""source_queries"":[""Ivan Demidov NHL rookie card""],""token_mode"":""client_credentials""}"
cand-s14-ebay-0a66af72531bf07602f7,dh-20260731T184251Z-gha-recovery,14,2026-08-16T20:35:00.076Z,IVAN/professional_rookies,Ivan Demidov,professional_nhl_rookie_card,eBay,stevelew02,,257458689242,https://www.ebay.com/itm/257458689242?_skw=Ivan+Demidov+NHL+rookie+card&hash=item3bf1bbd4da%3Ag%3Ab-oAAeSwtdFp38U7&amdata=enc%3AAQALAAABAACCtXRWQnOEpyOqnQQ8KGbbdLY3jmoilsgrypDZVHJAhtWVKBhuaFB0dj64RPctQ1%2BuLSq%2Fgn7%2FenQzvaTtOhAMXDZzdjgbnk%2BSRvHdOSgNjLHmmMKg3ZpSsaRQM7a0TgWt6GDR2V5XiMo8RT7%2BU%2FDrgzJAn1Gj9%2BFjxrg7hRI85aA67z%2BGxcZxLD4QyJ2I2PlKPK9JbRDu0HYB%2B2tBZyXGmW4blaunigml3ovu5G0cRCFLFwyaEsVAoswJW9OFOtOvJe1f7MEeLwGtCGXOb%2FVTY4eR1ZNXlRHcnYvLRg7mLOMAdFBi%2B3MbOjIYVp87KAv95zx5yV1W8shL4BUhqxk%3D,LIVE,Ivan Demidov Upper Deck Topps Stickers Montreal Canadiens NHL Rookie RC,"{""preliminary_scope_status"":""DISCOVERY_SCOPE_PASS"",""query_family_ids"":[""ivan-demidov.professional-rookies""]}",{},,ebay|stevelew02|257458689242,https://i.ebayimg.com/images/g/b-oAAeSwtdFp38U7/s-l225.jpg,,FALSE,FALSE,FALSE,,{},,,,NO,NO,UNKNOWN,,,,Used; seller/API claim only; front/back unverified.,UNKNOWN,"[""identity_and_images_unverified""]",15,6,,,,,0,180,TRUE,,,,,,[],INSUFFICIENT,INSUFFICIENT,UNKNOWN,INSUFFICIENT,,,,,,,,,,,,,,,,,MANUAL REVIEW / UNPRICED,FALSE,FALSE,"[""exact_front_back_identity_not_verified"",""identical_completed_sales_not_persisted"",""delivered_acquisition_cost_incomplete"",""truely_collectables_owned_copy_exclusion_not_proven""]","{""artifact_schema"":""TRUELY_COLLECTABLES_DEAL_HUNTER_ARTIFACT_V1"",""deployment"":{""commitSha"":null,""environment"":""production"",""region"":null},""discovery_family_ids"":[""ivan-demidov.professional-rookies""],""gateway_endpoint"":""https://truelycollectables.com/api/tcos/deal-hunter-native-ebay?perQuery=20&scope=ivan_demidov"",""gateway_host"":""https://truelycollectables.com"",""gateway_scopes"":[""ivan_demidov""],""listing_item_id"":""257458689242"",""native_schema"":""TCOS_NATIVE_EBAY_FEED_V1"",""producer_commit_sha"":""07471ae49901220d13073aab604afbb0e223e855"",""producer_run_id"":""31970958336"",""source"":""truelycollectables.com/native-ebay"",""source_queries"":[""Ivan Demidov NHL rookie card""],""token_mode"":""client_credentials""}"
cand-s14-ebay-303201a0ec7716990508,dh-20260731T184251Z-gha-recovery,14,2026-08-16T20:35:00.076Z,IVAN/young_guns_parallels,Ivan Demidov,young_guns_rookie_parallel,eBay,ghostdoublem,,406851356375,https://www.ebay.com/itm/406851356375?_skw=Ivan+Demidov+Young+Guns+rookie+parallel&hash=item5eba3b06d7%3Ag%3APKcAAeSwcCJp2-iK&amdata=enc%3AAQALAAABAACCtXRWQnOEpyOqnQQ8KGZ23CM0BkiopRpGm0p1AdNW5lA3GL%2FRKWejs65441WXBiQGBQ5KOvKWJuk524NNOxEGwsZuqGCXnqrqLMjFAcGe9p9AlnhzxtH2GX%2BE9AMr5funjExbs%2F7GFdTCJG4MIYaVBpOqtFvV44yEs5MioaKFxBA2OJQDV8gw2hblAIxiK2tk7PeJN9fTpEZL04Pyy%2BqylXHIOh3F50z509JhFi1rlyQe6s7KTI%2F1muJT7mVNNgWGOtGm%2FnkB3WyBxAxa4qAuPt05IUBDlA04JWK4Ei0QXEHLm4BoDpeVG5cyxxfIn9g2n%2BSrBmrqLg2yoPs82xE%3D,LIVE,"Montreal Canadiens Lot 🔥 Demidov RC, Suzuki Yellow Taxi & Caufield Collab ","{""preliminary_scope_status"":""DISCOVERY_SCOPE_PASS"",""query_family_ids"":[""ivan-demidov.young-guns-parallels""]}",{},,ebay|ghostdoublem|406851356375,https://i.ebayimg.com/images/g/PKcAAeSwcCJp2-iK/s-l225.jpg,,FALSE,FALSE,FALSE,,{},,,,NO,NO,UNKNOWN,,,,New; seller/API claim only; front/back unverified.,UNKNOWN,"[""identity_and_images_unverified""]",68.99,,,,,,0,180,TRUE,,,,,,[],INSUFFICIENT,INSUFFICIENT,UNKNOWN,INSUFFICIENT,,,,,,,,,,,,,,,,,MANUAL REVIEW / UNPRICED,FALSE,FALSE,"[""exact_front_back_identity_not_verified"",""identical_completed_sales_not_persisted"",""delivered_acquisition_cost_incomplete"",""truely_collectables_owned_copy_exclusion_not_proven""]","{""artifact_schema"":""TRUELY_COLLECTABLES_DEAL_HUNTER_ARTIFACT_V1"",""deployment"":{""commitSha"":null,""environment"":""production"",""region"":null},""discovery_family_ids"":[""ivan-demidov.young-guns-parallels""],""gateway_endpoint"":""https://truelycollectables.com/api/tcos/deal-hunter-native-ebay?perQuery=20&scope=ivan_demidov"",""gateway_host"":""https://truelycollectables.com"",""gateway_scopes"":[""ivan_demidov""],""listing_item_id"":""406851356375"",""native_schema"":""TCOS_NATIVE_EBAY_FEED_V1"",""producer_commit_sha"":""07471ae49901220d13073aab604afbb0e223e855"",""producer_run_id"":""31970958336"",""source"":""truelycollectables.com/native-ebay"",""source_queries"":[""Ivan Demidov Young Guns rookie parallel""],""token_mode"":""client_credentials""}"
cand-s14-ebay-74b1c823ed8fe27d1d88,dh-20260731T184251Z-gha-recovery,14,2026-08-16T20:35:00.076Z,IVAN/autograph_memorabilia,Ivan Demidov,nhl_rookie_autograph_memorabilia,eBay,the_hockey_stop_cards,,188257994958,https://www.ebay.com/itm/188257994958?_skw=Ivan+Demidov+NHL+rookie+autograph+patch+memorabilia&hash=item2bd50d08ce%3Ag%3AdQ8AAeSwXldp1U0N,LIVE,2025-26 UD Black Diamond Ivan Demidov Exquisite Dual Swatch Rookie Patch /5,"{""preliminary_scope_status"":""DISCOVERY_SCOPE_PASS"",""query_family_ids"":[""ivan-demidov.autograph-memorabilia""]}",{},,ebay|the-hockey-stop-cards|188257994958,https://i.ebayimg.com/images/g/dQ8AAeSwXldp1U0N/s-l225.jpg,,FALSE,FALSE,FALSE,,{},,,,NO,CLAIMED_ONLY,RAW,,,,Ungraded; seller/API claim only; front/back unverified.,UNKNOWN,"[""identity_and_images_unverified""]",1499.99,24.99,,,,,0,180,TRUE,,,,,,[],INSUFFICIENT,INSUFFICIENT,UNKNOWN,INSUFFICIENT,,,,,,,,,,,,,,,,,MANUAL REVIEW / UNPRICED,FALSE,FALSE,"[""exact_front_back_identity_not_verified"",""identical_completed_sales_not_persisted"",""delivered_acquisition_cost_incomplete"",""truely_collectables_owned_copy_exclusion_not_proven""]","{""artifact_schema"":""TRUELY_COLLECTABLES_DEAL_HUNTER_ARTIFACT_V1"",""deployment"":{""commitSha"":null,""environment"":""production"",""region"":null},""discovery_family_ids"":[""ivan-demidov.autograph-memorabilia""],""gateway_endpoint"":""https://truelycollectables.com/api/tcos/deal-hunter-native-ebay?perQuery=20&scope=ivan_demidov"",""gateway_host"":""https://truelycollectables.com"",""gateway_scopes"":[""ivan_demidov""],""listing_item_id"":""188257994958"",""native_schema"":""TCOS_NATIVE_EBAY_FEED_V1"",""producer_commit_sha"":""07471ae49901220d13073aab604afbb0e223e855"",""producer_run_id"":""31970958336"",""source"":""truelycollectables.com/native-ebay"",""source_queries"":[""Ivan Demidov NHL rookie autograph patch memorabilia""],""token_mode"":""client_credentials""}"
cand-s14-ebay-72a8fd504d95283ca18c,dh-20260731T184251Z-gha-recovery,14,2026-08-16T20:35:00.076Z,IVAN/autograph_memorabilia,Ivan Demidov,nhl_rookie_autograph_memorabilia,eBay,wax.crackers,,137184833706,https://www.ebay.com/itm/137184833706?_skw=Ivan+Demidov+NHL+rookie+autograph+patch+memorabilia&hash=item1ff0da70aa%3Ag%3AfWsAAeSwVpNpzCvJ,LIVE,2025-26 SP Game Used Ivan Demidov Rookie Sweaters Jersey Patch RC /299,"{""preliminary_scope_status"":""DISCOVERY_SCOPE_PASS"",""query_family_ids"":[""ivan-demidov.autograph-memorabilia""]}",{},,ebay|wax-crackers|137184833706,https://i.ebayimg.com/images/g/fWsAAeSwVpNpzCvJ/s-l225.jpg,,FALSE,FALSE,FALSE,,{},,,,NO,CLAIMED_ONLY,RAW,,,,Ungraded; seller/API claim only; front/back unverified.,UNKNOWN,"[""identity_and_images_unverified""]",125,6.49,,,,,0,180,TRUE,,,,,,[],INSUFFICIENT,INSUFFICIENT,UNKNOWN,INSUFFICIENT,,,,,,,,,,,,,,,,,MANUAL REVIEW / UNPRICED,FALSE,FALSE,"[""exact_front_back_identity_not_verified"",""identical_completed_sales_not_persisted"",""delivered_acquisition_cost_incomplete"",""truely_collectables_owned_copy_exclusion_not_proven""]","{""artifact_schema"":""TRUELY_COLLECTABLES_DEAL_HUNTER_ARTIFACT_V1"",""deployment"":{""commitSha"":null,""environment"":""production"",""region"":null},""discovery_family_ids"":[""ivan-demidov.autograph-memorabilia""],""gateway_endpoint"":""https://truelycollectables.com/api/tcos/deal-hunter-native-ebay?perQuery=20&scope=ivan_demidov"",""gateway_host"":""https://truelycollectables.com"",""gateway_scopes"":[""ivan_demidov""],""listing_item_id"":""137184833706"",""native_schema"":""TCOS_NATIVE_EBAY_FEED_V1"",""producer_commit_sha"":""07471ae49901220d13073aab604afbb0e223e855"",""producer_run_id"":""31970958336"",""source"":""truelycollectables.com/native-ebay"",""source_queries"":[""Ivan Demidov NHL rookie autograph patch memorabilia""],""token_mode"":""client_credentials""}"
cand-s14-ebay-21ac958e37a42b19b8cb,dh-20260731T184251Z-gha-recovery,14,2026-08-16T20:35:00.076Z,IVAN/autograph_memorabilia,Ivan Demidov,nhl_rookie_autograph_memorabilia,eBay,lace_40,,406751390405,https://www.ebay.com/itm/406751390405?_skw=Ivan+Demidov+NHL+rookie+autograph+patch+memorabilia&hash=item5eb445aac5%3Ag%3AyZAAAeSwMENpr1Qp,LIVE,"2025 SP Game Used Ivan Demidov Autograph Draft Day Marks ""D"" /35","{""preliminary_scope_status"":""DISCOVERY_SCOPE_PASS"",""query_family_ids"":[""ivan-demidov.autograph-memorabilia""]}",{},,ebay|lace-40|406751390405,https://i.ebayimg.com/images/g/yZAAAeSwMENpr1Qp/s-l225.jpg,,FALSE,FALSE,FALSE,,{},,,,CLAIMED_ONLY,NO,RAW,,,,Ungraded; seller/API claim only; front/back unverified.,UNKNOWN,"[""identity_and_images_unverified""]",1081.07,0,,,,,0,180,TRUE,,,,,,[],INSUFFICIENT,INSUFFICIENT,UNKNOWN,INSUFFICIENT,,,,,,,,,,,,,,,,,MANUAL REVIEW / UNPRICED,FALSE,FALSE,"[""exact_front_back_identity_not_verified"",""identical_completed_sales_not_persisted"",""delivered_acquisition_cost_incomplete"",""truely_collectables_owned_copy_exclusion_not_proven""]","{""artifact_schema"":""TRUELY_COLLECTABLES_DEAL_HUNTER_ARTIFACT_V1"",""deployment"":{""commitSha"":null,""environment"":""production"",""region"":null},""discovery_family_ids"":[""ivan-demidov.autograph-memorabilia""],""gateway_endpoint"":""https://truelycollectables.com/api/tcos/deal-hunter-native-ebay?perQuery=20&scope=ivan_demidov"",""gateway_host"":""https://truelycollectables.com"",""gateway_scopes"":[""ivan_demidov""],""listing_item_id"":""406751390405"",""native_schema"":""TCOS_NATIVE_EBAY_FEED_V1"",""producer_commit_sha"":""07471ae49901220d13073aab604afbb0e223e855"",""producer_run_id"":""31970958336"",""source"":""truelycollectables.com/native-ebay"",""source_queries"":[""Ivan Demidov NHL rookie autograph patch memorabilia""],""token_mode"":""client_credentials""}"
cand-s14-ebay-62ca5805f1e1b90dbfe3,dh-20260731T184251Z-gha-recovery,14,2026-08-16T20:35:00.076Z,IVAN/professional_rookies,Ivan Demidov,professional_nhl_rookie_card,eBay,antsas0,,277785800630,https://www.ebay.com/itm/277785800630?_skw=Ivan+Demidov+NHL+rookie+card&hash=item40ad52efb6%3Ag%3ADgUAAeSwCxZprfo7&amdata=enc%3AAQALAAABAACCtXRWQnOEpyOqnQQ8KGbOG3GD7XI4XglC602VuNDXCnoqmALSMtYsKbqgDeBEqiVg5RdXAzaDH9cBVVx0tljlaXTEhq9LkOZBrLYYf3lmleA36z%2BJKVWc2GHanseCFSMK0GX7h%2BkTOIe%2BaBixmkIYUCB%2FmE%2FlIkf3Abct1%2BVlhUknwqv%2BaY2kZ3arlM%2F26kWiyozGGfGrvs3QBzYXMyGdIFcE23z7gkFwy7LShYWVcpkwHbcdGmVHciTu0MeugZKVFzxos8tmCX6h7w%2Fu57%2FgUfSz%2BrELxH2ZvSR%2BzDbELL%2BLlySXRlxFjVnu7sCev4CnHJSfgzV3SttG8judjJE%3D,LIVE,"5 Card NHL Lot, 2 Michael Misa Rookie/Numbered, 2 Clear cut, Ivan Demidov Rookie","{""preliminary_scope_status"":""DISCOVERY_SCOPE_PASS"",""query_family_ids"":[""ivan-demidov.professional-rookies""]}",{},,ebay|antsas0|277785800630,https://i.ebayimg.com/images/g/DgUAAeSwCxZprfo7/s-l225.jpg,,FALSE,FALSE,FALSE,,{},,,,NO,NO,UNKNOWN,,,,New; seller/API claim only; front/back unverified.,UNKNOWN,"[""identity_and_images_unverified""]",100,0,,,,,0,180,TRUE,,,,,,[],INSUFFICIENT,INSUFFICIENT,UNKNOWN,INSUFFICIENT,,,,,,,,,,,,,,,,,MANUAL REVIEW / UNPRICED,FALSE,FALSE,"[""exact_front_back_identity_not_verified"",""identical_completed_sales_not_persisted"",""delivered_acquisition_cost_incomplete"",""truely_collectables_owned_copy_exclusion_not_proven""]","{""artifact_schema"":""TRUELY_COLLECTABLES_DEAL_HUNTER_ARTIFACT_V1"",""deployment"":{""commitSha"":null,""environment"":""production"",""region"":null},""discovery_family_ids"":[""ivan-demidov.professional-rookies""],""gateway_endpoint"":""https://truelycollectables.com/api/tcos/deal-hunter-native-ebay?perQuery=20&scope=ivan_demidov"",""gateway_host"":""https://truelycollectables.com"",""gateway_scopes"":[""ivan_demidov""],""listing_item_id"":""277785800630"",""native_schema"":""TCOS_NATIVE_EBAY_FEED_V1"",""producer_commit_sha"":""07471ae49901220d13073aab604afbb0e223e855"",""producer_run_id"":""31970958336"",""source"":""truelycollectables.com/native-ebay"",""source_queries"":[""Ivan Demidov NHL rookie card""],""token_mode"":""client_credentials""}"
cand-s14-ebay-c874545f3ab986ac9698,dh-20260731T184251Z-gha-recovery,14,2026-08-16T20:35:00.076Z,IVAN/young_guns_parallels,Ivan Demidov,young_guns_rookie_parallel,eBay,pdxgreatdeals,,376991903700,https://www.ebay.com/itm/376991903700?_skw=Ivan+Demidov+Young+Guns+rookie+parallel&hash=item57c677efd4%3Ag%3A1gsAAeSwunFpn2R8,LIVE,2025 UD Ivan Demidov Silver Outburst Young Guns Rc #205 MINT,"{""preliminary_scope_status"":""DISCOVERY_SCOPE_PASS"",""query_family_ids"":[""ivan-demidov.young-guns-parallels""]}",{},,ebay|pdxgreatdeals|376991903700,https://i.ebayimg.com/images/g/1gsAAeSwunFpn2R8/s-l225.jpg,,FALSE,FALSE,FALSE,,{},,,,NO,NO,RAW,,,,Ungraded; seller/API claim only; front/back unverified.,UNKNOWN,"[""identity_and_images_unverified""]",521.99,0,,,,,0,180,TRUE,,,,,,[],INSUFFICIENT,INSUFFICIENT,UNKNOWN,INSUFFICIENT,,,,,,,,,,,,,,,,,MANUAL REVIEW / UNPRICED,FALSE,FALSE,"[""exact_front_back_identity_not_verified"",""identical_completed_sales_not_persisted"",""delivered_acquisition_cost_incomplete"",""truely_collectables_owned_copy_exclusion_not_proven""]","{""artifact_schema"":""TRUELY_COLLECTABLES_DEAL_HUNTER_ARTIFACT_V1"",""deployment"":{""commitSha"":null,""environment"":""production"",""region"":null},""discovery_family_ids"":[""ivan-demidov.young-guns-parallels""],""gateway_endpoint"":""https://truelycollectables.com/api/tcos/deal-hunter-native-ebay?perQuery=20&scope=ivan_demidov"",""gateway_host"":""https://truelycollectables.com"",""gateway_scopes"":[""ivan_demidov""],""listing_item_id"":""376991903700"",""native_schema"":""TCOS_NATIVE_EBAY_FEED_V1"",""producer_commit_sha"":""07471ae49901220d13073aab604afbb0e223e855"",""producer_run_id"":""31970958336"",""source"":""truelycollectables.com/native-ebay"",""source_queries"":[""Ivan Demidov Young Guns rookie parallel""],""token_mode"":""client_credentials""}"
cand-s14-ebay-c4523fea06b10762a613,dh-20260731T184251Z-gha-recovery,14,2026-08-16T20:35:00.076Z,IVAN/young_guns_parallels,Ivan Demidov,young_guns_rookie_parallel,eBay,ryanweigold,,389635544634,https://www.ebay.com/itm/389635544634?_skw=Ivan+Demidov+Young+Guns+rookie+parallel&hash=item5ab816963a%3Ag%3AqEIAAeSw-ExplFOv,LIVE,2025-26 Upper Deck Series 1 - Young Guns Ivan Demidov #205 Outburst (RC),"{""preliminary_scope_status"":""DISCOVERY_SCOPE_PASS"",""query_family_ids"":[""ivan-demidov.young-guns-parallels""]}",{},,ebay|ryanweigold|389635544634,https://i.ebayimg.com/images/g/qEIAAeSw-ExplFOv/s-l225.jpg,,FALSE,FALSE,FALSE,,{},,,,NO,NO,RAW,,,,Ungraded; seller/API claim only; front/back unverified.,UNKNOWN,"[""identity_and_images_unverified""]",599.99,,,,,,0,180,TRUE,,,,,,[],INSUFFICIENT,INSUFFICIENT,UNKNOWN,INSUFFICIENT,,,,,,,,,,,,,,,,,MANUAL REVIEW / UNPRICED,FALSE,FALSE,"[""exact_front_back_identity_not_verified"",""identical_completed_sales_not_persisted"",""delivered_acquisition_cost_incomplete"",""truely_collectables_owned_copy_exclusion_not_proven""]","{""artifact_schema"":""TRUELY_COLLECTABLES_DEAL_HUNTER_ARTIFACT_V1"",""deployment"":{""commitSha"":null,""environment"":""production"",""region"":null},""discovery_family_ids"":[""ivan-demidov.young-guns-parallels""],""gateway_endpoint"":""https://truelycollectables.com/api/tcos/deal-hunter-native-ebay?perQuery=20&scope=ivan_demidov"",""gateway_host"":""https://truelycollectables.com"",""gateway_scopes"":[""ivan_demidov""],""listing_item_id"":""389635544634"",""native_schema"":""TCOS_NATIVE_EBAY_FEED_V1"",""producer_commit_sha"":""07471ae49901220d13073aab604afbb0e223e855"",""producer_run_id"":""31970958336"",""source"":""truelycollectables.com/native-ebay"",""source_queries"":[""Ivan Demidov Young Guns rookie parallel""],""token_mode"":""client_credentials""}"
cand-s14-ebay-5aa22acad020289c1cb4,dh-20260731T184251Z-gha-recovery,14,2026-08-16T20:35:00.076Z,IVAN/autograph_memorabilia,Ivan Demidov,nhl_rookie_autograph_memorabilia,eBay,glitchy_420,,326992521008,https://www.ebay.com/itm/326992521008?_skw=Ivan+Demidov+NHL+rookie+autograph+patch+memorabilia&hash=item4c2245e730%3Ag%3AgwUAAeSwRytpiRFk,LIVE,Ivan Demidov RPA Gold Material Auto 2025-26 Artifacts /199,"{""preliminary_scope_status"":""DISCOVERY_SCOPE_PASS"",""query_family_ids"":[""ivan-demidov.autograph-memorabilia""]}",{},,ebay|glitchy-420|326992521008,https://i.ebayimg.com/images/g/gwUAAeSwRytpiRFk/s-l225.jpg,,FALSE,FALSE,FALSE,,{},,,,CLAIMED_ONLY,NO,GRADED,,,,Graded; seller/API claim only; front/back unverified.,UNKNOWN,"[""identity_and_images_unverified""]",1250,0,,,,,0,180,TRUE,,,,,,[],INSUFFICIENT,INSUFFICIENT,UNKNOWN,INSUFFICIENT,,,,,,,,,,,,,,,,,MANUAL REVIEW / UNPRICED,FALSE,FALSE,"[""exact_front_back_identity_not_verified"",""identical_completed_sales_not_persisted"",""delivered_acquisition_cost_incomplete"",""truely_collectables_owned_copy_exclusion_not_proven""]","{""artifact_schema"":""TRUELY_COLLECTABLES_DEAL_HUNTER_ARTIFACT_V1"",""deployment"":{""commitSha"":null,""environment"":""production"",""region"":null},""discovery_family_ids"":[""ivan-demidov.autograph-memorabilia""],""gateway_endpoint"":""https://truelycollectables.com/api/tcos/deal-hunter-native-ebay?perQuery=20&scope=ivan_demidov"",""gateway_host"":""https://truelycollectables.com"",""gateway_scopes"":[""ivan_demidov""],""listing_item_id"":""326992521008"",""native_schema"":""TCOS_NATIVE_EBAY_FEED_V1"",""producer_commit_sha"":""07471ae49901220d13073aab604afbb0e223e855"",""producer_run_id"":""31970958336"",""source"":""truelycollectables.com/native-ebay"",""source_queries"":[""Ivan Demidov NHL rookie autograph patch memorabilia""],""token_mode"":""client_credentials""}"
cand-s14-ebay-a2f05e0e134809bc6972,dh-20260731T184251Z-gha-recovery,14,2026-08-16T20:35:00.076Z,IVAN/professional_rookies,Ivan Demidov,professional_nhl_rookie_card,eBay,thekinghing,,116978711039,https://www.ebay.com/itm/116978711039?_skw=Ivan+Demidov+NHL+rookie+card&hash=item1b3c7979ff%3Ag%3ADbgAAeSwhYZpZE5T,LIVE,IVAN DEMIDOV 2025-26 Topps Now NHL Stickers ROOKIE #52 Montreal Canadiens,"{""preliminary_scope_status"":""DISCOVERY_SCOPE_PASS"",""query_family_ids"":[""ivan-demidov.professional-rookies""]}",{},,ebay|thekinghing|116978711039,https://i.ebayimg.com/images/g/DbgAAeSwhYZpZE5T/s-l225.jpg,,FALSE,FALSE,FALSE,,{},,,,NO,NO,RAW,,,,Ungraded; seller/API claim only; front/back unverified.,UNKNOWN,"[""identity_and_images_unverified""]",2.95,0,,,,,0,180,TRUE,,,,,,[],INSUFFICIENT,INSUFFICIENT,UNKNOWN,INSUFFICIENT,,,,,,,,,,,,,,,,,MANUAL REVIEW / UNPRICED,FALSE,FALSE,"[""exact_front_back_identity_not_verified"",""identical_completed_sales_not_persisted"",""delivered_acquisition_cost_incomplete"",""truely_collectables_owned_copy_exclusion_not_proven""]","{""artifact_schema"":""TRUELY_COLLECTABLES_DEAL_HUNTER_ARTIFACT_V1"",""deployment"":{""commitSha"":null,""environment"":""production"",""region"":null},""discovery_family_ids"":[""ivan-demidov.professional-rookies""],""gateway_endpoint"":""https://truelycollectables.com/api/tcos/deal-hunter-native-ebay?perQuery=20&scope=ivan_demidov"",""gateway_host"":""https://truelycollectables.com"",""gateway_scopes"":[""ivan_demidov""],""listing_item_id"":""116978711039"",""native_schema"":""TCOS_NATIVE_EBAY_FEED_V1"",""producer_commit_sha"":""07471ae49901220d13073aab604afbb0e223e855"",""producer_run_id"":""31970958336"",""source"":""truelycollectables.com/native-ebay"",""source_queries"":[""Ivan Demidov NHL rookie card""],""token_mode"":""client_credentials""}"
cand-s14-ebay-46181c2433be6612cd5b,dh-20260731T184251Z-gha-recovery,14,2026-08-16T20:35:00.076Z,IVAN/professional_rookies,Ivan Demidov,professional_nhl_rookie_card,eBay,avzensportscards,,147026747634,https://www.ebay.com/itm/147026747634?_skw=Ivan+Demidov+NHL+rookie+card&hash=item223b7a20f2%3Ag%3At7wAAeSwANFp%7EstN&amdata=enc%3AAQALAAABAACCtXRWQnOEpyOqnQQ8KGblaWnsv8dzgba8MHVzziGeQaXHzakUPtW8ZbCPpQq6qOhOaWN0k%2FF1UlLwCEspFXSrnIVI2f3sXYflJvWmeKHGU36zHUjE7JQ8FJU%2FWwTZzOiBBix%2BRiO2DQwEA90epMUh0Xp3DkEAkxfVcExJ9I6OKBr23opHs7KWU6gY1Jb%2BtAEUVdv6I7vqBUmP2aFMCIXdTH%2BnaBZlISQcYbr9i7F0%2BK8GgPHvIZmyXBPXp7Wni809nY%2FiT0hbimdosigA8xvhTXQ2Pj8d3rPorz4n7f%2F7iC%2BJXQp%2FzpOgKLYe9d2nEuw1hUcx%2Bifp1gi9%2BhgiIt8%3D,LIVE,2025-26 Upper Deck Series 1 NHL Hockey Base Singles (Pick Your Cards),"{""preliminary_scope_status"":""DISCOVERY_SCOPE_PASS"",""query_family_ids"":[""ivan-demidov.professional-rookies""]}",{},,ebay|avzensportscards|147026747634,https://i.ebayimg.com/images/g/t7wAAeSwANFp~stN/s-l225.jpg,,FALSE,FALSE,FALSE,,{},,,,NO,NO,RAW,,,,Ungraded; seller/API claim only; front/back unverified.,UNKNOWN,"[""identity_and_images_unverified""]",189.95,0,,,,,0,180,TRUE,,,,,,[],INSUFFICIENT,INSUFFICIENT,UNKNOWN,INSUFFICIENT,,,,,,,,,,,,,,,,,MANUAL REVIEW / UNPRICED,FALSE,FALSE,"[""exact_front_back_identity_not_verified"",""identical_completed_sales_not_persisted"",""delivered_acquisition_cost_incomplete"",""truely_collectables_owned_copy_exclusion_not_proven""]","{""artifact_schema"":""TRUELY_COLLECTABLES_DEAL_HUNTER_ARTIFACT_V1"",""deployment"":{""commitSha"":null,""environment"":""production"",""region"":null},""discovery_family_ids"":[""ivan-demidov.professional-rookies""],""gateway_endpoint"":""https://truelycollectables.com/api/tcos/deal-hunter-native-ebay?perQuery=20&scope=ivan_demidov"",""gateway_host"":""https://truelycollectables.com"",""gateway_scopes"":[""ivan_demidov""],""listing_item_id"":""147026747634"",""native_schema"":""TCOS_NATIVE_EBAY_FEED_V1"",""producer_commit_sha"":""07471ae49901220d13073aab604afbb0e223e855"",""producer_run_id"":""31970958336"",""source"":""truelycollectables.com/native-ebay"",""source_queries"":[""Ivan Demidov NHL rookie card""],""token_mode"":""client_credentials""}"
cand-s14-ebay-0b5da4cf4d4344aea66c,dh-20260731T184251Z-gha-recovery,14,2026-08-16T20:35:00.076Z,IVAN/professional_rookies,Ivan Demidov,professional_nhl_rookie_card,eBay,keyballercollectibles,,157332055539,https://www.ebay.com/itm/157332055539?_skw=Ivan+Demidov+NHL+rookie+card&hash=item24a1b8a5f3%3Ag%3AhxQAAeSwfx5omPoV&amdata=enc%3AAQALAAABAACCtXRWQnOEpyOqnQQ8KGbyJYoNJpgLbuxg8w7hUqCwIb3z0DpbJvWdn2xpb1CeBEe6EGR%2FptVaf4snsyw33pyeEc4q4CJHUWZEx1ZEZabhGPHi27K4nP33Jbm7dW2okvV7X9LedlTmoOG8LoV2sFRZDN6Wnkcl%2FMMg3mbGY%2FW8ng4VYo8bb2Ro1VKuf%2BMeVi2Z3Keb575BsCYc6PR3D9I0KVGSrLR70Voj%2FDKOR%2FXSBDeeaEWMobCz9L06n32dJW80fc0tFoIL%2FiW9DYpjuZE5q6U4rUMbG6zeLBKFD67p4aq21Mj0r6ekJ5GOcHHuqVmH%2ByBW%2BKGIQ6%2BDHucXXmk%3D,LIVE,Ivan Demidov Montreal Canadien #93 NHL Hockey Rookie Card Style Keychain Gift,"{""preliminary_scope_status"":""DISCOVERY_SCOPE_PASS"",""query_family_ids"":[""ivan-demidov.professional-rookies""]}",{},,ebay|keyballercollectibles|157332055539,https://i.ebayimg.com/images/g/hxQAAeSwfx5omPoV/s-l225.jpg,,FALSE,FALSE,FALSE,,{},,,,NO,NO,UNKNOWN,,,,Unspecified; seller/API claim only; front/back unverified.,UNKNOWN,"[""identity_and_images_unverified""]",10.3,5.04,,,,,0,180,TRUE,,,,,,[],INSUFFICIENT,INSUFFICIENT,UNKNOWN,INSUFFICIENT,,,,,,,,,,,,,,,,,MANUAL REVIEW / UNPRICED,FALSE,FALSE,"[""exact_front_back_identity_not_verified"",""identical_completed_sales_not_persisted"",""delivered_acquisition_cost_incomplete"",""truely_collectables_owned_copy_exclusion_not_proven""]","{""artifact_schema"":""TRUELY_COLLECTABLES_DEAL_HUNTER_ARTIFACT_V1"",""deployment"":{""commitSha"":null,""environment"":""production"",""region"":null},""discovery_family_ids"":[""ivan-demidov.professional-rookies""],""gateway_endpoint"":""https://truelycollectables.com/api/tcos/deal-hunter-native-ebay?perQuery=20&scope=ivan_demidov"",""gateway_host"":""https://truelycollectables.com"",""gateway_scopes"":[""ivan_demidov""],""listing_item_id"":""157332055539"",""native_schema"":""TCOS_NATIVE_EBAY_FEED_V1"",""producer_commit_sha"":""07471ae49901220d13073aab604afbb0e223e855"",""producer_run_id"":""31970958336"",""source"":""truelycollectables.com/native-ebay"",""source_queries"":[""Ivan Demidov NHL rookie card""],""token_mode"":""client_credentials""}"
cand-s14-ebay-bfbab359ccc8edb6e85d,dh-20260731T184251Z-gha-recovery,14,2026-08-16T20:35:00.076Z,MICHKOV YG/young_guns_deal_and_misspelling,Matvei Michkov,young_guns_rookie_card,eBay,moose_clark,,158194750806,https://www.ebay.com/itm/158194750806?_skw=Matvei+Michkov+Young+Guns+rookie&hash=item24d5245556%3Ag%3Ag7oAAeSwN09qVse6,LIVE,"2024-25 Upper Deck Series 2 - Young Guns Matvei Michkov, Ivan Fedotov #496 (RC)","{""preliminary_scope_status"":""DISCOVERY_SCOPE_PASS"",""query_family_ids"":[""matvei-michkov.exact-young-guns"",""matvei-michkov.matvey-first-name""]}",{},,ebay|moose-clark|158194750806,https://i.ebayimg.com/images/g/g7oAAeSwN09qVse6/s-l225.jpg,,FALSE,FALSE,FALSE,,{},,,,NO,NO,RAW,,,,Ungraded; seller/API claim only; front/back unverified.,UNKNOWN,"[""identity_and_images_unverified""]",2,1.25,,,,,0,180,TRUE,,,,,,[],INSUFFICIENT,INSUFFICIENT,UNKNOWN,INSUFFICIENT,,,,,,,,,,,,,,,,,MANUAL REVIEW / UNPRICED,FALSE,FALSE,"[""exact_front_back_identity_not_verified"",""identical_completed_sales_not_persisted"",""delivered_acquisition_cost_incomplete"",""truely_collectables_owned_copy_exclusion_not_proven"",""exact_upper_deck_young_guns_identity_not_image_verified""]","{""artifact_schema"":""TRUELY_COLLECTABLES_DEAL_HUNTER_ARTIFACT_V1"",""deployment"":{""commitSha"":null,""environment"":""production"",""region"":null},""discovery_family_ids"":[""matvei-michkov.exact-young-guns"",""matvei-michkov.matvey-first-name""],""gateway_endpoint"":""https://truelycollectables.com/api/tcos/deal-hunter-native-ebay?perQuery=20&scope=matvei_michkov_young_guns"",""gateway_host"":""https://truelycollectables.com"",""gateway_scopes"":[""matvei_michkov_young_guns""],""listing_item_id"":""158194750806"",""native_schema"":""TCOS_NATIVE_EBAY_FEED_V1"",""producer_commit_sha"":""07471ae49901220d13073aab604afbb0e223e855"",""producer_run_id"":""31970958336"",""source"":""truelycollectables.com/native-ebay"",""source_queries"":[""Matvei Michkov Young Guns rookie"",""Matvey Michkov Young Guns""],""token_mode"":""client_credentials""}"
cand-s14-ebay-39d1627d5e63d2115d22,dh-20260731T184251Z-gha-recovery,14,2026-08-16T20:35:00.076Z,MICHKOV YG/young_guns_deal_and_misspelling,Matvei Michkov,young_guns_rookie_card,eBay,tgulch2176,,327310927959,https://www.ebay.com/itm/327310927959?_skw=Matvei+Michkov+Young+Guns+rookie&hash=item4c35406857%3Ag%3AfScAAeSwC-Fqf9Ty,LIVE,"2024-25 Upper Deck Series 2 - Young Guns Matvei Michkov, Ivan Fedotov #496 (RC)","{""preliminary_scope_status"":""DISCOVERY_SCOPE_PASS"",""query_family_ids"":[""matvei-michkov.exact-young-guns"",""matvei-michkov.matvey-first-name""]}",{},,ebay|tgulch2176|327310927959,https://i.ebayimg.com/images/g/fScAAeSwC-Fqf9Ty/s-l225.jpg,,FALSE,FALSE,FALSE,,{},,,,NO,NO,RAW,,,,Ungraded; seller/API claim only; front/back unverified.,UNKNOWN,"[""identity_and_images_unverified""]",1.49,1.07,,,,,0,180,TRUE,,,,,,[],INSUFFICIENT,INSUFFICIENT,UNKNOWN,INSUFFICIENT,,,,,,,,,,,,,,,,,MANUAL REVIEW / UNPRICED,FALSE,FALSE,"[""exact_front_back_identity_not_verified"",""identical_completed_sales_not_persisted"",""delivered_acquisition_cost_incomplete"",""truely_collectables_owned_copy_exclusion_not_proven"",""exact_upper_deck_young_guns_identity_not_image_verified""]","{""artifact_schema"":""TRUELY_COLLECTABLES_DEAL_HUNTER_ARTIFACT_V1"",""deployment"":{""commitSha"":null,""environment"":""production"",""region"":null},""discovery_family_ids"":[""matvei-michkov.exact-young-guns"",""matvei-michkov.matvey-first-name""],""gateway_endpoint"":""https://truelycollectables.com/api/tcos/deal-hunter-native-ebay?perQuery=20&scope=matvei_michkov_young_guns"",""gateway_host"":""https://truelycollectables.com"",""gateway_scopes"":[""matvei_michkov_young_guns""],""listing_item_id"":""327310927959"",""native_schema"":""TCOS_NATIVE_EBAY_FEED_V1"",""producer_commit_sha"":""07471ae49901220d13073aab604afbb0e223e855"",""producer_run_id"":""31970958336"",""source"":""truelycollectables.com/native-ebay"",""source_queries"":[""Matvei Michkov Young Guns rookie"",""Matvey Michkov Young Guns""],""token_mode"":""client_credentials""}"
cand-s14-ebay-81f9896b6320298e7b93,dh-20260731T184251Z-gha-recovery,14,2026-08-16T20:35:00.076Z,MICHKOV YG/young_guns_deal_and_misspelling,Matvei Michkov,young_guns_rookie_card,eBay,tmhunh,,158188469722,https://www.ebay.com/itm/158188469722?_skw=Matvei+Michkov+Young+Guns+rookie&hash=item24d4c47dda%3Ag%3A96kAAeSwLKlqf1Xy,LIVE,2024/25 Upper Deck Series 2 Young Guns Outburst Matvei Michkov #492 Rookie RC,"{""preliminary_scope_status"":""DISCOVERY_SCOPE_PASS"",""query_family_ids"":[""matvei-michkov.exact-young-guns"",""matvei-michkov.young-guns-parallels"",""matvei-michkov.matvey-first-name""]}",{},,ebay|tmhunh|158188469722,https://i.ebayimg.com/images/g/96kAAeSwLKlqf1Xy/s-l225.jpg,,FALSE,FALSE,FALSE,,{},,,,NO,NO,RAW,,,,Ungraded; seller/API claim only; front/back unverified.,UNKNOWN,"[""identity_and_images_unverified""]",169.99,0,,,,,0,180,TRUE,,,,,,[],INSUFFICIENT,INSUFFICIENT,UNKNOWN,INSUFFICIENT,,,,,,,,,,,,,,,,,MANUAL REVIEW / UNPRICED,FALSE,FALSE,"[""exact_front_back_identity_not_verified"",""identical_completed_sales_not_persisted"",""delivered_acquisition_cost_incomplete"",""truely_collectables_owned_copy_exclusion_not_proven"",""exact_upper_deck_young_guns_identity_not_image_verified""]","{""artifact_schema"":""TRUELY_COLLECTABLES_DEAL_HUNTER_ARTIFACT_V1"",""deployment"":{""commitSha"":null,""environment"":""production"",""region"":null},""discovery_family_ids"":[""matvei-michkov.exact-young-guns"",""matvei-michkov.young-guns-parallels"",""matvei-michkov.matvey-first-name""],""gateway_endpoint"":""https://truelycollectables.com/api/tcos/deal-hunter-native-ebay?perQuery=20&scope=matvei_michkov_young_guns"",""gateway_host"":""https://truelycollectables.com"",""gateway_scopes"":[""matvei_michkov_young_guns""],""listing_item_id"":""158188469722"",""native_schema"":""TCOS_NATIVE_EBAY_FEED_V1"",""producer_commit_sha"":""07471ae49901220d13073aab604afbb0e223e855"",""producer_run_id"":""31970958336"",""source"":""truelycollectables.com/native-ebay"",""source_queries"":[""Matvei Michkov Young Guns rookie"",""Matvei Michkov Young Guns parallel"",""Matvey Michkov Young Guns""],""token_mode"":""client_credentials""}"
cand-s14-ebay-46fb1c6b0c851aff3932,dh-20260731T184251Z-gha-recovery,14,2026-08-16T20:35:00.076Z,MICHKOV YG/young_guns_deal_and_misspelling,Matvei Michkov,young_guns_rookie_card,eBay,three_coins,,237005965218,https://www.ebay.com/itm/237005965218?_skw=Matvei+Michkov+Young+Guns+rookie&hash=item372ea807a2%3Ag%3AaYYAAeSwTF5qf0LV,LIVE,2024 Upper Deck Series 2 Young Guns Matvei Michkov #492 Philadelphia Flyers,"{""preliminary_scope_status"":""DISCOVERY_SCOPE_PASS"",""query_family_ids"":[""matvei-michkov.exact-young-guns"",""matvei-michkov.young-guns-parallels"",""matvei-michkov.matvey-first-name""]}",{},,ebay|three-coins|237005965218,https://i.ebayimg.com/images/g/aYYAAeSwTF5qf0LV/s-l225.jpg,,FALSE,FALSE,FALSE,,{},,,,NO,NO,RAW,,,,Ungraded; seller/API claim only; front/back unverified.,UNKNOWN,"[""identity_and_images_unverified""]",25,5.95,,,,,0,180,TRUE,,,,,,[],INSUFFICIENT,INSUFFICIENT,UNKNOWN,INSUFFICIENT,,,,,,,,,,,,,,,,,MANUAL REVIEW / UNPRICED,FALSE,FALSE,"[""exact_front_back_identity_not_verified"",""identical_completed_sales_not_persisted"",""delivered_acquisition_cost_incomplete"",""truely_collectables_owned_copy_exclusion_not_proven"",""exact_upper_deck_young_guns_identity_not_image_verified""]","{""artifact_schema"":""TRUELY_COLLECTABLES_DEAL_HUNTER_ARTIFACT_V1"",""deployment"":{""commitSha"":null,""environment"":""production"",""region"":null},""discovery_family_ids"":[""matvei-michkov.exact-young-guns"",""matvei-michkov.young-guns-parallels"",""matvei-michkov.matvey-first-name""],""gateway_endpoint"":""https://truelycollectables.com/api/tcos/deal-hunter-native-ebay?perQuery=20&scope=matvei_michkov_young_guns"",""gateway_host"":""https://truelycollectables.com"",""gateway_scopes"":[""matvei_michkov_young_guns""],""listing_item_id"":""237005965218"",""native_schema"":""TCOS_NATIVE_EBAY_FEED_V1"",""producer_commit_sha"":""07471ae49901220d13073aab604afbb0e223e855"",""producer_run_id"":""31970958336"",""source"":""truelycollectables.com/native-ebay"",""source_queries"":[""Matvei Michkov Young Guns rookie"",""Matvei Michkov Young Guns parallel"",""Matvey Michkov Young Guns""],""token_mode"":""client_credentials""}"
cand-s14-ebay-f01e9a8bf142ad353d82,dh-20260731T184251Z-gha-recovery,14,2026-08-16T20:35:00.076Z,MICHKOV YG/young_guns_deal_and_misspelling,Matvei Michkov,young_guns_rookie_card,eBay,brendans_bazaar,,398275366946,https://www.ebay.com/itm/398275366946?_skw=Matvei+Michkov+Young+Guns+rookie&hash=item5cbb0fd022%3Ag%3AgTYAAeSw1WFqe6AX,LIVE,2024-25 Upper Deck Series 2 - Young Guns Matvei Michkov #492 (RC),"{""preliminary_scope_status"":""DISCOVERY_SCOPE_PASS"",""query_family_ids"":[""matvei-michkov.exact-young-guns"",""matvei-michkov.matvey-first-name""]}",{},,ebay|brendans-bazaar|398275366946,https://i.ebayimg.com/images/g/gTYAAeSw1WFqe6AX/s-l225.jpg,,FALSE,FALSE,FALSE,,{},,,,NO,NO,RAW,,,,Ungraded; seller/API claim only; front/back unverified.,UNKNOWN,"[""identity_and_images_unverified""]",27,,,,,,0,180,TRUE,,,,,,[],INSUFFICIENT,INSUFFICIENT,UNKNOWN,INSUFFICIENT,,,,,,,,,,,,,,,,,MANUAL REVIEW / UNPRICED,FALSE,FALSE,"[""exact_front_back_identity_not_verified"",""identical_completed_sales_not_persisted"",""delivered_acquisition_cost_incomplete"",""truely_collectables_owned_copy_exclusion_not_proven"",""exact_upper_deck_young_guns_identity_not_image_verified""]","{""artifact_schema"":""TRUELY_COLLECTABLES_DEAL_HUNTER_ARTIFACT_V1"",""deployment"":{""commitSha"":null,""environment"":""production"",""region"":null},""discovery_family_ids"":[""matvei-michkov.exact-young-guns"",""matvei-michkov.matvey-first-name""],""gateway_endpoint"":""https://truelycollectables.com/api/tcos/deal-hunter-native-ebay?perQuery=20&scope=matvei_michkov_young_guns"",""gateway_host"":""https://truelycollectables.com"",""gateway_scopes"":[""matvei_michkov_young_guns""],""listing_item_id"":""398275366946"",""native_schema"":""TCOS_NATIVE_EBAY_FEED_V1"",""producer_commit_sha"":""07471ae49901220d13073aab604afbb0e223e855"",""producer_run_id"":""31970958336"",""source"":""truelycollectables.com/native-ebay"",""source_queries"":[""Matvei Michkov Young Guns rookie"",""Matvey Michkov Young Guns""],""token_mode"":""client_credentials""}"
cand-s14-ebay-fdec091790d7131af5fb,dh-20260731T184251Z-gha-recovery,14,2026-08-16T20:35:00.076Z,MICHKOV YG/young_guns_deal_and_misspelling,Matvei Michkov,young_guns_rookie_card,eBay,comc_consignment,,257671216732,https://www.ebay.com/itm/257671216732?_skw=Matvei+Michkov+Young+Guns+rookie&hash=item3bfe66be5c%3Ag%3AS94AAeSwG6RqeMXw,LIVE,2024-25 Upper Deck Series 2 Young Guns Matvei Michkov PSA 9 MINT Rookie RC 1ro3,"{""preliminary_scope_status"":""DISCOVERY_SCOPE_PASS"",""query_family_ids"":[""matvei-michkov.exact-young-guns""]}",{},,ebay|comc-consignment|257671216732,https://i.ebayimg.com/images/g/S94AAeSwG6RqeMXw/s-l225.jpg,,FALSE,FALSE,FALSE,,{},,,,NO,NO,GRADED,PSA,9,,Graded; seller/API claim only; front/back unverified.,UNKNOWN,"[""identity_and_images_unverified""]",43.83,4.99,,,,,0,180,TRUE,,,,,,[],INSUFFICIENT,INSUFFICIENT,UNKNOWN,INSUFFICIENT,,,,,,,,,,,,,,,,,MANUAL REVIEW / UNPRICED,FALSE,FALSE,"[""exact_front_back_identity_not_verified"",""identical_completed_sales_not_persisted"",""delivered_acquisition_cost_incomplete"",""truely_collectables_owned_copy_exclusion_not_proven"",""exact_upper_deck_young_guns_identity_not_image_verified""]","{""artifact_schema"":""TRUELY_COLLECTABLES_DEAL_HUNTER_ARTIFACT_V1"",""deployment"":{""commitSha"":null,""environment"":""production"",""region"":null},""discovery_family_ids"":[""matvei-michkov.exact-young-guns""],""gateway_endpoint"":""https://truelycollectables.com/api/tcos/deal-hunter-native-ebay?perQuery=20&scope=matvei_michkov_young_guns"",""gateway_host"":""https://truelycollectables.com"",""gateway_scopes"":[""matvei_michkov_young_guns""],""listing_item_id"":""257671216732"",""native_schema"":""TCOS_NATIVE_EBAY_FEED_V1"",""producer_commit_sha"":""07471ae49901220d13073aab604afbb0e223e855"",""producer_run_id"":""31970958336"",""source"":""truelycollectables.com/native-ebay"",""source_queries"":[""Matvei Michkov Young Guns rookie""],""token_mode"":""client_credentials""}"
cand-s14-ebay-1052916d72e566a21594,dh-20260731T184251Z-gha-recovery,14,2026-08-16T20:35:00.076Z,MICHKOV YG/young_guns_deal_and_misspelling,Matvei Michkov,young_guns_rookie_card,eBay,outlawsportscollectibles,,358888998990,https://www.ebay.com/itm/358888998990?_skw=Matvey+Michkov+Young+Guns&hash=item538f73884e%3Ag%3AxqAAAeSwfCxqc6zu&amdata=enc%3AAQALAAAA8ACCtXRWQnOEpyOqnQQ8KGZYNLcYWfOw65XBwDBtoKxdYG8cs%2BM6aKeuZHKl%2BV%2BQL16VogwWyiIgQ4JdjaCfNoE%2Bv0cE%2Blva3ydgG%2FZ0s2pUfy%2B3TzQym61TWfjPlz5UEQtswGsa%2F7QFjjX1e5l66QZYpqeBhQpU48LV4i35xKisEesTgwVOgZpBJXKQT9PF8imo5y20u1Pp%2BqUzA98okhezVqv%2BgtiCS3CEL82FKdTSztWay037PGyZW5aP2qQ8hlNGUyfO%2B3lAkunfaQunDloATd%2B5Bcz298RcqeU8q6aB1smLRZra%2BFnXbzhmbnpTOA%3D%3D,LIVE,Upper Deck 2024-25 Series 2 Young Guns #492 Matvei Michkov Flyers SGC 10,"{""preliminary_scope_status"":""DISCOVERY_SCOPE_PASS"",""query_family_ids"":[""matvei-michkov.matvey-first-name""]}",{},,ebay|outlawsportscollectibles|358888998990,https://i.ebayimg.com/images/g/xqAAAeSwfCxqc6zu/s-l225.jpg,,FALSE,FALSE,FALSE,,{},,,,NO,NO,GRADED,SGC,10,,Graded; seller/API claim only; front/back unverified.,UNKNOWN,"[""identity_and_images_unverified""]",130,,,,,,0,180,TRUE,,,,,,[],INSUFFICIENT,INSUFFICIENT,UNKNOWN,INSUFFICIENT,,,,,,,,,,,,,,,,,MANUAL REVIEW / UNPRICED,FALSE,FALSE,"[""exact_front_back_identity_not_verified"",""identical_completed_sales_not_persisted"",""delivered_acquisition_cost_incomplete"",""truely_collectables_owned_copy_exclusion_not_proven"",""exact_upper_deck_young_guns_identity_not_image_verified""]","{""artifact_schema"":""TRUELY_COLLECTABLES_DEAL_HUNTER_ARTIFACT_V1"",""deployment"":{""commitSha"":null,""environment"":""production"",""region"":null},""discovery_family_ids"":[""matvei-michkov.matvey-first-name""],""gateway_endpoint"":""https://truelycollectables.com/api/tcos/deal-hunter-native-ebay?perQuery=20&scope=matvei_michkov_young_guns"",""gateway_host"":""https://truelycollectables.com"",""gateway_scopes"":[""matvei_michkov_young_guns""],""listing_item_id"":""358888998990"",""native_schema"":""TCOS_NATIVE_EBAY_FEED_V1"",""producer_commit_sha"":""07471ae49901220d13073aab604afbb0e223e855"",""producer_run_id"":""31970958336"",""source"":""truelycollectables.com/native-ebay"",""source_queries"":[""Matvey Michkov Young Guns""],""token_mode"":""client_credentials""}"
cand-s14-ebay-40f3a45155e7765ddcef,dh-20260731T184251Z-gha-recovery,14,2026-08-16T20:35:00.076Z,MICHKOV YG/young_guns_deal_and_misspelling,Matvei Michkov,young_guns_rookie_card,eBay,comc_consignment,,236985032595,https://www.ebay.com/itm/236985032595?_skw=Matvei+Michkov+Young+Guns+parallel&hash=item372d689f93%3Ag%3A6lgAAeSwapBqckE9,LIVE,2024-25 Series 2 Young Guns Exclusives 50/100 Matvei Michkov #492 Rookie RC 0h7p,"{""preliminary_scope_status"":""IMAGE_OR_IDENTITY_REVIEW_REQUIRED"",""query_family_ids"":[""matvei-michkov.young-guns-parallels""]}",{},,ebay|comc-consignment|236985032595,https://i.ebayimg.com/images/g/6lgAAeSwapBqckE9/s-l225.jpg,,FALSE,FALSE,FALSE,,{},,,,NO,NO,RAW,,,,Ungraded; seller/API claim only; front/back unverified.,UNKNOWN,"[""identity_and_images_unverified""]",611.9,4.99,,,,,0,180,TRUE,,,,,,[],INSUFFICIENT,INSUFFICIENT,UNKNOWN,INSUFFICIENT,,,,,,,,,,,,,,,,,MANUAL REVIEW / UNPRICED,FALSE,FALSE,"[""exact_front_back_identity_not_verified"",""identical_completed_sales_not_persisted"",""delivered_acquisition_cost_incomplete"",""truely_collectables_owned_copy_exclusion_not_proven"",""exact_upper_deck_young_guns_identity_not_image_verified"",""upper_deck_not_explicit_verify_product""]","{""artifact_schema"":""TRUELY_COLLECTABLES_DEAL_HUNTER_ARTIFACT_V1"",""deployment"":{""commitSha"":null,""environment"":""production"",""region"":null},""discovery_family_ids"":[""matvei-michkov.young-guns-parallels""],""gateway_endpoint"":""https://truelycollectables.com/api/tcos/deal-hunter-native-ebay?perQuery=20&scope=matvei_michkov_young_guns"",""gateway_host"":""https://truelycollectables.com"",""gateway_scopes"":[""matvei_michkov_young_guns""],""listing_item_id"":""236985032595"",""native_schema"":""TCOS_NATIVE_EBAY_FEED_V1"",""producer_commit_sha"":""07471ae49901220d13073aab604afbb0e223e855"",""producer_run_id"":""31970958336"",""source"":""truelycollectables.com/native-ebay"",""source_queries"":[""Matvei Michkov Young Guns parallel""],""token_mode"":""client_credentials""}"
cand-s14-ebay-de0877e65d0c79324cfe,dh-20260731T184251Z-gha-recovery,14,2026-08-16T20:35:00.076Z,MICHKOV YG/young_guns_deal_and_misspelling,Matvei Michkov,young_guns_rookie_card,eBay,neweraportscards,,298546713774,https://www.ebay.com/itm/298546713774?_skw=Matvei+Michkov+YG+Philadelphia+Flyers&hash=item4582c554ae%3Ag%3AKEIAAeSwhQNqcOXE,LIVE,2024-25 Upper Deck UD Canvas #C353 Matvei Michkov YG Young Guns Canvas RC,"{""preliminary_scope_status"":""DISCOVERY_SCOPE_PASS"",""query_family_ids"":[""matvei-michkov.yg-abbreviation""]}",{},,ebay|neweraportscards|298546713774,https://i.ebayimg.com/images/g/KEIAAeSwhQNqcOXE/s-l225.jpg,,FALSE,FALSE,FALSE,,{},,,,NO,NO,RAW,,,,Ungraded; seller/API claim only; front/back unverified.,UNKNOWN,"[""identity_and_images_unverified""]",47.99,9.5,,,,,0,180,TRUE,,,,,,[],INSUFFICIENT,INSUFFICIENT,UNKNOWN,INSUFFICIENT,,,,,,,,,,,,,,,,,MANUAL REVIEW / UNPRICED,FALSE,FALSE,"[""exact_front_back_identity_not_verified"",""identical_completed_sales_not_persisted"",""delivered_acquisition_cost_incomplete"",""truely_collectables_owned_copy_exclusion_not_proven"",""exact_upper_deck_young_guns_identity_not_image_verified""]","{""artifact_schema"":""TRUELY_COLLECTABLES_DEAL_HUNTER_ARTIFACT_V1"",""deployment"":{""commitSha"":null,""environment"":""production"",""region"":null},""discovery_family_ids"":[""matvei-michkov.yg-abbreviation""],""gateway_endpoint"":""https://truelycollectables.com/api/tcos/deal-hunter-native-ebay?perQuery=20&scope=matvei_michkov_young_guns"",""gateway_host"":""https://truelycollectables.com"",""gateway_scopes"":[""matvei_michkov_young_guns""],""listing_item_id"":""298546713774"",""native_schema"":""TCOS_NATIVE_EBAY_FEED_V1"",""producer_commit_sha"":""07471ae49901220d13073aab604afbb0e223e855"",""producer_run_id"":""31970958336"",""source"":""truelycollectables.com/native-ebay"",""source_queries"":[""Matvei Michkov YG Philadelphia Flyers""],""token_mode"":""client_credentials""}"
cand-s14-ebay-3df60810d8edfc67420d,dh-20260731T184251Z-gha-recovery,14,2026-08-16T20:35:00.076Z,MICHKOV YG/young_guns_deal_and_misspelling,Matvei Michkov,young_guns_rookie_card,eBay,comc_consignment,,236981777994,https://www.ebay.com/itm/236981777994?_skw=Matvei+Michkov+Young+Guns+rookie&hash=item372d36f64a%3Ag%3At1MAAeSwsehqcLQ6,LIVE,2024 Upper Deck Series 2 Young Guns Outburst Matvei Michkov #492 Rookie RC 0bk3,"{""preliminary_scope_status"":""DISCOVERY_SCOPE_PASS"",""query_family_ids"":[""matvei-michkov.exact-young-guns"",""matvei-michkov.young-guns-parallels""]}",{},,ebay|comc-consignment|236981777994,https://i.ebayimg.com/images/g/t1MAAeSwsehqcLQ6/s-l225.jpg,,FALSE,FALSE,FALSE,,{},,,,NO,NO,RAW,,,,Ungraded; seller/API claim only; front/back unverified.,UNKNOWN,"[""identity_and_images_unverified""]",147.5,4.99,,,,,0,180,TRUE,,,,,,[],INSUFFICIENT,INSUFFICIENT,UNKNOWN,INSUFFICIENT,,,,,,,,,,,,,,,,,MANUAL REVIEW / UNPRICED,FALSE,FALSE,"[""exact_front_back_identity_not_verified"",""identical_completed_sales_not_persisted"",""delivered_acquisition_cost_incomplete"",""truely_collectables_owned_copy_exclusion_not_proven"",""exact_upper_deck_young_guns_identity_not_image_verified""]","{""artifact_schema"":""TRUELY_COLLECTABLES_DEAL_HUNTER_ARTIFACT_V1"",""deployment"":{""commitSha"":null,""environment"":""production"",""region"":null},""discovery_family_ids"":[""matvei-michkov.exact-young-guns"",""matvei-michkov.young-guns-parallels""],""gateway_endpoint"":""https://truelycollectables.com/api/tcos/deal-hunter-native-ebay?perQuery=20&scope=matvei_michkov_young_guns"",""gateway_host"":""https://truelycollectables.com"",""gateway_scopes"":[""matvei_michkov_young_guns""],""listing_item_id"":""236981777994"",""native_schema"":""TCOS_NATIVE_EBAY_FEED_V1"",""producer_commit_sha"":""07471ae49901220d13073aab604afbb0e223e855"",""producer_run_id"":""31970958336"",""source"":""truelycollectables.com/native-ebay"",""source_queries"":[""Matvei Michkov Young Guns rookie"",""Matvei Michkov Young Guns parallel""],""token_mode"":""client_credentials""}"
cand-s14-ebay-03f5659fe034a1e7b989,dh-20260731T184251Z-gha-recovery,14,2026-08-16T20:35:00.076Z,MICHKOV YG/young_guns_deal_and_misspelling,Matvei Michkov,young_guns_rookie_card,eBay,comc_consignment,,257657435364,https://www.ebay.com/itm/257657435364?_skw=Matvei+Michkov+Young+Guns+rookie&hash=item3bfd9474e4%3Ag%3A5GQAAeSwXiNqb7WD,LIVE,2024-25 Upper Deck Series 2 Young Guns Matvei Michkov #492 Rookie RC 1en4,"{""preliminary_scope_status"":""DISCOVERY_SCOPE_PASS"",""query_family_ids"":[""matvei-michkov.exact-young-guns""]}",{},,ebay|comc-consignment|257657435364,https://i.ebayimg.com/images/g/5GQAAeSwXiNqb7WD/s-l225.jpg,,FALSE,FALSE,FALSE,,{},,,,NO,NO,RAW,,,,Ungraded; seller/API claim only; front/back unverified.,UNKNOWN,"[""identity_and_images_unverified""]",24.95,4.99,,,,,0,180,TRUE,,,,,,[],INSUFFICIENT,INSUFFICIENT,UNKNOWN,INSUFFICIENT,,,,,,,,,,,,,,,,,MANUAL REVIEW / UNPRICED,FALSE,FALSE,"[""exact_front_back_identity_not_verified"",""identical_completed_sales_not_persisted"",""delivered_acquisition_cost_incomplete"",""truely_collectables_owned_copy_exclusion_not_proven"",""exact_upper_deck_young_guns_identity_not_image_verified""]","{""artifact_schema"":""TRUELY_COLLECTABLES_DEAL_HUNTER_ARTIFACT_V1"",""deployment"":{""commitSha"":null,""environment"":""production"",""region"":null},""discovery_family_ids"":[""matvei-michkov.exact-young-guns""],""gateway_endpoint"":""https://truelycollectables.com/api/tcos/deal-hunter-native-ebay?perQuery=20&scope=matvei_michkov_young_guns"",""gateway_host"":""https://truelycollectables.com"",""gateway_scopes"":[""matvei_michkov_young_guns""],""listing_item_id"":""257657435364"",""native_schema"":""TCOS_NATIVE_EBAY_FEED_V1"",""producer_commit_sha"":""07471ae49901220d13073aab604afbb0e223e855"",""producer_run_id"":""31970958336"",""source"":""truelycollectables.com/native-ebay"",""source_queries"":[""Matvei Michkov Young Guns rookie""],""token_mode"":""client_credentials""}"
cand-s14-ebay-d0c9ad1a9235f8a2c4e4,dh-20260731T184251Z-gha-recovery,14,2026-08-16T20:35:00.076Z,MICHKOV YG/young_guns_deal_and_misspelling,Matvei Michkov,young_guns_rookie_card,eBay,comc_consignment,,257655682916,https://www.ebay.com/itm/257655682916?_skw=Matvei+Michkov+Young+Guns+parallel&hash=item3bfd79b764%3Ag%3Aqn0AAeSwt4FqbqVN,LIVE,2024 Series 2 Young Guns Rainbow Speckled Foil Matvei Michkov Rookie RC READ 4z8,"{""preliminary_scope_status"":""IMAGE_OR_IDENTITY_REVIEW_REQUIRED"",""query_family_ids"":[""matvei-michkov.young-guns-parallels""]}",{},,ebay|comc-consignment|257655682916,https://i.ebayimg.com/images/g/qn0AAeSwt4FqbqVN/s-l225.jpg,,FALSE,FALSE,FALSE,,{},,,,NO,NO,RAW,,,,Ungraded; seller/API claim only; front/back unverified.,UNKNOWN,"[""identity_and_images_unverified""]",19.17,4.99,,,,,0,180,TRUE,,,,,,[],INSUFFICIENT,INSUFFICIENT,UNKNOWN,INSUFFICIENT,,,,,,,,,,,,,,,,,MANUAL REVIEW / UNPRICED,FALSE,FALSE,"[""exact_front_back_identity_not_verified"",""identical_completed_sales_not_persisted"",""delivered_acquisition_cost_incomplete"",""truely_collectables_owned_copy_exclusion_not_proven"",""exact_upper_deck_young_guns_identity_not_image_verified"",""upper_deck_not_explicit_verify_product""]","{""artifact_schema"":""TRUELY_COLLECTABLES_DEAL_HUNTER_ARTIFACT_V1"",""deployment"":{""commitSha"":null,""environment"":""production"",""region"":null},""discovery_family_ids"":[""matvei-michkov.young-guns-parallels""],""gateway_endpoint"":""https://truelycollectables.com/api/tcos/deal-hunter-native-ebay?perQuery=20&scope=matvei_michkov_young_guns"",""gateway_host"":""https://truelycollectables.com"",""gateway_scopes"":[""matvei_michkov_young_guns""],""listing_item_id"":""257655682916"",""native_schema"":""TCOS_NATIVE_EBAY_FEED_V1"",""producer_commit_sha"":""07471ae49901220d13073aab604afbb0e223e855"",""producer_run_id"":""31970958336"",""source"":""truelycollectables.com/native-ebay"",""source_queries"":[""Matvei Michkov Young Guns parallel""],""token_mode"":""client_credentials""}"
cand-s14-ebay-d5711cdd1b65293031d9,dh-20260731T184251Z-gha-recovery,14,2026-08-16T20:35:00.076Z,MICHKOV YG/young_guns_deal_and_misspelling,Matvei Michkov,young_guns_rookie_card,eBay,comc_consignment,,257648027837,https://www.ebay.com/itm/257648027837?_skw=Matvei+Michkov+Young+Guns+rookie&hash=item3bfd04e8bd%3Ag%3AQMIAAeSwB-dqaTZT,LIVE,2024-25 Series 2 Young Guns Silver Foil Matvei Michkov PSA 9 MINT Rookie RC 1e7g,"{""preliminary_scope_status"":""IMAGE_OR_IDENTITY_REVIEW_REQUIRED"",""query_family_ids"":[""matvei-michkov.exact-young-guns"",""matvei-michkov.young-guns-parallels"",""matvei-michkov.matvey-first-name""]}",{},,ebay|comc-consignment|257648027837,https://i.ebayimg.com/images/g/QMIAAeSwB-dqaTZT/s-l225.jpg,,FALSE,FALSE,FALSE,,{},,,,NO,NO,GRADED,PSA,9,,Graded; seller/API claim only; front/back unverified.,UNKNOWN,"[""identity_and_images_unverified""]",177.2,4.99,,,,,0,180,TRUE,,,,,,[],INSUFFICIENT,INSUFFICIENT,UNKNOWN,INSUFFICIENT,,,,,,,,,,,,,,,,,MANUAL REVIEW / UNPRICED,FALSE,FALSE,"[""exact_front_back_identity_not_verified"",""identical_completed_sales_not_persisted"",""delivered_acquisition_cost_incomplete"",""truely_collectables_owned_copy_exclusion_not_proven"",""exact_upper_deck_young_guns_identity_not_image_verified"",""upper_deck_not_explicit_verify_product""]","{""artifact_schema"":""TRUELY_COLLECTABLES_DEAL_HUNTER_ARTIFACT_V1"",""deployment"":{""commitSha"":null,""environment"":""production"",""region"":null},""discovery_family_ids"":[""matvei-michkov.exact-young-guns"",""matvei-michkov.young-guns-parallels"",""matvei-michkov.matvey-first-name""],""gateway_endpoint"":""https://truelycollectables.com/api/tcos/deal-hunter-native-ebay?perQuery=20&scope=matvei_michkov_young_guns"",""gateway_host"":""https://truelycollectables.com"",""gateway_scopes"":[""matvei_michkov_young_guns""],""listing_item_id"":""257648027837"",""native_schema"":""TCOS_NATIVE_EBAY_FEED_V1"",""producer_commit_sha"":""07471ae49901220d13073aab604afbb0e223e855"",""producer_run_id"":""31970958336"",""source"":""truelycollectables.com/native-ebay"",""source_queries"":[""Matvei Michkov Young Guns rookie"",""Matvei Michkov Young Guns parallel"",""Matvey Michkov Young Guns""],""token_mode"":""client_credentials""}"
cand-s14-ebay-3b918fab04b3eec6899b,dh-20260731T184251Z-gha-recovery,14,2026-08-16T20:35:00.076Z,MICHKOV YG/young_guns_deal_and_misspelling,Matvei Michkov,young_guns_rookie_card,eBay,comc_consignment,,236967139392,https://www.ebay.com/itm/236967139392?_skw=Matvei+Michkov+Young+Guns+rookie&hash=item372c579840%3Ag%3AsCMAAeSwjYdqZ-dc,LIVE,2024-25 Extended Series UD Canvas Young Guns Matvei Michkov #C353 Rookie RC 0bk3,"{""preliminary_scope_status"":""DISCOVERY_SCOPE_PASS"",""query_family_ids"":[""matvei-michkov.exact-young-guns"",""matvei-michkov.matvey-first-name""]}",{},,ebay|comc-consignment|236967139392,https://i.ebayimg.com/images/g/sCMAAeSwjYdqZ-dc/s-l225.jpg,,FALSE,FALSE,FALSE,,{},,,,NO,NO,RAW,,,,Ungraded; seller/API claim only; front/back unverified.,UNKNOWN,"[""identity_and_images_unverified""]",39.93,4.99,,,,,0,180,TRUE,,,,,,[],INSUFFICIENT,INSUFFICIENT,UNKNOWN,INSUFFICIENT,,,,,,,,,,,,,,,,,MANUAL REVIEW / UNPRICED,FALSE,FALSE,"[""exact_front_back_identity_not_verified"",""identical_completed_sales_not_persisted"",""delivered_acquisition_cost_incomplete"",""truely_collectables_owned_copy_exclusion_not_proven"",""exact_upper_deck_young_guns_identity_not_image_verified""]","{""artifact_schema"":""TRUELY_COLLECTABLES_DEAL_HUNTER_ARTIFACT_V1"",""deployment"":{""commitSha"":null,""environment"":""production"",""region"":null},""discovery_family_ids"":[""matvei-michkov.exact-young-guns"",""matvei-michkov.matvey-first-name""],""gateway_endpoint"":""https://truelycollectables.com/api/tcos/deal-hunter-native-ebay?perQuery=20&scope=matvei_michkov_young_guns"",""gateway_host"":""https://truelycollectables.com"",""gateway_scopes"":[""matvei_michkov_young_guns""],""listing_item_id"":""236967139392"",""native_schema"":""TCOS_NATIVE_EBAY_FEED_V1"",""producer_commit_sha"":""07471ae49901220d13073aab604afbb0e223e855"",""producer_run_id"":""31970958336"",""source"":""truelycollectables.com/native-ebay"",""source_queries"":[""Matvei Michkov Young Guns rookie"",""Matvey Michkov Young Guns""],""token_mode"":""client_credentials""}"
cand-s14-ebay-ba4e8f7179b45e9adf95,dh-20260731T184251Z-gha-recovery,14,2026-08-16T20:35:00.076Z,MICHKOV YG/young_guns_deal_and_misspelling,Matvei Michkov,young_guns_rookie_card,eBay,noahv75,,407094436069,https://www.ebay.com/itm/407094436069?_skw=Matvei+Michkov+Young+Guns+rookie&hash=item5ec8b820e5%3Ag%3Ay5MAAeSw9ZVqYsGT,LIVE,2024-25 Upper Deck Series 2 - Young Guns Matvei Michkov #492 (RC) PSA 10,"{""preliminary_scope_status"":""DISCOVERY_SCOPE_PASS"",""query_family_ids"":[""matvei-michkov.exact-young-guns"",""matvei-michkov.matvey-first-name""]}",{},,ebay|noahv75|407094436069,https://i.ebayimg.com/images/g/y5MAAeSw9ZVqYsGT/s-l225.jpg,,FALSE,FALSE,FALSE,,{},,,,NO,NO,GRADED,PSA,10,,Graded; seller/API claim only; front/back unverified.,UNKNOWN,"[""identity_and_images_unverified""]",190,,,,,,0,180,TRUE,,,,,,[],INSUFFICIENT,INSUFFICIENT,UNKNOWN,INSUFFICIENT,,,,,,,,,,,,,,,,,MANUAL REVIEW / UNPRICED,FALSE,FALSE,"[""exact_front_back_identity_not_verified"",""identical_completed_sales_not_persisted"",""delivered_acquisition_cost_incomplete"",""truely_collectables_owned_copy_exclusion_not_proven"",""exact_upper_deck_young_guns_identity_not_image_verified""]","{""artifact_schema"":""TRUELY_COLLECTABLES_DEAL_HUNTER_ARTIFACT_V1"",""deployment"":{""commitSha"":null,""environment"":""production"",""region"":null},""discovery_family_ids"":[""matvei-michkov.exact-young-guns"",""matvei-michkov.matvey-first-name""],""gateway_endpoint"":""https://truelycollectables.com/api/tcos/deal-hunter-native-ebay?perQuery=20&scope=matvei_michkov_young_guns"",""gateway_host"":""https://truelycollectables.com"",""gateway_scopes"":[""matvei_michkov_young_guns""],""listing_item_id"":""407094436069"",""native_schema"":""TCOS_NATIVE_EBAY_FEED_V1"",""producer_commit_sha"":""07471ae49901220d13073aab604afbb0e223e855"",""producer_run_id"":""31970958336"",""source"":""truelycollectables.com/native-ebay"",""source_queries"":[""Matvei Michkov Young Guns rookie"",""Matvey Michkov Young Guns""],""token_mode"":""client_credentials""}"
cand-s14-ebay-733076381cd050375035,dh-20260731T184251Z-gha-recovery,14,2026-08-16T20:35:00.076Z,MICHKOV YG/young_guns_deal_and_misspelling,Matvei Michkov,young_guns_rookie_card,eBay,comc_consignment,,257636293309,https://www.ebay.com/itm/257636293309?_skw=Matvei+Michkov+Young+Guns+parallel&hash=item3bfc51dabd%3Ag%3AlGgAAeSw%7EoJqYLrJ,LIVE,2024 Series 2 Young Guns Silver Foil Matvei Michkov PSA 10 GEM MT Rookie RC 0iz,"{""preliminary_scope_status"":""IMAGE_OR_IDENTITY_REVIEW_REQUIRED"",""query_family_ids"":[""matvei-michkov.young-guns-parallels""]}",{},,ebay|comc-consignment|257636293309,https://i.ebayimg.com/images/g/lGgAAeSw~oJqYLrJ/s-l225.jpg,,FALSE,FALSE,FALSE,,{},,,,NO,NO,GRADED,PSA,10,,Graded; seller/API claim only; front/back unverified.,UNKNOWN,"[""identity_and_images_unverified""]",691.09,4.99,,,,,0,180,TRUE,,,,,,[],INSUFFICIENT,INSUFFICIENT,UNKNOWN,INSUFFICIENT,,,,,,,,,,,,,,,,,MANUAL REVIEW / UNPRICED,FALSE,FALSE,"[""exact_front_back_identity_not_verified"",""identical_completed_sales_not_persisted"",""delivered_acquisition_cost_incomplete"",""truely_collectables_owned_copy_exclusion_not_proven"",""exact_upper_deck_young_guns_identity_not_image_verified"",""upper_deck_not_explicit_verify_product""]","{""artifact_schema"":""TRUELY_COLLECTABLES_DEAL_HUNTER_ARTIFACT_V1"",""deployment"":{""commitSha"":null,""environment"":""production"",""region"":null},""discovery_family_ids"":[""matvei-michkov.young-guns-parallels""],""gateway_endpoint"":""https://truelycollectables.com/api/tcos/deal-hunter-native-ebay?perQuery=20&scope=matvei_michkov_young_guns"",""gateway_host"":""https://truelycollectables.com"",""gateway_scopes"":[""matvei_michkov_young_guns""],""listing_item_id"":""257636293309"",""native_schema"":""TCOS_NATIVE_EBAY_FEED_V1"",""producer_commit_sha"":""07471ae49901220d13073aab604afbb0e223e855"",""producer_run_id"":""31970958336"",""source"":""truelycollectables.com/native-ebay"",""source_queries"":[""Matvei Michkov Young Guns parallel""],""token_mode"":""client_credentials""}"
cand-s14-ebay-4ed5c1904fdbe4cc87d2,dh-20260731T184251Z-gha-recovery,14,2026-08-16T20:35:00.076Z,MICHKOV YG/young_guns_deal_and_misspelling,Matvei Michkov,young_guns_rookie_card,eBay,phillyphillycards1_ig,,366558204285,https://www.ebay.com/itm/366558204285?_skw=Matvei+Michkov+Young+Guns+parallel&hash=item555892517d%3Ag%3AmcAAAeSwKzZqYJzW,LIVE,MATVEI MICHKOV 2024-25 Upper Deck Series 2 Young Guns Outburst Flyers RC #492,"{""preliminary_scope_status"":""DISCOVERY_SCOPE_PASS"",""query_family_ids"":[""matvei-michkov.young-guns-parallels"",""matvei-michkov.matvey-first-name""]}",{},,ebay|phillyphillycards1-ig|366558204285,https://i.ebayimg.com/images/g/mcAAAeSwKzZqYJzW/s-l225.jpg,,FALSE,FALSE,FALSE,,{},,,,NO,NO,RAW,,,,Ungraded; seller/API claim only; front/back unverified.,UNKNOWN,"[""identity_and_images_unverified""]",200,6,,,,,0,180,TRUE,,,,,,[],INSUFFICIENT,INSUFFICIENT,UNKNOWN,INSUFFICIENT,,,,,,,,,,,,,,,,,MANUAL REVIEW / UNPRICED,FALSE,FALSE,"[""exact_front_back_identity_not_verified"",""identical_completed_sales_not_persisted"",""delivered_acquisition_cost_incomplete"",""truely_collectables_owned_copy_exclusion_not_proven"",""exact_upper_deck_young_guns_identity_not_image_verified""]","{""artifact_schema"":""TRUELY_COLLECTABLES_DEAL_HUNTER_ARTIFACT_V1"",""deployment"":{""commitSha"":null,""environment"":""production"",""region"":null},""discovery_family_ids"":[""matvei-michkov.young-guns-parallels"",""matvei-michkov.matvey-first-name""],""gateway_endpoint"":""https://truelycollectables.com/api/tcos/deal-hunter-native-ebay?perQuery=20&scope=matvei_michkov_young_guns"",""gateway_host"":""https://truelycollectables.com"",""gateway_scopes"":[""matvei_michkov_young_guns""],""listing_item_id"":""366558204285"",""native_schema"":""TCOS_NATIVE_EBAY_FEED_V1"",""producer_commit_sha"":""07471ae49901220d13073aab604afbb0e223e855"",""producer_run_id"":""31970958336"",""source"":""truelycollectables.com/native-ebay"",""source_queries"":[""Matvei Michkov Young Guns parallel"",""Matvey Michkov Young Guns""],""token_mode"":""client_credentials""}"
cand-s14-ebay-0858d5b198348d1be0db,dh-20260731T184251Z-gha-recovery,14,2026-08-16T20:35:00.076Z,MICHKOV YG/young_guns_deal_and_misspelling,Matvei Michkov,young_guns_rookie_card,eBay,balt_9110,,398234891940,https://www.ebay.com/itm/398234891940?_skw=Matvei+Michov+Young+Guns&hash=item5cb8a636a4%3Ag%3AhfsAAeSwqNVqXZBB,LIVE,2024-25 Upper Deck Series 2 - Young Guns Matvei Michkov #492 (RC),"{""preliminary_scope_status"":""DISCOVERY_SCOPE_PASS"",""query_family_ids"":[""matvei-michkov.michov-surname""]}",{},,ebay|balt-9110|398234891940,https://i.ebayimg.com/images/g/hfsAAeSwqNVqXZBB/s-l225.jpg,,FALSE,FALSE,FALSE,,{},,,,NO,NO,RAW,,,,Ungraded; seller/API claim only; front/back unverified.,UNKNOWN,"[""identity_and_images_unverified""]",35,3.5,,,,,0,180,TRUE,,,,,,[],INSUFFICIENT,INSUFFICIENT,UNKNOWN,INSUFFICIENT,,,,,,,,,,,,,,,,,MANUAL REVIEW / UNPRICED,FALSE,FALSE,"[""exact_front_back_identity_not_verified"",""identical_completed_sales_not_persisted"",""delivered_acquisition_cost_incomplete"",""truely_collectables_owned_copy_exclusion_not_proven"",""exact_upper_deck_young_guns_identity_not_image_verified""]","{""artifact_schema"":""TRUELY_COLLECTABLES_DEAL_HUNTER_ARTIFACT_V1"",""deployment"":{""commitSha"":null,""environment"":""production"",""region"":null},""discovery_family_ids"":[""matvei-michkov.michov-surname""],""gateway_endpoint"":""https://truelycollectables.com/api/tcos/deal-hunter-native-ebay?perQuery=20&scope=matvei_michkov_young_guns"",""gateway_host"":""https://truelycollectables.com"",""gateway_scopes"":[""matvei_michkov_young_guns""],""listing_item_id"":""398234891940"",""native_schema"":""TCOS_NATIVE_EBAY_FEED_V1"",""producer_commit_sha"":""07471ae49901220d13073aab604afbb0e223e855"",""producer_run_id"":""31970958336"",""source"":""truelycollectables.com/native-ebay"",""source_queries"":[""Matvei Michov Young Guns""],""token_mode"":""client_credentials""}"
cand-s14-ebay-322075e6bd69c85a7e6c,dh-20260731T184251Z-gha-recovery,14,2026-08-16T20:35:00.076Z,MICHKOV YG/young_guns_deal_and_misspelling,Matvei Michkov,young_guns_rookie_card,eBay,authenticmemorabiliaco,,278241273978,https://www.ebay.com/itm/278241273978?_skw=Matvei+Michkov+Young+Guns+rookie&hash=item40c878e87a%3Ag%3AVqsAAeSwYJFqW%7EXA&amdata=enc%3AAQALAAABAACCtXRWQnOEpyOqnQQ8KGZ3pNjtSKrXzqARcMmAQUMlfflDuXXNGXFntZ5NHyAofkYlfE43svKGwSyLt4qLR5ICf4J6ppQ2aQF%2FSl8bEEHPpQoi9N8%2Bwl1LygtoUxIHl%2Fu0q07LzqjvDlKhtnUfqaoQ36HdQIL90O3qQ0CHkFJcqXzFlNzKv2hhSIDAxRiJ8g%2B57p1dHtA9zCV22iPTguG1QpZ%2Bmqp0668UMcBRVB2qoWPvEo8%2FQuhqAUmX1fw2Stwtidh%2B7v5%2BBAZI8w4SSS1lv6m8Y%2BDBftHdTw%2B%2FBjm51TzE2gZSbjJa2x569Z0ToXOV5Of%2FMqfwfXXtRCq3t%2BU%3D,LIVE,Matvei Michkov 2024-25 UD Upper Deck Series 2 Young Guns #492 Rookie RC Flyers,"{""preliminary_scope_status"":""DISCOVERY_SCOPE_PASS"",""query_family_ids"":[""matvei-michkov.exact-young-guns""]}",{},,ebay|authenticmemorabiliaco|278241273978,https://i.ebayimg.com/images/g/VqsAAeSwYJFqW~XA/s-l225.jpg,,FALSE,FALSE,FALSE,,{},,,,NO,NO,RAW,,,,Ungraded; seller/API claim only; front/back unverified.,UNKNOWN,"[""identity_and_images_unverified""]",29.99,9.99,,,,,0,180,TRUE,,,,,,[],INSUFFICIENT,INSUFFICIENT,UNKNOWN,INSUFFICIENT,,,,,,,,,,,,,,,,,MANUAL REVIEW / UNPRICED,FALSE,FALSE,"[""exact_front_back_identity_not_verified"",""identical_completed_sales_not_persisted"",""delivered_acquisition_cost_incomplete"",""truely_collectables_owned_copy_exclusion_not_proven"",""exact_upper_deck_young_guns_identity_not_image_verified""]","{""artifact_schema"":""TRUELY_COLLECTABLES_DEAL_HUNTER_ARTIFACT_V1"",""deployment"":{""commitSha"":null,""environment"":""production"",""region"":null},""discovery_family_ids"":[""matvei-michkov.exact-young-guns""],""gateway_endpoint"":""https://truelycollectables.com/api/tcos/deal-hunter-native-ebay?perQuery=20&scope=matvei_michkov_young_guns"",""gateway_host"":""https://truelycollectables.com"",""gateway_scopes"":[""matvei_michkov_young_guns""],""listing_item_id"":""278241273978"",""native_schema"":""TCOS_NATIVE_EBAY_FEED_V1"",""producer_commit_sha"":""07471ae49901220d13073aab604afbb0e223e855"",""producer_run_id"":""31970958336"",""source"":""truelycollectables.com/native-ebay"",""source_queries"":[""Matvei Michkov Young Guns rookie""],""token_mode"":""client_credentials""}"
cand-s14-ebay-ded49df0abf04ebd841b,dh-20260731T184251Z-gha-recovery,14,2026-08-16T20:35:00.076Z,MICHKOV YG/young_guns_deal_and_misspelling,Matvei Michkov,young_guns_rookie_card,eBay,ericcardshop,,318570375692,https://www.ebay.com/itm/318570375692?_skw=Matvey+Michkov+Young+Guns&hash=item4a2c462a0c%3Ag%3AyN8AAeSwPAZqUldP,LIVE,2024-25 Upper Deck Series 2 #492 Matvei Michkov Young Guns - PSA 9 Graded,"{""preliminary_scope_status"":""DISCOVERY_SCOPE_PASS"",""query_family_ids"":[""matvei-michkov.matvey-first-name""]}",{},,ebay|ericcardshop|318570375692,https://i.ebayimg.com/images/g/yN8AAeSwPAZqUldP/s-l225.jpg,,FALSE,FALSE,FALSE,,{},,,,NO,NO,GRADED,PSA,9,,Graded; seller/API claim only; front/back unverified.,UNKNOWN,"[""identity_and_images_unverified""]",50,5,,,,,0,180,TRUE,,,,,,[],INSUFFICIENT,INSUFFICIENT,UNKNOWN,INSUFFICIENT,,,,,,,,,,,,,,,,,MANUAL REVIEW / UNPRICED,FALSE,FALSE,"[""exact_front_back_identity_not_verified"",""identical_completed_sales_not_persisted"",""delivered_acquisition_cost_incomplete"",""truely_collectables_owned_copy_exclusion_not_proven"",""exact_upper_deck_young_guns_identity_not_image_verified""]","{""artifact_schema"":""TRUELY_COLLECTABLES_DEAL_HUNTER_ARTIFACT_V1"",""deployment"":{""commitSha"":null,""environment"":""production"",""region"":null},""discovery_family_ids"":[""matvei-michkov.matvey-first-name""],""gateway_endpoint"":""https://truelycollectables.com/api/tcos/deal-hunter-native-ebay?perQuery=20&scope=matvei_michkov_young_guns"",""gateway_host"":""https://truelycollectables.com"",""gateway_scopes"":[""matvei_michkov_young_guns""],""listing_item_id"":""318570375692"",""native_schema"":""TCOS_NATIVE_EBAY_FEED_V1"",""producer_commit_sha"":""07471ae49901220d13073aab604afbb0e223e855"",""producer_run_id"":""31970958336"",""source"":""truelycollectables.com/native-ebay"",""source_queries"":[""Matvey Michkov Young Guns""],""token_mode"":""client_credentials""}"
cand-s14-ebay-2b6f77dea045639e0042,dh-20260731T184251Z-gha-recovery,14,2026-08-16T20:35:00.076Z,MICHKOV YG/young_guns_deal_and_misspelling,Matvei Michkov,young_guns_rookie_card,eBay,erob3535,,318568194497,https://www.ebay.com/itm/318568194497?_skw=Matvei+Michkov+Young+Guns+rookie&hash=item4a2c24e1c1%3Ag%3A1DQAAeSwf-pqUTjz,LIVE,2024 Upper Deck Series 2 #492 Matvei Michkov Young Guns RC Rookie Flyers,"{""preliminary_scope_status"":""DISCOVERY_SCOPE_PASS"",""query_family_ids"":[""matvei-michkov.exact-young-guns"",""matvei-michkov.matvey-first-name""]}",{},,ebay|erob3535|318568194497,https://i.ebayimg.com/images/g/1DQAAeSwf-pqUTjz/s-l225.jpg,,FALSE,FALSE,FALSE,,{},,,,NO,NO,RAW,,,,Ungraded; seller/API claim only; front/back unverified.,UNKNOWN,"[""identity_and_images_unverified""]",20,,,,,,0,180,TRUE,,,,,,[],INSUFFICIENT,INSUFFICIENT,UNKNOWN,INSUFFICIENT,,,,,,,,,,,,,,,,,MANUAL REVIEW / UNPRICED,FALSE,FALSE,"[""exact_front_back_identity_not_verified"",""identical_completed_sales_not_persisted"",""delivered_acquisition_cost_incomplete"",""truely_collectables_owned_copy_exclusion_not_proven"",""exact_upper_deck_young_guns_identity_not_image_verified""]","{""artifact_schema"":""TRUELY_COLLECTABLES_DEAL_HUNTER_ARTIFACT_V1"",""deployment"":{""commitSha"":null,""environment"":""production"",""region"":null},""discovery_family_ids"":[""matvei-michkov.exact-young-guns"",""matvei-michkov.matvey-first-name""],""gateway_endpoint"":""https://truelycollectables.com/api/tcos/deal-hunter-native-ebay?perQuery=20&scope=matvei_michkov_young_guns"",""gateway_host"":""https://truelycollectables.com"",""gateway_scopes"":[""matvei_michkov_young_guns""],""listing_item_id"":""318568194497"",""native_schema"":""TCOS_NATIVE_EBAY_FEED_V1"",""producer_commit_sha"":""07471ae49901220d13073aab604afbb0e223e855"",""producer_run_id"":""31970958336"",""source"":""truelycollectables.com/native-ebay"",""source_queries"":[""Matvei Michkov Young Guns rookie"",""Matvey Michkov Young Guns""],""token_mode"":""client_credentials""}"
cand-s14-ebay-93d798d8b3ea0f0530cf,dh-20260731T184251Z-gha-recovery,14,2026-08-16T20:35:00.076Z,MICHKOV YG/young_guns_deal_and_misspelling,Matvei Michkov,young_guns_rookie_card,eBay,dk1007trader,,287440881858,https://www.ebay.com/itm/287440881858?_skw=Mitchkov+Young+Guns+Philadelphia+Flyers&hash=item42eccfc8c2%3Ag%3APjIAAeSwrthqSx6T,LIVE,MATVEI MITCHKOV💥 2024-25 UD SERIES 2💥ROOKIE / YOUNG GUNS #492 RC,"{""preliminary_scope_status"":""IMAGE_OR_IDENTITY_REVIEW_REQUIRED"",""query_family_ids"":[""matvei-michkov.mitchkov-surname""]}",{},,ebay|dk1007trader|287440881858,https://i.ebayimg.com/images/g/PjIAAeSwrthqSx6T/s-l225.jpg,,FALSE,FALSE,FALSE,,{},,,,NO,NO,RAW,,,,Ungraded; seller/API claim only; front/back unverified.,UNKNOWN,"[""identity_and_images_unverified""]",19.99,,,,,,0,180,TRUE,,,,,,[],INSUFFICIENT,INSUFFICIENT,UNKNOWN,INSUFFICIENT,,,,,,,,,,,,,,,,,MANUAL REVIEW / UNPRICED,FALSE,FALSE,"[""exact_front_back_identity_not_verified"",""identical_completed_sales_not_persisted"",""delivered_acquisition_cost_incomplete"",""truely_collectables_owned_copy_exclusion_not_proven"",""exact_upper_deck_young_guns_identity_not_image_verified"",""seller_name_variant_or_misspelling_detected_verify_images""]","{""artifact_schema"":""TRUELY_COLLECTABLES_DEAL_HUNTER_ARTIFACT_V1"",""deployment"":{""commitSha"":null,""environment"":""production"",""region"":null},""discovery_family_ids"":[""matvei-michkov.mitchkov-surname""],""gateway_endpoint"":""https://truelycollectables.com/api/tcos/deal-hunter-native-ebay?perQuery=20&scope=matvei_michkov_young_guns"",""gateway_host"":""https://truelycollectables.com"",""gateway_scopes"":[""matvei_michkov_young_guns""],""listing_item_id"":""287440881858"",""native_schema"":""TCOS_NATIVE_EBAY_FEED_V1"",""producer_commit_sha"":""07471ae49901220d13073aab604afbb0e223e855"",""producer_run_id"":""31970958336"",""source"":""truelycollectables.com/native-ebay"",""source_queries"":[""Mitchkov Young Guns Philadelphia Flyers""],""token_mode"":""client_credentials""}"
cand-s14-ebay-df4f440047fb17da45b0,dh-20260731T184251Z-gha-recovery,14,2026-08-16T20:35:00.076Z,MICHKOV YG/young_guns_deal_and_misspelling,Matvei Michkov,young_guns_rookie_card,eBay,tleo96,,307029455323,https://www.ebay.com/itm/307029455323?_skw=Matvei+Michkov+Young+Guns+rookie&hash=item477c61b1db%3Ag%3Ads4AAeSwzqVqQHiK,LIVE,2024-25 Upper Deck Series 2 - Young Guns Matvei Michkov #492 (RC)- PSA 9,"{""preliminary_scope_status"":""DISCOVERY_SCOPE_PASS"",""query_family_ids"":[""matvei-michkov.exact-young-guns"",""matvei-michkov.matvey-first-name""]}",{},,ebay|tleo96|307029455323,https://i.ebayimg.com/images/g/ds4AAeSwzqVqQHiK/s-l225.jpg,,FALSE,FALSE,FALSE,,{},,,,NO,NO,GRADED,PSA,9,,Graded; seller/API claim only; front/back unverified.,UNKNOWN,"[""identity_and_images_unverified""]",45,5.25,,,,,0,180,TRUE,,,,,,[],INSUFFICIENT,INSUFFICIENT,UNKNOWN,INSUFFICIENT,,,,,,,,,,,,,,,,,MANUAL REVIEW / UNPRICED,FALSE,FALSE,"[""exact_front_back_identity_not_verified"",""identical_completed_sales_not_persisted"",""delivered_acquisition_cost_incomplete"",""truely_collectables_owned_copy_exclusion_not_proven"",""exact_upper_deck_young_guns_identity_not_image_verified""]","{""artifact_schema"":""TRUELY_COLLECTABLES_DEAL_HUNTER_ARTIFACT_V1"",""deployment"":{""commitSha"":null,""environment"":""production"",""region"":null},""discovery_family_ids"":[""matvei-michkov.exact-young-guns"",""matvei-michkov.matvey-first-name""],""gateway_endpoint"":""https://truelycollectables.com/api/tcos/deal-hunter-native-ebay?perQuery=20&scope=matvei_michkov_young_guns"",""gateway_host"":""https://truelycollectables.com"",""gateway_scopes"":[""matvei_michkov_young_guns""],""listing_item_id"":""307029455323"",""native_schema"":""TCOS_NATIVE_EBAY_FEED_V1"",""producer_commit_sha"":""07471ae49901220d13073aab604afbb0e223e855"",""producer_run_id"":""31970958336"",""source"":""truelycollectables.com/native-ebay"",""source_queries"":[""Matvei Michkov Young Guns rookie"",""Matvey Michkov Young Guns""],""token_mode"":""client_credentials""}"
cand-s14-ebay-38f77777ee6e403216dc,dh-20260731T184251Z-gha-recovery,14,2026-08-16T20:35:00.076Z,MICHKOV YG/young_guns_deal_and_misspelling,Matvei Michkov,young_guns_rookie_card,eBay,riptide_ripping,,127937014507,https://www.ebay.com/itm/127937014507?_skw=Matvei+Michkov+Young+Guns+parallel&hash=item1dc9a3eaeb%3Ag%3A4%7EkAAeSwZVNqOeNW,LIVE,2024-25 Series 2 Young Guns Outburst Matvei Michkov Ivan Fedotov #496 READ 0bz0,"{""preliminary_scope_status"":""IMAGE_OR_IDENTITY_REVIEW_REQUIRED"",""query_family_ids"":[""matvei-michkov.young-guns-parallels""]}",{},,ebay|riptide-ripping|127937014507,https://i.ebayimg.com/images/g/4~kAAeSwZVNqOeNW/s-l225.jpg,,FALSE,FALSE,FALSE,,{},,,,NO,NO,RAW,,,,Ungraded; seller/API claim only; front/back unverified.,UNKNOWN,"[""identity_and_images_unverified""]",6.99,,,,,,0,180,TRUE,,,,,,[],INSUFFICIENT,INSUFFICIENT,UNKNOWN,INSUFFICIENT,,,,,,,,,,,,,,,,,MANUAL REVIEW / UNPRICED,FALSE,FALSE,"[""exact_front_back_identity_not_verified"",""identical_completed_sales_not_persisted"",""delivered_acquisition_cost_incomplete"",""truely_collectables_owned_copy_exclusion_not_proven"",""exact_upper_deck_young_guns_identity_not_image_verified"",""upper_deck_not_explicit_verify_product""]","{""artifact_schema"":""TRUELY_COLLECTABLES_DEAL_HUNTER_ARTIFACT_V1"",""deployment"":{""commitSha"":null,""environment"":""production"",""region"":null},""discovery_family_ids"":[""matvei-michkov.young-guns-parallels""],""gateway_endpoint"":""https://truelycollectables.com/api/tcos/deal-hunter-native-ebay?perQuery=20&scope=matvei_michkov_young_guns"",""gateway_host"":""https://truelycollectables.com"",""gateway_scopes"":[""matvei_michkov_young_guns""],""listing_item_id"":""127937014507"",""native_schema"":""TCOS_NATIVE_EBAY_FEED_V1"",""producer_commit_sha"":""07471ae49901220d13073aab604afbb0e223e855"",""producer_run_id"":""31970958336"",""source"":""truelycollectables.com/native-ebay"",""source_queries"":[""Matvei Michkov Young Guns parallel""],""token_mode"":""client_credentials""}"
cand-s14-ebay-073a5104a7840d383eca,dh-20260731T184251Z-gha-recovery,14,2026-08-16T20:35:00.076Z,MICHKOV YG/young_guns_deal_and_misspelling,Matvei Michkov,young_guns_rookie_card,eBay,rangers2337,,137436210002,https://www.ebay.com/itm/137436210002?_skw=Matvei+Michkov+Young+Guns+parallel&hash=item1fffd62352%3Ag%3AzaMAAeSwBsFqNr5W,LIVE,2024-25 Upper Deck Series 2 - Young Guns Matvei Michkov #492 Outburst RC,"{""preliminary_scope_status"":""DISCOVERY_SCOPE_PASS"",""query_family_ids"":[""matvei-michkov.young-guns-parallels""]}",{},,ebay|rangers2337|137436210002,https://i.ebayimg.com/images/g/zaMAAeSwBsFqNr5W/s-l225.jpg,,FALSE,FALSE,FALSE,,{},,,,NO,NO,RAW,,,,Ungraded; seller/API claim only; front/back unverified.,UNKNOWN,"[""identity_and_images_unverified""]",168,9.99,,,,,0,180,TRUE,,,,,,[],INSUFFICIENT,INSUFFICIENT,UNKNOWN,INSUFFICIENT,,,,,,,,,,,,,,,,,MANUAL REVIEW / UNPRICED,FALSE,FALSE,"[""exact_front_back_identity_not_verified"",""identical_completed_sales_not_persisted"",""delivered_acquisition_cost_incomplete"",""truely_collectables_owned_copy_exclusion_not_proven"",""exact_upper_deck_young_guns_identity_not_image_verified""]","{""artifact_schema"":""TRUELY_COLLECTABLES_DEAL_HUNTER_ARTIFACT_V1"",""deployment"":{""commitSha"":null,""environment"":""production"",""region"":null},""discovery_family_ids"":[""matvei-michkov.young-guns-parallels""],""gateway_endpoint"":""https://truelycollectables.com/api/tcos/deal-hunter-native-ebay?perQuery=20&scope=matvei_michkov_young_guns"",""gateway_host"":""https://truelycollectables.com"",""gateway_scopes"":[""matvei_michkov_young_guns""],""listing_item_id"":""137436210002"",""native_schema"":""TCOS_NATIVE_EBAY_FEED_V1"",""producer_commit_sha"":""07471ae49901220d13073aab604afbb0e223e855"",""producer_run_id"":""31970958336"",""source"":""truelycollectables.com/native-ebay"",""source_queries"":[""Matvei Michkov Young Guns parallel""],""token_mode"":""client_credentials""}"
cand-s14-ebay-2139f67310925bc88040,dh-20260731T184251Z-gha-recovery,14,2026-08-16T20:35:00.076Z,MICHKOV YG/young_guns_deal_and_misspelling,Matvei Michkov,young_guns_rookie_card,eBay,gallosportscards,,287349414108,https://www.ebay.com/itm/287349414108?_skw=Matvei+Michkov+Young+Guns+rookie&hash=item42e75c18dc%3Ag%3A9oQAAeSwa5xqEhc9,LIVE,2024-25 Upper Deck Series 2 Young Guns Matvei Michkov #492 RC PSA 9,"{""preliminary_scope_status"":""DISCOVERY_SCOPE_PASS"",""query_family_ids"":[""matvei-michkov.exact-young-guns"",""matvei-michkov.matvey-first-name""]}",{},,ebay|gallosportscards|287349414108,https://i.ebayimg.com/images/g/9oQAAeSwa5xqEhc9/s-l225.jpg,,FALSE,FALSE,FALSE,,{},,,,NO,NO,GRADED,PSA,9,,Graded; seller/API claim only; front/back unverified.,UNKNOWN,"[""identity_and_images_unverified""]",39.99,6,,,,,0,180,TRUE,,,,,,[],INSUFFICIENT,INSUFFICIENT,UNKNOWN,INSUFFICIENT,,,,,,,,,,,,,,,,,MANUAL REVIEW / UNPRICED,FALSE,FALSE,"[""exact_front_back_identity_not_verified"",""identical_completed_sales_not_persisted"",""delivered_acquisition_cost_incomplete"",""truely_collectables_owned_copy_exclusion_not_proven"",""exact_upper_deck_young_guns_identity_not_image_verified""]","{""artifact_schema"":""TRUELY_COLLECTABLES_DEAL_HUNTER_ARTIFACT_V1"",""deployment"":{""commitSha"":null,""environment"":""production"",""region"":null},""discovery_family_ids"":[""matvei-michkov.exact-young-guns"",""matvei-michkov.matvey-first-name""],""gateway_endpoint"":""https://truelycollectables.com/api/tcos/deal-hunter-native-ebay?perQuery=20&scope=matvei_michkov_young_guns"",""gateway_host"":""https://truelycollectables.com"",""gateway_scopes"":[""matvei_michkov_young_guns""],""listing_item_id"":""287349414108"",""native_schema"":""TCOS_NATIVE_EBAY_FEED_V1"",""producer_commit_sha"":""07471ae49901220d13073aab604afbb0e223e855"",""producer_run_id"":""31970958336"",""source"":""truelycollectables.com/native-ebay"",""source_queries"":[""Matvei Michkov Young Guns rookie"",""Matvey Michkov Young Guns""],""token_mode"":""client_credentials""}"
cand-s14-ebay-fd3bb7b36be3bb83e13d,dh-20260731T184251Z-gha-recovery,14,2026-08-16T20:35:00.076Z,MICHKOV YG/young_guns_deal_and_misspelling,Matvei Michkov,young_guns_rookie_card,eBay,keatingscards,,188390045750,https://www.ebay.com/itm/188390045750?_skw=Matvei+Michkov+Young+Guns+rookie&hash=item2bdcebf836%3Ag%3AaG8AAeSwSQRqCKsR&amdata=enc%3AAQALAAABAACCtXRWQnOEpyOqnQQ8KGYcywTuV1cNUT3XmpJAXwlJcB3pyy%2BHaRWm%2B1KTVhtNzxqYzNoJKDR4s5cYuA%2Bybf17FJx5iqMTu7AYo3UZkiOYbWFce5ivc3qTNXkHSZe1ueQzc%2Bsa6Qlosxo3Vkd%2BkI%2BsAuNHNTf7gg5bY%2FHhvScht2fOiybmSR%2B38Hqr9PAb2r0DefIvxsJxcmXOrW1KjKNIPlk%2F8ELWruu3kPFfveQ6ZeAkRVMAhzDAm0frR34W9aBk7LPUAU8gLDC6cDySgH632%2FNMtt3DqNLV9bYZ33riRweNJaMBC4M5CSaROIT1Sd%2Bfb6jpZCmCffMdKp0nPps%3D,LIVE,2024-25 Upper Deck Series 2 Young Guns Matvei Michkov #492 Exclusives /100 PSA 9,"{""preliminary_scope_status"":""DISCOVERY_SCOPE_PASS"",""query_family_ids"":[""matvei-michkov.exact-young-guns"",""matvei-michkov.young-guns-parallels"",""matvei-michkov.matvey-first-name""]}",{},,ebay|keatingscards|188390045750,https://i.ebayimg.com/images/g/aG8AAeSwSQRqCKsR/s-l225.jpg,,FALSE,FALSE,FALSE,,{},,,,NO,NO,GRADED,PSA,9,,Graded; seller/API claim only; front/back unverified.,UNKNOWN,"[""identity_and_images_unverified""]",1295,,,,,,0,180,TRUE,,,,,,[],INSUFFICIENT,INSUFFICIENT,UNKNOWN,INSUFFICIENT,,,,,,,,,,,,,,,,,MANUAL REVIEW / UNPRICED,FALSE,FALSE,"[""exact_front_back_identity_not_verified"",""identical_completed_sales_not_persisted"",""delivered_acquisition_cost_incomplete"",""truely_collectables_owned_copy_exclusion_not_proven"",""exact_upper_deck_young_guns_identity_not_image_verified""]","{""artifact_schema"":""TRUELY_COLLECTABLES_DEAL_HUNTER_ARTIFACT_V1"",""deployment"":{""commitSha"":null,""environment"":""production"",""region"":null},""discovery_family_ids"":[""matvei-michkov.exact-young-guns"",""matvei-michkov.young-guns-parallels"",""matvei-michkov.matvey-first-name""],""gateway_endpoint"":""https://truelycollectables.com/api/tcos/deal-hunter-native-ebay?perQuery=20&scope=matvei_michkov_young_guns"",""gateway_host"":""https://truelycollectables.com"",""gateway_scopes"":[""matvei_michkov_young_guns""],""listing_item_id"":""188390045750"",""native_schema"":""TCOS_NATIVE_EBAY_FEED_V1"",""producer_commit_sha"":""07471ae49901220d13073aab604afbb0e223e855"",""producer_run_id"":""31970958336"",""source"":""truelycollectables.com/native-ebay"",""source_queries"":[""Matvei Michkov Young Guns rookie"",""Matvei Michkov Young Guns parallel"",""Matvey Michkov Young Guns""],""token_mode"":""client_credentials""}"
cand-s14-ebay-a0f644b8366c2603132f,dh-20260731T184251Z-gha-recovery,14,2026-08-16T20:35:00.076Z,MICHKOV YG/young_guns_deal_and_misspelling,Matvei Michkov,young_guns_rookie_card,eBay,candmsports,,227338350454,https://www.ebay.com/itm/227338350454?_skw=Matvei+Michkov+YG+Philadelphia+Flyers&hash=item34ee6bef76%3Ag%3A3fwAAeSw6YZqAKTt,LIVE,2024-25 Upper Deck #492 Matvei Michkov YG RC PSA 8,"{""preliminary_scope_status"":""DISCOVERY_SCOPE_PASS"",""query_family_ids"":[""matvei-michkov.yg-abbreviation""]}",{},,ebay|candmsports|227338350454,https://i.ebayimg.com/images/g/3fwAAeSw6YZqAKTt/s-l225.jpg,,FALSE,FALSE,FALSE,,{},,,,NO,NO,GRADED,PSA,8,,Graded; seller/API claim only; front/back unverified.,UNKNOWN,"[""identity_and_images_unverified""]",40,,,,,,0,180,TRUE,,,,,,[],INSUFFICIENT,INSUFFICIENT,UNKNOWN,INSUFFICIENT,,,,,,,,,,,,,,,,,MANUAL REVIEW / UNPRICED,FALSE,FALSE,"[""exact_front_back_identity_not_verified"",""identical_completed_sales_not_persisted"",""delivered_acquisition_cost_incomplete"",""truely_collectables_owned_copy_exclusion_not_proven"",""exact_upper_deck_young_guns_identity_not_image_verified""]","{""artifact_schema"":""TRUELY_COLLECTABLES_DEAL_HUNTER_ARTIFACT_V1"",""deployment"":{""commitSha"":null,""environment"":""production"",""region"":null},""discovery_family_ids"":[""matvei-michkov.yg-abbreviation""],""gateway_endpoint"":""https://truelycollectables.com/api/tcos/deal-hunter-native-ebay?perQuery=20&scope=matvei_michkov_young_guns"",""gateway_host"":""https://truelycollectables.com"",""gateway_scopes"":[""matvei_michkov_young_guns""],""listing_item_id"":""227338350454"",""native_schema"":""TCOS_NATIVE_EBAY_FEED_V1"",""producer_commit_sha"":""07471ae49901220d13073aab604afbb0e223e855"",""producer_run_id"":""31970958336"",""source"":""truelycollectables.com/native-ebay"",""source_queries"":[""Matvei Michkov YG Philadelphia Flyers""],""token_mode"":""client_credentials""}"
cand-s14-ebay-7292bfbe579342ddcb3f,dh-20260731T184251Z-gha-recovery,14,2026-08-16T20:35:00.076Z,MICHKOV YG/young_guns_deal_and_misspelling,Matvei Michkov,young_guns_rookie_card,eBay,josdeo_87,,358534510614,https://www.ebay.com/itm/358534510614?_skw=Matvei+Michkov+Young+Guns+parallel&hash=item537a527816%3Ag%3AjrwAAeSwrIhp%7EkE2&amdata=enc%3AAQALAAABAACCtXRWQnOEpyOqnQQ8KGZmle6GgL4xNcxQLyptZk5lR8e5uIAXEvb%2FktH9kB7%2FGZO2Hwc0M7qcWttnN8jOT7Tt0fvNLrvH8sOi6jT8I%2BaJsLF2LgTh71sHizmtaWeUmcoiYjANnZ9awun5OVDXlWo4y1cswTwzNFMFTBsn7BvQvf4syWzbNaxGyn%2FA8dsnO9HH7VAEZakz1J%2FWLO%2BveeNDeo7e67XHN486kQSmjDsGDMqfwbmSRGvJ2PlXtcCI8PpCHdrcs%2BMrSZal216Wnc4X3XOmJLTTNUwkfSl47oOuc%2B2K8TDlrsWCBMCbD6l4XHschVDfTYLvSh5%2BTa68SAs%3D,LIVE,Upper Deck 2024-25 Series 2 Young Guns Clear Cut Matvei Michkov #492 RC PSA 10,"{""preliminary_scope_status"":""DISCOVERY_SCOPE_PASS"",""query_family_ids"":[""matvei-michkov.young-guns-parallels""]}",{},,ebay|josdeo-87|358534510614,https://i.ebayimg.com/images/g/jrwAAeSwrIhp~kE2/s-l225.jpg,,FALSE,FALSE,FALSE,,{},,,,NO,NO,GRADED,PSA,10,,Graded; seller/API claim only; front/back unverified.,UNKNOWN,"[""identity_and_images_unverified""]",1350,,,,,,0,180,TRUE,,,,,,[],INSUFFICIENT,INSUFFICIENT,UNKNOWN,INSUFFICIENT,,,,,,,,,,,,,,,,,MANUAL REVIEW / UNPRICED,FALSE,FALSE,"[""exact_front_back_identity_not_verified"",""identical_completed_sales_not_persisted"",""delivered_acquisition_cost_incomplete"",""truely_collectables_owned_copy_exclusion_not_proven"",""exact_upper_deck_young_guns_identity_not_image_verified""]","{""artifact_schema"":""TRUELY_COLLECTABLES_DEAL_HUNTER_ARTIFACT_V1"",""deployment"":{""commitSha"":null,""environment"":""production"",""region"":null},""discovery_family_ids"":[""matvei-michkov.young-guns-parallels""],""gateway_endpoint"":""https://truelycollectables.com/api/tcos/deal-hunter-native-ebay?perQuery=20&scope=matvei_michkov_young_guns"",""gateway_host"":""https://truelycollectables.com"",""gateway_scopes"":[""matvei_michkov_young_guns""],""listing_item_id"":""358534510614"",""native_schema"":""TCOS_NATIVE_EBAY_FEED_V1"",""producer_commit_sha"":""07471ae49901220d13073aab604afbb0e223e855"",""producer_run_id"":""31970958336"",""source"":""truelycollectables.com/native-ebay"",""source_queries"":[""Matvei Michkov Young Guns parallel""],""token_mode"":""client_credentials""}"
cand-s14-ebay-92a3c649af2709f825f3,dh-20260731T184251Z-gha-recovery,14,2026-08-16T20:35:00.076Z,MICHKOV YG/young_guns_deal_and_misspelling,Matvei Michkov,young_guns_rookie_card,eBay,dauminator1215,,227326866804,https://www.ebay.com/itm/227326866804?_skw=Matvei+Michkov+Young+Guns+parallel&hash=item34edbcb574%3Ag%3Au7AAAeSwANFp9jTI,LIVE,24-25 UD Series 2 Hockey Deluxe Parallel Young Guns 492 Matvei Michkov /250,"{""preliminary_scope_status"":""DISCOVERY_SCOPE_PASS"",""query_family_ids"":[""matvei-michkov.young-guns-parallels""]}",{},,ebay|dauminator1215|227326866804,https://i.ebayimg.com/images/g/u7AAAeSwANFp9jTI/s-l225.jpg,,FALSE,FALSE,FALSE,,{},,,,NO,NO,RAW,,,,Ungraded; seller/API claim only; front/back unverified.,UNKNOWN,"[""identity_and_images_unverified""]",399.99,9.99,,,,,0,180,TRUE,,,,,,[],INSUFFICIENT,INSUFFICIENT,UNKNOWN,INSUFFICIENT,,,,,,,,,,,,,,,,,MANUAL REVIEW / UNPRICED,FALSE,FALSE,"[""exact_front_back_identity_not_verified"",""identical_completed_sales_not_persisted"",""delivered_acquisition_cost_incomplete"",""truely_collectables_owned_copy_exclusion_not_proven"",""exact_upper_deck_young_guns_identity_not_image_verified""]","{""artifact_schema"":""TRUELY_COLLECTABLES_DEAL_HUNTER_ARTIFACT_V1"",""deployment"":{""commitSha"":null,""environment"":""production"",""region"":null},""discovery_family_ids"":[""matvei-michkov.young-guns-parallels""],""gateway_endpoint"":""https://truelycollectables.com/api/tcos/deal-hunter-native-ebay?perQuery=20&scope=matvei_michkov_young_guns"",""gateway_host"":""https://truelycollectables.com"",""gateway_scopes"":[""matvei_michkov_young_guns""],""listing_item_id"":""227326866804"",""native_schema"":""TCOS_NATIVE_EBAY_FEED_V1"",""producer_commit_sha"":""07471ae49901220d13073aab604afbb0e223e855"",""producer_run_id"":""31970958336"",""source"":""truelycollectables.com/native-ebay"",""source_queries"":[""Matvei Michkov Young Guns parallel""],""token_mode"":""client_credentials""}"
cand-s14-ebay-eb0c68fa983781131dd6,dh-20260731T184251Z-gha-recovery,14,2026-08-16T20:35:00.076Z,MICHKOV YG/young_guns_deal_and_misspelling,Matvei Michkov,young_guns_rookie_card,eBay,sonicblue87lx,,147289900286,https://www.ebay.com/itm/147289900286?_skw=Matvei+Michkov+Young+Guns+parallel&hash=item224b2984fe%3Ag%3ACj0AAeSwI-lp9gSo,LIVE,2024-25 Upper Deck S2 - Outburst Young Guns MATVEI MICHKOV #492 (RC),"{""preliminary_scope_status"":""DISCOVERY_SCOPE_PASS"",""query_family_ids"":[""matvei-michkov.young-guns-parallels""]}",{},,ebay|sonicblue87lx|147289900286,https://i.ebayimg.com/images/g/Cj0AAeSwI-lp9gSo/s-l225.jpg,,FALSE,FALSE,FALSE,,{},,,,NO,NO,RAW,,,,Ungraded; seller/API claim only; front/back unverified.,UNKNOWN,"[""identity_and_images_unverified""]",199.99,,,,,,0,180,TRUE,,,,,,[],INSUFFICIENT,INSUFFICIENT,UNKNOWN,INSUFFICIENT,,,,,,,,,,,,,,,,,MANUAL REVIEW / UNPRICED,FALSE,FALSE,"[""exact_front_back_identity_not_verified"",""identical_completed_sales_not_persisted"",""delivered_acquisition_cost_incomplete"",""truely_collectables_owned_copy_exclusion_not_proven"",""exact_upper_deck_young_guns_identity_not_image_verified""]","{""artifact_schema"":""TRUELY_COLLECTABLES_DEAL_HUNTER_ARTIFACT_V1"",""deployment"":{""commitSha"":null,""environment"":""production"",""region"":null},""discovery_family_ids"":[""matvei-michkov.young-guns-parallels""],""gateway_endpoint"":""https://truelycollectables.com/api/tcos/deal-hunter-native-ebay?perQuery=20&scope=matvei_michkov_young_guns"",""gateway_host"":""https://truelycollectables.com"",""gateway_scopes"":[""matvei_michkov_young_guns""],""listing_item_id"":""147289900286"",""native_schema"":""TCOS_NATIVE_EBAY_FEED_V1"",""producer_commit_sha"":""07471ae49901220d13073aab604afbb0e223e855"",""producer_run_id"":""31970958336"",""source"":""truelycollectables.com/native-ebay"",""source_queries"":[""Matvei Michkov Young Guns parallel""],""token_mode"":""client_credentials""}"
cand-s14-ebay-5fe643a422defdd5671e,dh-20260731T184251Z-gha-recovery,14,2026-08-16T20:35:00.076Z,MICHKOV YG/young_guns_deal_and_misspelling,Matvei Michkov,young_guns_rookie_card,eBay,cardperfectllc,,358501353251,https://www.ebay.com/itm/358501353251?_skw=Matvei+Michov+Young+Guns&hash=item5378588723%3Ag%3AXVgAAeSwM4Zp8jRQ,LIVE,2024-25 Upper Deck Series 2 Matvei Michkov Young Guns - Portraits - O-Pee-Chee,"{""preliminary_scope_status"":""DISCOVERY_SCOPE_PASS"",""query_family_ids"":[""matvei-michkov.michov-surname""]}",{},,ebay|cardperfectllc|358501353251,https://i.ebayimg.com/images/g/XVgAAeSwM4Zp8jRQ/s-l225.jpg,,FALSE,FALSE,FALSE,,{},,,,NO,NO,UNKNOWN,,,,New; seller/API claim only; front/back unverified.,UNKNOWN,"[""identity_and_images_unverified""]",29,,,,,,0,180,TRUE,,,,,,[],INSUFFICIENT,INSUFFICIENT,UNKNOWN,INSUFFICIENT,,,,,,,,,,,,,,,,,MANUAL REVIEW / UNPRICED,FALSE,FALSE,"[""exact_front_back_identity_not_verified"",""identical_completed_sales_not_persisted"",""delivered_acquisition_cost_incomplete"",""truely_collectables_owned_copy_exclusion_not_proven"",""exact_upper_deck_young_guns_identity_not_image_verified""]","{""artifact_schema"":""TRUELY_COLLECTABLES_DEAL_HUNTER_ARTIFACT_V1"",""deployment"":{""commitSha"":null,""environment"":""production"",""region"":null},""discovery_family_ids"":[""matvei-michkov.michov-surname""],""gateway_endpoint"":""https://truelycollectables.com/api/tcos/deal-hunter-native-ebay?perQuery=20&scope=matvei_michkov_young_guns"",""gateway_host"":""https://truelycollectables.com"",""gateway_scopes"":[""matvei_michkov_young_guns""],""listing_item_id"":""358501353251"",""native_schema"":""TCOS_NATIVE_EBAY_FEED_V1"",""producer_commit_sha"":""07471ae49901220d13073aab604afbb0e223e855"",""producer_run_id"":""31970958336"",""source"":""truelycollectables.com/native-ebay"",""source_queries"":[""Matvei Michov Young Guns""],""token_mode"":""client_credentials""}"
cand-s14-ebay-34cdfc42484d396806fe,dh-20260731T184251Z-gha-recovery,14,2026-08-16T20:35:00.076Z,MICHKOV YG/young_guns_deal_and_misspelling,Matvei Michkov,young_guns_rookie_card,eBay,cardzone_92,,327123102809,https://www.ebay.com/itm/327123102809?_skw=Matvei+Michkov+Young+Guns+parallel&hash=item4c2a0e6c59%3Ag%3AGbUAAeSw9Npp7NIr,LIVE,2024-25 UD Series 2 - Young Guns Matvei Michkov #492 (RC) Deluxe 212/250 Pop 7,"{""preliminary_scope_status"":""DISCOVERY_SCOPE_PASS"",""query_family_ids"":[""matvei-michkov.young-guns-parallels""]}",{},,ebay|cardzone-92|327123102809,https://i.ebayimg.com/images/g/GbUAAeSw9Npp7NIr/s-l225.jpg,,FALSE,FALSE,FALSE,,{},,,,NO,NO,GRADED,,,,Graded; seller/API claim only; front/back unverified.,UNKNOWN,"[""identity_and_images_unverified""]",1050,4.78,,,,,0,180,TRUE,,,,,,[],INSUFFICIENT,INSUFFICIENT,UNKNOWN,INSUFFICIENT,,,,,,,,,,,,,,,,,MANUAL REVIEW / UNPRICED,FALSE,FALSE,"[""exact_front_back_identity_not_verified"",""identical_completed_sales_not_persisted"",""delivered_acquisition_cost_incomplete"",""truely_collectables_owned_copy_exclusion_not_proven"",""exact_upper_deck_young_guns_identity_not_image_verified""]","{""artifact_schema"":""TRUELY_COLLECTABLES_DEAL_HUNTER_ARTIFACT_V1"",""deployment"":{""commitSha"":null,""environment"":""production"",""region"":null},""discovery_family_ids"":[""matvei-michkov.young-guns-parallels""],""gateway_endpoint"":""https://truelycollectables.com/api/tcos/deal-hunter-native-ebay?perQuery=20&scope=matvei_michkov_young_guns"",""gateway_host"":""https://truelycollectables.com"",""gateway_scopes"":[""matvei_michkov_young_guns""],""listing_item_id"":""327123102809"",""native_schema"":""TCOS_NATIVE_EBAY_FEED_V1"",""producer_commit_sha"":""07471ae49901220d13073aab604afbb0e223e855"",""producer_run_id"":""31970958336"",""source"":""truelycollectables.com/native-ebay"",""source_queries"":[""Matvei Michkov Young Guns parallel""],""token_mode"":""client_credentials""}"
cand-s14-ebay-c3191b68e9e0d0b7ef14,dh-20260731T184251Z-gha-recovery,14,2026-08-16T20:35:00.076Z,MICHKOV YG/young_guns_deal_and_misspelling,Matvei Michkov,young_guns_rookie_card,eBay,lcarr6,,267752219492,https://www.ebay.com/itm/267752219492?_skw=Matvei+Michkov+YG+Philadelphia+Flyers&hash=item3e5746a364%3Ag%3AmbgAAeSw1Clp661z&amdata=enc%3AAQALAAABAACCtXRWQnOEpyOqnQQ8KGZWeUTTRM%2FTNtJ%2BqmIA6xUI9iQrQILERYclmsZAPxOrpUuWJKZ1kFZxtgjru6iG%2BaWkW8ZE85Fvq%2FjJJ38glue2LZF1qESEk6g9T72Cj%2F%2BiF9i607J39evKVzvGruAP1oKBahesASdK6cI530P4gKoqRBo2gD18soC979Bc2CcoVFCfDZvg4hS0tFyEViuxeDCudZ9udxaR9immEnDe4rdcyPZRKecx6A1fLH0bBSnx5W3fggT05881d77eLQ7BnGlHKww%2BKdXg1QKeu5Tw1Pp%2BD0REdRHi1BFlVjloIUjuOq2rydXp9R1vCvjFf6pH5LE%3D,LIVE,2024-25 Matvei Michkov UD YG Teammates Deluxe /250 & OPC Plat Neon Yellow Surge ,"{""preliminary_scope_status"":""DISCOVERY_SCOPE_PASS"",""query_family_ids"":[""matvei-michkov.yg-abbreviation""]}",{},,ebay|lcarr6|267752219492,https://i.ebayimg.com/images/g/mbgAAeSw1Clp661z/s-l225.jpg,,FALSE,FALSE,FALSE,,{},,,,NO,NO,RAW,,,,Ungraded; seller/API claim only; front/back unverified.,UNKNOWN,"[""identity_and_images_unverified""]",47.56,14.41,,,,,0,180,TRUE,,,,,,[],INSUFFICIENT,INSUFFICIENT,UNKNOWN,INSUFFICIENT,,,,,,,,,,,,,,,,,MANUAL REVIEW / UNPRICED,FALSE,FALSE,"[""exact_front_back_identity_not_verified"",""identical_completed_sales_not_persisted"",""delivered_acquisition_cost_incomplete"",""truely_collectables_owned_copy_exclusion_not_proven"",""exact_upper_deck_young_guns_identity_not_image_verified""]","{""artifact_schema"":""TRUELY_COLLECTABLES_DEAL_HUNTER_ARTIFACT_V1"",""deployment"":{""commitSha"":null,""environment"":""production"",""region"":null},""discovery_family_ids"":[""matvei-michkov.yg-abbreviation""],""gateway_endpoint"":""https://truelycollectables.com/api/tcos/deal-hunter-native-ebay?perQuery=20&scope=matvei_michkov_young_guns"",""gateway_host"":""https://truelycollectables.com"",""gateway_scopes"":[""matvei_michkov_young_guns""],""listing_item_id"":""267752219492"",""native_schema"":""TCOS_NATIVE_EBAY_FEED_V1"",""producer_commit_sha"":""07471ae49901220d13073aab604afbb0e223e855"",""producer_run_id"":""31970958336"",""source"":""truelycollectables.com/native-ebay"",""source_queries"":[""Matvei Michkov YG Philadelphia Flyers""],""token_mode"":""client_credentials""}"
cand-s14-ebay-1482159fa3e6f0e17909,dh-20260731T184251Z-gha-recovery,14,2026-08-16T20:35:00.076Z,MICHKOV YG/young_guns_deal_and_misspelling,Matvei Michkov,young_guns_rookie_card,eBay,matbukowsk-7,,298240922941,https://www.ebay.com/itm/298240922941?_skw=Matvei+Michkov+Young+Guns+rookie&hash=item45708b553d%3Ag%3A88QAAeSw7ztp5EJ9&amdata=enc%3AAQALAAABAACCtXRWQnOEpyOqnQQ8KGa80gP%2B4wpr6hHinLQta1d8GX4j%2FmfhYaG8snAZfILiEVDD7Km66i1cr9NZ7hKNZX4XeBf8cdOHb%2FfBajixh46SzBnBhha%2BlnoM6opD7GJ0RKyKqQYaQvtR9Vw12F0AcgwX4ROaClvB4r1UJYfxj4sjaRSS8MuZs%2FCJ5fOFg07B49q7e6XguRAcZY4hUms9IQiyrzvgkTR7h6kI%2FI0Pe4Ey7tx1%2Fc%2BHQjUNu4pKKayFl%2FWdINr0XKT1bZDszoOfuVxClaS0WJ7%2FMnkKim7neaFaErLZxN6xLN04%2BeGHvO5VuPuTryaryYv%2BMZXAc9jMzeA%3D,LIVE,2024-25 Upper Deck Series 2 - Young Guns Matvei Michkov #492 Outburst (RC),"{""preliminary_scope_status"":""DISCOVERY_SCOPE_PASS"",""query_family_ids"":[""matvei-michkov.exact-young-guns"",""matvei-michkov.young-guns-parallels"",""matvei-michkov.matvey-first-name""]}",{},,ebay|matbukowsk-7|298240922941,https://i.ebayimg.com/images/g/88QAAeSw7ztp5EJ9/s-l225.jpg,,FALSE,FALSE,FALSE,,{},,,,NO,NO,GRADED,,,,Graded; seller/API claim only; front/back unverified.,UNKNOWN,"[""identity_and_images_unverified""]",250,,,,,,0,180,TRUE,,,,,,[],INSUFFICIENT,INSUFFICIENT,UNKNOWN,INSUFFICIENT,,,,,,,,,,,,,,,,,MANUAL REVIEW / UNPRICED,FALSE,FALSE,"[""exact_front_back_identity_not_verified"",""identical_completed_sales_not_persisted"",""delivered_acquisition_cost_incomplete"",""truely_collectables_owned_copy_exclusion_not_proven"",""exact_upper_deck_young_guns_identity_not_image_verified""]","{""artifact_schema"":""TRUELY_COLLECTABLES_DEAL_HUNTER_ARTIFACT_V1"",""deployment"":{""commitSha"":null,""environment"":""production"",""region"":null},""discovery_family_ids"":[""matvei-michkov.exact-young-guns"",""matvei-michkov.young-guns-parallels"",""matvei-michkov.matvey-first-name""],""gateway_endpoint"":""https://truelycollectables.com/api/tcos/deal-hunter-native-ebay?perQuery=20&scope=matvei_michkov_young_guns"",""gateway_host"":""https://truelycollectables.com"",""gateway_scopes"":[""matvei_michkov_young_guns""],""listing_item_id"":""298240922941"",""native_schema"":""TCOS_NATIVE_EBAY_FEED_V1"",""producer_commit_sha"":""07471ae49901220d13073aab604afbb0e223e855"",""producer_run_id"":""31970958336"",""source"":""truelycollectables.com/native-ebay"",""source_queries"":[""Matvei Michkov Young Guns rookie"",""Matvei Michkov Young Guns parallel"",""Matvey Michkov Young Guns""],""token_mode"":""client_credentials""}"
cand-s14-ebay-8b9d02e2b25009711967,dh-20260731T184251Z-gha-recovery,14,2026-08-16T20:35:00.076Z,MICHKOV YG/young_guns_deal_and_misspelling,Matvei Michkov,young_guns_rookie_card,eBay,onenonlyjohn,,336534816362,https://www.ebay.com/itm/336534816362?_skw=Mitchkov+Young+Guns+Philadelphia+Flyers&hash=item4e5b09c66a%3Ag%3AHHwAAeSwqOdqBsJ1,LIVE,Matvei Mitchkov 2024-25 UD Hockey Series 2 Young Guns and Flyers card lot of 7,"{""preliminary_scope_status"":""IMAGE_OR_IDENTITY_REVIEW_REQUIRED"",""query_family_ids"":[""matvei-michkov.mitchkov-surname""]}",{},,ebay|onenonlyjohn|336534816362,https://i.ebayimg.com/images/g/HHwAAeSwqOdqBsJ1/s-l225.jpg,,FALSE,FALSE,FALSE,,{},,,,NO,NO,UNKNOWN,,,,Unknown; seller/API claim only; front/back unverified.,UNKNOWN,"[""identity_and_images_unverified""]",100,22,,,,,0,180,TRUE,,,,,,[],INSUFFICIENT,INSUFFICIENT,UNKNOWN,INSUFFICIENT,,,,,,,,,,,,,,,,,MANUAL REVIEW / UNPRICED,FALSE,FALSE,"[""exact_front_back_identity_not_verified"",""identical_completed_sales_not_persisted"",""delivered_acquisition_cost_incomplete"",""truely_collectables_owned_copy_exclusion_not_proven"",""exact_upper_deck_young_guns_identity_not_image_verified"",""seller_name_variant_or_misspelling_detected_verify_images""]","{""artifact_schema"":""TRUELY_COLLECTABLES_DEAL_HUNTER_ARTIFACT_V1"",""deployment"":{""commitSha"":null,""environment"":""production"",""region"":null},""discovery_family_ids"":[""matvei-michkov.mitchkov-surname""],""gateway_endpoint"":""https://truelycollectables.com/api/tcos/deal-hunter-native-ebay?perQuery=20&scope=matvei_michkov_young_guns"",""gateway_host"":""https://truelycollectables.com"",""gateway_scopes"":[""matvei_michkov_young_guns""],""listing_item_id"":""336534816362"",""native_schema"":""TCOS_NATIVE_EBAY_FEED_V1"",""producer_commit_sha"":""07471ae49901220d13073aab604afbb0e223e855"",""producer_run_id"":""31970958336"",""source"":""truelycollectables.com/native-ebay"",""source_queries"":[""Mitchkov Young Guns Philadelphia Flyers""],""token_mode"":""client_credentials""}"
cand-s14-ebay-05acd7a93860414817a1,dh-20260731T184251Z-gha-recovery,14,2026-08-16T20:35:00.076Z,MICHKOV YG/young_guns_deal_and_misspelling,Matvei Michkov,young_guns_rookie_card,eBay,breakaway_evolution,,267629630194,https://www.ebay.com/itm/267629630194?_skw=Matvei+Michkov+Young+Guns+parallel&hash=item3e4ff812f2%3Ag%3AV9MAAeSwFqRp0FhI,LIVE,2024-25 Upper Deck Young Guns DAZZLERS #DZ-121 DZ121 MATVEI MICHKOV PINK PSA 9,"{""preliminary_scope_status"":""DISCOVERY_SCOPE_PASS"",""query_family_ids"":[""matvei-michkov.young-guns-parallels"",""matvei-michkov.matvey-first-name""]}",{},,ebay|breakaway-evolution|267629630194,https://i.ebayimg.com/images/g/V9MAAeSwFqRp0FhI/s-l225.jpg,,FALSE,FALSE,FALSE,,{},,,,NO,NO,GRADED,PSA,9,,Graded; seller/API claim only; front/back unverified.,UNKNOWN,"[""identity_and_images_unverified""]",40,,,,,,0,180,TRUE,,,,,,[],INSUFFICIENT,INSUFFICIENT,UNKNOWN,INSUFFICIENT,,,,,,,,,,,,,,,,,MANUAL REVIEW / UNPRICED,FALSE,FALSE,"[""exact_front_back_identity_not_verified"",""identical_completed_sales_not_persisted"",""delivered_acquisition_cost_incomplete"",""truely_collectables_owned_copy_exclusion_not_proven"",""exact_upper_deck_young_guns_identity_not_image_verified""]","{""artifact_schema"":""TRUELY_COLLECTABLES_DEAL_HUNTER_ARTIFACT_V1"",""deployment"":{""commitSha"":null,""environment"":""production"",""region"":null},""discovery_family_ids"":[""matvei-michkov.young-guns-parallels"",""matvei-michkov.matvey-first-name""],""gateway_endpoint"":""https://truelycollectables.com/api/tcos/deal-hunter-native-ebay?perQuery=20&scope=matvei_michkov_young_guns"",""gateway_host"":""https://truelycollectables.com"",""gateway_scopes"":[""matvei_michkov_young_guns""],""listing_item_id"":""267629630194"",""native_schema"":""TCOS_NATIVE_EBAY_FEED_V1"",""producer_commit_sha"":""07471ae49901220d13073aab604afbb0e223e855"",""producer_run_id"":""31970958336"",""source"":""truelycollectables.com/native-ebay"",""source_queries"":[""Matvei Michkov Young Guns parallel"",""Matvey Michkov Young Guns""],""token_mode"":""client_credentials""}"
cand-s14-ebay-e10c8f692bc2f36a07fb,dh-20260731T184251Z-gha-recovery,14,2026-08-16T20:35:00.076Z,MICHKOV YG/young_guns_deal_and_misspelling,Matvei Michkov,young_guns_rookie_card,eBay,junior_cards,,397607327252,https://www.ebay.com/itm/397607327252?_skw=Matvei+Michkov+YG+Philadelphia+Flyers&hash=item5c933e5614%3Ag%3AEZ0AAeSwzMJpkCvY&amdata=enc%3AAQALAAABAACCtXRWQnOEpyOqnQQ8KGal4nhp3FNcrXEPgK8BgjstZUUy%2BkL2xz2fHUCe3RONz1GBNIwbNs%2BsamHiaOPnw8ghcJoGru%2BPnyHFFB54qaJ7pKNBbGKknuFxhZ222bagVEjtUjuKriUazyZmKNbuzdzzkBWIp7fJjiPfLhwDS8VP4V6s1uziAyruenk%2B%2FeY7u3jk3DU0EwfQ%2Bh92kVLWsd2yTRxOGpcIa6ASbtjMxZxu800tkT8tSJ8FkuAUJbqC20pbkXSA8ZviMnKNMM%2FyXCO0QmD3ArZho9nR0530L0SYPh5PjqmscPuBKy%2F8SLP9lY%2FwQmXP%2BvXZSIjAZq%2B2INU%3D,LIVE,2024-25 Upper Deck Serie 2 Matvei Michkov YG Young Guns RC #492 Rookie ,"{""preliminary_scope_status"":""DISCOVERY_SCOPE_PASS"",""query_family_ids"":[""matvei-michkov.yg-abbreviation""]}",{},,ebay|junior-cards|397607327252,https://i.ebayimg.com/images/g/EZ0AAeSwzMJpkCvY/s-l225.jpg,,FALSE,FALSE,FALSE,,{},,,,NO,NO,RAW,,,,Ungraded; seller/API claim only; front/back unverified.,UNKNOWN,"[""identity_and_images_unverified""]",36.04,21.61,,,,,0,180,TRUE,,,,,,[],INSUFFICIENT,INSUFFICIENT,UNKNOWN,INSUFFICIENT,,,,,,,,,,,,,,,,,MANUAL REVIEW / UNPRICED,FALSE,FALSE,"[""exact_front_back_identity_not_verified"",""identical_completed_sales_not_persisted"",""delivered_acquisition_cost_incomplete"",""truely_collectables_owned_copy_exclusion_not_proven"",""exact_upper_deck_young_guns_identity_not_image_verified""]","{""artifact_schema"":""TRUELY_COLLECTABLES_DEAL_HUNTER_ARTIFACT_V1"",""deployment"":{""commitSha"":null,""environment"":""production"",""region"":null},""discovery_family_ids"":[""matvei-michkov.yg-abbreviation""],""gateway_endpoint"":""https://truelycollectables.com/api/tcos/deal-hunter-native-ebay?perQuery=20&scope=matvei_michkov_young_guns"",""gateway_host"":""https://truelycollectables.com"",""gateway_scopes"":[""matvei_michkov_young_guns""],""listing_item_id"":""397607327252"",""native_schema"":""TCOS_NATIVE_EBAY_FEED_V1"",""producer_commit_sha"":""07471ae49901220d13073aab604afbb0e223e855"",""producer_run_id"":""31970958336"",""source"":""truelycollectables.com/native-ebay"",""source_queries"":[""Matvei Michkov YG Philadelphia Flyers""],""token_mode"":""client_credentials""}"
cand-s14-ebay-fb66286a2fd41083ddf1,dh-20260731T184251Z-gha-recovery,14,2026-08-16T20:35:00.076Z,MICHKOV YG/young_guns_deal_and_misspelling,Matvei Michkov,young_guns_rookie_card,eBay,matsilv_98,,227214721674,https://www.ebay.com/itm/227214721674?_skw=Matvei+Michkov+Young+Guns+rookie&hash=item34e70d828a%3Ag%3A%7EwAAAeSwKqlpjkWD&amdata=enc%3AAQALAAABAACCtXRWQnOEpyOqnQQ8KGbOTWtJ8R8BnTkTdnZ9G6lTphd6t5A4B0M2%2FraBo1FKZjE6df1yTP%2BDcGEIXhu%2BUM5GkNJPuBT4wckgFjFsjpKDlyccYzqHvysQ4wXCFkNjyVuqRKwGU088DRfuEWYISGc1QqijCEwUMs5mqDtt2iF8Go1vsZugZPxtinuJokBSwD6QlQvhBQABC99SRhpTxnEMzSHpJ1W7fFTaAlpiejxzauQwE3GL0kzSZrwJqFMu%2BBGVhhAI5lXtgykNuokhahcqbmeQXIb9Emuz4bs%2BlsCysCGYmO7V8J74zmbvZZSJPpNDlHFQaZbuZB17v0sWXv4%3D,LIVE,2024-25 Upper Deck Series 2 Young Guns Matvei Michkov RC #492 PSA 10,"{""preliminary_scope_status"":""DISCOVERY_SCOPE_PASS"",""query_family_ids"":[""matvei-michkov.exact-young-guns"",""matvei-michkov.matvey-first-name""]}",{},,ebay|matsilv-98|227214721674,https://i.ebayimg.com/images/g/~wAAAeSwKqlpjkWD/s-l225.jpg,,FALSE,FALSE,FALSE,,{},,,,NO,NO,GRADED,PSA,10,,Graded; seller/API claim only; front/back unverified.,UNKNOWN,"[""identity_and_images_unverified""]",249.95,,,,,,0,180,TRUE,,,,,,[],INSUFFICIENT,INSUFFICIENT,UNKNOWN,INSUFFICIENT,,,,,,,,,,,,,,,,,MANUAL REVIEW / UNPRICED,FALSE,FALSE,"[""exact_front_back_identity_not_verified"",""identical_completed_sales_not_persisted"",""delivered_acquisition_cost_incomplete"",""truely_collectables_owned_copy_exclusion_not_proven"",""exact_upper_deck_young_guns_identity_not_image_verified""]","{""artifact_schema"":""TRUELY_COLLECTABLES_DEAL_HUNTER_ARTIFACT_V1"",""deployment"":{""commitSha"":null,""environment"":""production"",""region"":null},""discovery_family_ids"":[""matvei-michkov.exact-young-guns"",""matvei-michkov.matvey-first-name""],""gateway_endpoint"":""https://truelycollectables.com/api/tcos/deal-hunter-native-ebay?perQuery=20&scope=matvei_michkov_young_guns"",""gateway_host"":""https://truelycollectables.com"",""gateway_scopes"":[""matvei_michkov_young_guns""],""listing_item_id"":""227214721674"",""native_schema"":""TCOS_NATIVE_EBAY_FEED_V1"",""producer_commit_sha"":""07471ae49901220d13073aab604afbb0e223e855"",""producer_run_id"":""31970958336"",""source"":""truelycollectables.com/native-ebay"",""source_queries"":[""Matvei Michkov Young Guns rookie"",""Matvey Michkov Young Guns""],""token_mode"":""client_credentials""}"
cand-s14-ebay-09a0f0f1aa5a300dd2fd,dh-20260731T184251Z-gha-recovery,14,2026-08-16T20:35:00.076Z,MICHKOV YG/young_guns_deal_and_misspelling,Matvei Michkov,young_guns_rookie_card,eBay,usa-breaks,,406674039202,https://www.ebay.com/itm/406674039202?_skw=Matvei+Michkov+YG+Philadelphia+Flyers&hash=item5eafa961a2%3Ag%3AdlAAAeSwUBJphc5J,LIVE,"2024-25 Upper Deck #496 Matvei Michkov / Ivan Fedotov YG, RC","{""preliminary_scope_status"":""DISCOVERY_SCOPE_PASS"",""query_family_ids"":[""matvei-michkov.yg-abbreviation""]}",{},,ebay|usa-breaks|406674039202,https://i.ebayimg.com/images/g/dlAAAeSwUBJphc5J/s-l225.jpg,,FALSE,FALSE,FALSE,,{},,,,NO,NO,RAW,,,,Ungraded; seller/API claim only; front/back unverified.,UNKNOWN,"[""identity_and_images_unverified""]",1.79,1.32,,,,,0,180,TRUE,,,,,,[],INSUFFICIENT,INSUFFICIENT,UNKNOWN,INSUFFICIENT,,,,,,,,,,,,,,,,,MANUAL REVIEW / UNPRICED,FALSE,FALSE,"[""exact_front_back_identity_not_verified"",""identical_completed_sales_not_persisted"",""delivered_acquisition_cost_incomplete"",""truely_collectables_owned_copy_exclusion_not_proven"",""exact_upper_deck_young_guns_identity_not_image_verified""]","{""artifact_schema"":""TRUELY_COLLECTABLES_DEAL_HUNTER_ARTIFACT_V1"",""deployment"":{""commitSha"":null,""environment"":""production"",""region"":null},""discovery_family_ids"":[""matvei-michkov.yg-abbreviation""],""gateway_endpoint"":""https://truelycollectables.com/api/tcos/deal-hunter-native-ebay?perQuery=20&scope=matvei_michkov_young_guns"",""gateway_host"":""https://truelycollectables.com"",""gateway_scopes"":[""matvei_michkov_young_guns""],""listing_item_id"":""406674039202"",""native_schema"":""TCOS_NATIVE_EBAY_FEED_V1"",""producer_commit_sha"":""07471ae49901220d13073aab604afbb0e223e855"",""producer_run_id"":""31970958336"",""source"":""truelycollectables.com/native-ebay"",""source_queries"":[""Matvei Michkov YG Philadelphia Flyers""],""token_mode"":""client_credentials""}"
cand-s14-ebay-c35178e85c6f46d59f26,dh-20260731T184251Z-gha-recovery,14,2026-08-16T20:35:00.076Z,MICHKOV YG/young_guns_deal_and_misspelling,Matvei Michkov,young_guns_rookie_card,eBay,usa-breaks,,127658262931,https://www.ebay.com/itm/127658262931?_skw=Matvei+Michkov+YG+Philadelphia+Flyers&hash=item1db9068193%3Ag%3AgwkAAeSwmNdpfzNq,LIVE,"2024-25 Upper Deck #496 Matvei Michkov / Ivan Fedotov YG, UER","{""preliminary_scope_status"":""DISCOVERY_SCOPE_PASS"",""query_family_ids"":[""matvei-michkov.yg-abbreviation""]}",{},,ebay|usa-breaks|127658262931,https://i.ebayimg.com/images/g/gwkAAeSwmNdpfzNq/s-l225.jpg,,FALSE,FALSE,FALSE,,{},,,,NO,NO,RAW,,,,Ungraded; seller/API claim only; front/back unverified.,UNKNOWN,"[""identity_and_images_unverified""]",1.79,1.32,,,,,0,180,TRUE,,,,,,[],INSUFFICIENT,INSUFFICIENT,UNKNOWN,INSUFFICIENT,,,,,,,,,,,,,,,,,MANUAL REVIEW / UNPRICED,FALSE,FALSE,"[""exact_front_back_identity_not_verified"",""identical_completed_sales_not_persisted"",""delivered_acquisition_cost_incomplete"",""truely_collectables_owned_copy_exclusion_not_proven"",""exact_upper_deck_young_guns_identity_not_image_verified""]","{""artifact_schema"":""TRUELY_COLLECTABLES_DEAL_HUNTER_ARTIFACT_V1"",""deployment"":{""commitSha"":null,""environment"":""production"",""region"":null},""discovery_family_ids"":[""matvei-michkov.yg-abbreviation""],""gateway_endpoint"":""https://truelycollectables.com/api/tcos/deal-hunter-native-ebay?perQuery=20&scope=matvei_michkov_young_guns"",""gateway_host"":""https://truelycollectables.com"",""gateway_scopes"":[""matvei_michkov_young_guns""],""listing_item_id"":""127658262931"",""native_schema"":""TCOS_NATIVE_EBAY_FEED_V1"",""producer_commit_sha"":""07471ae49901220d13073aab604afbb0e223e855"",""producer_run_id"":""31970958336"",""source"":""truelycollectables.com/native-ebay"",""source_queries"":[""Matvei Michkov YG Philadelphia Flyers""],""token_mode"":""client_credentials""}"
cand-s14-ebay-dc9c124a0d56dd493e91,dh-20260731T184251Z-gha-recovery,14,2026-08-16T20:35:00.076Z,MICHKOV YG/young_guns_deal_and_misspelling,Matvei Michkov,young_guns_rookie_card,eBay,yeaaahso,,358125114499,https://www.ebay.com/itm/358125114499?_skw=Mitchkov+Young+Guns+Philadelphia+Flyers&hash=item5361eb9483%3Ag%3AkQ0AAeSwHkFpawtB,LIVE,Matvei Michkov Young Guns - 2024-25 Upper Deck Series 2 RC #492 Flyers,"{""preliminary_scope_status"":""DISCOVERY_SCOPE_PASS"",""query_family_ids"":[""matvei-michkov.mitchkov-surname""]}",{},,ebay|yeaaahso|358125114499,https://i.ebayimg.com/images/g/kQ0AAeSwHkFpawtB/s-l225.jpg,,FALSE,FALSE,FALSE,,{},,,,NO,NO,RAW,,,,Ungraded; seller/API claim only; front/back unverified.,UNKNOWN,"[""identity_and_images_unverified""]",43.24,,,,,,0,180,TRUE,,,,,,[],INSUFFICIENT,INSUFFICIENT,UNKNOWN,INSUFFICIENT,,,,,,,,,,,,,,,,,MANUAL REVIEW / UNPRICED,FALSE,FALSE,"[""exact_front_back_identity_not_verified"",""identical_completed_sales_not_persisted"",""delivered_acquisition_cost_incomplete"",""truely_collectables_owned_copy_exclusion_not_proven"",""exact_upper_deck_young_guns_identity_not_image_verified""]","{""artifact_schema"":""TRUELY_COLLECTABLES_DEAL_HUNTER_ARTIFACT_V1"",""deployment"":{""commitSha"":null,""environment"":""production"",""region"":null},""discovery_family_ids"":[""matvei-michkov.mitchkov-surname""],""gateway_endpoint"":""https://truelycollectables.com/api/tcos/deal-hunter-native-ebay?perQuery=20&scope=matvei_michkov_young_guns"",""gateway_host"":""https://truelycollectables.com"",""gateway_scopes"":[""matvei_michkov_young_guns""],""listing_item_id"":""358125114499"",""native_schema"":""TCOS_NATIVE_EBAY_FEED_V1"",""producer_commit_sha"":""07471ae49901220d13073aab604afbb0e223e855"",""producer_run_id"":""31970958336"",""source"":""truelycollectables.com/native-ebay"",""source_queries"":[""Mitchkov Young Guns Philadelphia Flyers""],""token_mode"":""client_credentials""}"
cand-s14-ebay-64aa6a7791792d0b875d,dh-20260731T184251Z-gha-recovery,14,2026-08-16T20:35:00.076Z,MICHKOV YG/young_guns_deal_and_misspelling,Matvei Michkov,young_guns_rookie_card,eBay,marbeaumon_8,,317769028449,https://www.ebay.com/itm/317769028449?_skw=Matvei+Michkov+YG+Philadelphia+Flyers&hash=item49fc829361%3Ag%3AUWsAAeSwAkppaZ2p,LIVE,2024-25 Upper Deck Series 2 - Matvei Michkov Young Guns #492 Outburst (YG / RC),"{""preliminary_scope_status"":""DISCOVERY_SCOPE_PASS"",""query_family_ids"":[""matvei-michkov.yg-abbreviation""]}",{},,ebay|marbeaumon-8|317769028449,https://i.ebayimg.com/images/g/UWsAAeSwAkppaZ2p/s-l225.jpg,,FALSE,FALSE,FALSE,,{},,,,NO,NO,GRADED,,,,Graded; seller/API claim only; front/back unverified.,UNKNOWN,"[""identity_and_images_unverified""]",450,,,,,,0,180,TRUE,,,,,,[],INSUFFICIENT,INSUFFICIENT,UNKNOWN,INSUFFICIENT,,,,,,,,,,,,,,,,,MANUAL REVIEW / UNPRICED,FALSE,FALSE,"[""exact_front_back_identity_not_verified"",""identical_completed_sales_not_persisted"",""delivered_acquisition_cost_incomplete"",""truely_collectables_owned_copy_exclusion_not_proven"",""exact_upper_deck_young_guns_identity_not_image_verified""]","{""artifact_schema"":""TRUELY_COLLECTABLES_DEAL_HUNTER_ARTIFACT_V1"",""deployment"":{""commitSha"":null,""environment"":""production"",""region"":null},""discovery_family_ids"":[""matvei-michkov.yg-abbreviation""],""gateway_endpoint"":""https://truelycollectables.com/api/tcos/deal-hunter-native-ebay?perQuery=20&scope=matvei_michkov_young_guns"",""gateway_host"":""https://truelycollectables.com"",""gateway_scopes"":[""matvei_michkov_young_guns""],""listing_item_id"":""317769028449"",""native_schema"":""TCOS_NATIVE_EBAY_FEED_V1"",""producer_commit_sha"":""07471ae49901220d13073aab604afbb0e223e855"",""producer_run_id"":""31970958336"",""source"":""truelycollectables.com/native-ebay"",""source_queries"":[""Matvei Michkov YG Philadelphia Flyers""],""token_mode"":""client_credentials""}"
cand-s14-ebay-a5e0b11253bfad6bb85e,dh-20260731T184251Z-gha-recovery,14,2026-08-16T20:35:00.076Z,MICHKOV YG/young_guns_deal_and_misspelling,Matvei Michkov,young_guns_rookie_card,eBay,gopens0878,,187945375079,https://www.ebay.com/itm/187945375079?_skw=Matvei+Michkov+YG+Philadelphia+Flyers&hash=item2bc26ad567%3Ag%3AY1IAAeSwBS5pZVRP&amdata=enc%3AAQALAAABAACCtXRWQnOEpyOqnQQ8KGaWDocrAoSyTECKGmVwrq0hR7Z%2FrKZpoyN1C3FSbVHxy0LXjJAADw1pAB%2BQkoUrJiqqjl1%2F1mEeHjorMnlidCvND5ofCqRRwIhzJ3CU7jZGfcfzKeDqfzEQijOZhr0JxK4t4mM1jtj4ASG45YNwW1cNR6SjNc4p0ck2xFxsr2xsAmrpjnZDTVPvpCD3w4U2uAcMtH5aPynFyaoSEY46ai0EcQu5r0NoUi9iW9BysCv6Oun6VtarwLdd6pPrnq2PK%2B%2FxqvNu9TE01D6zr1I4BkO%2FSaeKDWpZagp8Qw2nYE6WAA1GrYguY9Ey4eCOML%2FQE%2F8%3D,LIVE,2024-25 Upper Deck #496 Matvei Michkov / Ivan Fedotov YG,"{""preliminary_scope_status"":""DISCOVERY_SCOPE_PASS"",""query_family_ids"":[""matvei-michkov.yg-abbreviation""]}",{},,ebay|gopens0878|187945375079,https://i.ebayimg.com/images/g/Y1IAAeSwBS5pZVRP/s-l225.jpg,,FALSE,FALSE,FALSE,,{},,,,NO,NO,RAW,,,,Ungraded; seller/API claim only; front/back unverified.,UNKNOWN,"[""identity_and_images_unverified""]",4.99,1.99,,,,,0,180,TRUE,,,,,,[],INSUFFICIENT,INSUFFICIENT,UNKNOWN,INSUFFICIENT,,,,,,,,,,,,,,,,,MANUAL REVIEW / UNPRICED,FALSE,FALSE,"[""exact_front_back_identity_not_verified"",""identical_completed_sales_not_persisted"",""delivered_acquisition_cost_incomplete"",""truely_collectables_owned_copy_exclusion_not_proven"",""exact_upper_deck_young_guns_identity_not_image_verified""]","{""artifact_schema"":""TRUELY_COLLECTABLES_DEAL_HUNTER_ARTIFACT_V1"",""deployment"":{""commitSha"":null,""environment"":""production"",""region"":null},""discovery_family_ids"":[""matvei-michkov.yg-abbreviation""],""gateway_endpoint"":""https://truelycollectables.com/api/tcos/deal-hunter-native-ebay?perQuery=20&scope=matvei_michkov_young_guns"",""gateway_host"":""https://truelycollectables.com"",""gateway_scopes"":[""matvei_michkov_young_guns""],""listing_item_id"":""187945375079"",""native_schema"":""TCOS_NATIVE_EBAY_FEED_V1"",""producer_commit_sha"":""07471ae49901220d13073aab604afbb0e223e855"",""producer_run_id"":""31970958336"",""source"":""truelycollectables.com/native-ebay"",""source_queries"":[""Matvei Michkov YG Philadelphia Flyers""],""token_mode"":""client_credentials""}"
cand-s14-ebay-5a831ea7fb6580115082,dh-20260731T184251Z-gha-recovery,14,2026-08-16T20:35:00.076Z,MICHKOV YG/young_guns_deal_and_misspelling,Matvei Michkov,young_guns_rookie_card,eBay,gopens0878,,187945374995,https://www.ebay.com/itm/187945374995?_skw=Matvei+Michkov+YG+Philadelphia+Flyers&hash=item2bc26ad513%3Ag%3AOhwAAeSwZmBpZVUC,LIVE,2024-25 Upper Deck #496 Matvei Michkov / Ivan Fedotov YG,"{""preliminary_scope_status"":""DISCOVERY_SCOPE_PASS"",""query_family_ids"":[""matvei-michkov.yg-abbreviation""]}",{},,ebay|gopens0878|187945374995,https://i.ebayimg.com/images/g/OhwAAeSwZmBpZVUC/s-l225.jpg,,FALSE,FALSE,FALSE,,{},,,,NO,NO,RAW,,,,Ungraded; seller/API claim only; front/back unverified.,UNKNOWN,"[""identity_and_images_unverified""]",4.99,1.99,,,,,0,180,TRUE,,,,,,[],INSUFFICIENT,INSUFFICIENT,UNKNOWN,INSUFFICIENT,,,,,,,,,,,,,,,,,MANUAL REVIEW / UNPRICED,FALSE,FALSE,"[""exact_front_back_identity_not_verified"",""identical_completed_sales_not_persisted"",""delivered_acquisition_cost_incomplete"",""truely_collectables_owned_copy_exclusion_not_proven"",""exact_upper_deck_young_guns_identity_not_image_verified""]","{""artifact_schema"":""TRUELY_COLLECTABLES_DEAL_HUNTER_ARTIFACT_V1"",""deployment"":{""commitSha"":null,""environment"":""production"",""region"":null},""discovery_family_ids"":[""matvei-michkov.yg-abbreviation""],""gateway_endpoint"":""https://truelycollectables.com/api/tcos/deal-hunter-native-ebay?perQuery=20&scope=matvei_michkov_young_guns"",""gateway_host"":""https://truelycollectables.com"",""gateway_scopes"":[""matvei_michkov_young_guns""],""listing_item_id"":""187945374995"",""native_schema"":""TCOS_NATIVE_EBAY_FEED_V1"",""producer_commit_sha"":""07471ae49901220d13073aab604afbb0e223e855"",""producer_run_id"":""31970958336"",""source"":""truelycollectables.com/native-ebay"",""source_queries"":[""Matvei Michkov YG Philadelphia Flyers""],""token_mode"":""client_credentials""}"
cand-s14-ebay-5d51120432828f17551f,dh-20260731T184251Z-gha-recovery,14,2026-08-16T20:35:00.076Z,MICHKOV YG/young_guns_deal_and_misspelling,Matvei Michkov,young_guns_rookie_card,eBay,pastbuyersthankyou,,389851457154,https://www.ebay.com/itm/389851457154?_skw=Matvei+Michkov+YG+Philadelphia+Flyers&hash=item5ac4f52682%3Ag%3AtXIAAeSwP8ZpSdCv,LIVE,Matvei Michkov 3 Card Rookie Lot 2024-25 YG Reg & Draft & SP Game Used Auth Red,"{""preliminary_scope_status"":""IMAGE_OR_IDENTITY_REVIEW_REQUIRED"",""query_family_ids"":[""matvei-michkov.yg-abbreviation""]}",{},,ebay|pastbuyersthankyou|389851457154,https://i.ebayimg.com/images/g/tXIAAeSwP8ZpSdCv/s-l225.jpg,,FALSE,FALSE,FALSE,,{},,,,NO,NO,RAW,,,,Ungraded; seller/API claim only; front/back unverified.,UNKNOWN,"[""identity_and_images_unverified""]",28.82,10.81,,,,,0,180,TRUE,,,,,,[],INSUFFICIENT,INSUFFICIENT,UNKNOWN,INSUFFICIENT,,,,,,,,,,,,,,,,,MANUAL REVIEW / UNPRICED,FALSE,FALSE,"[""exact_front_back_identity_not_verified"",""identical_completed_sales_not_persisted"",""delivered_acquisition_cost_incomplete"",""truely_collectables_owned_copy_exclusion_not_proven"",""exact_upper_deck_young_guns_identity_not_image_verified"",""upper_deck_not_explicit_verify_product""]","{""artifact_schema"":""TRUELY_COLLECTABLES_DEAL_HUNTER_ARTIFACT_V1"",""deployment"":{""commitSha"":null,""environment"":""production"",""region"":null},""discovery_family_ids"":[""matvei-michkov.yg-abbreviation""],""gateway_endpoint"":""https://truelycollectables.com/api/tcos/deal-hunter-native-ebay?perQuery=20&scope=matvei_michkov_young_guns"",""gateway_host"":""https://truelycollectables.com"",""gateway_scopes"":[""matvei_michkov_young_guns""],""listing_item_id"":""389851457154"",""native_schema"":""TCOS_NATIVE_EBAY_FEED_V1"",""producer_commit_sha"":""07471ae49901220d13073aab604afbb0e223e855"",""producer_run_id"":""31970958336"",""source"":""truelycollectables.com/native-ebay"",""source_queries"":[""Matvei Michkov YG Philadelphia Flyers""],""token_mode"":""client_credentials""}"
cand-s14-ebay-8ed7342c22043cd2d1b5,dh-20260731T184251Z-gha-recovery,14,2026-08-16T20:35:00.076Z,MICHKOV YG/young_guns_deal_and_misspelling,Matvei Michkov,young_guns_rookie_card,eBay,kickgamez,,257257691731,https://www.ebay.com/itm/257257691731?_skw=Matvei+Michkov+Young+Guns+rookie&hash=item3be5c0da53%3Ag%3Ay18AAeSwrGVpPXXF&amdata=enc%3AAQALAAABAACCtXRWQnOEpyOqnQQ8KGZqvtftpaEKAl8jHIdI2AGDuk9QACGJfl2nHxAsvKhh6fIefWi8bZ6lkz23QejY1bC%2BUEI5%2F96CqO3K1naqTj5hWIa1Am9%2FEGJMBWEMyL2Bf5OWeGLTNOm2nGHIEBx695k%2FqqA2nA7TrjBESeQwUBEhNo6rgsGF%2BarycMTzTHVonRej34%2B%2FpRD3Ty%2FZRMDZvBEsgdNW0RjfJPCIqjF0cOQQHbs5DJoYN5KAGTr%2BF8WBUb6CaUpVM%2FL6VJJjCDKb83gdO4mCSoSQ4t8BHfyJKULUiO8lQPTNMF1UYMRdmnL9g7wthfK6nNwFxROr%2B0mOGNk%3D,LIVE,MATVEI MICHKOV YOUNG GUNS CANVAS BLACK & WHITE Rookie PSA 10 CARD 2024 #C353 RC,"{""preliminary_scope_status"":""IMAGE_OR_IDENTITY_REVIEW_REQUIRED"",""query_family_ids"":[""matvei-michkov.exact-young-guns""]}",{},,ebay|kickgamez|257257691731,https://i.ebayimg.com/images/g/y18AAeSwrGVpPXXF/s-l225.jpg,,FALSE,FALSE,FALSE,,{},,,,NO,NO,GRADED,PSA,10,,Graded; seller/API claim only; front/back unverified.,UNKNOWN,"[""identity_and_images_unverified""]",261.62,20.17,,,,,0,180,TRUE,,,,,,[],INSUFFICIENT,INSUFFICIENT,UNKNOWN,INSUFFICIENT,,,,,,,,,,,,,,,,,MANUAL REVIEW / UNPRICED,FALSE,FALSE,"[""exact_front_back_identity_not_verified"",""identical_completed_sales_not_persisted"",""delivered_acquisition_cost_incomplete"",""truely_collectables_owned_copy_exclusion_not_proven"",""exact_upper_deck_young_guns_identity_not_image_verified"",""upper_deck_not_explicit_verify_product""]","{""artifact_schema"":""TRUELY_COLLECTABLES_DEAL_HUNTER_ARTIFACT_V1"",""deployment"":{""commitSha"":null,""environment"":""production"",""region"":null},""discovery_family_ids"":[""matvei-michkov.exact-young-guns""],""gateway_endpoint"":""https://truelycollectables.com/api/tcos/deal-hunter-native-ebay?perQuery=20&scope=matvei_michkov_young_guns"",""gateway_host"":""https://truelycollectables.com"",""gateway_scopes"":[""matvei_michkov_young_guns""],""listing_item_id"":""257257691731"",""native_schema"":""TCOS_NATIVE_EBAY_FEED_V1"",""producer_commit_sha"":""07471ae49901220d13073aab604afbb0e223e855"",""producer_run_id"":""31970958336"",""source"":""truelycollectables.com/native-ebay"",""source_queries"":[""Matvei Michkov Young Guns rookie""],""token_mode"":""client_credentials""}"
cand-s14-ebay-93262bba90bfb8028f8d,dh-20260731T184251Z-gha-recovery,14,2026-08-16T20:35:00.076Z,MICHKOV YG/young_guns_deal_and_misspelling,Matvei Michkov,young_guns_rookie_card,eBay,central_texas_baseball_and_more,,257232182916,https://www.ebay.com/itm/257232182916?_skw=Matvei+Michkov+YG+Philadelphia+Flyers&hash=item3be43b9e84%3Ag%3AxbEAAeSwITNpKH5O,LIVE,"2024-25 Upper Deck Matvei Michkov / Ivan Fedotov YG, UER #496","{""preliminary_scope_status"":""DISCOVERY_SCOPE_PASS"",""query_family_ids"":[""matvei-michkov.yg-abbreviation""]}",{},,ebay|central-texas-baseball-and-more|257232182916,https://i.ebayimg.com/images/g/xbEAAeSwITNpKH5O/s-l225.jpg,,FALSE,FALSE,FALSE,,{},,,,NO,NO,RAW,,,,Ungraded; seller/API claim only; front/back unverified.,UNKNOWN,"[""identity_and_images_unverified""]",2.99,1.99,,,,,0,180,TRUE,,,,,,[],INSUFFICIENT,INSUFFICIENT,UNKNOWN,INSUFFICIENT,,,,,,,,,,,,,,,,,MANUAL REVIEW / UNPRICED,FALSE,FALSE,"[""exact_front_back_identity_not_verified"",""identical_completed_sales_not_persisted"",""delivered_acquisition_cost_incomplete"",""truely_collectables_owned_copy_exclusion_not_proven"",""exact_upper_deck_young_guns_identity_not_image_verified""]","{""artifact_schema"":""TRUELY_COLLECTABLES_DEAL_HUNTER_ARTIFACT_V1"",""deployment"":{""commitSha"":null,""environment"":""production"",""region"":null},""discovery_family_ids"":[""matvei-michkov.yg-abbreviation""],""gateway_endpoint"":""https://truelycollectables.com/api/tcos/deal-hunter-native-ebay?perQuery=20&scope=matvei_michkov_young_guns"",""gateway_host"":""https://truelycollectables.com"",""gateway_scopes"":[""matvei_michkov_young_guns""],""listing_item_id"":""257232182916"",""native_schema"":""TCOS_NATIVE_EBAY_FEED_V1"",""producer_commit_sha"":""07471ae49901220d13073aab604afbb0e223e855"",""producer_run_id"":""31970958336"",""source"":""truelycollectables.com/native-ebay"",""source_queries"":[""Matvei Michkov YG Philadelphia Flyers""],""token_mode"":""client_credentials""}"
cand-s14-ebay-e478ffb676ce27ce7d5e,dh-20260731T184251Z-gha-recovery,14,2026-08-16T20:35:00.076Z,MICHKOV YG/young_guns_deal_and_misspelling,Matvei Michkov,young_guns_rookie_card,eBay,goalie3537,,146974928951,https://www.ebay.com/itm/146974928951?_skw=Matvei+Michkov+Young+Guns+parallel&hash=item2238637037%3Ag%3A55QAAeSwHbhpHiQZ,LIVE,2024-25 Upper Deck Series 2 - Young Guns Matvei Michkov #492 Outburst RC PSA 10,"{""preliminary_scope_status"":""DISCOVERY_SCOPE_PASS"",""query_family_ids"":[""matvei-michkov.young-guns-parallels""]}",{},,ebay|goalie3537|146974928951,https://i.ebayimg.com/images/g/55QAAeSwHbhpHiQZ/s-l225.jpg,,FALSE,FALSE,FALSE,,{},,,,NO,NO,GRADED,PSA,10,,Graded; seller/API claim only; front/back unverified.,UNKNOWN,"[""identity_and_images_unverified""]",1250,,,,,,0,180,TRUE,,,,,,[],INSUFFICIENT,INSUFFICIENT,UNKNOWN,INSUFFICIENT,,,,,,,,,,,,,,,,,MANUAL REVIEW / UNPRICED,FALSE,FALSE,"[""exact_front_back_identity_not_verified"",""identical_completed_sales_not_persisted"",""delivered_acquisition_cost_incomplete"",""truely_collectables_owned_copy_exclusion_not_proven"",""exact_upper_deck_young_guns_identity_not_image_verified""]","{""artifact_schema"":""TRUELY_COLLECTABLES_DEAL_HUNTER_ARTIFACT_V1"",""deployment"":{""commitSha"":null,""environment"":""production"",""region"":null},""discovery_family_ids"":[""matvei-michkov.young-guns-parallels""],""gateway_endpoint"":""https://truelycollectables.com/api/tcos/deal-hunter-native-ebay?perQuery=20&scope=matvei_michkov_young_guns"",""gateway_host"":""https://truelycollectables.com"",""gateway_scopes"":[""matvei_michkov_young_guns""],""listing_item_id"":""146974928951"",""native_schema"":""TCOS_NATIVE_EBAY_FEED_V1"",""producer_commit_sha"":""07471ae49901220d13073aab604afbb0e223e855"",""producer_run_id"":""31970958336"",""source"":""truelycollectables.com/native-ebay"",""source_queries"":[""Matvei Michkov Young Guns parallel""],""token_mode"":""client_credentials""}"
cand-s14-ebay-c83e1064005a0ef0d5dd,dh-20260731T184251Z-gha-recovery,14,2026-08-16T20:35:00.076Z,MICHKOV YG/young_guns_deal_and_misspelling,Matvei Michkov,young_guns_rookie_card,eBay,oilcitybreaks,,376700349880,https://www.ebay.com/itm/376700349880?_skw=Matvei+Michkov+YG+Philadelphia+Flyers&hash=item57b5172db8%3Ag%3AxyMAAeSwGP9pF%7Eoj,LIVE,Matvei Michkov & Ivan Fedetov - 2024-25 UD Series 2 Young Guns Teammates RC YG,"{""preliminary_scope_status"":""DISCOVERY_SCOPE_PASS"",""query_family_ids"":[""matvei-michkov.yg-abbreviation""]}",{},,ebay|oilcitybreaks|376700349880,https://i.ebayimg.com/images/g/xyMAAeSwGP9pF~oj/s-l225.jpg,,FALSE,FALSE,FALSE,,{},,,,NO,NO,RAW,,,,Ungraded; seller/API claim only; front/back unverified.,UNKNOWN,"[""identity_and_images_unverified""]",4.32,5.77,,,,,0,180,TRUE,,,,,,[],INSUFFICIENT,INSUFFICIENT,UNKNOWN,INSUFFICIENT,,,,,,,,,,,,,,,,,MANUAL REVIEW / UNPRICED,FALSE,FALSE,"[""exact_front_back_identity_not_verified"",""identical_completed_sales_not_persisted"",""delivered_acquisition_cost_incomplete"",""truely_collectables_owned_copy_exclusion_not_proven"",""exact_upper_deck_young_guns_identity_not_image_verified""]","{""artifact_schema"":""TRUELY_COLLECTABLES_DEAL_HUNTER_ARTIFACT_V1"",""deployment"":{""commitSha"":null,""environment"":""production"",""region"":null},""discovery_family_ids"":[""matvei-michkov.yg-abbreviation""],""gateway_endpoint"":""https://truelycollectables.com/api/tcos/deal-hunter-native-ebay?perQuery=20&scope=matvei_michkov_young_guns"",""gateway_host"":""https://truelycollectables.com"",""gateway_scopes"":[""matvei_michkov_young_guns""],""listing_item_id"":""376700349880"",""native_schema"":""TCOS_NATIVE_EBAY_FEED_V1"",""producer_commit_sha"":""07471ae49901220d13073aab604afbb0e223e855"",""producer_run_id"":""31970958336"",""source"":""truelycollectables.com/native-ebay"",""source_queries"":[""Matvei Michkov YG Philadelphia Flyers""],""token_mode"":""client_credentials""}"
cand-s14-ebay-9e089ddcdd614e546f7b,dh-20260731T184251Z-gha-recovery,14,2026-08-16T20:35:00.076Z,MICHKOV YG/young_guns_deal_and_misspelling,Matvei Michkov,young_guns_rookie_card,eBay,east.sac.cards,,406372944399,https://www.ebay.com/itm/406372944399?_skw=Matvei+Michkov+YG+Philadelphia+Flyers&hash=item5e9db70a0f%3Ag%3AxxYAAeSwP19qZPGv,LIVE,"2024-25 Upper Deck: Matvei Michkov / Ivan Fedotov YG, UER - #496","{""preliminary_scope_status"":""DISCOVERY_SCOPE_PASS"",""query_family_ids"":[""matvei-michkov.yg-abbreviation""]}",{},,ebay|east-sac-cards|406372944399,https://i.ebayimg.com/images/g/xxYAAeSwP19qZPGv/s-l225.jpg,,FALSE,FALSE,FALSE,,{},,,,NO,NO,RAW,,,,Ungraded; seller/API claim only; front/back unverified.,UNKNOWN,"[""identity_and_images_unverified""]",3.99,0,,,,,0,180,TRUE,,,,,,[],INSUFFICIENT,INSUFFICIENT,UNKNOWN,INSUFFICIENT,,,,,,,,,,,,,,,,,MANUAL REVIEW / UNPRICED,FALSE,FALSE,"[""exact_front_back_identity_not_verified"",""identical_completed_sales_not_persisted"",""delivered_acquisition_cost_incomplete"",""truely_collectables_owned_copy_exclusion_not_proven"",""exact_upper_deck_young_guns_identity_not_image_verified""]","{""artifact_schema"":""TRUELY_COLLECTABLES_DEAL_HUNTER_ARTIFACT_V1"",""deployment"":{""commitSha"":null,""environment"":""production"",""region"":null},""discovery_family_ids"":[""matvei-michkov.yg-abbreviation""],""gateway_endpoint"":""https://truelycollectables.com/api/tcos/deal-hunter-native-ebay?perQuery=20&scope=matvei_michkov_young_guns"",""gateway_host"":""https://truelycollectables.com"",""gateway_scopes"":[""matvei_michkov_young_guns""],""listing_item_id"":""406372944399"",""native_schema"":""TCOS_NATIVE_EBAY_FEED_V1"",""producer_commit_sha"":""07471ae49901220d13073aab604afbb0e223e855"",""producer_run_id"":""31970958336"",""source"":""truelycollectables.com/native-ebay"",""source_queries"":[""Matvei Michkov YG Philadelphia Flyers""],""token_mode"":""client_credentials""}"
cand-s14-ebay-8c11f6c5673f565ea977,dh-20260731T184251Z-gha-recovery,14,2026-08-16T20:35:00.076Z,MICHKOV YG/young_guns_deal_and_misspelling,Matvei Michkov,young_guns_rookie_card,eBay,wagdog97,,167919678095,https://www.ebay.com/itm/167919678095?_skw=Matvei+Michkov+YG+Philadelphia+Flyers&hash=item2718caf28f%3Ag%3A7hkAAeSwh79pEs0M,LIVE,2024-25 Upper Deck #496 Matvei Michkov / Ivan Fedotov Young Guns CL,"{""preliminary_scope_status"":""DISCOVERY_SCOPE_PASS"",""query_family_ids"":[""matvei-michkov.yg-abbreviation""]}",{},,ebay|wagdog97|167919678095,https://i.ebayimg.com/images/g/7hkAAeSwh79pEs0M/s-l225.jpg,,FALSE,FALSE,FALSE,,{},,,,NO,NO,RAW,,,,Ungraded; seller/API claim only; front/back unverified.,UNKNOWN,"[""identity_and_images_unverified""]",3.49,1.49,,,,,0,180,TRUE,,,,,,[],INSUFFICIENT,INSUFFICIENT,UNKNOWN,INSUFFICIENT,,,,,,,,,,,,,,,,,MANUAL REVIEW / UNPRICED,FALSE,FALSE,"[""exact_front_back_identity_not_verified"",""identical_completed_sales_not_persisted"",""delivered_acquisition_cost_incomplete"",""truely_collectables_owned_copy_exclusion_not_proven"",""exact_upper_deck_young_guns_identity_not_image_verified""]","{""artifact_schema"":""TRUELY_COLLECTABLES_DEAL_HUNTER_ARTIFACT_V1"",""deployment"":{""commitSha"":null,""environment"":""production"",""region"":null},""discovery_family_ids"":[""matvei-michkov.yg-abbreviation""],""gateway_endpoint"":""https://truelycollectables.com/api/tcos/deal-hunter-native-ebay?perQuery=20&scope=matvei_michkov_young_guns"",""gateway_host"":""https://truelycollectables.com"",""gateway_scopes"":[""matvei_michkov_young_guns""],""listing_item_id"":""167919678095"",""native_schema"":""TCOS_NATIVE_EBAY_FEED_V1"",""producer_commit_sha"":""07471ae49901220d13073aab604afbb0e223e855"",""producer_run_id"":""31970958336"",""source"":""truelycollectables.com/native-ebay"",""source_queries"":[""Matvei Michkov YG Philadelphia Flyers""],""token_mode"":""client_credentials""}"
cand-s14-ebay-4c1cc7b53e1298e2864b,dh-20260731T184251Z-gha-recovery,14,2026-08-16T20:35:00.076Z,MICHKOV YG/young_guns_deal_and_misspelling,Matvei Michkov,young_guns_rookie_card,eBay,pasmic_8310,,336243868123,https://www.ebay.com/itm/336243868123?_skw=Matvei+Michkov+YG+Philadelphia+Flyers&hash=item4e49b241db%3Ag%3AluMAAeSwYrBo9w2F,LIVE,2024-25 Upper Deck Oversized Jumbo **Young Guns**#492 Matvei Michkov YG NM,"{""preliminary_scope_status"":""DISCOVERY_SCOPE_PASS"",""query_family_ids"":[""matvei-michkov.yg-abbreviation""]}",{},,ebay|pasmic-8310|336243868123,https://i.ebayimg.com/images/g/luMAAeSwYrBo9w2F/s-l225.jpg,,FALSE,FALSE,FALSE,,{},,,,NO,NO,RAW,,,,Ungraded; seller/API claim only; front/back unverified.,UNKNOWN,"[""identity_and_images_unverified""]",17,8,,,,,0,180,TRUE,,,,,,[],INSUFFICIENT,INSUFFICIENT,UNKNOWN,INSUFFICIENT,,,,,,,,,,,,,,,,,MANUAL REVIEW / UNPRICED,FALSE,FALSE,"[""exact_front_back_identity_not_verified"",""identical_completed_sales_not_persisted"",""delivered_acquisition_cost_incomplete"",""truely_collectables_owned_copy_exclusion_not_proven"",""exact_upper_deck_young_guns_identity_not_image_verified""]","{""artifact_schema"":""TRUELY_COLLECTABLES_DEAL_HUNTER_ARTIFACT_V1"",""deployment"":{""commitSha"":null,""environment"":""production"",""region"":null},""discovery_family_ids"":[""matvei-michkov.yg-abbreviation""],""gateway_endpoint"":""https://truelycollectables.com/api/tcos/deal-hunter-native-ebay?perQuery=20&scope=matvei_michkov_young_guns"",""gateway_host"":""https://truelycollectables.com"",""gateway_scopes"":[""matvei_michkov_young_guns""],""listing_item_id"":""336243868123"",""native_schema"":""TCOS_NATIVE_EBAY_FEED_V1"",""producer_commit_sha"":""07471ae49901220d13073aab604afbb0e223e855"",""producer_run_id"":""31970958336"",""source"":""truelycollectables.com/native-ebay"",""source_queries"":[""Matvei Michkov YG Philadelphia Flyers""],""token_mode"":""client_credentials""}"
cand-s14-ebay-39f24cae91a0c32ee110,dh-20260731T184251Z-gha-recovery,14,2026-08-16T20:35:00.076Z,MICHKOV YG/young_guns_deal_and_misspelling,Matvei Michkov,young_guns_rookie_card,eBay,stephmcnat,,205797081547,https://www.ebay.com/itm/205797081547?_skw=Matvei+Michkov+Young+Guns+parallel&hash=item2fea7641cb%3Ag%3AsgAAAeSwx4po9oTm,LIVE,Matvei Michkov Young Guns DELUXE 097/250 PSA 9 2024-25 UD #492 Flyers [Z004],"{""preliminary_scope_status"":""DISCOVERY_SCOPE_PASS"",""query_family_ids"":[""matvei-michkov.young-guns-parallels"",""matvei-michkov.matvey-first-name""]}",{},,ebay|stephmcnat|205797081547,https://i.ebayimg.com/images/g/sgAAAeSwx4po9oTm/s-l225.jpg,,FALSE,FALSE,FALSE,,{},,,,NO,NO,GRADED,PSA,9,,Graded; seller/API claim only; front/back unverified.,UNKNOWN,"[""identity_and_images_unverified""]",399.5,,,,,,0,180,TRUE,,,,,,[],INSUFFICIENT,INSUFFICIENT,UNKNOWN,INSUFFICIENT,,,,,,,,,,,,,,,,,MANUAL REVIEW / UNPRICED,FALSE,FALSE,"[""exact_front_back_identity_not_verified"",""identical_completed_sales_not_persisted"",""delivered_acquisition_cost_incomplete"",""truely_collectables_owned_copy_exclusion_not_proven"",""exact_upper_deck_young_guns_identity_not_image_verified""]","{""artifact_schema"":""TRUELY_COLLECTABLES_DEAL_HUNTER_ARTIFACT_V1"",""deployment"":{""commitSha"":null,""environment"":""production"",""region"":null},""discovery_family_ids"":[""matvei-michkov.young-guns-parallels"",""matvei-michkov.matvey-first-name""],""gateway_endpoint"":""https://truelycollectables.com/api/tcos/deal-hunter-native-ebay?perQuery=20&scope=matvei_michkov_young_guns"",""gateway_host"":""https://truelycollectables.com"",""gateway_scopes"":[""matvei_michkov_young_guns""],""listing_item_id"":""205797081547"",""native_schema"":""TCOS_NATIVE_EBAY_FEED_V1"",""producer_commit_sha"":""07471ae49901220d13073aab604afbb0e223e855"",""producer_run_id"":""31970958336"",""source"":""truelycollectables.com/native-ebay"",""source_queries"":[""Matvei Michkov Young Guns parallel"",""Matvey Michkov Young Guns""],""token_mode"":""client_credentials""}"
cand-s14-ebay-c19b794dc0aa5e413939,dh-20260731T184251Z-gha-recovery,14,2026-08-16T20:35:00.076Z,MICHKOV YG/young_guns_deal_and_misspelling,Matvei Michkov,young_guns_rookie_card,eBay,ky_hockey_girl,,297687805834,https://www.ebay.com/itm/297687805834?_skw=Matvei+Michkov+Young+Guns+rookie&hash=item454f936f8a%3Ag%3Akt0AAeSwobNo8Fui,LIVE,2024-25 Young Guns Speckled Rainbow Foil Matvei Michkov #492 Rookie PSA 9,"{""preliminary_scope_status"":""IMAGE_OR_IDENTITY_REVIEW_REQUIRED"",""query_family_ids"":[""matvei-michkov.exact-young-guns"",""matvei-michkov.young-guns-parallels""]}",{},,ebay|ky-hockey-girl|297687805834,https://i.ebayimg.com/images/g/kt0AAeSwobNo8Fui/s-l225.jpg,,FALSE,FALSE,FALSE,,{},,,,NO,NO,GRADED,PSA,9,,Graded; seller/API claim only; front/back unverified.,UNKNOWN,"[""identity_and_images_unverified""]",1150,6.99,,,,,0,180,TRUE,,,,,,[],INSUFFICIENT,INSUFFICIENT,UNKNOWN,INSUFFICIENT,,,,,,,,,,,,,,,,,MANUAL REVIEW / UNPRICED,FALSE,FALSE,"[""exact_front_back_identity_not_verified"",""identical_completed_sales_not_persisted"",""delivered_acquisition_cost_incomplete"",""truely_collectables_owned_copy_exclusion_not_proven"",""exact_upper_deck_young_guns_identity_not_image_verified"",""upper_deck_not_explicit_verify_product""]","{""artifact_schema"":""TRUELY_COLLECTABLES_DEAL_HUNTER_ARTIFACT_V1"",""deployment"":{""commitSha"":null,""environment"":""production"",""region"":null},""discovery_family_ids"":[""matvei-michkov.exact-young-guns"",""matvei-michkov.young-guns-parallels""],""gateway_endpoint"":""https://truelycollectables.com/api/tcos/deal-hunter-native-ebay?perQuery=20&scope=matvei_michkov_young_guns"",""gateway_host"":""https://truelycollectables.com"",""gateway_scopes"":[""matvei_michkov_young_guns""],""listing_item_id"":""297687805834"",""native_schema"":""TCOS_NATIVE_EBAY_FEED_V1"",""producer_commit_sha"":""07471ae49901220d13073aab604afbb0e223e855"",""producer_run_id"":""31970958336"",""source"":""truelycollectables.com/native-ebay"",""source_queries"":[""Matvei Michkov Young Guns rookie"",""Matvei Michkov Young Guns parallel""],""token_mode"":""client_credentials""}"
cand-s14-ebay-758f1bd7d8de003287a0,dh-20260731T184251Z-gha-recovery,14,2026-08-16T20:35:00.076Z,MICHKOV YG/young_guns_deal_and_misspelling,Matvei Michkov,young_guns_rookie_card,eBay,1stroundcollectibles,,226996053840,https://www.ebay.com/itm/226996053840?_skw=Matvei+Michkov+YG+Philadelphia+Flyers&hash=item34da04e750%3Ag%3AW6EAAeSwYFFo2ES3&amdata=enc%3AAQALAAABAACCtXRWQnOEpyOqnQQ8KGb56jKtolphC7AuZuK5ds%2F26p7atwDUj%2Brh0IVVCT8eaAs%2BDqriwuF1T%2FHQRysiBC%2FNeleqT8mtPNMN9o64PrbAhIVShCseI4cXGbXjZtPD6OTpxPrGd6DxvqvLW4EMf1Cq0qjukV2Jlv0jjeKCdfU%2Bn0D%2B%2B%2Fwo%2Bezjis5uemTmJYItVTuqLv2K9Zv5FGSm5uGOnOgjN4d23kLNJl1eiuPiEgFCiyQ8Kf2wrIf21DVOzvbETBfbaIgAEI5ZGeoVADGO2Jow4BYG4H9qFPfiuNvueoLgW0HsFMXP8oyAOyrq5xR6tCWwG90JgrY%2FJFqs9oo%3D,LIVE,Matvei Michkov Ivan Fedetov BGS 9.5: 2024-25 Upper Deck YG Teammates #496 POP 4,"{""preliminary_scope_status"":""DISCOVERY_SCOPE_PASS"",""query_family_ids"":[""matvei-michkov.yg-abbreviation""]}",{},,ebay|1stroundcollectibles|226996053840,https://i.ebayimg.com/images/g/W6EAAeSwYFFo2ES3/s-l225.jpg,,FALSE,FALSE,FALSE,,{},,,,NO,NO,GRADED,BGS,9.5,,Graded; seller/API claim only; front/back unverified.,UNKNOWN,"[""identity_and_images_unverified""]",32.49,5.95,,,,,0,180,TRUE,,,,,,[],INSUFFICIENT,INSUFFICIENT,UNKNOWN,INSUFFICIENT,,,,,,,,,,,,,,,,,MANUAL REVIEW / UNPRICED,FALSE,FALSE,"[""exact_front_back_identity_not_verified"",""identical_completed_sales_not_persisted"",""delivered_acquisition_cost_incomplete"",""truely_collectables_owned_copy_exclusion_not_proven"",""exact_upper_deck_young_guns_identity_not_image_verified""]","{""artifact_schema"":""TRUELY_COLLECTABLES_DEAL_HUNTER_ARTIFACT_V1"",""deployment"":{""commitSha"":null,""environment"":""production"",""region"":null},""discovery_family_ids"":[""matvei-michkov.yg-abbreviation""],""gateway_endpoint"":""https://truelycollectables.com/api/tcos/deal-hunter-native-ebay?perQuery=20&scope=matvei_michkov_young_guns"",""gateway_host"":""https://truelycollectables.com"",""gateway_scopes"":[""matvei_michkov_young_guns""],""listing_item_id"":""226996053840"",""native_schema"":""TCOS_NATIVE_EBAY_FEED_V1"",""producer_commit_sha"":""07471ae49901220d13073aab604afbb0e223e855"",""producer_run_id"":""31970958336"",""source"":""truelycollectables.com/native-ebay"",""source_queries"":[""Matvei Michkov YG Philadelphia Flyers""],""token_mode"":""client_credentials""}"
cand-s14-ebay-0ba9466d804074cefaf5,dh-20260731T184251Z-gha-recovery,14,2026-08-16T20:35:00.076Z,MICHKOV YG/young_guns_deal_and_misspelling,Matvei Michkov,young_guns_rookie_card,eBay,mdgoulet,,389022686341,https://www.ebay.com/itm/389022686341?_skw=Mitchkov+Young+Guns+Philadelphia+Flyers&hash=item5a938f1c85%3Ag%3ALbwAAeSwWfxo2D8h,LIVE,2024-25 Upper Deck Series 2 Matvei Michkov / Fedetov Young Guns Teammates #496,"{""preliminary_scope_status"":""DISCOVERY_SCOPE_PASS"",""query_family_ids"":[""matvei-michkov.mitchkov-surname""]}",{},,ebay|mdgoulet|389022686341,https://i.ebayimg.com/images/g/LbwAAeSwWfxo2D8h/s-l225.jpg,,FALSE,FALSE,FALSE,,{},,,,NO,NO,RAW,,,,Ungraded; seller/API claim only; front/back unverified.,UNKNOWN,"[""identity_and_images_unverified""]",4.99,,,,,,0,180,TRUE,,,,,,[],INSUFFICIENT,INSUFFICIENT,UNKNOWN,INSUFFICIENT,,,,,,,,,,,,,,,,,MANUAL REVIEW / UNPRICED,FALSE,FALSE,"[""exact_front_back_identity_not_verified"",""identical_completed_sales_not_persisted"",""delivered_acquisition_cost_incomplete"",""truely_collectables_owned_copy_exclusion_not_proven"",""exact_upper_deck_young_guns_identity_not_image_verified""]","{""artifact_schema"":""TRUELY_COLLECTABLES_DEAL_HUNTER_ARTIFACT_V1"",""deployment"":{""commitSha"":null,""environment"":""production"",""region"":null},""discovery_family_ids"":[""matvei-michkov.mitchkov-surname""],""gateway_endpoint"":""https://truelycollectables.com/api/tcos/deal-hunter-native-ebay?perQuery=20&scope=matvei_michkov_young_guns"",""gateway_host"":""https://truelycollectables.com"",""gateway_scopes"":[""matvei_michkov_young_guns""],""listing_item_id"":""389022686341"",""native_schema"":""TCOS_NATIVE_EBAY_FEED_V1"",""producer_commit_sha"":""07471ae49901220d13073aab604afbb0e223e855"",""producer_run_id"":""31970958336"",""source"":""truelycollectables.com/native-ebay"",""source_queries"":[""Mitchkov Young Guns Philadelphia Flyers""],""token_mode"":""client_credentials""}"
cand-s14-ebay-bfac00a4453b68049cb9,dh-20260731T184251Z-gha-recovery,14,2026-08-16T20:35:00.076Z,MICHKOV YG/young_guns_deal_and_misspelling,Matvei Michkov,young_guns_rookie_card,eBay,pjcinc192,,127359366330,https://www.ebay.com/itm/127359366330?_skw=Matvei+Michkov+YG+Philadelphia+Flyers&hash=item1da735b4ba%3Ag%3AnaUAAeSwH6Zovzkq,LIVE,"2024-25 Upper Deck Series 2 - Young Guns Matvei Michkov, Ivan Fedotov #496 (RC)","{""preliminary_scope_status"":""DISCOVERY_SCOPE_PASS"",""query_family_ids"":[""matvei-michkov.yg-abbreviation""]}",{},,ebay|pjcinc192|127359366330,https://i.ebayimg.com/images/g/naUAAeSwH6Zovzkq/s-l225.jpg,,FALSE,FALSE,FALSE,,{},,,,NO,NO,RAW,,,,Ungraded; seller/API claim only; front/back unverified.,UNKNOWN,"[""identity_and_images_unverified""]",4.99,0,,,,,0,180,TRUE,,,,,,[],INSUFFICIENT,INSUFFICIENT,UNKNOWN,INSUFFICIENT,,,,,,,,,,,,,,,,,MANUAL REVIEW / UNPRICED,FALSE,FALSE,"[""exact_front_back_identity_not_verified"",""identical_completed_sales_not_persisted"",""delivered_acquisition_cost_incomplete"",""truely_collectables_owned_copy_exclusion_not_proven"",""exact_upper_deck_young_guns_identity_not_image_verified""]","{""artifact_schema"":""TRUELY_COLLECTABLES_DEAL_HUNTER_ARTIFACT_V1"",""deployment"":{""commitSha"":null,""environment"":""production"",""region"":null},""discovery_family_ids"":[""matvei-michkov.yg-abbreviation""],""gateway_endpoint"":""https://truelycollectables.com/api/tcos/deal-hunter-native-ebay?perQuery=20&scope=matvei_michkov_young_guns"",""gateway_host"":""https://truelycollectables.com"",""gateway_scopes"":[""matvei_michkov_young_guns""],""listing_item_id"":""127359366330"",""native_schema"":""TCOS_NATIVE_EBAY_FEED_V1"",""producer_commit_sha"":""07471ae49901220d13073aab604afbb0e223e855"",""producer_run_id"":""31970958336"",""source"":""truelycollectables.com/native-ebay"",""source_queries"":[""Matvei Michkov YG Philadelphia Flyers""],""token_mode"":""client_credentials""}"
cand-s14-ebay-b6279f7be1893e943e63,dh-20260731T184251Z-gha-recovery,14,2026-08-16T20:35:00.076Z,MICHKOV YG/young_guns_deal_and_misspelling,Matvei Michkov,young_guns_rookie_card,eBay,braunde-77,,197604231694,https://www.ebay.com/itm/197604231694?_skw=Mitchkov+Young+Guns+Philadelphia+Flyers&hash=item2e02214a0e%3Ag%3Ad6sAAeSwumFol-mi,LIVE,MATVEI MICHKOV 2024-25 UD SERIES 2 Young Guns Teammates MITCHKOV/FEDETOV,"{""preliminary_scope_status"":""DISCOVERY_SCOPE_PASS"",""query_family_ids"":[""matvei-michkov.mitchkov-surname""]}",{},,ebay|braunde-77|197604231694,https://i.ebayimg.com/images/g/d6sAAeSwumFol-mi/s-l225.jpg,,FALSE,FALSE,FALSE,,{},,,,NO,NO,RAW,,,,Ungraded; seller/API claim only; front/back unverified.,UNKNOWN,"[""identity_and_images_unverified""]",5.99,,,,,,0,180,TRUE,,,,,,[],INSUFFICIENT,INSUFFICIENT,UNKNOWN,INSUFFICIENT,,,,,,,,,,,,,,,,,MANUAL REVIEW / UNPRICED,FALSE,FALSE,"[""exact_front_back_identity_not_verified"",""identical_completed_sales_not_persisted"",""delivered_acquisition_cost_incomplete"",""truely_collectables_owned_copy_exclusion_not_proven"",""exact_upper_deck_young_guns_identity_not_image_verified""]","{""artifact_schema"":""TRUELY_COLLECTABLES_DEAL_HUNTER_ARTIFACT_V1"",""deployment"":{""commitSha"":null,""environment"":""production"",""region"":null},""discovery_family_ids"":[""matvei-michkov.mitchkov-surname""],""gateway_endpoint"":""https://truelycollectables.com/api/tcos/deal-hunter-native-ebay?perQuery=20&scope=matvei_michkov_young_guns"",""gateway_host"":""https://truelycollectables.com"",""gateway_scopes"":[""matvei_michkov_young_guns""],""listing_item_id"":""197604231694"",""native_schema"":""TCOS_NATIVE_EBAY_FEED_V1"",""producer_commit_sha"":""07471ae49901220d13073aab604afbb0e223e855"",""producer_run_id"":""31970958336"",""source"":""truelycollectables.com/native-ebay"",""source_queries"":[""Mitchkov Young Guns Philadelphia Flyers""],""token_mode"":""client_credentials""}"
cand-s14-ebay-ea2954f9c0b69a78ab50,dh-20260731T184251Z-gha-recovery,14,2026-08-16T20:35:00.076Z,MICHKOV YG/young_guns_deal_and_misspelling,Matvei Michkov,young_guns_rookie_card,eBay,fertig2000,,256937167483,https://www.ebay.com/itm/256937167483?_skw=Matvei+Michkov+YG+Philadelphia+Flyers&hash=item3bd2a60a7b%3Ag%3A8U8AAOSwBh5oKfxJ&amdata=enc%3AAQALAAABAACCtXRWQnOEpyOqnQQ8KGbAP3efugX370YAD3NMnqin01zn8%2Fg2doRy2mByYwl3ETtq9YnaNkmyD8hGX%2B0oHZapulcLboR24kYcEs3N4yxueogQPNk5Yvexdskg1fnuogypWL%2B2VdpIzGYrPWotb%2FMIPXngvKacIUHSYO7F%2FFsY36O4n1OC79TLySVcKBw6%2BBBn2ui5tMboNKlDYTufVdoO8I2ze61wGnra0cUYkIUU0Tg%2FIaKomTVxozBah0O00hHOL%2B8x7iUtOMdCS1VgcsOBvD%2BMPT0fKd3mN%2FTp%2FYk%2FhHn%2BHkNJEVp%2FLhPpMhXtNNGg0Cy7%2FYdvKjt9mZZTMhQ%3D,LIVE,2024-25 Upper Deck #496 Matvei Michkov/Ivan Fedotov YG,"{""preliminary_scope_status"":""DISCOVERY_SCOPE_PASS"",""query_family_ids"":[""matvei-michkov.yg-abbreviation""]}",{},,ebay|fertig2000|256937167483,https://i.ebayimg.com/images/g/8U8AAOSwBh5oKfxJ/s-l225.jpg,,FALSE,FALSE,FALSE,,{},,,,NO,NO,RAW,,,,Ungraded; seller/API claim only; front/back unverified.,UNKNOWN,"[""identity_and_images_unverified""]",20,7,,,,,0,180,TRUE,,,,,,[],INSUFFICIENT,INSUFFICIENT,UNKNOWN,INSUFFICIENT,,,,,,,,,,,,,,,,,MANUAL REVIEW / UNPRICED,FALSE,FALSE,"[""exact_front_back_identity_not_verified"",""identical_completed_sales_not_persisted"",""delivered_acquisition_cost_incomplete"",""truely_collectables_owned_copy_exclusion_not_proven"",""exact_upper_deck_young_guns_identity_not_image_verified""]","{""artifact_schema"":""TRUELY_COLLECTABLES_DEAL_HUNTER_ARTIFACT_V1"",""deployment"":{""commitSha"":null,""environment"":""production"",""region"":null},""discovery_family_ids"":[""matvei-michkov.yg-abbreviation""],""gateway_endpoint"":""https://truelycollectables.com/api/tcos/deal-hunter-native-ebay?perQuery=20&scope=matvei_michkov_young_guns"",""gateway_host"":""https://truelycollectables.com"",""gateway_scopes"":[""matvei_michkov_young_guns""],""listing_item_id"":""256937167483"",""native_schema"":""TCOS_NATIVE_EBAY_FEED_V1"",""producer_commit_sha"":""07471ae49901220d13073aab604afbb0e223e855"",""producer_run_id"":""31970958336"",""source"":""truelycollectables.com/native-ebay"",""source_queries"":[""Matvei Michkov YG Philadelphia Flyers""],""token_mode"":""client_credentials""}"
cand-s14-ebay-4ad2d77a0145e4b4684f,dh-20260731T184251Z-gha-recovery,14,2026-08-16T20:35:00.076Z,MICHKOV YG/young_guns_deal_and_misspelling,Matvei Michkov,young_guns_rookie_card,eBay,rapberg_0,,356709755163,https://www.ebay.com/itm/356709755163?_skw=Mitchkov+Young+Guns+Philadelphia+Flyers&hash=item530d8ee91b%3Ag%3AqJwAAOSwhWln42Ur,LIVE,2024-25 Upper Deck serie 2 Matvei Mitchkov young guns #492,"{""preliminary_scope_status"":""IMAGE_OR_IDENTITY_REVIEW_REQUIRED"",""query_family_ids"":[""matvei-michkov.mitchkov-surname""]}",{},,ebay|rapberg-0|356709755163,https://i.ebayimg.com/images/g/qJwAAOSwhWln42Ur/s-l225.jpg,,FALSE,FALSE,FALSE,,{},,,,NO,NO,RAW,,,,Ungraded; seller/API claim only; front/back unverified.,UNKNOWN,"[""identity_and_images_unverified""]",90.09,,,,,,0,180,TRUE,,,,,,[],INSUFFICIENT,INSUFFICIENT,UNKNOWN,INSUFFICIENT,,,,,,,,,,,,,,,,,MANUAL REVIEW / UNPRICED,FALSE,FALSE,"[""exact_front_back_identity_not_verified"",""identical_completed_sales_not_persisted"",""delivered_acquisition_cost_incomplete"",""truely_collectables_owned_copy_exclusion_not_proven"",""exact_upper_deck_young_guns_identity_not_image_verified"",""seller_name_variant_or_misspelling_detected_verify_images""]","{""artifact_schema"":""TRUELY_COLLECTABLES_DEAL_HUNTER_ARTIFACT_V1"",""deployment"":{""commitSha"":null,""environment"":""production"",""region"":null},""discovery_family_ids"":[""matvei-michkov.mitchkov-surname""],""gateway_endpoint"":""https://truelycollectables.com/api/tcos/deal-hunter-native-ebay?perQuery=20&scope=matvei_michkov_young_guns"",""gateway_host"":""https://truelycollectables.com"",""gateway_scopes"":[""matvei_michkov_young_guns""],""listing_item_id"":""356709755163"",""native_schema"":""TCOS_NATIVE_EBAY_FEED_V1"",""producer_commit_sha"":""07471ae49901220d13073aab604afbb0e223e855"",""producer_run_id"":""31970958336"",""source"":""truelycollectables.com/native-ebay"",""source_queries"":[""Mitchkov Young Guns Philadelphia Flyers""],""token_mode"":""client_credentials""}"
cand-s14-ebay-e93f630644752d44c873,dh-20260731T184251Z-gha-recovery,14,2026-08-16T20:35:00.076Z,MICHKOV YG/young_guns_deal_and_misspelling,Matvei Michkov,young_guns_rookie_card,eBay,villainhockeycard,,396359932547,https://www.ebay.com/itm/396359932547?_skw=Mitchkov+Young+Guns+Philadelphia+Flyers&hash=item5c48e49a83%3Ag%3AfeUAAeSwIIZn4h59,LIVE,2024-25 UD Series 2  Matvei Michkov / Fedetov  Young Guns Teammates RC #496,"{""preliminary_scope_status"":""DISCOVERY_SCOPE_PASS"",""query_family_ids"":[""matvei-michkov.mitchkov-surname""]}",{},,ebay|villainhockeycard|396359932547,https://i.ebayimg.com/images/g/feUAAeSwIIZn4h59/s-l225.jpg,,FALSE,FALSE,FALSE,,{},,,,NO,NO,RAW,,,,Ungraded; seller/API claim only; front/back unverified.,UNKNOWN,"[""identity_and_images_unverified""]",9.99,,,,,,0,180,TRUE,,,,,,[],INSUFFICIENT,INSUFFICIENT,UNKNOWN,INSUFFICIENT,,,,,,,,,,,,,,,,,MANUAL REVIEW / UNPRICED,FALSE,FALSE,"[""exact_front_back_identity_not_verified"",""identical_completed_sales_not_persisted"",""delivered_acquisition_cost_incomplete"",""truely_collectables_owned_copy_exclusion_not_proven"",""exact_upper_deck_young_guns_identity_not_image_verified""]","{""artifact_schema"":""TRUELY_COLLECTABLES_DEAL_HUNTER_ARTIFACT_V1"",""deployment"":{""commitSha"":null,""environment"":""production"",""region"":null},""discovery_family_ids"":[""matvei-michkov.mitchkov-surname""],""gateway_endpoint"":""https://truelycollectables.com/api/tcos/deal-hunter-native-ebay?perQuery=20&scope=matvei_michkov_young_guns"",""gateway_host"":""https://truelycollectables.com"",""gateway_scopes"":[""matvei_michkov_young_guns""],""listing_item_id"":""396359932547"",""native_schema"":""TCOS_NATIVE_EBAY_FEED_V1"",""producer_commit_sha"":""07471ae49901220d13073aab604afbb0e223e855"",""producer_run_id"":""31970958336"",""source"":""truelycollectables.com/native-ebay"",""source_queries"":[""Mitchkov Young Guns Philadelphia Flyers""],""token_mode"":""client_credentials""}"
cand-s14-ebay-c517605c30e10fddeb57,dh-20260731T184251Z-gha-recovery,14,2026-08-16T20:35:00.076Z,MICHKOV YG/young_guns_deal_and_misspelling,Matvei Michkov,young_guns_rookie_card,eBay,96tommy96,,267192431401,https://www.ebay.com/itm/267192431401?_skw=Matvei+Michov+Young+Guns&hash=item3e35e8f329%3Ag%3A3AYAAeSw-JRn2MHT,LIVE,Matvei Michkov 2024-25 Upper Deck Series 2 UD Portraits Red Young Guns RC /99,"{""preliminary_scope_status"":""DISCOVERY_SCOPE_PASS"",""query_family_ids"":[""matvei-michkov.michov-surname""]}",{},,ebay|96tommy96|267192431401,https://i.ebayimg.com/images/g/3AYAAeSw-JRn2MHT/s-l225.jpg,,FALSE,FALSE,FALSE,,{},,,,NO,NO,RAW,,,,Ungraded; seller/API claim only; front/back unverified.,UNKNOWN,"[""identity_and_images_unverified""]",129.72,7.21,,,,,0,180,TRUE,,,,,,[],INSUFFICIENT,INSUFFICIENT,UNKNOWN,INSUFFICIENT,,,,,,,,,,,,,,,,,MANUAL REVIEW / UNPRICED,FALSE,FALSE,"[""exact_front_back_identity_not_verified"",""identical_completed_sales_not_persisted"",""delivered_acquisition_cost_incomplete"",""truely_collectables_owned_copy_exclusion_not_proven"",""exact_upper_deck_young_guns_identity_not_image_verified""]","{""artifact_schema"":""TRUELY_COLLECTABLES_DEAL_HUNTER_ARTIFACT_V1"",""deployment"":{""commitSha"":null,""environment"":""production"",""region"":null},""discovery_family_ids"":[""matvei-michkov.michov-surname""],""gateway_endpoint"":""https://truelycollectables.com/api/tcos/deal-hunter-native-ebay?perQuery=20&scope=matvei_michkov_young_guns"",""gateway_host"":""https://truelycollectables.com"",""gateway_scopes"":[""matvei_michkov_young_guns""],""listing_item_id"":""267192431401"",""native_schema"":""TCOS_NATIVE_EBAY_FEED_V1"",""producer_commit_sha"":""07471ae49901220d13073aab604afbb0e223e855"",""producer_run_id"":""31970958336"",""source"":""truelycollectables.com/native-ebay"",""source_queries"":[""Matvei Michov Young Guns""],""token_mode"":""client_credentials""}"
cand-s14-ebay-6e9d1bf544690363679c,dh-20260731T184251Z-gha-recovery,14,2026-08-16T20:35:00.076Z,MICHKOV OPCP/opc_platinum_rookie_rainbow_or_better,Matvei Michkov,opc_platinum_rookie_parallel_or_autograph,eBay,gemmintjesse,,188802537290,https://www.ebay.com/itm/188802537290?_skw=Matvei+Michkov+2024-25+O-Pee-Chee+Platinum+Rainbow+rookie&hash=item2bf582174a%3Ag%3AhZAAAeSwiuJqgfdu,LIVE,2024-25 O-Pee-Chee Platinum #264 Matvei Michkov Rainbow,"{""preliminary_scope_status"":""IMAGE_OR_IDENTITY_REVIEW_REQUIRED"",""query_family_ids"":[""matvei-michkov-opc-platinum.exact-o-pee-chee-rainbow"",""matvei-michkov-opc-platinum.opc-rainbow"",""matvei-michkov-opc-platinum.o-pee-chee-no-punctuation"",""matvei-michkov-opc-platinum.matvey-first-name""]}",{},,ebay|gemmintjesse|188802537290,https://i.ebayimg.com/images/g/hZAAAeSwiuJqgfdu/s-l225.jpg,,FALSE,FALSE,FALSE,,{},,,,NO,NO,RAW,,,,Ungraded; seller/API claim only; front/back unverified.,UNKNOWN,"[""identity_and_images_unverified""]",5,1,,,,,0,180,TRUE,,,,,,[],INSUFFICIENT,INSUFFICIENT,UNKNOWN,INSUFFICIENT,,,,,,,,,,,,,,,,,MANUAL REVIEW / UNPRICED,FALSE,FALSE,"[""exact_front_back_identity_not_verified"",""identical_completed_sales_not_persisted"",""delivered_acquisition_cost_incomplete"",""truely_collectables_owned_copy_exclusion_not_proven"",""rainbow_or_better_tier_not_image_verified"",""rookie_status_not_explicit_verify_exact_card""]","{""artifact_schema"":""TRUELY_COLLECTABLES_DEAL_HUNTER_ARTIFACT_V1"",""deployment"":{""commitSha"":null,""environment"":""production"",""region"":null},""discovery_family_ids"":[""matvei-michkov-opc-platinum.exact-o-pee-chee-rainbow"",""matvei-michkov-opc-platinum.opc-rainbow"",""matvei-michkov-opc-platinum.o-pee-chee-no-punctuation"",""matvei-michkov-opc-platinum.matvey-first-name""],""gateway_endpoint"":""https://truelycollectables.com/api/tcos/deal-hunter-michkov-opc-platinum?perQuery=20"",""gateway_host"":""https://truelycollectables.com"",""gateway_scopes"":[""matvei_michkov_opc_platinum""],""listing_item_id"":""188802537290"",""native_schema"":""TCOS_NATIVE_EBAY_FEED_V1"",""producer_commit_sha"":""07471ae49901220d13073aab604afbb0e223e855"",""producer_run_id"":""31970958336"",""source"":""truelycollectables.com/native-ebay"",""source_queries"":[""Matvei Michkov 2024-25 O-Pee-Chee Platinum Rainbow rookie"",""Matvei Michkov 2024-25 OPC Platinum Rainbow rookie"",""Matvei Michkov 2024-25 O Pee Chee Platinum Rainbow rookie"",""Matvey Michkov OPC Platinum Rainbow rookie""],""token_mode"":""client_credentials""}"
cand-s14-ebay-92ff6796fb1bbb10fe3f,dh-20260731T184251Z-gha-recovery,14,2026-08-16T20:35:00.076Z,MICHKOV OPCP/opc_platinum_rookie_rainbow_or_better,Matvei Michkov,opc_platinum_rookie_parallel_or_autograph,eBay,111gold,,800167451245,https://www.ebay.com/itm/800167451245?_skw=Matvei+Michkov+2024-25+O-Pee-Chee+Platinum+Rainbow+rookie&hash=itemba4db25a6d%3Ag%3AeW0AAeSwoDpqJJ9a,LIVE,2024-25  O-Pee-Chee Platinum #R92 Matvei Michkov Rookie Rainbow Retro R/C,"{""preliminary_scope_status"":""DISCOVERY_SCOPE_PASS"",""query_family_ids"":[""matvei-michkov-opc-platinum.exact-o-pee-chee-rainbow"",""matvei-michkov-opc-platinum.opc-rainbow"",""matvei-michkov-opc-platinum.o-pee-chee-no-punctuation"",""matvei-michkov-opc-platinum.matvey-first-name""]}",{},,ebay|111gold|800167451245,https://i.ebayimg.com/images/g/eW0AAeSwoDpqJJ9a/s-l225.jpg,,FALSE,FALSE,FALSE,,{},,,,NO,NO,RAW,,,,Ungraded; seller/API claim only; front/back unverified.,UNKNOWN,"[""identity_and_images_unverified""]",5.99,0.89,,,,,0,180,TRUE,,,,,,[],INSUFFICIENT,INSUFFICIENT,UNKNOWN,INSUFFICIENT,,,,,,,,,,,,,,,,,MANUAL REVIEW / UNPRICED,FALSE,FALSE,"[""exact_front_back_identity_not_verified"",""identical_completed_sales_not_persisted"",""delivered_acquisition_cost_incomplete"",""truely_collectables_owned_copy_exclusion_not_proven"",""rainbow_or_better_tier_not_image_verified""]","{""artifact_schema"":""TRUELY_COLLECTABLES_DEAL_HUNTER_ARTIFACT_V1"",""deployment"":{""commitSha"":null,""environment"":""production"",""region"":null},""discovery_family_ids"":[""matvei-michkov-opc-platinum.exact-o-pee-chee-rainbow"",""matvei-michkov-opc-platinum.opc-rainbow"",""matvei-michkov-opc-platinum.o-pee-chee-no-punctuation"",""matvei-michkov-opc-platinum.matvey-first-name""],""gateway_endpoint"":""https://truelycollectables.com/api/tcos/deal-hunter-michkov-opc-platinum?perQuery=20"",""gateway_host"":""https://truelycollectables.com"",""gateway_scopes"":[""matvei_michkov_opc_platinum""],""listing_item_id"":""800167451245"",""native_schema"":""TCOS_NATIVE_EBAY_FEED_V1"",""producer_commit_sha"":""07471ae49901220d13073aab604afbb0e223e855"",""producer_run_id"":""31970958336"",""source"":""truelycollectables.com/native-ebay"",""source_queries"":[""Matvei Michkov 2024-25 O-Pee-Chee Platinum Rainbow rookie"",""Matvei Michkov 2024-25 OPC Platinum Rainbow rookie"",""Matvei Michkov 2024-25 O Pee Chee Platinum Rainbow rookie"",""Matvey Michkov OPC Platinum Rainbow rookie""],""token_mode"":""client_credentials""}"
cand-s14-ebay-54cab51fba117210be9a,dh-20260731T184251Z-gha-recovery,14,2026-08-16T20:35:00.076Z,MICHKOV OPCP/opc_platinum_rookie_rainbow_or_better,Matvei Michkov,opc_platinum_rookie_parallel_or_autograph,eBay,sulleycollects,,318406257341,https://www.ebay.com/itm/318406257341?_skw=Matvei+Michkov+2024-25+O-Pee-Chee+Platinum+Rainbow+rookie&hash=item4a227deabd%3Ag%3A4yoAAeSwS89qH29S,LIVE,Matvei Michkov 2024-25 O-Pee-Chee Platinum Marquee Rookie Rainbow #264 Flyers,"{""preliminary_scope_status"":""DISCOVERY_SCOPE_PASS"",""query_family_ids"":[""matvei-michkov-opc-platinum.exact-o-pee-chee-rainbow"",""matvei-michkov-opc-platinum.opc-rainbow"",""matvei-michkov-opc-platinum.o-pee-chee-no-punctuation"",""matvei-michkov-opc-platinum.matvey-first-name""]}",{},,ebay|sulleycollects|318406257341,https://i.ebayimg.com/images/g/4yoAAeSwS89qH29S/s-l225.jpg,,FALSE,FALSE,FALSE,,{},,,,NO,NO,RAW,,,,Ungraded; seller/API claim only; front/back unverified.,UNKNOWN,"[""identity_and_images_unverified""]",6.99,1.36,,,,,0,180,TRUE,,,,,,[],INSUFFICIENT,INSUFFICIENT,UNKNOWN,INSUFFICIENT,,,,,,,,,,,,,,,,,MANUAL REVIEW / UNPRICED,FALSE,FALSE,"[""exact_front_back_identity_not_verified"",""identical_completed_sales_not_persisted"",""delivered_acquisition_cost_incomplete"",""truely_collectables_owned_copy_exclusion_not_proven"",""rainbow_or_better_tier_not_image_verified""]","{""artifact_schema"":""TRUELY_COLLECTABLES_DEAL_HUNTER_ARTIFACT_V1"",""deployment"":{""commitSha"":null,""environment"":""production"",""region"":null},""discovery_family_ids"":[""matvei-michkov-opc-platinum.exact-o-pee-chee-rainbow"",""matvei-michkov-opc-platinum.opc-rainbow"",""matvei-michkov-opc-platinum.o-pee-chee-no-punctuation"",""matvei-michkov-opc-platinum.matvey-first-name""],""gateway_endpoint"":""https://truelycollectables.com/api/tcos/deal-hunter-michkov-opc-platinum?perQuery=20"",""gateway_host"":""https://truelycollectables.com"",""gateway_scopes"":[""matvei_michkov_opc_platinum""],""listing_item_id"":""318406257341"",""native_schema"":""TCOS_NATIVE_EBAY_FEED_V1"",""producer_commit_sha"":""07471ae49901220d13073aab604afbb0e223e855"",""producer_run_id"":""31970958336"",""source"":""truelycollectables.com/native-ebay"",""source_queries"":[""Matvei Michkov 2024-25 O-Pee-Chee Platinum Rainbow rookie"",""Matvei Michkov 2024-25 OPC Platinum Rainbow rookie"",""Matvei Michkov 2024-25 O Pee Chee Platinum Rainbow rookie"",""Matvey Michkov OPC Platinum Rainbow rookie""],""token_mode"":""client_credentials""}"
cand-s14-ebay-c2590ea484e2334b4dbd,dh-20260731T184251Z-gha-recovery,14,2026-08-16T20:35:00.076Z,MICHKOV OPCP/opc_platinum_rookie_rainbow_or_better,Matvei Michkov,opc_platinum_rookie_parallel_or_autograph,eBay,comc_consignment,,237009025957,https://www.ebay.com/itm/237009025957?_skw=Matvei+Michkov+2024-25+O-Pee-Chee+Platinum+Rainbow+rookie&hash=item372ed6bba5%3Ag%3A4nUAAeSw0hNqgUjY,LIVE,2024-25 O-Pee-Chee Platinum Rainbow Matvei Michkov #264 Rookie RC READ 0wz4,"{""preliminary_scope_status"":""DISCOVERY_SCOPE_PASS"",""query_family_ids"":[""matvei-michkov-opc-platinum.exact-o-pee-chee-rainbow"",""matvei-michkov-opc-platinum.opc-rainbow"",""matvei-michkov-opc-platinum.o-pee-chee-no-punctuation"",""matvei-michkov-opc-platinum.matvey-first-name""]}",{},,ebay|comc-consignment|237009025957,https://i.ebayimg.com/images/g/4nUAAeSw0hNqgUjY/s-l225.jpg,,FALSE,FALSE,FALSE,,{},,,,NO,NO,RAW,,,,Ungraded; seller/API claim only; front/back unverified.,UNKNOWN,"[""identity_and_images_unverified""]",3.65,4.99,,,,,0,180,TRUE,,,,,,[],INSUFFICIENT,INSUFFICIENT,UNKNOWN,INSUFFICIENT,,,,,,,,,,,,,,,,,MANUAL REVIEW / UNPRICED,FALSE,FALSE,"[""exact_front_back_identity_not_verified"",""identical_completed_sales_not_persisted"",""delivered_acquisition_cost_incomplete"",""truely_collectables_owned_copy_exclusion_not_proven"",""rainbow_or_better_tier_not_image_verified""]","{""artifact_schema"":""TRUELY_COLLECTABLES_DEAL_HUNTER_ARTIFACT_V1"",""deployment"":{""commitSha"":null,""environment"":""production"",""region"":null},""discovery_family_ids"":[""matvei-michkov-opc-platinum.exact-o-pee-chee-rainbow"",""matvei-michkov-opc-platinum.opc-rainbow"",""matvei-michkov-opc-platinum.o-pee-chee-no-punctuation"",""matvei-michkov-opc-platinum.matvey-first-name""],""gateway_endpoint"":""https://truelycollectables.com/api/tcos/deal-hunter-michkov-opc-platinum?perQuery=20"",""gateway_host"":""https://truelycollectables.com"",""gateway_scopes"":[""matvei_michkov_opc_platinum""],""listing_item_id"":""237009025957"",""native_schema"":""TCOS_NATIVE_EBAY_FEED_V1"",""producer_commit_sha"":""07471ae49901220d13073aab604afbb0e223e855"",""producer_run_id"":""31970958336"",""source"":""truelycollectables.com/native-ebay"",""source_queries"":[""Matvei Michkov 2024-25 O-Pee-Chee Platinum Rainbow rookie"",""Matvei Michkov 2024-25 OPC Platinum Rainbow rookie"",""Matvei Michkov 2024-25 O Pee Chee Platinum Rainbow rookie"",""Matvey Michkov OPC Platinum Rainbow rookie""],""token_mode"":""client_credentials""}"
cand-s14-ebay-61fc5686f79f83d1d1b4,dh-20260731T184251Z-gha-recovery,14,2026-08-16T20:35:00.076Z,MICHKOV OPCP/opc_platinum_rookie_rainbow_or_better,Matvei Michkov,opc_platinum_rookie_parallel_or_autograph,eBay,samuel_roy_06,,188453942425,https://www.ebay.com/itm/188453942425?_skw=Matvei+Michkov+2024-25+O-Pee-Chee+Platinum+Rainbow+rookie&hash=item2be0baf499%3Ag%3AR18AAeSw-UlqHeXw,LIVE,Matvei Michkov 2024-25 O-Pee-Chee Platinum Marquee Rookie Rainbow #264 Flyers,"{""preliminary_scope_status"":""DISCOVERY_SCOPE_PASS"",""query_family_ids"":[""matvei-michkov-opc-platinum.exact-o-pee-chee-rainbow"",""matvei-michkov-opc-platinum.opc-rainbow"",""matvei-michkov-opc-platinum.o-pee-chee-no-punctuation"",""matvei-michkov-opc-platinum.matvey-first-name""]}",{},,ebay|samuel-roy-06|188453942425,https://i.ebayimg.com/images/g/R18AAeSw-UlqHeXw/s-l225.jpg,,FALSE,FALSE,FALSE,,{},,,,NO,NO,RAW,,,,Ungraded; seller/API claim only; front/back unverified.,UNKNOWN,"[""identity_and_images_unverified""]",5.97,,,,,,0,180,TRUE,,,,,,[],INSUFFICIENT,INSUFFICIENT,UNKNOWN,INSUFFICIENT,,,,,,,,,,,,,,,,,MANUAL REVIEW / UNPRICED,FALSE,FALSE,"[""exact_front_back_identity_not_verified"",""identical_completed_sales_not_persisted"",""delivered_acquisition_cost_incomplete"",""truely_collectables_owned_copy_exclusion_not_proven"",""rainbow_or_better_tier_not_image_verified""]","{""artifact_schema"":""TRUELY_COLLECTABLES_DEAL_HUNTER_ARTIFACT_V1"",""deployment"":{""commitSha"":null,""environment"":""production"",""region"":null},""discovery_family_ids"":[""matvei-michkov-opc-platinum.exact-o-pee-chee-rainbow"",""matvei-michkov-opc-platinum.opc-rainbow"",""matvei-michkov-opc-platinum.o-pee-chee-no-punctuation"",""matvei-michkov-opc-platinum.matvey-first-name""],""gateway_endpoint"":""https://truelycollectables.com/api/tcos/deal-hunter-michkov-opc-platinum?perQuery=20"",""gateway_host"":""https://truelycollectables.com"",""gateway_scopes"":[""matvei_michkov_opc_platinum""],""listing_item_id"":""188453942425"",""native_schema"":""TCOS_NATIVE_EBAY_FEED_V1"",""producer_commit_sha"":""07471ae49901220d13073aab604afbb0e223e855"",""producer_run_id"":""31970958336"",""source"":""truelycollectables.com/native-ebay"",""source_queries"":[""Matvei Michkov 2024-25 O-Pee-Chee Platinum Rainbow rookie"",""Matvei Michkov 2024-25 OPC Platinum Rainbow rookie"",""Matvei Michkov 2024-25 O Pee Chee Platinum Rainbow rookie"",""Matvey Michkov OPC Platinum Rainbow rookie""],""token_mode"":""client_credentials""}"
cand-s14-ebay-4c1c46130d5572193ab3,dh-20260731T184251Z-gha-recovery,14,2026-08-16T20:35:00.076Z,MICHKOV OPCP/opc_platinum_rookie_rainbow_or_better,Matvei Michkov,opc_platinum_rookie_parallel_or_autograph,eBay,johnnyhockey1976,,287196448337,https://www.ebay.com/itm/287196448337?_skw=Matvei+Michkov+2024-25+O-Pee-Chee+Platinum+Rainbow+rookie&hash=item42de3e0651%3Ag%3AQNAAAeSwPxdpb8KA,LIVE,2024 O-PEE-CHEE PLATINUM #264 MATVEI MICHKOV RC MARQUEE ROOKIE ROOKIE,"{""preliminary_scope_status"":""IMAGE_OR_IDENTITY_REVIEW_REQUIRED"",""query_family_ids"":[""matvei-michkov-opc-platinum.exact-o-pee-chee-rainbow"",""matvei-michkov-opc-platinum.opc-rainbow"",""matvei-michkov-opc-platinum.o-pee-chee-no-punctuation"",""matvei-michkov-opc-platinum.matvey-first-name""]}",{},,ebay|johnnyhockey1976|287196448337,https://i.ebayimg.com/images/g/QNAAAeSwPxdpb8KA/s-l225.jpg,,FALSE,FALSE,FALSE,,{},,,,NO,NO,RAW,,,,Ungraded; seller/API claim only; front/back unverified.,UNKNOWN,"[""identity_and_images_unverified""]",3.75,,,,,,0,180,TRUE,,,,,,[],INSUFFICIENT,INSUFFICIENT,UNKNOWN,INSUFFICIENT,,,,,,,,,,,,,,,,,MANUAL REVIEW / UNPRICED,FALSE,FALSE,"[""exact_front_back_identity_not_verified"",""identical_completed_sales_not_persisted"",""delivered_acquisition_cost_incomplete"",""truely_collectables_owned_copy_exclusion_not_proven"",""rainbow_or_better_tier_not_image_verified"",""rainbow_or_better_not_proven_from_title_verify_images""]","{""artifact_schema"":""TRUELY_COLLECTABLES_DEAL_HUNTER_ARTIFACT_V1"",""deployment"":{""commitSha"":null,""environment"":""production"",""region"":null},""discovery_family_ids"":[""matvei-michkov-opc-platinum.exact-o-pee-chee-rainbow"",""matvei-michkov-opc-platinum.opc-rainbow"",""matvei-michkov-opc-platinum.o-pee-chee-no-punctuation"",""matvei-michkov-opc-platinum.matvey-first-name""],""gateway_endpoint"":""https://truelycollectables.com/api/tcos/deal-hunter-michkov-opc-platinum?perQuery=20"",""gateway_host"":""https://truelycollectables.com"",""gateway_scopes"":[""matvei_michkov_opc_platinum""],""listing_item_id"":""287196448337"",""native_schema"":""TCOS_NATIVE_EBAY_FEED_V1"",""producer_commit_sha"":""07471ae49901220d13073aab604afbb0e223e855"",""producer_run_id"":""31970958336"",""source"":""truelycollectables.com/native-ebay"",""source_queries"":[""Matvei Michkov 2024-25 O-Pee-Chee Platinum Rainbow rookie"",""Matvei Michkov 2024-25 OPC Platinum Rainbow rookie"",""Matvei Michkov 2024-25 O Pee Chee Platinum Rainbow rookie"",""Matvey Michkov OPC Platinum Rainbow rookie""],""token_mode"":""client_credentials""}"
cand-s14-ebay-4317b6895b5258bc1fbd,dh-20260731T184251Z-gha-recovery,14,2026-08-16T20:35:00.076Z,MICHKOV OPCP/opc_platinum_rookie_rainbow_or_better,Matvei Michkov,opc_platinum_rookie_parallel_or_autograph,eBay,svsportscardsllc,,127623778599,https://www.ebay.com/itm/127623778599?_skw=Matvei+Michkov+2024-25+O-Pee-Chee+Platinum+Rainbow+rookie&hash=item1db6f85127%3Ag%3ADF4AAeSwBqxpZ9jw,LIVE,2024-25 O-Pee-Chee Platinum Retro Rainbow #R92 Matvei Michkov,"{""preliminary_scope_status"":""IMAGE_OR_IDENTITY_REVIEW_REQUIRED"",""query_family_ids"":[""matvei-michkov-opc-platinum.exact-o-pee-chee-rainbow"",""matvei-michkov-opc-platinum.opc-rainbow"",""matvei-michkov-opc-platinum.o-pee-chee-no-punctuation"",""matvei-michkov-opc-platinum.matvey-first-name""]}",{},,ebay|svsportscardsllc|127623778599,https://i.ebayimg.com/images/g/DF4AAeSwBqxpZ9jw/s-l225.jpg,,FALSE,FALSE,FALSE,,{},,,,NO,NO,RAW,,,,Ungraded; seller/API claim only; front/back unverified.,UNKNOWN,"[""identity_and_images_unverified""]",14.95,0.8,,,,,0,180,TRUE,,,,,,[],INSUFFICIENT,INSUFFICIENT,UNKNOWN,INSUFFICIENT,,,,,,,,,,,,,,,,,MANUAL REVIEW / UNPRICED,FALSE,FALSE,"[""exact_front_back_identity_not_verified"",""identical_completed_sales_not_persisted"",""delivered_acquisition_cost_incomplete"",""truely_collectables_owned_copy_exclusion_not_proven"",""rainbow_or_better_tier_not_image_verified"",""rookie_status_not_explicit_verify_exact_card""]","{""artifact_schema"":""TRUELY_COLLECTABLES_DEAL_HUNTER_ARTIFACT_V1"",""deployment"":{""commitSha"":null,""environment"":""production"",""region"":null},""discovery_family_ids"":[""matvei-michkov-opc-platinum.exact-o-pee-chee-rainbow"",""matvei-michkov-opc-platinum.opc-rainbow"",""matvei-michkov-opc-platinum.o-pee-chee-no-punctuation"",""matvei-michkov-opc-platinum.matvey-first-name""],""gateway_endpoint"":""https://truelycollectables.com/api/tcos/deal-hunter-michkov-opc-platinum?perQuery=20"",""gateway_host"":""https://truelycollectables.com"",""gateway_scopes"":[""matvei_michkov_opc_platinum""],""listing_item_id"":""127623778599"",""native_schema"":""TCOS_NATIVE_EBAY_FEED_V1"",""producer_commit_sha"":""07471ae49901220d13073aab604afbb0e223e855"",""producer_run_id"":""31970958336"",""source"":""truelycollectables.com/native-ebay"",""source_queries"":[""Matvei Michkov 2024-25 O-Pee-Chee Platinum Rainbow rookie"",""Matvei Michkov 2024-25 OPC Platinum Rainbow rookie"",""Matvei Michkov 2024-25 O Pee Chee Platinum Rainbow rookie"",""Matvey Michkov OPC Platinum Rainbow rookie""],""token_mode"":""client_credentials""}"
cand-s14-ebay-5a4e273c3346e0db7533,dh-20260731T184251Z-gha-recovery,14,2026-08-16T20:35:00.076Z,MICHKOV OPCP/opc_platinum_rookie_rainbow_or_better,Matvei Michkov,opc_platinum_rookie_parallel_or_autograph,eBay,samuel_roy_06,,188540323520,https://www.ebay.com/itm/188540323520?_skw=Matvei+Michkov+2024-25+O-Pee-Chee+Platinum+Rainbow+rookie&hash=item2be5e106c0%3Ag%3AKUEAAeSwh8lqN3KQ,LIVE,O-Pee-Chee Platinum 2024-25 Matvei Michkov Rookie Rainbow Retro R92 Flyers NHL,"{""preliminary_scope_status"":""DISCOVERY_SCOPE_PASS"",""query_family_ids"":[""matvei-michkov-opc-platinum.exact-o-pee-chee-rainbow"",""matvei-michkov-opc-platinum.opc-rainbow"",""matvei-michkov-opc-platinum.o-pee-chee-no-punctuation"",""matvei-michkov-opc-platinum.matvey-first-name""]}",{},,ebay|samuel-roy-06|188540323520,https://i.ebayimg.com/images/g/KUEAAeSwh8lqN3KQ/s-l225.jpg,,FALSE,FALSE,FALSE,,{},,,,NO,NO,RAW,,,,Ungraded; seller/API claim only; front/back unverified.,UNKNOWN,"[""identity_and_images_unverified""]",7.97,,,,,,0,180,TRUE,,,,,,[],INSUFFICIENT,INSUFFICIENT,UNKNOWN,INSUFFICIENT,,,,,,,,,,,,,,,,,MANUAL REVIEW / UNPRICED,FALSE,FALSE,"[""exact_front_back_identity_not_verified"",""identical_completed_sales_not_persisted"",""delivered_acquisition_cost_incomplete"",""truely_collectables_owned_copy_exclusion_not_proven"",""rainbow_or_better_tier_not_image_verified""]","{""artifact_schema"":""TRUELY_COLLECTABLES_DEAL_HUNTER_ARTIFACT_V1"",""deployment"":{""commitSha"":null,""environment"":""production"",""region"":null},""discovery_family_ids"":[""matvei-michkov-opc-platinum.exact-o-pee-chee-rainbow"",""matvei-michkov-opc-platinum.opc-rainbow"",""matvei-michkov-opc-platinum.o-pee-chee-no-punctuation"",""matvei-michkov-opc-platinum.matvey-first-name""],""gateway_endpoint"":""https://truelycollectables.com/api/tcos/deal-hunter-michkov-opc-platinum?perQuery=20"",""gateway_host"":""https://truelycollectables.com"",""gateway_scopes"":[""matvei_michkov_opc_platinum""],""listing_item_id"":""188540323520"",""native_schema"":""TCOS_NATIVE_EBAY_FEED_V1"",""producer_commit_sha"":""07471ae49901220d13073aab604afbb0e223e855"",""producer_run_id"":""31970958336"",""source"":""truelycollectables.com/native-ebay"",""source_queries"":[""Matvei Michkov 2024-25 O-Pee-Chee Platinum Rainbow rookie"",""Matvei Michkov 2024-25 OPC Platinum Rainbow rookie"",""Matvei Michkov 2024-25 O Pee Chee Platinum Rainbow rookie"",""Matvey Michkov OPC Platinum Rainbow rookie""],""token_mode"":""client_credentials""}"
cand-s14-ebay-f825660db2d5dfde5653,dh-20260731T184251Z-gha-recovery,14,2026-08-16T20:35:00.076Z,MICHKOV OPCP/opc_platinum_rookie_rainbow_or_better,Matvei Michkov,opc_platinum_rookie_parallel_or_autograph,eBay,joeshillings,,287485450395,https://www.ebay.com/itm/287485450395?_skw=Matvei+Michkov+2024-25+O-Pee-Chee+Platinum+Rainbow+rookie&hash=item42ef77d89b%3Ag%3AcRAAAeSw-jdqZjhG,LIVE,2024-25 O-Pee-Chee Platinum Retro Rookies Matvei Michkov #R92 Rainbow (RC),"{""preliminary_scope_status"":""DISCOVERY_SCOPE_PASS"",""query_family_ids"":[""matvei-michkov-opc-platinum.exact-o-pee-chee-rainbow"",""matvei-michkov-opc-platinum.opc-rainbow"",""matvei-michkov-opc-platinum.o-pee-chee-no-punctuation"",""matvei-michkov-opc-platinum.matvey-first-name""]}",{},,ebay|joeshillings|287485450395,https://i.ebayimg.com/images/g/cRAAAeSw-jdqZjhG/s-l225.jpg,,FALSE,FALSE,FALSE,,{},,,,NO,NO,RAW,,,,Ungraded; seller/API claim only; front/back unverified.,UNKNOWN,"[""identity_and_images_unverified""]",10,,,,,,0,180,TRUE,,,,,,[],INSUFFICIENT,INSUFFICIENT,UNKNOWN,INSUFFICIENT,,,,,,,,,,,,,,,,,MANUAL REVIEW / UNPRICED,FALSE,FALSE,"[""exact_front_back_identity_not_verified"",""identical_completed_sales_not_persisted"",""delivered_acquisition_cost_incomplete"",""truely_collectables_owned_copy_exclusion_not_proven"",""rainbow_or_better_tier_not_image_verified""]","{""artifact_schema"":""TRUELY_COLLECTABLES_DEAL_HUNTER_ARTIFACT_V1"",""deployment"":{""commitSha"":null,""environment"":""production"",""region"":null},""discovery_family_ids"":[""matvei-michkov-opc-platinum.exact-o-pee-chee-rainbow"",""matvei-michkov-opc-platinum.opc-rainbow"",""matvei-michkov-opc-platinum.o-pee-chee-no-punctuation"",""matvei-michkov-opc-platinum.matvey-first-name""],""gateway_endpoint"":""https://truelycollectables.com/api/tcos/deal-hunter-michkov-opc-platinum?perQuery=20"",""gateway_host"":""https://truelycollectables.com"",""gateway_scopes"":[""matvei_michkov_opc_platinum""],""listing_item_id"":""287485450395"",""native_schema"":""TCOS_NATIVE_EBAY_FEED_V1"",""producer_commit_sha"":""07471ae49901220d13073aab604afbb0e223e855"",""producer_run_id"":""31970958336"",""source"":""truelycollectables.com/native-ebay"",""source_queries"":[""Matvei Michkov 2024-25 O-Pee-Chee Platinum Rainbow rookie"",""Matvei Michkov 2024-25 OPC Platinum Rainbow rookie"",""Matvei Michkov 2024-25 O Pee Chee Platinum Rainbow rookie"",""Matvey Michkov OPC Platinum Rainbow rookie""],""token_mode"":""client_credentials""}"
cand-s14-ebay-1964b42b741944518b48,dh-20260731T184251Z-gha-recovery,14,2026-08-16T20:35:00.076Z,MICHKOV OPCP/opc_platinum_rookie_rainbow_or_better,Matvei Michkov,opc_platinum_rookie_parallel_or_autograph,eBay,comc_consignment,,257676249792,https://www.ebay.com/itm/257676249792?_skw=Matvei+Michkov+2024-25+O-Pee-Chee+Platinum+Rainbow+rookie&hash=item3bfeb38ac0%3Ag%3A5w8AAeSwjSBqfIb9,LIVE,2024-25 O-Pee-Chee Platinum Rainbow Matvei Michkov #264 Rookie RC READ 8tn,"{""preliminary_scope_status"":""DISCOVERY_SCOPE_PASS"",""query_family_ids"":[""matvei-michkov-opc-platinum.exact-o-pee-chee-rainbow"",""matvei-michkov-opc-platinum.opc-rainbow"",""matvei-michkov-opc-platinum.o-pee-chee-no-punctuation"",""matvei-michkov-opc-platinum.matvey-first-name""]}",{},,ebay|comc-consignment|257676249792,https://i.ebayimg.com/images/g/5w8AAeSwjSBqfIb9/s-l225.jpg,,FALSE,FALSE,FALSE,,{},,,,NO,NO,RAW,,,,Ungraded; seller/API claim only; front/back unverified.,UNKNOWN,"[""identity_and_images_unverified""]",4.83,4.99,,,,,0,180,TRUE,,,,,,[],INSUFFICIENT,INSUFFICIENT,UNKNOWN,INSUFFICIENT,,,,,,,,,,,,,,,,,MANUAL REVIEW / UNPRICED,FALSE,FALSE,"[""exact_front_back_identity_not_verified"",""identical_completed_sales_not_persisted"",""delivered_acquisition_cost_incomplete"",""truely_collectables_owned_copy_exclusion_not_proven"",""rainbow_or_better_tier_not_image_verified""]","{""artifact_schema"":""TRUELY_COLLECTABLES_DEAL_HUNTER_ARTIFACT_V1"",""deployment"":{""commitSha"":null,""environment"":""production"",""region"":null},""discovery_family_ids"":[""matvei-michkov-opc-platinum.exact-o-pee-chee-rainbow"",""matvei-michkov-opc-platinum.opc-rainbow"",""matvei-michkov-opc-platinum.o-pee-chee-no-punctuation"",""matvei-michkov-opc-platinum.matvey-first-name""],""gateway_endpoint"":""https://truelycollectables.com/api/tcos/deal-hunter-michkov-opc-platinum?perQuery=20"",""gateway_host"":""https://truelycollectables.com"",""gateway_scopes"":[""matvei_michkov_opc_platinum""],""listing_item_id"":""257676249792"",""native_schema"":""TCOS_NATIVE_EBAY_FEED_V1"",""producer_commit_sha"":""07471ae49901220d13073aab604afbb0e223e855"",""producer_run_id"":""31970958336"",""source"":""truelycollectables.com/native-ebay"",""source_queries"":[""Matvei Michkov 2024-25 O-Pee-Chee Platinum Rainbow rookie"",""Matvei Michkov 2024-25 OPC Platinum Rainbow rookie"",""Matvei Michkov 2024-25 O Pee Chee Platinum Rainbow rookie"",""Matvey Michkov OPC Platinum Rainbow rookie""],""token_mode"":""client_credentials""}"
cand-s14-ebay-82e644a6a40fc97601b9,dh-20260731T184251Z-gha-recovery,14,2026-08-16T20:35:00.076Z,MICHKOV OPCP/opc_platinum_rookie_rainbow_or_better,Matvei Michkov,opc_platinum_rookie_parallel_or_autograph,eBay,comc_consignment,,336731478100,https://www.ebay.com/itm/336731478100?_skw=Matvei+Michkov+2024-25+O-Pee-Chee+Platinum+Rainbow+rookie&hash=item4e66c29854%3Ag%3A-WgAAeSwk-9qddOE,LIVE,2024-25 O-Pee-Chee Platinum Retro Rookies Rainbow Matvei Michkov Rookie RC 08t3,"{""preliminary_scope_status"":""DISCOVERY_SCOPE_PASS"",""query_family_ids"":[""matvei-michkov-opc-platinum.exact-o-pee-chee-rainbow"",""matvei-michkov-opc-platinum.opc-rainbow"",""matvei-michkov-opc-platinum.o-pee-chee-no-punctuation"",""matvei-michkov-opc-platinum.matvey-first-name""]}",{},,ebay|comc-consignment|336731478100,https://i.ebayimg.com/images/g/-WgAAeSwk-9qddOE/s-l225.jpg,,FALSE,FALSE,FALSE,,{},,,,NO,NO,RAW,,,,Ungraded; seller/API claim only; front/back unverified.,UNKNOWN,"[""identity_and_images_unverified""]",4.56,4.99,,,,,0,180,TRUE,,,,,,[],INSUFFICIENT,INSUFFICIENT,UNKNOWN,INSUFFICIENT,,,,,,,,,,,,,,,,,MANUAL REVIEW / UNPRICED,FALSE,FALSE,"[""exact_front_back_identity_not_verified"",""identical_completed_sales_not_persisted"",""delivered_acquisition_cost_incomplete"",""truely_collectables_owned_copy_exclusion_not_proven"",""rainbow_or_better_tier_not_image_verified""]","{""artifact_schema"":""TRUELY_COLLECTABLES_DEAL_HUNTER_ARTIFACT_V1"",""deployment"":{""commitSha"":null,""environment"":""production"",""region"":null},""discovery_family_ids"":[""matvei-michkov-opc-platinum.exact-o-pee-chee-rainbow"",""matvei-michkov-opc-platinum.opc-rainbow"",""matvei-michkov-opc-platinum.o-pee-chee-no-punctuation"",""matvei-michkov-opc-platinum.matvey-first-name""],""gateway_endpoint"":""https://truelycollectables.com/api/tcos/deal-hunter-michkov-opc-platinum?perQuery=20"",""gateway_host"":""https://truelycollectables.com"",""gateway_scopes"":[""matvei_michkov_opc_platinum""],""listing_item_id"":""336731478100"",""native_schema"":""TCOS_NATIVE_EBAY_FEED_V1"",""producer_commit_sha"":""07471ae49901220d13073aab604afbb0e223e855"",""producer_run_id"":""31970958336"",""source"":""truelycollectables.com/native-ebay"",""source_queries"":[""Matvei Michkov 2024-25 O-Pee-Chee Platinum Rainbow rookie"",""Matvei Michkov 2024-25 OPC Platinum Rainbow rookie"",""Matvei Michkov 2024-25 O Pee Chee Platinum Rainbow rookie"",""Matvey Michkov OPC Platinum Rainbow rookie""],""token_mode"":""client_credentials""}"
cand-s14-ebay-38c176e4c94f7a715876,dh-20260731T184251Z-gha-recovery,14,2026-08-16T20:35:00.076Z,MICHKOV OPCP/opc_platinum_rookie_rainbow_or_better,Matvei Michkov,opc_platinum_rookie_parallel_or_autograph,eBay,kingpinsportscards,,406436666279,https://www.ebay.com/itm/406436666279?_skw=Matvei+Michkov+2024-25+O-Pee-Chee+Platinum+Rainbow+rookie&hash=item5ea1835ba7%3Ag%3A2C8AAeSw8%7EppLJXb,LIVE,2024-25 O-Pee-Chee Platinum Matvei Michkov Rainbow Rookie Retro PSA 8 Pop 1,"{""preliminary_scope_status"":""DISCOVERY_SCOPE_PASS"",""query_family_ids"":[""matvei-michkov-opc-platinum.exact-o-pee-chee-rainbow"",""matvei-michkov-opc-platinum.opc-rainbow"",""matvei-michkov-opc-platinum.o-pee-chee-no-punctuation""]}",{},,ebay|kingpinsportscards|406436666279,https://i.ebayimg.com/images/g/2C8AAeSw8~ppLJXb/s-l225.jpg,,FALSE,FALSE,FALSE,,{},,,,NO,NO,GRADED,PSA,8,,Graded; seller/API claim only; front/back unverified.,UNKNOWN,"[""identity_and_images_unverified""]",36.04,14.41,,,,,0,180,TRUE,,,,,,[],INSUFFICIENT,INSUFFICIENT,UNKNOWN,INSUFFICIENT,,,,,,,,,,,,,,,,,MANUAL REVIEW / UNPRICED,FALSE,FALSE,"[""exact_front_back_identity_not_verified"",""identical_completed_sales_not_persisted"",""delivered_acquisition_cost_incomplete"",""truely_collectables_owned_copy_exclusion_not_proven"",""rainbow_or_better_tier_not_image_verified""]","{""artifact_schema"":""TRUELY_COLLECTABLES_DEAL_HUNTER_ARTIFACT_V1"",""deployment"":{""commitSha"":null,""environment"":""production"",""region"":null},""discovery_family_ids"":[""matvei-michkov-opc-platinum.exact-o-pee-chee-rainbow"",""matvei-michkov-opc-platinum.opc-rainbow"",""matvei-michkov-opc-platinum.o-pee-chee-no-punctuation""],""gateway_endpoint"":""https://truelycollectables.com/api/tcos/deal-hunter-michkov-opc-platinum?perQuery=20"",""gateway_host"":""https://truelycollectables.com"",""gateway_scopes"":[""matvei_michkov_opc_platinum""],""listing_item_id"":""406436666279"",""native_schema"":""TCOS_NATIVE_EBAY_FEED_V1"",""producer_commit_sha"":""07471ae49901220d13073aab604afbb0e223e855"",""producer_run_id"":""31970958336"",""source"":""truelycollectables.com/native-ebay"",""source_queries"":[""Matvei Michkov 2024-25 O-Pee-Chee Platinum Rainbow rookie"",""Matvei Michkov 2024-25 OPC Platinum Rainbow rookie"",""Matvei Michkov 2024-25 O Pee Chee Platinum Rainbow rookie""],""token_mode"":""client_credentials""}"
cand-s14-ebay-70c34f34145e8a5850bf,dh-20260731T184251Z-gha-recovery,14,2026-08-16T20:35:00.076Z,MICHKOV OPCP/opc_platinum_rookie_rainbow_or_better,Matvei Michkov,opc_platinum_rookie_parallel_or_autograph,eBay,comc_consignment,,336742462099,https://www.ebay.com/itm/336742462099?_skw=Matvei+Michkov+2024-25+O-Pee-Chee+Platinum+Rainbow+rookie&hash=item4e676a3293%3Ag%3ARioAAeSwsqlqf1SI,LIVE,2024 O-Pee-Chee Platinum Rainbow Color Wheel Matvei Michkov Rookie RC READ fh2,"{""preliminary_scope_status"":""DISCOVERY_SCOPE_PASS"",""query_family_ids"":[""matvei-michkov-opc-platinum.exact-o-pee-chee-rainbow"",""matvei-michkov-opc-platinum.o-pee-chee-no-punctuation"",""matvei-michkov-opc-platinum.matvey-first-name""]}",{},,ebay|comc-consignment|336742462099,https://i.ebayimg.com/images/g/RioAAeSwsqlqf1SI/s-l225.jpg,,FALSE,FALSE,FALSE,,{},,,,NO,NO,RAW,,,,Ungraded; seller/API claim only; front/back unverified.,UNKNOWN,"[""identity_and_images_unverified""]",4.84,4.99,,,,,0,180,TRUE,,,,,,[],INSUFFICIENT,INSUFFICIENT,UNKNOWN,INSUFFICIENT,,,,,,,,,,,,,,,,,MANUAL REVIEW / UNPRICED,FALSE,FALSE,"[""exact_front_back_identity_not_verified"",""identical_completed_sales_not_persisted"",""delivered_acquisition_cost_incomplete"",""truely_collectables_owned_copy_exclusion_not_proven"",""rainbow_or_better_tier_not_image_verified""]","{""artifact_schema"":""TRUELY_COLLECTABLES_DEAL_HUNTER_ARTIFACT_V1"",""deployment"":{""commitSha"":null,""environment"":""production"",""region"":null},""discovery_family_ids"":[""matvei-michkov-opc-platinum.exact-o-pee-chee-rainbow"",""matvei-michkov-opc-platinum.o-pee-chee-no-punctuation"",""matvei-michkov-opc-platinum.matvey-first-name""],""gateway_endpoint"":""https://truelycollectables.com/api/tcos/deal-hunter-michkov-opc-platinum?perQuery=20"",""gateway_host"":""https://truelycollectables.com"",""gateway_scopes"":[""matvei_michkov_opc_platinum""],""listing_item_id"":""336742462099"",""native_schema"":""TCOS_NATIVE_EBAY_FEED_V1"",""producer_commit_sha"":""07471ae49901220d13073aab604afbb0e223e855"",""producer_run_id"":""31970958336"",""source"":""truelycollectables.com/native-ebay"",""source_queries"":[""Matvei Michkov 2024-25 O-Pee-Chee Platinum Rainbow rookie"",""Matvei Michkov 2024-25 O Pee Chee Platinum Rainbow rookie"",""Matvey Michkov OPC Platinum Rainbow rookie""],""token_mode"":""client_credentials""}"
cand-s14-ebay-349383da427f45f3b1f9,dh-20260731T184251Z-gha-recovery,14,2026-08-16T20:35:00.076Z,MICHKOV OPCP/opc_platinum_rookie_rainbow_or_better,Matvei Michkov,opc_platinum_rookie_parallel_or_autograph,eBay,lucianovinci7,,277816837429,https://www.ebay.com/itm/277816837429?_skw=Matvei+Michkov+2024-25+O-Pee-Chee+Platinum+Rainbow+rookie&hash=item40af2c8535%3Ag%3AkOIAAeSwIO1pu-1p,LIVE,Matvei Michkov 2024-25 O-Pee-Chee Platinum Marquee Rookie Rainbow #264 Flyers,"{""preliminary_scope_status"":""DISCOVERY_SCOPE_PASS"",""query_family_ids"":[""matvei-michkov-opc-platinum.exact-o-pee-chee-rainbow"",""matvei-michkov-opc-platinum.opc-rainbow"",""matvei-michkov-opc-platinum.o-pee-chee-no-punctuation"",""matvei-michkov-opc-platinum.matvey-first-name""]}",{},,ebay|lucianovinci7|277816837429,https://i.ebayimg.com/images/g/kOIAAeSwIO1pu-1p/s-l225.jpg,,FALSE,FALSE,FALSE,,{},,,,NO,NO,RAW,,,,Ungraded; seller/API claim only; front/back unverified.,UNKNOWN,"[""identity_and_images_unverified""]",10,1.5,,,,,0,180,TRUE,,,,,,[],INSUFFICIENT,INSUFFICIENT,UNKNOWN,INSUFFICIENT,,,,,,,,,,,,,,,,,MANUAL REVIEW / UNPRICED,FALSE,FALSE,"[""exact_front_back_identity_not_verified"",""identical_completed_sales_not_persisted"",""delivered_acquisition_cost_incomplete"",""truely_collectables_owned_copy_exclusion_not_proven"",""rainbow_or_better_tier_not_image_verified""]","{""artifact_schema"":""TRUELY_COLLECTABLES_DEAL_HUNTER_ARTIFACT_V1"",""deployment"":{""commitSha"":null,""environment"":""production"",""region"":null},""discovery_family_ids"":[""matvei-michkov-opc-platinum.exact-o-pee-chee-rainbow"",""matvei-michkov-opc-platinum.opc-rainbow"",""matvei-michkov-opc-platinum.o-pee-chee-no-punctuation"",""matvei-michkov-opc-platinum.matvey-first-name""],""gateway_endpoint"":""https://truelycollectables.com/api/tcos/deal-hunter-michkov-opc-platinum?perQuery=20"",""gateway_host"":""https://truelycollectables.com"",""gateway_scopes"":[""matvei_michkov_opc_platinum""],""listing_item_id"":""277816837429"",""native_schema"":""TCOS_NATIVE_EBAY_FEED_V1"",""producer_commit_sha"":""07471ae49901220d13073aab604afbb0e223e855"",""producer_run_id"":""31970958336"",""source"":""truelycollectables.com/native-ebay"",""source_queries"":[""Matvei Michkov 2024-25 O-Pee-Chee Platinum Rainbow rookie"",""Matvei Michkov 2024-25 OPC Platinum Rainbow rookie"",""Matvei Michkov 2024-25 O Pee Chee Platinum Rainbow rookie"",""Matvey Michkov OPC Platinum Rainbow rookie""],""token_mode"":""client_credentials""}"
cand-s14-ebay-ae1af81758eb720e9ef8,dh-20260731T184251Z-gha-recovery,14,2026-08-16T20:35:00.076Z,MICHKOV OPCP/opc_platinum_rookie_rainbow_or_better,Matvei Michkov,opc_platinum_rookie_parallel_or_autograph,eBay,comc_consignment,,336729859398,https://www.ebay.com/itm/336729859398?_skw=Matvei+Michkov+2024-25+O-Pee-Chee+Platinum+Rainbow+rookie&hash=item4e66a9e546%3Ag%3Al6cAAeSwgGdqdKlH,LIVE,2024-25 O-Pee-Chee Platinum Rainbow Matvei Michkov #264 Rookie RC READ 1mj0,"{""preliminary_scope_status"":""DISCOVERY_SCOPE_PASS"",""query_family_ids"":[""matvei-michkov-opc-platinum.exact-o-pee-chee-rainbow"",""matvei-michkov-opc-platinum.o-pee-chee-no-punctuation""]}",{},,ebay|comc-consignment|336729859398,https://i.ebayimg.com/images/g/l6cAAeSwgGdqdKlH/s-l225.jpg,,FALSE,FALSE,FALSE,,{},,,,NO,NO,RAW,,,,Ungraded; seller/API claim only; front/back unverified.,UNKNOWN,"[""identity_and_images_unverified""]",3.7,4.99,,,,,0,180,TRUE,,,,,,[],INSUFFICIENT,INSUFFICIENT,UNKNOWN,INSUFFICIENT,,,,,,,,,,,,,,,,,MANUAL REVIEW / UNPRICED,FALSE,FALSE,"[""exact_front_back_identity_not_verified"",""identical_completed_sales_not_persisted"",""delivered_acquisition_cost_incomplete"",""truely_collectables_owned_copy_exclusion_not_proven"",""rainbow_or_better_tier_not_image_verified""]","{""artifact_schema"":""TRUELY_COLLECTABLES_DEAL_HUNTER_ARTIFACT_V1"",""deployment"":{""commitSha"":null,""environment"":""production"",""region"":null},""discovery_family_ids"":[""matvei-michkov-opc-platinum.exact-o-pee-chee-rainbow"",""matvei-michkov-opc-platinum.o-pee-chee-no-punctuation""],""gateway_endpoint"":""https://truelycollectables.com/api/tcos/deal-hunter-michkov-opc-platinum?perQuery=20"",""gateway_host"":""https://truelycollectables.com"",""gateway_scopes"":[""matvei_michkov_opc_platinum""],""listing_item_id"":""336729859398"",""native_schema"":""TCOS_NATIVE_EBAY_FEED_V1"",""producer_commit_sha"":""07471ae49901220d13073aab604afbb0e223e855"",""producer_run_id"":""31970958336"",""source"":""truelycollectables.com/native-ebay"",""source_queries"":[""Matvei Michkov 2024-25 O-Pee-Chee Platinum Rainbow rookie"",""Matvei Michkov 2024-25 O Pee Chee Platinum Rainbow rookie""],""token_mode"":""client_credentials""}"
cand-s14-ebay-36c15bab0c0f3dcfc678,dh-20260731T184251Z-gha-recovery,14,2026-08-16T20:35:00.076Z,MICHKOV OPCP/opc_platinum_rookie_rainbow_or_better,Matvei Michkov,opc_platinum_rookie_parallel_or_autograph,eBay,comc_consignment,,336730824038,https://www.ebay.com/itm/336730824038?_skw=Matvei+Michkov+2024-25+O-Pee-Chee+Platinum+Rainbow+rookie&hash=item4e66b89d66%3Ag%3AuWwAAeSw8fdqdV5k,LIVE,2024-25 O-Pee-Chee Platinum Rainbow Matvei Michkov #264 Rookie RC READ 9jn,"{""preliminary_scope_status"":""DISCOVERY_SCOPE_PASS"",""query_family_ids"":[""matvei-michkov-opc-platinum.exact-o-pee-chee-rainbow"",""matvei-michkov-opc-platinum.o-pee-chee-no-punctuation""]}",{},,ebay|comc-consignment|336730824038,https://i.ebayimg.com/images/g/uWwAAeSw8fdqdV5k/s-l225.jpg,,FALSE,FALSE,FALSE,,{},,,,NO,NO,RAW,,,,Ungraded; seller/API claim only; front/back unverified.,UNKNOWN,"[""identity_and_images_unverified""]",4.85,4.99,,,,,0,180,TRUE,,,,,,[],INSUFFICIENT,INSUFFICIENT,UNKNOWN,INSUFFICIENT,,,,,,,,,,,,,,,,,MANUAL REVIEW / UNPRICED,FALSE,FALSE,"[""exact_front_back_identity_not_verified"",""identical_completed_sales_not_persisted"",""delivered_acquisition_cost_incomplete"",""truely_collectables_owned_copy_exclusion_not_proven"",""rainbow_or_better_tier_not_image_verified""]","{""artifact_schema"":""TRUELY_COLLECTABLES_DEAL_HUNTER_ARTIFACT_V1"",""deployment"":{""commitSha"":null,""environment"":""production"",""region"":null},""discovery_family_ids"":[""matvei-michkov-opc-platinum.exact-o-pee-chee-rainbow"",""matvei-michkov-opc-platinum.o-pee-chee-no-punctuation""],""gateway_endpoint"":""https://truelycollectables.com/api/tcos/deal-hunter-michkov-opc-platinum?perQuery=20"",""gateway_host"":""https://truelycollectables.com"",""gateway_scopes"":[""matvei_michkov_opc_platinum""],""listing_item_id"":""336730824038"",""native_schema"":""TCOS_NATIVE_EBAY_FEED_V1"",""producer_commit_sha"":""07471ae49901220d13073aab604afbb0e223e855"",""producer_run_id"":""31970958336"",""source"":""truelycollectables.com/native-ebay"",""source_queries"":[""Matvei Michkov 2024-25 O-Pee-Chee Platinum Rainbow rookie"",""Matvei Michkov 2024-25 O Pee Chee Platinum Rainbow rookie""],""token_mode"":""client_credentials""}"
cand-s14-ebay-c3fb9e4718d1fe310170,dh-20260731T184251Z-gha-recovery,14,2026-08-16T20:35:00.076Z,MICHKOV OPCP/opc_platinum_rookie_rainbow_or_better,Matvei Michkov,opc_platinum_rookie_parallel_or_autograph,eBay,comc_consignment,,236946073903,https://www.ebay.com/itm/236946073903?_skw=Matvei+Michkov+2024-25+O-Pee-Chee+Platinum+Rainbow+rookie&hash=item372b16292f%3Ag%3AMxQAAeSwtWFqW3aG,LIVE,2024 O-Pee-Chee Platinum Retro Rainbow Matvei Michkov #R92 Rookie RC READ 0h56,"{""preliminary_scope_status"":""DISCOVERY_SCOPE_PASS"",""query_family_ids"":[""matvei-michkov-opc-platinum.exact-o-pee-chee-rainbow"",""matvei-michkov-opc-platinum.o-pee-chee-no-punctuation"",""matvei-michkov-opc-platinum.matvey-first-name""]}",{},,ebay|comc-consignment|236946073903,https://i.ebayimg.com/images/g/MxQAAeSwtWFqW3aG/s-l225.jpg,,FALSE,FALSE,FALSE,,{},,,,NO,NO,RAW,,,,Ungraded; seller/API claim only; front/back unverified.,UNKNOWN,"[""identity_and_images_unverified""]",4.56,4.99,,,,,0,180,TRUE,,,,,,[],INSUFFICIENT,INSUFFICIENT,UNKNOWN,INSUFFICIENT,,,,,,,,,,,,,,,,,MANUAL REVIEW / UNPRICED,FALSE,FALSE,"[""exact_front_back_identity_not_verified"",""identical_completed_sales_not_persisted"",""delivered_acquisition_cost_incomplete"",""truely_collectables_owned_copy_exclusion_not_proven"",""rainbow_or_better_tier_not_image_verified""]","{""artifact_schema"":""TRUELY_COLLECTABLES_DEAL_HUNTER_ARTIFACT_V1"",""deployment"":{""commitSha"":null,""environment"":""production"",""region"":null},""discovery_family_ids"":[""matvei-michkov-opc-platinum.exact-o-pee-chee-rainbow"",""matvei-michkov-opc-platinum.o-pee-chee-no-punctuation"",""matvei-michkov-opc-platinum.matvey-first-name""],""gateway_endpoint"":""https://truelycollectables.com/api/tcos/deal-hunter-michkov-opc-platinum?perQuery=20"",""gateway_host"":""https://truelycollectables.com"",""gateway_scopes"":[""matvei_michkov_opc_platinum""],""listing_item_id"":""236946073903"",""native_schema"":""TCOS_NATIVE_EBAY_FEED_V1"",""producer_commit_sha"":""07471ae49901220d13073aab604afbb0e223e855"",""producer_run_id"":""31970958336"",""source"":""truelycollectables.com/native-ebay"",""source_queries"":[""Matvei Michkov 2024-25 O-Pee-Chee Platinum Rainbow rookie"",""Matvei Michkov 2024-25 O Pee Chee Platinum Rainbow rookie"",""Matvey Michkov OPC Platinum Rainbow rookie""],""token_mode"":""client_credentials""}"
cand-s14-ebay-6ae87df4da95db5bb4bb,dh-20260731T184251Z-gha-recovery,14,2026-08-16T20:35:00.076Z,MICHKOV OPCP/opc_platinum_rookie_rainbow_or_better,Matvei Michkov,opc_platinum_rookie_parallel_or_autograph,eBay,comc_consignment,,236990784381,https://www.ebay.com/itm/236990784381?_skw=Matvei+Michkov+2024-25+O-Pee-Chee+Platinum+Rainbow+rookie&hash=item372dc0637d%3Ag%3A4ZQAAeSwFJ1qdV5j,LIVE,2024-25 O-Pee-Chee Platinum Rainbow Matvei Michkov #264 Rookie RC READ 18s1,"{""preliminary_scope_status"":""DISCOVERY_SCOPE_PASS"",""query_family_ids"":[""matvei-michkov-opc-platinum.exact-o-pee-chee-rainbow"",""matvei-michkov-opc-platinum.o-pee-chee-no-punctuation""]}",{},,ebay|comc-consignment|236990784381,https://i.ebayimg.com/images/g/4ZQAAeSwFJ1qdV5j/s-l225.jpg,,FALSE,FALSE,FALSE,,{},,,,NO,NO,RAW,,,,Ungraded; seller/API claim only; front/back unverified.,UNKNOWN,"[""identity_and_images_unverified""]",6,4.99,,,,,0,180,TRUE,,,,,,[],INSUFFICIENT,INSUFFICIENT,UNKNOWN,INSUFFICIENT,,,,,,,,,,,,,,,,,MANUAL REVIEW / UNPRICED,FALSE,FALSE,"[""exact_front_back_identity_not_verified"",""identical_completed_sales_not_persisted"",""delivered_acquisition_cost_incomplete"",""truely_collectables_owned_copy_exclusion_not_proven"",""rainbow_or_better_tier_not_image_verified""]","{""artifact_schema"":""TRUELY_COLLECTABLES_DEAL_HUNTER_ARTIFACT_V1"",""deployment"":{""commitSha"":null,""environment"":""production"",""region"":null},""discovery_family_ids"":[""matvei-michkov-opc-platinum.exact-o-pee-chee-rainbow"",""matvei-michkov-opc-platinum.o-pee-chee-no-punctuation""],""gateway_endpoint"":""https://truelycollectables.com/api/tcos/deal-hunter-michkov-opc-platinum?perQuery=20"",""gateway_host"":""https://truelycollectables.com"",""gateway_scopes"":[""matvei_michkov_opc_platinum""],""listing_item_id"":""236990784381"",""native_schema"":""TCOS_NATIVE_EBAY_FEED_V1"",""producer_commit_sha"":""07471ae49901220d13073aab604afbb0e223e855"",""producer_run_id"":""31970958336"",""source"":""truelycollectables.com/native-ebay"",""source_queries"":[""Matvei Michkov 2024-25 O-Pee-Chee Platinum Rainbow rookie"",""Matvei Michkov 2024-25 O Pee Chee Platinum Rainbow rookie""],""token_mode"":""client_credentials""}"
cand-s14-ebay-6f710e3a59b5a5de2a67,dh-20260731T184251Z-gha-recovery,14,2026-08-16T20:35:00.076Z,MICHKOV OPCP/opc_platinum_rookie_rainbow_or_better,Matvei Michkov,opc_platinum_rookie_parallel_or_autograph,eBay,dr.tooth,,336052535217,https://www.ebay.com/itm/336052535217?_skw=Matvei+Michkov+2024-25+O-Pee-Chee+Platinum+Rainbow+rookie&hash=item4e3e4abfb1%3Ag%3AbzUAAeSwmd5oano9&amdata=enc%3AAQALAAABEACCtXRWQnOEpyOqnQQ8KGYkyAZF%2BCKHW4GHspgAOEntCA0PpYVI8%2Bdf%2BOw957hd%2BpWPToosLpAmc8ZaJShNv3pdruY8ZL4Ddxk8KlrzclAJ8vb0eSXlJCD0dB6cSSLu79f9mC4KP%2BR7EmmaHM%2FfMLERITPQTQdjpV%2Fu1fkc4D8TLn2Sgq7oxwdxixP87jGU1uz3I39Q6ugz8gg6X%2BduRrQePs%2FLajZGngZrFJ0rELkZqopklGxlUTJ%2Ffso1Y0dwqaQRT4EL2tVvAQr%2BpLKPtpdiIsKLhyldqmcOOAseA5Ihdw37hyd1uessYWHnmzjg%2FoerR5f2e2F7itdi6KRwTB%2FNS9NuGh2iZBu%2FdJDD2Gp%2F,LIVE,Matvei Michkov 2024-25  OPC  Platinum SP RC Rainbow,"{""preliminary_scope_status"":""DISCOVERY_SCOPE_PASS"",""query_family_ids"":[""matvei-michkov-opc-platinum.exact-o-pee-chee-rainbow"",""matvei-michkov-opc-platinum.opc-rainbow"",""matvei-michkov-opc-platinum.o-pee-chee-no-punctuation"",""matvei-michkov-opc-platinum.matvey-first-name""]}",{},,ebay|dr-tooth|336052535217,https://i.ebayimg.com/images/g/bzUAAeSwmd5oano9/s-l225.jpg,,FALSE,FALSE,FALSE,,{},,,,NO,NO,RAW,,,,Ungraded; seller/API claim only; front/back unverified.,UNKNOWN,"[""identity_and_images_unverified""]",65.99,8.5,,,,,0,180,TRUE,,,,,,[],INSUFFICIENT,INSUFFICIENT,UNKNOWN,INSUFFICIENT,,,,,,,,,,,,,,,,,MANUAL REVIEW / UNPRICED,FALSE,FALSE,"[""exact_front_back_identity_not_verified"",""identical_completed_sales_not_persisted"",""delivered_acquisition_cost_incomplete"",""truely_collectables_owned_copy_exclusion_not_proven"",""rainbow_or_better_tier_not_image_verified""]","{""artifact_schema"":""TRUELY_COLLECTABLES_DEAL_HUNTER_ARTIFACT_V1"",""deployment"":{""commitSha"":null,""environment"":""production"",""region"":null},""discovery_family_ids"":[""matvei-michkov-opc-platinum.exact-o-pee-chee-rainbow"",""matvei-michkov-opc-platinum.opc-rainbow"",""matvei-michkov-opc-platinum.o-pee-chee-no-punctuation"",""matvei-michkov-opc-platinum.matvey-first-name""],""gateway_endpoint"":""https://truelycollectables.com/api/tcos/deal-hunter-michkov-opc-platinum?perQuery=20"",""gateway_host"":""https://truelycollectables.com"",""gateway_scopes"":[""matvei_michkov_opc_platinum""],""listing_item_id"":""336052535217"",""native_schema"":""TCOS_NATIVE_EBAY_FEED_V1"",""producer_commit_sha"":""07471ae49901220d13073aab604afbb0e223e855"",""producer_run_id"":""31970958336"",""source"":""truelycollectables.com/native-ebay"",""source_queries"":[""Matvei Michkov 2024-25 O-Pee-Chee Platinum Rainbow rookie"",""Matvei Michkov 2024-25 OPC Platinum Rainbow rookie"",""Matvei Michkov 2024-25 O Pee Chee Platinum Rainbow rookie"",""Matvey Michkov OPC Platinum Rainbow rookie""],""token_mode"":""client_credentials""}"
cand-s14-ebay-27665963632e57e653e3,dh-20260731T184251Z-gha-recovery,14,2026-08-16T20:35:00.076Z,MICHKOV OPCP/opc_platinum_rookie_rainbow_or_better,Matvei Michkov,opc_platinum_rookie_parallel_or_autograph,eBay,sulleycollects,,318010432611,https://www.ebay.com/itm/318010432611?_skw=Matvei+Michkov+2024-25+O-Pee-Chee+Platinum+Rainbow+rookie&hash=item4a0ae61c63%3Ag%3APuYAAeSwezhpt1Eo&amdata=enc%3AAQALAAABEACCtXRWQnOEpyOqnQQ8KGbG4ozFDwyDrjQZhYkpuA9U6K8QvGGJmmtNH7NWBpVzs6nqSe8TafrJB9bc%2FBJdi6ifJEA7KX7wVHSt6QfAtSWXJMT5HZvrHeuyIJpBUXPGq%2B2ajH2ruJ6ZjKqDAK0G%2BnEvyFwxloYnRMSkH%2FQIl7%2B994jkdVrlmXhUsMbLYH2%2BVxrwzxyi3e0c8SjuXNHilVVtlxqSNMYYcfbnCHom7IY2uHOv494L1kLjz1V8k9jOtN6YMh3vulzQdFTsNSkKdJ1AK%2Fm495JfDKIeEZWd95McXYOKp3%2BVheupk1OBQTl88D6pe5DwlmS9s9aFrSGiYMxDTSB09YfjMfB44ddlysZI,LIVE,2024-25 O-Pee-Chee Platinum Rainbow Rookie Matvei Michkov #R92 Flyers Retro,"{""preliminary_scope_status"":""DISCOVERY_SCOPE_PASS"",""query_family_ids"":[""matvei-michkov-opc-platinum.exact-o-pee-chee-rainbow"",""matvei-michkov-opc-platinum.opc-rainbow"",""matvei-michkov-opc-platinum.o-pee-chee-no-punctuation"",""matvei-michkov-opc-platinum.matvey-first-name""]}",{},,ebay|sulleycollects|318010432611,https://i.ebayimg.com/images/g/PuYAAeSwezhpt1Eo/s-l225.jpg,,FALSE,FALSE,FALSE,,{},,,,NO,NO,RAW,,,,Ungraded; seller/API claim only; front/back unverified.,UNKNOWN,"[""identity_and_images_unverified""]",8.95,,,,,,0,180,TRUE,,,,,,[],INSUFFICIENT,INSUFFICIENT,UNKNOWN,INSUFFICIENT,,,,,,,,,,,,,,,,,MANUAL REVIEW / UNPRICED,FALSE,FALSE,"[""exact_front_back_identity_not_verified"",""identical_completed_sales_not_persisted"",""delivered_acquisition_cost_incomplete"",""truely_collectables_owned_copy_exclusion_not_proven"",""rainbow_or_better_tier_not_image_verified""]","{""artifact_schema"":""TRUELY_COLLECTABLES_DEAL_HUNTER_ARTIFACT_V1"",""deployment"":{""commitSha"":null,""environment"":""production"",""region"":null},""discovery_family_ids"":[""matvei-michkov-opc-platinum.exact-o-pee-chee-rainbow"",""matvei-michkov-opc-platinum.opc-rainbow"",""matvei-michkov-opc-platinum.o-pee-chee-no-punctuation"",""matvei-michkov-opc-platinum.matvey-first-name""],""gateway_endpoint"":""https://truelycollectables.com/api/tcos/deal-hunter-michkov-opc-platinum?perQuery=20"",""gateway_host"":""https://truelycollectables.com"",""gateway_scopes"":[""matvei_michkov_opc_platinum""],""listing_item_id"":""318010432611"",""native_schema"":""TCOS_NATIVE_EBAY_FEED_V1"",""producer_commit_sha"":""07471ae49901220d13073aab604afbb0e223e855"",""producer_run_id"":""31970958336"",""source"":""truelycollectables.com/native-ebay"",""source_queries"":[""Matvei Michkov 2024-25 O-Pee-Chee Platinum Rainbow rookie"",""Matvei Michkov 2024-25 OPC Platinum Rainbow rookie"",""Matvei Michkov 2024-25 O Pee Chee Platinum Rainbow rookie"",""Matvey Michkov OPC Platinum Rainbow rookie""],""token_mode"":""client_credentials""}"
cand-s14-ebay-66741b686b69ab04e1dc,dh-20260731T184251Z-gha-recovery,14,2026-08-16T20:35:00.076Z,MICHKOV OPCP/opc_platinum_rookie_rainbow_or_better,Matvei Michkov,opc_platinum_rookie_parallel_or_autograph,eBay,mojocollectibles_store,,177703393562,https://www.ebay.com/itm/177703393562?_skw=Matvei+Michkov+2024-25+OPC+Platinum+Rainbow+rookie&hash=item295ff2991a%3Ag%3AWzkAAeSwOA1pSs6F&amdata=enc%3AAQALAAABEACCtXRWQnOEpyOqnQQ8KGZldAgoFyvQwPXMtauPEoFGVq46S7yT7RZFTyltazl%2FX%2BPmfBk5gEzN%2BtVn6XyPW1tUCXoOZxmcORw2rRN7%2F3szmNwZpb0RiR6M9jpWh7DYviYjwlOLDyqGOAipkd4AwVNMD1%2FcMqKjnaCKNQ0Bn5PZ03B0r4HA8Ro%2BYHgi6XA3AcOmCvmXbU%2FR8wFUNEG1NfwNvrirRl30wY5CDUdiZ7i5uT1xUEsqPUKN9tU4MG6Od34M%2F9eINGvYe7JwObmaWCryt0r%2FD5EIgBjK76LnK6lucO93Y9e0D0F1p6bxLV%2FmI9Lwk4NcCNqJLqYcmvliCWTHArLvkdUE6jmPfD077W8n,LIVE,2024-25 OPC Platinum Metvei Michkov Retro Rainbow #R92,"{""preliminary_scope_status"":""IMAGE_OR_IDENTITY_REVIEW_REQUIRED"",""query_family_ids"":[""matvei-michkov-opc-platinum.opc-rainbow"",""matvei-michkov-opc-platinum.matvey-first-name""]}",{},,ebay|mojocollectibles-store|177703393562,https://i.ebayimg.com/images/g/WzkAAeSwOA1pSs6F/s-l225.jpg,,FALSE,FALSE,FALSE,,{},,,,NO,NO,RAW,,,,Ungraded; seller/API claim only; front/back unverified.,UNKNOWN,"[""identity_and_images_unverified""]",14.99,2.49,,,,,0,180,TRUE,,,,,,[],INSUFFICIENT,INSUFFICIENT,UNKNOWN,INSUFFICIENT,,,,,,,,,,,,,,,,,MANUAL REVIEW / UNPRICED,FALSE,FALSE,"[""exact_front_back_identity_not_verified"",""identical_completed_sales_not_persisted"",""delivered_acquisition_cost_incomplete"",""truely_collectables_owned_copy_exclusion_not_proven"",""rainbow_or_better_tier_not_image_verified"",""rookie_status_not_explicit_verify_exact_card"",""seller_name_variant_or_misspelling_detected_verify_images""]","{""artifact_schema"":""TRUELY_COLLECTABLES_DEAL_HUNTER_ARTIFACT_V1"",""deployment"":{""commitSha"":null,""environment"":""production"",""region"":null},""discovery_family_ids"":[""matvei-michkov-opc-platinum.opc-rainbow"",""matvei-michkov-opc-platinum.matvey-first-name""],""gateway_endpoint"":""https://truelycollectables.com/api/tcos/deal-hunter-michkov-opc-platinum?perQuery=20"",""gateway_host"":""https://truelycollectables.com"",""gateway_scopes"":[""matvei_michkov_opc_platinum""],""listing_item_id"":""177703393562"",""native_schema"":""TCOS_NATIVE_EBAY_FEED_V1"",""producer_commit_sha"":""07471ae49901220d13073aab604afbb0e223e855"",""producer_run_id"":""31970958336"",""source"":""truelycollectables.com/native-ebay"",""source_queries"":[""Matvei Michkov 2024-25 OPC Platinum Rainbow rookie"",""Matvey Michkov OPC Platinum Rainbow rookie""],""token_mode"":""client_credentials""}"
cand-s14-ebay-d0ccf9d3e2f24ba3ca68,dh-20260731T184251Z-gha-recovery,14,2026-08-16T20:35:00.076Z,MICHKOV OPCP/opc_platinum_rookie_rainbow_or_better,Matvei Michkov,opc_platinum_rookie_parallel_or_autograph,eBay,vancitytr-85,,306933531830,https://www.ebay.com/itm/306933531830?_skw=Matvei+Michkov+2024-25+OPC+Platinum+Rainbow+rookie&hash=item4776aa04b6%3Ag%3AKocAAeSwpZhqArGz,LIVE,2024-25 O-Pee-Chee Platinum #264 Matvei Michkov Rookie Rainbow 🌈 Mint,"{""preliminary_scope_status"":""DISCOVERY_SCOPE_PASS"",""query_family_ids"":[""matvei-michkov-opc-platinum.opc-rainbow""]}",{},,ebay|vancitytr-85|306933531830,https://i.ebayimg.com/images/g/KocAAeSwpZhqArGz/s-l225.jpg,,FALSE,FALSE,FALSE,,{},,,,NO,NO,RAW,,,,Ungraded; seller/API claim only; front/back unverified.,UNKNOWN,"[""identity_and_images_unverified""]",10.09,5.73,,,,,0,180,TRUE,,,,,,[],INSUFFICIENT,INSUFFICIENT,UNKNOWN,INSUFFICIENT,,,,,,,,,,,,,,,,,MANUAL REVIEW / UNPRICED,FALSE,FALSE,"[""exact_front_back_identity_not_verified"",""identical_completed_sales_not_persisted"",""delivered_acquisition_cost_incomplete"",""truely_collectables_owned_copy_exclusion_not_proven"",""rainbow_or_better_tier_not_image_verified""]","{""artifact_schema"":""TRUELY_COLLECTABLES_DEAL_HUNTER_ARTIFACT_V1"",""deployment"":{""commitSha"":null,""environment"":""production"",""region"":null},""discovery_family_ids"":[""matvei-michkov-opc-platinum.opc-rainbow""],""gateway_endpoint"":""https://truelycollectables.com/api/tcos/deal-hunter-michkov-opc-platinum?perQuery=20"",""gateway_host"":""https://truelycollectables.com"",""gateway_scopes"":[""matvei_michkov_opc_platinum""],""listing_item_id"":""306933531830"",""native_schema"":""TCOS_NATIVE_EBAY_FEED_V1"",""producer_commit_sha"":""07471ae49901220d13073aab604afbb0e223e855"",""producer_run_id"":""31970958336"",""source"":""truelycollectables.com/native-ebay"",""source_queries"":[""Matvei Michkov 2024-25 OPC Platinum Rainbow rookie""],""token_mode"":""client_credentials""}"
cand-s14-ebay-388a39223a2542b08043,dh-20260731T184251Z-gha-recovery,14,2026-08-16T20:35:00.076Z,MICHKOV OPCP/opc_platinum_rookie_rainbow_or_better,Matvei Michkov,opc_platinum_rookie_parallel_or_autograph,eBay,nickscardshack24,,389526595416,https://www.ebay.com/itm/389526595416?_skw=Matvei+Michkov+2024-25+OPC+Platinum+Rainbow+rookie&hash=item5ab1982758%3Ag%3AStgAAeSwzfNpVFWI,LIVE,11x 2024-25 OPC Platinum NHL Lot - Matvei Michkov RC + Kovalenko Neon Yellow,"{""preliminary_scope_status"":""DISCOVERY_SCOPE_PASS"",""query_family_ids"":[""matvei-michkov-opc-platinum.opc-rainbow""]}",{},,ebay|nickscardshack24|389526595416,https://i.ebayimg.com/images/g/StgAAeSwzfNpVFWI/s-l225.jpg,,FALSE,FALSE,FALSE,,{},,,,NO,NO,UNKNOWN,,,,Used; seller/API claim only; front/back unverified.,UNKNOWN,"[""identity_and_images_unverified""]",7.99,,,,,,0,180,TRUE,,,,,,[],INSUFFICIENT,INSUFFICIENT,UNKNOWN,INSUFFICIENT,,,,,,,,,,,,,,,,,MANUAL REVIEW / UNPRICED,FALSE,FALSE,"[""exact_front_back_identity_not_verified"",""identical_completed_sales_not_persisted"",""delivered_acquisition_cost_incomplete"",""truely_collectables_owned_copy_exclusion_not_proven"",""rainbow_or_better_tier_not_image_verified""]","{""artifact_schema"":""TRUELY_COLLECTABLES_DEAL_HUNTER_ARTIFACT_V1"",""deployment"":{""commitSha"":null,""environment"":""production"",""region"":null},""discovery_family_ids"":[""matvei-michkov-opc-platinum.opc-rainbow""],""gateway_endpoint"":""https://truelycollectables.com/api/tcos/deal-hunter-michkov-opc-platinum?perQuery=20"",""gateway_host"":""https://truelycollectables.com"",""gateway_scopes"":[""matvei_michkov_opc_platinum""],""listing_item_id"":""389526595416"",""native_schema"":""TCOS_NATIVE_EBAY_FEED_V1"",""producer_commit_sha"":""07471ae49901220d13073aab604afbb0e223e855"",""producer_run_id"":""31970958336"",""source"":""truelycollectables.com/native-ebay"",""source_queries"":[""Matvei Michkov 2024-25 OPC Platinum Rainbow rookie""],""token_mode"":""client_credentials""}"
cand-s14-ebay-509ee454c1db1f38b792,dh-20260731T184251Z-gha-recovery,14,2026-08-16T20:35:00.076Z,MICHKOV OPCP/opc_platinum_rookie_rainbow_or_better,Matvei Michkov,opc_platinum_rookie_parallel_or_autograph,eBay,87pensfan66,,407036948104,https://www.ebay.com/itm/407036948104?_skw=Matvei+Michkov+2024-25+OPC+Platinum+Rainbow+rookie&hash=item5ec54aee88%3Ag%3AqH4AAeSwp21qQy3v,LIVE,24-25 UD OPC PLATINUM MATVEI MICHKOV RC LOT OF 4 SUNSET RETRO RAINBOW #264 2024,"{""preliminary_scope_status"":""DISCOVERY_SCOPE_PASS"",""query_family_ids"":[""matvei-michkov-opc-platinum.opc-rainbow""]}",{},,ebay|87pensfan66|407036948104,https://i.ebayimg.com/images/g/qH4AAeSwp21qQy3v/s-l225.jpg,,FALSE,FALSE,FALSE,,{},,,,NO,NO,RAW,,,,Ungraded; seller/API claim only; front/back unverified.,UNKNOWN,"[""identity_and_images_unverified""]",18.01,9.37,,,,,0,180,TRUE,,,,,,[],INSUFFICIENT,INSUFFICIENT,UNKNOWN,INSUFFICIENT,,,,,,,,,,,,,,,,,MANUAL REVIEW / UNPRICED,FALSE,FALSE,"[""exact_front_back_identity_not_verified"",""identical_completed_sales_not_persisted"",""delivered_acquisition_cost_incomplete"",""truely_collectables_owned_copy_exclusion_not_proven"",""rainbow_or_better_tier_not_image_verified""]","{""artifact_schema"":""TRUELY_COLLECTABLES_DEAL_HUNTER_ARTIFACT_V1"",""deployment"":{""commitSha"":null,""environment"":""production"",""region"":null},""discovery_family_ids"":[""matvei-michkov-opc-platinum.opc-rainbow""],""gateway_endpoint"":""https://truelycollectables.com/api/tcos/deal-hunter-michkov-opc-platinum?perQuery=20"",""gateway_host"":""https://truelycollectables.com"",""gateway_scopes"":[""matvei_michkov_opc_platinum""],""listing_item_id"":""407036948104"",""native_schema"":""TCOS_NATIVE_EBAY_FEED_V1"",""producer_commit_sha"":""07471ae49901220d13073aab604afbb0e223e855"",""producer_run_id"":""31970958336"",""source"":""truelycollectables.com/native-ebay"",""source_queries"":[""Matvei Michkov 2024-25 OPC Platinum Rainbow rookie""],""token_mode"":""client_credentials""}"
cand-s14-ebay-39f52f953f385930b286,dh-20260731T184251Z-gha-recovery,14,2026-08-16T20:35:00.076Z,MICHKOV OPCP/opc_platinum_rookie_rainbow_or_better,Matvei Michkov,opc_platinum_rookie_parallel_or_autograph,eBay,comc_consignment,,336737798090,https://www.ebay.com/itm/336737798090?_skw=Matvei+Michkov+O-Pee-Chee+Platinum+rookie+autograph+auto&hash=item4e672307ca%3Ag%3ATfgAAeSwZoJqe6lM,LIVE,2024 O-Pee-Chee Platinum Rookie Matvei Michkov #R-MM PSA 10 GEM MT Auto RC 0iv9,"{""preliminary_scope_status"":""DISCOVERY_SCOPE_PASS"",""query_family_ids"":[""matvei-michkov-opc-platinum.rookie-autographs""]}",{},,ebay|comc-consignment|336737798090,https://i.ebayimg.com/images/g/TfgAAeSwZoJqe6lM/s-l225.jpg,,FALSE,FALSE,FALSE,,{},,,,CLAIMED_ONLY,NO,GRADED,PSA,10,,Graded; seller/API claim only; front/back unverified.,UNKNOWN,"[""identity_and_images_unverified""]",287.2,4.99,,,,,0,180,TRUE,,,,,,[],INSUFFICIENT,INSUFFICIENT,UNKNOWN,INSUFFICIENT,,,,,,,,,,,,,,,,,MANUAL REVIEW / UNPRICED,FALSE,FALSE,"[""exact_front_back_identity_not_verified"",""identical_completed_sales_not_persisted"",""delivered_acquisition_cost_incomplete"",""truely_collectables_owned_copy_exclusion_not_proven"",""rainbow_or_better_tier_not_image_verified""]","{""artifact_schema"":""TRUELY_COLLECTABLES_DEAL_HUNTER_ARTIFACT_V1"",""deployment"":{""commitSha"":null,""environment"":""production"",""region"":null},""discovery_family_ids"":[""matvei-michkov-opc-platinum.rookie-autographs""],""gateway_endpoint"":""https://truelycollectables.com/api/tcos/deal-hunter-michkov-opc-platinum?perQuery=20"",""gateway_host"":""https://truelycollectables.com"",""gateway_scopes"":[""matvei_michkov_opc_platinum""],""listing_item_id"":""336737798090"",""native_schema"":""TCOS_NATIVE_EBAY_FEED_V1"",""producer_commit_sha"":""07471ae49901220d13073aab604afbb0e223e855"",""producer_run_id"":""31970958336"",""source"":""truelycollectables.com/native-ebay"",""source_queries"":[""Matvei Michkov O-Pee-Chee Platinum rookie autograph auto""],""token_mode"":""client_credentials""}"
cand-s14-ebay-0cf7fd07f6d7907d32e1,dh-20260731T184251Z-gha-recovery,14,2026-08-16T20:35:00.076Z,MICHKOV OPCP/opc_platinum_rookie_rainbow_or_better,Matvei Michkov,opc_platinum_rookie_parallel_or_autograph,eBay,comc_consignment,,236982243686,https://www.ebay.com/itm/236982243686?_skw=Matvei+Michkov+O-Pee-Chee+Platinum+rookie+autograph+auto&hash=item372d3e1166%3Ag%3AH%7EgAAeSwSFFqcPdS,LIVE,2024 O-Pee-Chee Platinum Rookie Red Prism 1/30 Matvei Michkov #R-MM Auto RC 0hw,"{""preliminary_scope_status"":""DISCOVERY_SCOPE_PASS"",""query_family_ids"":[""matvei-michkov-opc-platinum.rookie-autographs""]}",{},,ebay|comc-consignment|236982243686,https://i.ebayimg.com/images/g/H~gAAeSwSFFqcPdS/s-l225.jpg,,FALSE,FALSE,FALSE,,{},,,,CLAIMED_ONLY,NO,RAW,,,,Ungraded; seller/API claim only; front/back unverified.,UNKNOWN,"[""identity_and_images_unverified""]",856.1,4.99,,,,,0,180,TRUE,,,,,,[],INSUFFICIENT,INSUFFICIENT,UNKNOWN,INSUFFICIENT,,,,,,,,,,,,,,,,,MANUAL REVIEW / UNPRICED,FALSE,FALSE,"[""exact_front_back_identity_not_verified"",""identical_completed_sales_not_persisted"",""delivered_acquisition_cost_incomplete"",""truely_collectables_owned_copy_exclusion_not_proven"",""rainbow_or_better_tier_not_image_verified""]","{""artifact_schema"":""TRUELY_COLLECTABLES_DEAL_HUNTER_ARTIFACT_V1"",""deployment"":{""commitSha"":null,""environment"":""production"",""region"":null},""discovery_family_ids"":[""matvei-michkov-opc-platinum.rookie-autographs""],""gateway_endpoint"":""https://truelycollectables.com/api/tcos/deal-hunter-michkov-opc-platinum?perQuery=20"",""gateway_host"":""https://truelycollectables.com"",""gateway_scopes"":[""matvei_michkov_opc_platinum""],""listing_item_id"":""236982243686"",""native_schema"":""TCOS_NATIVE_EBAY_FEED_V1"",""producer_commit_sha"":""07471ae49901220d13073aab604afbb0e223e855"",""producer_run_id"":""31970958336"",""source"":""truelycollectables.com/native-ebay"",""source_queries"":[""Matvei Michkov O-Pee-Chee Platinum rookie autograph auto""],""token_mode"":""client_credentials""}"
cand-s14-ebay-a105e4f285145c7ace38,dh-20260731T184251Z-gha-recovery,14,2026-08-16T20:35:00.076Z,MICHKOV OPCP/opc_platinum_rookie_rainbow_or_better,Matvei Michkov,opc_platinum_rookie_parallel_or_autograph,eBay,mnwildroy,,188534742519,https://www.ebay.com/itm/188534742519?_skw=Matvei+Michkov+O-Pee-Chee+Platinum+rookie+autograph+auto&hash=item2be58bddf7%3Ag%3AMo0AAeSweeRqNai4,LIVE,Upper Deck 2024-25 O-Pee-Chee Platinum Matvei Michkov Auto RC /10 PSA 10,"{""preliminary_scope_status"":""DISCOVERY_SCOPE_PASS"",""query_family_ids"":[""matvei-michkov-opc-platinum.rookie-autographs""]}",{},,ebay|mnwildroy|188534742519,https://i.ebayimg.com/images/g/Mo0AAeSweeRqNai4/s-l225.jpg,,FALSE,FALSE,FALSE,,{},,,,CLAIMED_ONLY,NO,GRADED,PSA,10,,Graded; seller/API claim only; front/back unverified.,UNKNOWN,"[""identity_and_images_unverified""]",3500,,,,,,0,180,TRUE,,,,,,[],INSUFFICIENT,INSUFFICIENT,UNKNOWN,INSUFFICIENT,,,,,,,,,,,,,,,,,MANUAL REVIEW / UNPRICED,FALSE,FALSE,"[""exact_front_back_identity_not_verified"",""identical_completed_sales_not_persisted"",""delivered_acquisition_cost_incomplete"",""truely_collectables_owned_copy_exclusion_not_proven"",""rainbow_or_better_tier_not_image_verified""]","{""artifact_schema"":""TRUELY_COLLECTABLES_DEAL_HUNTER_ARTIFACT_V1"",""deployment"":{""commitSha"":null,""environment"":""production"",""region"":null},""discovery_family_ids"":[""matvei-michkov-opc-platinum.rookie-autographs""],""gateway_endpoint"":""https://truelycollectables.com/api/tcos/deal-hunter-michkov-opc-platinum?perQuery=20"",""gateway_host"":""https://truelycollectables.com"",""gateway_scopes"":[""matvei_michkov_opc_platinum""],""listing_item_id"":""188534742519"",""native_schema"":""TCOS_NATIVE_EBAY_FEED_V1"",""producer_commit_sha"":""07471ae49901220d13073aab604afbb0e223e855"",""producer_run_id"":""31970958336"",""source"":""truelycollectables.com/native-ebay"",""source_queries"":[""Matvei Michkov O-Pee-Chee Platinum rookie autograph auto""],""token_mode"":""client_credentials""}"
cand-s14-ebay-e8158496ba9bfda41593,dh-20260731T184251Z-gha-recovery,14,2026-08-16T20:35:00.076Z,MICHKOV OPCP/opc_platinum_rookie_rainbow_or_better,Matvei Michkov,opc_platinum_rookie_parallel_or_autograph,eBay,flipm0de27,,227110301398,https://www.ebay.com/itm/227110301398?_skw=Matvei+Michkov+O-Pee-Chee+Platinum+rookie+autograph+auto&hash=item34e0d42ed6%3Ag%3AO3oAAeSwMIJpLN7b,LIVE,2024-25 O-PEE-CHEE PLATINUM - MATVEI MICHKOV COSMIC ROOKIE ON CARD AUTO 05/50,"{""preliminary_scope_status"":""DISCOVERY_SCOPE_PASS"",""query_family_ids"":[""matvei-michkov-opc-platinum.rookie-autographs""]}",{},,ebay|flipm0de27|227110301398,https://i.ebayimg.com/images/g/O3oAAeSwMIJpLN7b/s-l225.jpg,,FALSE,FALSE,FALSE,,{},,,,CLAIMED_ONLY,NO,RAW,,,,Ungraded; seller/API claim only; front/back unverified.,UNKNOWN,"[""identity_and_images_unverified""]",395,4.99,,,,,0,180,TRUE,,,,,,[],INSUFFICIENT,INSUFFICIENT,UNKNOWN,INSUFFICIENT,,,,,,,,,,,,,,,,,MANUAL REVIEW / UNPRICED,FALSE,FALSE,"[""exact_front_back_identity_not_verified"",""identical_completed_sales_not_persisted"",""delivered_acquisition_cost_incomplete"",""truely_collectables_owned_copy_exclusion_not_proven"",""rainbow_or_better_tier_not_image_verified""]","{""artifact_schema"":""TRUELY_COLLECTABLES_DEAL_HUNTER_ARTIFACT_V1"",""deployment"":{""commitSha"":null,""environment"":""production"",""region"":null},""discovery_family_ids"":[""matvei-michkov-opc-platinum.rookie-autographs""],""gateway_endpoint"":""https://truelycollectables.com/api/tcos/deal-hunter-michkov-opc-platinum?perQuery=20"",""gateway_host"":""https://truelycollectables.com"",""gateway_scopes"":[""matvei_michkov_opc_platinum""],""listing_item_id"":""227110301398"",""native_schema"":""TCOS_NATIVE_EBAY_FEED_V1"",""producer_commit_sha"":""07471ae49901220d13073aab604afbb0e223e855"",""producer_run_id"":""31970958336"",""source"":""truelycollectables.com/native-ebay"",""source_queries"":[""Matvei Michkov O-Pee-Chee Platinum rookie autograph auto""],""token_mode"":""client_credentials""}"
cand-s14-ebay-b16cefbe6417063bdb68,dh-20260731T184251Z-gha-recovery,14,2026-08-16T20:35:00.076Z,MICHKOV OPCP/opc_platinum_rookie_rainbow_or_better,Matvei Michkov,opc_platinum_rookie_parallel_or_autograph,eBay,psa,,298545038736,https://www.ebay.com/itm/298545038736?_skw=Matvei+Michkov+O-Pee-Chee+Platinum+rookie+autograph+auto&hash=item4582abc590%3Ag%3A8AgAAeSwgWRpXoER,LIVE,2024 UD O-PEE-CHEE PLATINUM ROOKIE AUTOS SEISMIC GOLD MATVEI MICHKOV 18/25 PSA 9,"{""preliminary_scope_status"":""DISCOVERY_SCOPE_PASS"",""query_family_ids"":[""matvei-michkov-opc-platinum.rookie-autographs""]}",{},,ebay|psa|298545038736,https://i.ebayimg.com/images/g/8AgAAeSwgWRpXoER/s-l225.jpg,,FALSE,FALSE,FALSE,,{},,,,NO,NO,GRADED,PSA,9,,Graded; seller/API claim only; front/back unverified.,UNKNOWN,"[""identity_and_images_unverified""]",1000,5.99,,,,,0,180,TRUE,,,,,,[],INSUFFICIENT,INSUFFICIENT,UNKNOWN,INSUFFICIENT,,,,,,,,,,,,,,,,,MANUAL REVIEW / UNPRICED,FALSE,FALSE,"[""exact_front_back_identity_not_verified"",""identical_completed_sales_not_persisted"",""delivered_acquisition_cost_incomplete"",""truely_collectables_owned_copy_exclusion_not_proven"",""rainbow_or_better_tier_not_image_verified""]","{""artifact_schema"":""TRUELY_COLLECTABLES_DEAL_HUNTER_ARTIFACT_V1"",""deployment"":{""commitSha"":null,""environment"":""production"",""region"":null},""discovery_family_ids"":[""matvei-michkov-opc-platinum.rookie-autographs""],""gateway_endpoint"":""https://truelycollectables.com/api/tcos/deal-hunter-michkov-opc-platinum?perQuery=20"",""gateway_host"":""https://truelycollectables.com"",""gateway_scopes"":[""matvei_michkov_opc_platinum""],""listing_item_id"":""298545038736"",""native_schema"":""TCOS_NATIVE_EBAY_FEED_V1"",""producer_commit_sha"":""07471ae49901220d13073aab604afbb0e223e855"",""producer_run_id"":""31970958336"",""source"":""truelycollectables.com/native-ebay"",""source_queries"":[""Matvei Michkov O-Pee-Chee Platinum rookie autograph auto""],""token_mode"":""client_credentials""}"
cand-s14-ebay-ea38c0bb6cc389bb94e2,dh-20260731T184251Z-gha-recovery,14,2026-08-16T20:35:00.076Z,MICHKOV OPCP/opc_platinum_rookie_rainbow_or_better,Matvei Michkov,opc_platinum_rookie_parallel_or_autograph,eBay,comc_consignment,,336737798238,https://www.ebay.com/itm/336737798238?_skw=Matvei+Michkov+O-Pee-Chee+Platinum+rookie+autograph+auto&hash=item4e6723085e%3Ag%3AeSEAAeSwvnpqe6kb,LIVE,2024 O-Pee-Chee Platinum Rookie Cosmic 40/50 Matvei Michkov PSA 10 Auto RC 15sc,"{""preliminary_scope_status"":""DISCOVERY_SCOPE_PASS"",""query_family_ids"":[""matvei-michkov-opc-platinum.rookie-autographs""]}",{},,ebay|comc-consignment|336737798238,https://i.ebayimg.com/images/g/eSEAAeSwvnpqe6kb/s-l225.jpg,,FALSE,FALSE,FALSE,,{},,,,CLAIMED_ONLY,NO,GRADED,PSA,10,,Graded; seller/API claim only; front/back unverified.,UNKNOWN,"[""identity_and_images_unverified""]",637.2,4.99,,,,,0,180,TRUE,,,,,,[],INSUFFICIENT,INSUFFICIENT,UNKNOWN,INSUFFICIENT,,,,,,,,,,,,,,,,,MANUAL REVIEW / UNPRICED,FALSE,FALSE,"[""exact_front_back_identity_not_verified"",""identical_completed_sales_not_persisted"",""delivered_acquisition_cost_incomplete"",""truely_collectables_owned_copy_exclusion_not_proven"",""rainbow_or_better_tier_not_image_verified""]","{""artifact_schema"":""TRUELY_COLLECTABLES_DEAL_HUNTER_ARTIFACT_V1"",""deployment"":{""commitSha"":null,""environment"":""production"",""region"":null},""discovery_family_ids"":[""matvei-michkov-opc-platinum.rookie-autographs""],""gateway_endpoint"":""https://truelycollectables.com/api/tcos/deal-hunter-michkov-opc-platinum?perQuery=20"",""gateway_host"":""https://truelycollectables.com"",""gateway_scopes"":[""matvei_michkov_opc_platinum""],""listing_item_id"":""336737798238"",""native_schema"":""TCOS_NATIVE_EBAY_FEED_V1"",""producer_commit_sha"":""07471ae49901220d13073aab604afbb0e223e855"",""producer_run_id"":""31970958336"",""source"":""truelycollectables.com/native-ebay"",""source_queries"":[""Matvei Michkov O-Pee-Chee Platinum rookie autograph auto""],""token_mode"":""client_credentials""}"
cand-s14-ebay-27b462dec0e2c6a7d525,dh-20260731T184251Z-gha-recovery,14,2026-08-16T20:35:00.076Z,MICHKOV OPCP/opc_platinum_rookie_rainbow_or_better,Matvei Michkov,opc_platinum_rookie_parallel_or_autograph,eBay,tmg_collectables,,376981668645,https://www.ebay.com/itm/376981668645?_skw=Matvei+Michkov+O-Pee-Chee+Platinum+rookie+autograph+auto&hash=item57c5dbc325%3Ag%3AMm0AAeSwzGxpmjjV,LIVE,2024-25 O-Pee Chee Platinum Matvei Michkov Seismic Gold 49/50 MARQUEE ROOKIE RC,"{""preliminary_scope_status"":""DISCOVERY_SCOPE_PASS"",""query_family_ids"":[""matvei-michkov-opc-platinum.rookie-autographs""]}",{},,ebay|tmg-collectables|376981668645,https://i.ebayimg.com/images/g/Mm0AAeSwzGxpmjjV/s-l225.jpg,,FALSE,FALSE,FALSE,,{},,,,NO,NO,RAW,,,,Ungraded; seller/API claim only; front/back unverified.,UNKNOWN,"[""identity_and_images_unverified""]",576.57,14.41,,,,,0,180,TRUE,,,,,,[],INSUFFICIENT,INSUFFICIENT,UNKNOWN,INSUFFICIENT,,,,,,,,,,,,,,,,,MANUAL REVIEW / UNPRICED,FALSE,FALSE,"[""exact_front_back_identity_not_verified"",""identical_completed_sales_not_persisted"",""delivered_acquisition_cost_incomplete"",""truely_collectables_owned_copy_exclusion_not_proven"",""rainbow_or_better_tier_not_image_verified""]","{""artifact_schema"":""TRUELY_COLLECTABLES_DEAL_HUNTER_ARTIFACT_V1"",""deployment"":{""commitSha"":null,""environment"":""production"",""region"":null},""discovery_family_ids"":[""matvei-michkov-opc-platinum.rookie-autographs""],""gateway_endpoint"":""https://truelycollectables.com/api/tcos/deal-hunter-michkov-opc-platinum?perQuery=20"",""gateway_host"":""https://truelycollectables.com"",""gateway_scopes"":[""matvei_michkov_opc_platinum""],""listing_item_id"":""376981668645"",""native_schema"":""TCOS_NATIVE_EBAY_FEED_V1"",""producer_commit_sha"":""07471ae49901220d13073aab604afbb0e223e855"",""producer_run_id"":""31970958336"",""source"":""truelycollectables.com/native-ebay"",""source_queries"":[""Matvei Michkov O-Pee-Chee Platinum rookie autograph auto""],""token_mode"":""client_credentials""}"
cand-s14-ebay-cae62ecbb78801c3206e,dh-20260731T184251Z-gha-recovery,14,2026-08-16T20:35:00.076Z,MICHKOV OPCP/opc_platinum_rookie_rainbow_or_better,Matvei Michkov,opc_platinum_rookie_parallel_or_autograph,eBay,tmg_collectables,,377209057958,https://www.ebay.com/itm/377209057958?_skw=Matvei+Michkov+O-Pee-Chee+Platinum+rookie+autograph+auto&hash=item57d36972a6%3Ag%3AXOIAAeSwE7locpFS,LIVE,2024-25 O-Pee-Chee Platinum MARQUEE ROOKIE SILVER FOIL Matvei Michkov Mint RC,"{""preliminary_scope_status"":""IMAGE_OR_IDENTITY_REVIEW_REQUIRED"",""query_family_ids"":[""matvei-michkov-opc-platinum.rookie-autographs""]}",{},,ebay|tmg-collectables|377209057958,https://i.ebayimg.com/images/g/XOIAAeSwE7locpFS/s-l225.jpg,,FALSE,FALSE,FALSE,,{},,,,NO,NO,RAW,,,,Ungraded; seller/API claim only; front/back unverified.,UNKNOWN,"[""identity_and_images_unverified""]",14.41,4.32,,,,,0,180,TRUE,,,,,,[],INSUFFICIENT,INSUFFICIENT,UNKNOWN,INSUFFICIENT,,,,,,,,,,,,,,,,,MANUAL REVIEW / UNPRICED,FALSE,FALSE,"[""exact_front_back_identity_not_verified"",""identical_completed_sales_not_persisted"",""delivered_acquisition_cost_incomplete"",""truely_collectables_owned_copy_exclusion_not_proven"",""rainbow_or_better_tier_not_image_verified"",""rainbow_or_better_not_proven_from_title_verify_images""]","{""artifact_schema"":""TRUELY_COLLECTABLES_DEAL_HUNTER_ARTIFACT_V1"",""deployment"":{""commitSha"":null,""environment"":""production"",""region"":null},""discovery_family_ids"":[""matvei-michkov-opc-platinum.rookie-autographs""],""gateway_endpoint"":""https://truelycollectables.com/api/tcos/deal-hunter-michkov-opc-platinum?perQuery=20"",""gateway_host"":""https://truelycollectables.com"",""gateway_scopes"":[""matvei_michkov_opc_platinum""],""listing_item_id"":""377209057958"",""native_schema"":""TCOS_NATIVE_EBAY_FEED_V1"",""producer_commit_sha"":""07471ae49901220d13073aab604afbb0e223e855"",""producer_run_id"":""31970958336"",""source"":""truelycollectables.com/native-ebay"",""source_queries"":[""Matvei Michkov O-Pee-Chee Platinum rookie autograph auto""],""token_mode"":""client_credentials""}"
cand-s14-ebay-d5e619c61a812f23b695,dh-20260731T184251Z-gha-recovery,14,2026-08-16T20:35:00.076Z,MICHKOV OPCP/opc_platinum_rookie_rainbow_or_better,Matvei Michkov,opc_platinum_rookie_parallel_or_autograph,eBay,tmg_collectables,,377329056982,https://www.ebay.com/itm/377329056982?_skw=Matvei+Michkov+O-Pee-Chee+Platinum+rookie+autograph+auto&hash=item57da907cd6%3Ag%3ApfsAAeSwPHBocpH6,LIVE,2024-25 O-Pee-Chee Platinum Matvei Michkov ROOKIE CARD SILVER FOIL Showmanship,"{""preliminary_scope_status"":""IMAGE_OR_IDENTITY_REVIEW_REQUIRED"",""query_family_ids"":[""matvei-michkov-opc-platinum.rookie-autographs""]}",{},,ebay|tmg-collectables|377329056982,https://i.ebayimg.com/images/g/pfsAAeSwPHBocpH6/s-l225.jpg,,FALSE,FALSE,FALSE,,{},,,,NO,NO,RAW,,,,Ungraded; seller/API claim only; front/back unverified.,UNKNOWN,"[""identity_and_images_unverified""]",14.38,4.32,,,,,0,180,TRUE,,,,,,[],INSUFFICIENT,INSUFFICIENT,UNKNOWN,INSUFFICIENT,,,,,,,,,,,,,,,,,MANUAL REVIEW / UNPRICED,FALSE,FALSE,"[""exact_front_back_identity_not_verified"",""identical_completed_sales_not_persisted"",""delivered_acquisition_cost_incomplete"",""truely_collectables_owned_copy_exclusion_not_proven"",""rainbow_or_better_tier_not_image_verified"",""rainbow_or_better_not_proven_from_title_verify_images""]","{""artifact_schema"":""TRUELY_COLLECTABLES_DEAL_HUNTER_ARTIFACT_V1"",""deployment"":{""commitSha"":null,""environment"":""production"",""region"":null},""discovery_family_ids"":[""matvei-michkov-opc-platinum.rookie-autographs""],""gateway_endpoint"":""https://truelycollectables.com/api/tcos/deal-hunter-michkov-opc-platinum?perQuery=20"",""gateway_host"":""https://truelycollectables.com"",""gateway_scopes"":[""matvei_michkov_opc_platinum""],""listing_item_id"":""377329056982"",""native_schema"":""TCOS_NATIVE_EBAY_FEED_V1"",""producer_commit_sha"":""07471ae49901220d13073aab604afbb0e223e855"",""producer_run_id"":""31970958336"",""source"":""truelycollectables.com/native-ebay"",""source_queries"":[""Matvei Michkov O-Pee-Chee Platinum rookie autograph auto""],""token_mode"":""client_credentials""}"
cand-s14-ebay-5061ae91c0482ce649e0,dh-20260731T184251Z-gha-recovery,14,2026-08-16T20:35:00.076Z,MICHKOV OPCP/opc_platinum_rookie_rainbow_or_better,Matvei Michkov,opc_platinum_rookie_parallel_or_autograph,eBay,tmg_collectables,,377324246629,https://www.ebay.com/itm/377324246629?_skw=Matvei+Michkov+O-Pee-Chee+Platinum+rookie+autograph+auto&hash=item57da471665%3Ag%3Ay48AAeSwuORocpKQ,LIVE,2024-25 O-Pee-Chee Platinum Matvei Michkov ROOKIE CARD Sweet Selections Mint RC.,"{""preliminary_scope_status"":""IMAGE_OR_IDENTITY_REVIEW_REQUIRED"",""query_family_ids"":[""matvei-michkov-opc-platinum.rookie-autographs""]}",{},,ebay|tmg-collectables|377324246629,https://i.ebayimg.com/images/g/y48AAeSwuORocpKQ/s-l225.jpg,,FALSE,FALSE,FALSE,,{},,,,NO,NO,RAW,,,,Ungraded; seller/API claim only; front/back unverified.,UNKNOWN,"[""identity_and_images_unverified""]",11.5,4.32,,,,,0,180,TRUE,,,,,,[],INSUFFICIENT,INSUFFICIENT,UNKNOWN,INSUFFICIENT,,,,,,,,,,,,,,,,,MANUAL REVIEW / UNPRICED,FALSE,FALSE,"[""exact_front_back_identity_not_verified"",""identical_completed_sales_not_persisted"",""delivered_acquisition_cost_incomplete"",""truely_collectables_owned_copy_exclusion_not_proven"",""rainbow_or_better_tier_not_image_verified"",""rainbow_or_better_not_proven_from_title_verify_images""]","{""artifact_schema"":""TRUELY_COLLECTABLES_DEAL_HUNTER_ARTIFACT_V1"",""deployment"":{""commitSha"":null,""environment"":""production"",""region"":null},""discovery_family_ids"":[""matvei-michkov-opc-platinum.rookie-autographs""],""gateway_endpoint"":""https://truelycollectables.com/api/tcos/deal-hunter-michkov-opc-platinum?perQuery=20"",""gateway_host"":""https://truelycollectables.com"",""gateway_scopes"":[""matvei_michkov_opc_platinum""],""listing_item_id"":""377324246629"",""native_schema"":""TCOS_NATIVE_EBAY_FEED_V1"",""producer_commit_sha"":""07471ae49901220d13073aab604afbb0e223e855"",""producer_run_id"":""31970958336"",""source"":""truelycollectables.com/native-ebay"",""source_queries"":[""Matvei Michkov O-Pee-Chee Platinum rookie autograph auto""],""token_mode"":""client_credentials""}"
cand-s14-ebay-32ad64736804522fba11,dh-20260731T184251Z-gha-recovery,14,2026-08-16T20:35:00.076Z,MICHKOV OPCP/opc_platinum_rookie_rainbow_or_better,Matvei Michkov,opc_platinum_rookie_parallel_or_autograph,eBay,carlsonkard,,397536090189,https://www.ebay.com/itm/397536090189?_skw=Matvei+Michkov+O-Pee-Chee+Platinum+rookie+autograph+auto&hash=item5c8eff584d%3Ag%3Aa%7EMAAeSw-Jdpdrhv,LIVE,2024-25 O-Pee-Chee Platinum Rookie Violet Pixels /65 Matvei Michkov #R-MM Auto,"{""preliminary_scope_status"":""DISCOVERY_SCOPE_PASS"",""query_family_ids"":[""matvei-michkov-opc-platinum.rookie-autographs""]}",{},,ebay|carlsonkard|397536090189,https://i.ebayimg.com/images/g/a~MAAeSw-Jdpdrhv/s-l225.jpg,,FALSE,FALSE,FALSE,,{},,,,CLAIMED_ONLY,NO,RAW,,,,Ungraded; seller/API claim only; front/back unverified.,UNKNOWN,"[""identity_and_images_unverified""]",300,5,,,,,0,180,TRUE,,,,,,[],INSUFFICIENT,INSUFFICIENT,UNKNOWN,INSUFFICIENT,,,,,,,,,,,,,,,,,MANUAL REVIEW / UNPRICED,FALSE,FALSE,"[""exact_front_back_identity_not_verified"",""identical_completed_sales_not_persisted"",""delivered_acquisition_cost_incomplete"",""truely_collectables_owned_copy_exclusion_not_proven"",""rainbow_or_better_tier_not_image_verified""]","{""artifact_schema"":""TRUELY_COLLECTABLES_DEAL_HUNTER_ARTIFACT_V1"",""deployment"":{""commitSha"":null,""environment"":""production"",""region"":null},""discovery_family_ids"":[""matvei-michkov-opc-platinum.rookie-autographs""],""gateway_endpoint"":""https://truelycollectables.com/api/tcos/deal-hunter-michkov-opc-platinum?perQuery=20"",""gateway_host"":""https://truelycollectables.com"",""gateway_scopes"":[""matvei_michkov_opc_platinum""],""listing_item_id"":""397536090189"",""native_schema"":""TCOS_NATIVE_EBAY_FEED_V1"",""producer_commit_sha"":""07471ae49901220d13073aab604afbb0e223e855"",""producer_run_id"":""31970958336"",""source"":""truelycollectables.com/native-ebay"",""source_queries"":[""Matvei Michkov O-Pee-Chee Platinum rookie autograph auto""],""token_mode"":""client_credentials""}"
cand-s14-ebay-3c32c4213af36338364c,dh-20260731T184251Z-gha-recovery,14,2026-08-16T20:35:00.076Z,MICHKOV OPCP/opc_platinum_rookie_rainbow_or_better,Matvei Michkov,opc_platinum_rookie_parallel_or_autograph,eBay,dtmkyle,,116700938434,https://www.ebay.com/itm/116700938434?_skw=Matvey+Michkov+OPC+Platinum+Rainbow+rookie&hash=item1b2beb00c2%3Ag%3A0FoAAeSweGxofuoi,LIVE,🔥MATVEI MICHKOV🔥24/25 OPC Platinum RAINBOW Marquee Rookie Card,"{""preliminary_scope_status"":""DISCOVERY_SCOPE_PASS"",""query_family_ids"":[""matvei-michkov-opc-platinum.matvey-first-name""]}",{},,ebay|dtmkyle|116700938434,https://i.ebayimg.com/images/g/0FoAAeSweGxofuoi/s-l225.jpg,,FALSE,FALSE,FALSE,,{},,,,NO,NO,RAW,,,,Ungraded; seller/API claim only; front/back unverified.,UNKNOWN,"[""identity_and_images_unverified""]",18.99,,,,,,0,180,TRUE,,,,,,[],INSUFFICIENT,INSUFFICIENT,UNKNOWN,INSUFFICIENT,,,,,,,,,,,,,,,,,MANUAL REVIEW / UNPRICED,FALSE,FALSE,"[""exact_front_back_identity_not_verified"",""identical_completed_sales_not_persisted"",""delivered_acquisition_cost_incomplete"",""truely_collectables_owned_copy_exclusion_not_proven"",""rainbow_or_better_tier_not_image_verified""]","{""artifact_schema"":""TRUELY_COLLECTABLES_DEAL_HUNTER_ARTIFACT_V1"",""deployment"":{""commitSha"":null,""environment"":""production"",""region"":null},""discovery_family_ids"":[""matvei-michkov-opc-platinum.matvey-first-name""],""gateway_endpoint"":""https://truelycollectables.com/api/tcos/deal-hunter-michkov-opc-platinum?perQuery=20"",""gateway_host"":""https://truelycollectables.com"",""gateway_scopes"":[""matvei_michkov_opc_platinum""],""listing_item_id"":""116700938434"",""native_schema"":""TCOS_NATIVE_EBAY_FEED_V1"",""producer_commit_sha"":""07471ae49901220d13073aab604afbb0e223e855"",""producer_run_id"":""31970958336"",""source"":""truelycollectables.com/native-ebay"",""source_queries"":[""Matvey Michkov OPC Platinum Rainbow rookie""],""token_mode"":""client_credentials""}"
cand-s14-ebay-0fe4ef81499ac08a8a89,dh-20260731T184251Z-gha-recovery,14,2026-08-16T20:35:00.076Z,MICHKOV OPCP/opc_platinum_rookie_rainbow_or_better,Matvei Michkov,opc_platinum_rookie_parallel_or_autograph,eBay,comc_consignment,,336709861177,https://www.ebay.com/itm/336709861177?_skw=Matvey+Michkov+OPC+Platinum+Rainbow+rookie&hash=item4e6578bf39%3Ag%3A1dsAAeSwc5lqZp3y,LIVE,2024 O-Pee-Chee Platinum Retro Rainbow Matvei Michkov #R92 Rookie RC READ 1tf5,"{""preliminary_scope_status"":""DISCOVERY_SCOPE_PASS"",""query_family_ids"":[""matvei-michkov-opc-platinum.matvey-first-name""]}",{},,ebay|comc-consignment|336709861177,https://i.ebayimg.com/images/g/1dsAAeSwc5lqZp3y/s-l225.jpg,,FALSE,FALSE,FALSE,,{},,,,NO,NO,RAW,,,,Ungraded; seller/API claim only; front/back unverified.,UNKNOWN,"[""identity_and_images_unverified""]",5.43,4.99,,,,,0,180,TRUE,,,,,,[],INSUFFICIENT,INSUFFICIENT,UNKNOWN,INSUFFICIENT,,,,,,,,,,,,,,,,,MANUAL REVIEW / UNPRICED,FALSE,FALSE,"[""exact_front_back_identity_not_verified"",""identical_completed_sales_not_persisted"",""delivered_acquisition_cost_incomplete"",""truely_collectables_owned_copy_exclusion_not_proven"",""rainbow_or_better_tier_not_image_verified""]","{""artifact_schema"":""TRUELY_COLLECTABLES_DEAL_HUNTER_ARTIFACT_V1"",""deployment"":{""commitSha"":null,""environment"":""production"",""region"":null},""discovery_family_ids"":[""matvei-michkov-opc-platinum.matvey-first-name""],""gateway_endpoint"":""https://truelycollectables.com/api/tcos/deal-hunter-michkov-opc-platinum?perQuery=20"",""gateway_host"":""https://truelycollectables.com"",""gateway_scopes"":[""matvei_michkov_opc_platinum""],""listing_item_id"":""336709861177"",""native_schema"":""TCOS_NATIVE_EBAY_FEED_V1"",""producer_commit_sha"":""07471ae49901220d13073aab604afbb0e223e855"",""producer_run_id"":""31970958336"",""source"":""truelycollectables.com/native-ebay"",""source_queries"":[""Matvey Michkov OPC Platinum Rainbow rookie""],""token_mode"":""client_credentials""}"
cand-s14-ebay-88e062041d37e62f5f2b,dh-20260731T184251Z-gha-recovery,14,2026-08-16T20:35:00.076Z,MICHKOV OPCP/opc_platinum_rookie_rainbow_or_better,Matvei Michkov,opc_platinum_rookie_parallel_or_autograph,eBay,comc_consignment,,257628439669,https://www.ebay.com/itm/257628439669?_skw=Matvey+Michkov+OPC+Platinum+Rainbow+rookie&hash=item3bfbda0475%3Ag%3A%7EoMAAeSwGjJqW9ON,LIVE,2024 O-Pee-Chee Platinum Retro Rookies Rainbow Matvei Michkov Rookie RC READ 9jn,"{""preliminary_scope_status"":""DISCOVERY_SCOPE_PASS"",""query_family_ids"":[""matvei-michkov-opc-platinum.matvey-first-name""]}",{},,ebay|comc-consignment|257628439669,https://i.ebayimg.com/images/g/~oMAAeSwGjJqW9ON/s-l225.jpg,,FALSE,FALSE,FALSE,,{},,,,NO,NO,RAW,,,,Ungraded; seller/API claim only; front/back unverified.,UNKNOWN,"[""identity_and_images_unverified""]",6,4.99,,,,,0,180,TRUE,,,,,,[],INSUFFICIENT,INSUFFICIENT,UNKNOWN,INSUFFICIENT,,,,,,,,,,,,,,,,,MANUAL REVIEW / UNPRICED,FALSE,FALSE,"[""exact_front_back_identity_not_verified"",""identical_completed_sales_not_persisted"",""delivered_acquisition_cost_incomplete"",""truely_collectables_owned_copy_exclusion_not_proven"",""rainbow_or_better_tier_not_image_verified""]","{""artifact_schema"":""TRUELY_COLLECTABLES_DEAL_HUNTER_ARTIFACT_V1"",""deployment"":{""commitSha"":null,""environment"":""production"",""region"":null},""discovery_family_ids"":[""matvei-michkov-opc-platinum.matvey-first-name""],""gateway_endpoint"":""https://truelycollectables.com/api/tcos/deal-hunter-michkov-opc-platinum?perQuery=20"",""gateway_host"":""https://truelycollectables.com"",""gateway_scopes"":[""matvei_michkov_opc_platinum""],""listing_item_id"":""257628439669"",""native_schema"":""TCOS_NATIVE_EBAY_FEED_V1"",""producer_commit_sha"":""07471ae49901220d13073aab604afbb0e223e855"",""producer_run_id"":""31970958336"",""source"":""truelycollectables.com/native-ebay"",""source_queries"":[""Matvey Michkov OPC Platinum Rainbow rookie""],""token_mode"":""client_credentials""}"
cand-s14-ebay-e773f7989386a8687f69,dh-20260731T184251Z-gha-recovery,14,2026-08-16T20:35:00.076Z,MLB PROSPECT/true_first_bowman,Josue De Paula,true_first_bowman_card,eBay,shoretime,,366609797510,https://www.ebay.com/itm/366609797510?_skw=Josue+De+Paula+1st+Bowman+Chrome&hash=item555ba59186%3Ag%3AdxgAAeSw-klqghz4,LIVE,2026 Bowman - Chrome Prospects Josue De Paula #BCP-83 Purple Geometric Refractor,"{""preliminary_scope_status"":""IMAGE_OR_IDENTITY_REVIEW_REQUIRED"",""query_family_ids"":[""baseball-prospect.josue-de-paula.true-first-bowman""]}",{},,ebay|shoretime|366609797510,https://i.ebayimg.com/images/g/dxgAAeSw-klqghz4/s-l225.jpg,,FALSE,FALSE,FALSE,FALSE,{},,,,NO,NO,RAW,,,,Ungraded; seller/API claim only; front/back unverified.,UNKNOWN,"[""identity_and_images_unverified""]",7.5,,,,,,0,180,TRUE,,,,,,[],INSUFFICIENT,INSUFFICIENT,UNKNOWN,INSUFFICIENT,,,,,,,,,,,,,,,,,MANUAL REVIEW / UNPRICED,FALSE,FALSE,"[""exact_front_back_identity_not_verified"",""identical_completed_sales_not_persisted"",""delivered_acquisition_cost_incomplete"",""truely_collectables_owned_copy_exclusion_not_proven"",""true_first_bowman_chronology_not_verified"",""true_first_bowman_not_proven_from_title""]","{""artifact_schema"":""TRUELY_COLLECTABLES_DEAL_HUNTER_ARTIFACT_V1"",""deployment"":{""commitSha"":null,""environment"":""production"",""region"":null},""discovery_family_ids"":[""baseball-prospect.josue-de-paula.true-first-bowman""],""gateway_endpoint"":""https://truelycollectables.com/api/tcos/deal-hunter-native-ebay?perQuery=20&scope=baseball_prospects"",""gateway_host"":""https://truelycollectables.com"",""gateway_scopes"":[""baseball_prospects""],""listing_item_id"":""366609797510"",""native_schema"":""TCOS_NATIVE_EBAY_FEED_V1"",""producer_commit_sha"":""07471ae49901220d13073aab604afbb0e223e855"",""producer_run_id"":""31970958336"",""source"":""truelycollectables.com/native-ebay"",""source_queries"":[""Josue De Paula 1st Bowman Chrome""],""token_mode"":""client_credentials""}"
cand-s14-ebay-6815c392ba8dde5ddaef,dh-20260731T184251Z-gha-recovery,14,2026-08-16T20:35:00.076Z,MLB PROSPECT/true_first_bowman,Jesus Made,true_first_bowman_card,eBay,cmcardcollector386,,257684601408,https://www.ebay.com/itm/257684601408?_skw=Jesus+Made+1st+Bowman+Chrome&hash=item3bff32fa40%3Ag%3AkdUAAeSwnCZqghj4,LIVE,2025 Bowman - Chrome Prospects Jesus Made #BCP-50 Lava Refractor /399 (RC),"{""preliminary_scope_status"":""IMAGE_OR_IDENTITY_REVIEW_REQUIRED"",""query_family_ids"":[""baseball-prospect.jesus-made.true-first-bowman""]}",{},,ebay|cmcardcollector386|257684601408,https://i.ebayimg.com/images/g/kdUAAeSwnCZqghj4/s-l225.jpg,,FALSE,FALSE,FALSE,FALSE,{},,,,NO,NO,RAW,,,,Ungraded; seller/API claim only; front/back unverified.,UNKNOWN,"[""identity_and_images_unverified""]",64.99,0,,,,,0,180,TRUE,,,,,,[],INSUFFICIENT,INSUFFICIENT,UNKNOWN,INSUFFICIENT,,,,,,,,,,,,,,,,,MANUAL REVIEW / UNPRICED,FALSE,FALSE,"[""exact_front_back_identity_not_verified"",""identical_completed_sales_not_persisted"",""delivered_acquisition_cost_incomplete"",""truely_collectables_owned_copy_exclusion_not_proven"",""true_first_bowman_chronology_not_verified"",""true_first_bowman_not_proven_from_title""]","{""artifact_schema"":""TRUELY_COLLECTABLES_DEAL_HUNTER_ARTIFACT_V1"",""deployment"":{""commitSha"":null,""environment"":""production"",""region"":null},""discovery_family_ids"":[""baseball-prospect.jesus-made.true-first-bowman""],""gateway_endpoint"":""https://truelycollectables.com/api/tcos/deal-hunter-native-ebay?perQuery=20&scope=baseball_prospects"",""gateway_host"":""https://truelycollectables.com"",""gateway_scopes"":[""baseball_prospects""],""listing_item_id"":""257684601408"",""native_schema"":""TCOS_NATIVE_EBAY_FEED_V1"",""producer_commit_sha"":""07471ae49901220d13073aab604afbb0e223e855"",""producer_run_id"":""31970958336"",""source"":""truelycollectables.com/native-ebay"",""source_queries"":[""Jesus Made 1st Bowman Chrome""],""token_mode"":""client_credentials""}"
cand-s14-ebay-792c8f19de5fba7bd64d,dh-20260731T184251Z-gha-recovery,14,2026-08-16T20:35:00.076Z,MLB PROSPECT/true_first_bowman,Franklin Arias,true_first_bowman_card,eBay,brhuf4919,,128029934853,https://www.ebay.com/itm/128029934853?_skw=Franklin+Arias+1st+Bowman+Chrome&hash=item1dcf2dc505%3Ag%3AgQMAAeSwP%7EVqghbA,LIVE,Franklin Arias 2025 Bowman Chrome 1st Mojo Refractor #BCP-67 Red Sox,"{""preliminary_scope_status"":""DISCOVERY_SCOPE_PASS"",""query_family_ids"":[""baseball-prospect.franklin-arias.true-first-bowman""]}",{},,ebay|brhuf4919|128029934853,https://i.ebayimg.com/images/g/gQMAAeSwP~VqghbA/s-l225.jpg,,FALSE,FALSE,FALSE,FALSE,{},,,,NO,NO,RAW,,,,Ungraded; seller/API claim only; front/back unverified.,UNKNOWN,"[""identity_and_images_unverified""]",12,,,,,,0,180,TRUE,,,,,,[],INSUFFICIENT,INSUFFICIENT,UNKNOWN,INSUFFICIENT,,,,,,,,,,,,,,,,,MANUAL REVIEW / UNPRICED,FALSE,FALSE,"[""exact_front_back_identity_not_verified"",""identical_completed_sales_not_persisted"",""delivered_acquisition_cost_incomplete"",""truely_collectables_owned_copy_exclusion_not_proven"",""true_first_bowman_chronology_not_verified""]","{""artifact_schema"":""TRUELY_COLLECTABLES_DEAL_HUNTER_ARTIFACT_V1"",""deployment"":{""commitSha"":null,""environment"":""production"",""region"":null},""discovery_family_ids"":[""baseball-prospect.franklin-arias.true-first-bowman""],""gateway_endpoint"":""https://truelycollectables.com/api/tcos/deal-hunter-native-ebay?perQuery=20&scope=baseball_prospects"",""gateway_host"":""https://truelycollectables.com"",""gateway_scopes"":[""baseball_prospects""],""listing_item_id"":""128029934853"",""native_schema"":""TCOS_NATIVE_EBAY_FEED_V1"",""producer_commit_sha"":""07471ae49901220d13073aab604afbb0e223e855"",""producer_run_id"":""31970958336"",""source"":""truelycollectables.com/native-ebay"",""source_queries"":[""Franklin Arias 1st Bowman Chrome""],""token_mode"":""client_credentials""}"
cand-s14-ebay-6007bfc6dff5f8e96680,dh-20260731T184251Z-gha-recovery,14,2026-08-16T20:35:00.076Z,MLB PROSPECT/true_first_bowman,Franklin Arias,true_first_bowman_card,eBay,brhuf4919,,128029933471,https://www.ebay.com/itm/128029933471?_skw=Franklin+Arias+1st+Bowman+Chrome&hash=item1dcf2dbf9f%3Ag%3APcwAAeSwBCJqghY0,LIVE,Franklin Arias 2025 Bowman Chrome 1st Bowman Reptilian Refractor #BCP-67 Red Sox,"{""preliminary_scope_status"":""DISCOVERY_SCOPE_PASS"",""query_family_ids"":[""baseball-prospect.franklin-arias.true-first-bowman""]}",{},,ebay|brhuf4919|128029933471,https://i.ebayimg.com/images/g/PcwAAeSwBCJqghY0/s-l225.jpg,,FALSE,FALSE,FALSE,FALSE,{},,,,NO,NO,RAW,,,,Ungraded; seller/API claim only; front/back unverified.,UNKNOWN,"[""identity_and_images_unverified""]",15,,,,,,0,180,TRUE,,,,,,[],INSUFFICIENT,INSUFFICIENT,UNKNOWN,INSUFFICIENT,,,,,,,,,,,,,,,,,MANUAL REVIEW / UNPRICED,FALSE,FALSE,"[""exact_front_back_identity_not_verified"",""identical_completed_sales_not_persisted"",""delivered_acquisition_cost_incomplete"",""truely_collectables_owned_copy_exclusion_not_proven"",""true_first_bowman_chronology_not_verified""]","{""artifact_schema"":""TRUELY_COLLECTABLES_DEAL_HUNTER_ARTIFACT_V1"",""deployment"":{""commitSha"":null,""environment"":""production"",""region"":null},""discovery_family_ids"":[""baseball-prospect.franklin-arias.true-first-bowman""],""gateway_endpoint"":""https://truelycollectables.com/api/tcos/deal-hunter-native-ebay?perQuery=20&scope=baseball_prospects"",""gateway_host"":""https://truelycollectables.com"",""gateway_scopes"":[""baseball_prospects""],""listing_item_id"":""128029933471"",""native_schema"":""TCOS_NATIVE_EBAY_FEED_V1"",""producer_commit_sha"":""07471ae49901220d13073aab604afbb0e223e855"",""producer_run_id"":""31970958336"",""source"":""truelycollectables.com/native-ebay"",""source_queries"":[""Franklin Arias 1st Bowman Chrome""],""token_mode"":""client_credentials""}"
cand-s14-ebay-ea13525e2597d0a1b0e4,dh-20260731T184251Z-gha-recovery,14,2026-08-16T20:35:00.076Z,MLB PROSPECT/true_first_bowman,Jesus Made,true_first_bowman_card,eBay,dunkcitysportsandthings,,206496154201,https://www.ebay.com/itm/206496154201?_skw=Jesus+Made+1st+Bowman+Chrome&hash=item3014214259%3Ag%3Am-QAAeSwgGdqghYD,LIVE,2025 Bowman Chrome Jesus Made 1st Bowman Chrome Mega Box Mojo BGS 9.5 Prospect,"{""preliminary_scope_status"":""DISCOVERY_SCOPE_PASS"",""query_family_ids"":[""baseball-prospect.jesus-made.true-first-bowman""]}",{},,ebay|dunkcitysportsandthings|206496154201,https://i.ebayimg.com/images/g/m-QAAeSwgGdqghYD/s-l225.jpg,,FALSE,FALSE,FALSE,FALSE,{},,,,NO,NO,GRADED,BGS,9.5,,Graded; seller/API claim only; front/back unverified.,UNKNOWN,"[""identity_and_images_unverified""]",55,,,,,,0,180,TRUE,,,,,,[],INSUFFICIENT,INSUFFICIENT,UNKNOWN,INSUFFICIENT,,,,,,,,,,,,,,,,,MANUAL REVIEW / UNPRICED,FALSE,FALSE,"[""exact_front_back_identity_not_verified"",""identical_completed_sales_not_persisted"",""delivered_acquisition_cost_incomplete"",""truely_collectables_owned_copy_exclusion_not_proven"",""true_first_bowman_chronology_not_verified""]","{""artifact_schema"":""TRUELY_COLLECTABLES_DEAL_HUNTER_ARTIFACT_V1"",""deployment"":{""commitSha"":null,""environment"":""production"",""region"":null},""discovery_family_ids"":[""baseball-prospect.jesus-made.true-first-bowman""],""gateway_endpoint"":""https://truelycollectables.com/api/tcos/deal-hunter-native-ebay?perQuery=20&scope=baseball_prospects"",""gateway_host"":""https://truelycollectables.com"",""gateway_scopes"":[""baseball_prospects""],""listing_item_id"":""206496154201"",""native_schema"":""TCOS_NATIVE_EBAY_FEED_V1"",""producer_commit_sha"":""07471ae49901220d13073aab604afbb0e223e855"",""producer_run_id"":""31970958336"",""source"":""truelycollectables.com/native-ebay"",""source_queries"":[""Jesus Made 1st Bowman Chrome""],""token_mode"":""client_credentials""}"
cand-s14-ebay-35af7ee7b37be7941c59,dh-20260731T184251Z-gha-recovery,14,2026-08-16T20:35:00.076Z,MLB PROSPECT/true_first_bowman,Franklin Arias,true_first_bowman_card,eBay,rlucarelli7,,137629098717,https://www.ebay.com/itm/137629098717?_skw=Franklin+Arias+1st+Bowman+Chrome&hash=item200b5562dd%3Ag%3AUe0AAeSwtGBqghXI,LIVE,2025 Bowman Sapphire Franklin Arias Chrome 1st Prospect #BCP-67 Red Sox,"{""preliminary_scope_status"":""DISCOVERY_SCOPE_PASS"",""query_family_ids"":[""baseball-prospect.franklin-arias.true-first-bowman""]}",{},,ebay|rlucarelli7|137629098717,https://i.ebayimg.com/images/g/Ue0AAeSwtGBqghXI/s-l225.jpg,,FALSE,FALSE,FALSE,FALSE,{},,,,NO,NO,RAW,,,,Ungraded; seller/API claim only; front/back unverified.,UNKNOWN,"[""identity_and_images_unverified""]",75,,,,,,0,180,TRUE,,,,,,[],INSUFFICIENT,INSUFFICIENT,UNKNOWN,INSUFFICIENT,,,,,,,,,,,,,,,,,MANUAL REVIEW / UNPRICED,FALSE,FALSE,"[""exact_front_back_identity_not_verified"",""identical_completed_sales_not_persisted"",""delivered_acquisition_cost_incomplete"",""truely_collectables_owned_copy_exclusion_not_proven"",""true_first_bowman_chronology_not_verified""]","{""artifact_schema"":""TRUELY_COLLECTABLES_DEAL_HUNTER_ARTIFACT_V1"",""deployment"":{""commitSha"":null,""environment"":""production"",""region"":null},""discovery_family_ids"":[""baseball-prospect.franklin-arias.true-first-bowman""],""gateway_endpoint"":""https://truelycollectables.com/api/tcos/deal-hunter-native-ebay?perQuery=20&scope=baseball_prospects"",""gateway_host"":""https://truelycollectables.com"",""gateway_scopes"":[""baseball_prospects""],""listing_item_id"":""137629098717"",""native_schema"":""TCOS_NATIVE_EBAY_FEED_V1"",""producer_commit_sha"":""07471ae49901220d13073aab604afbb0e223e855"",""producer_run_id"":""31970958336"",""source"":""truelycollectables.com/native-ebay"",""source_queries"":[""Franklin Arias 1st Bowman Chrome""],""token_mode"":""client_credentials""}"
cand-s14-ebay-2ce817c9650a3c2e2c93,dh-20260731T184251Z-gha-recovery,14,2026-08-16T20:35:00.076Z,MLB PROSPECT/true_first_bowman,George Lombard Jr,true_first_bowman_card,eBay,daaronson14,,227478670356,https://www.ebay.com/itm/227478670356?_skw=George+Lombard+Jr+1st+Bowman+Chrome&hash=item34f6c90c14%3Ag%3Avj8AAeSwtixqghWl,LIVE,2024 Bowman Chrome Sapphire Prospects George Lombard Jr #BCP-222 Yankees,"{""preliminary_scope_status"":""IMAGE_OR_IDENTITY_REVIEW_REQUIRED"",""query_family_ids"":[""baseball-prospect.george-lombard-jr.true-first-bowman""]}",{},,ebay|daaronson14|227478670356,https://i.ebayimg.com/images/g/vj8AAeSwtixqghWl/s-l225.jpg,,FALSE,FALSE,FALSE,FALSE,{},,,,NO,NO,RAW,,,,Ungraded; seller/API claim only; front/back unverified.,UNKNOWN,"[""identity_and_images_unverified""]",15,,,,,,0,180,TRUE,,,,,,[],INSUFFICIENT,INSUFFICIENT,UNKNOWN,INSUFFICIENT,,,,,,,,,,,,,,,,,MANUAL REVIEW / UNPRICED,FALSE,FALSE,"[""exact_front_back_identity_not_verified"",""identical_completed_sales_not_persisted"",""delivered_acquisition_cost_incomplete"",""truely_collectables_owned_copy_exclusion_not_proven"",""true_first_bowman_chronology_not_verified"",""true_first_bowman_not_proven_from_title""]","{""artifact_schema"":""TRUELY_COLLECTABLES_DEAL_HUNTER_ARTIFACT_V1"",""deployment"":{""commitSha"":null,""environment"":""production"",""region"":null},""discovery_family_ids"":[""baseball-prospect.george-lombard-jr.true-first-bowman""],""gateway_endpoint"":""https://truelycollectables.com/api/tcos/deal-hunter-native-ebay?perQuery=20&scope=baseball_prospects"",""gateway_host"":""https://truelycollectables.com"",""gateway_scopes"":[""baseball_prospects""],""listing_item_id"":""227478670356"",""native_schema"":""TCOS_NATIVE_EBAY_FEED_V1"",""producer_commit_sha"":""07471ae49901220d13073aab604afbb0e223e855"",""producer_run_id"":""31970958336"",""source"":""truelycollectables.com/native-ebay"",""source_queries"":[""George Lombard Jr 1st Bowman Chrome""],""token_mode"":""client_credentials""}"
cand-s14-ebay-1ff1bd9a849d1c8314db,dh-20260731T184251Z-gha-recovery,14,2026-08-16T20:35:00.076Z,MLB PROSPECT/true_first_bowman,Leo De Vries,true_first_bowman_card,eBay,momoandsoncards,,278287027600,https://www.ebay.com/itm/278287027600?_skw=Leo+De+Vries+1st+Bowman+Chrome&hash=item40cb330d90%3Ag%3AZOYAAeSwtixqggmC,LIVE,2024 Bowman Chrome Prospects Leo De Vries 1st Mega Box Mojo Refractor Padres A’s,"{""preliminary_scope_status"":""DISCOVERY_SCOPE_PASS"",""query_family_ids"":[""baseball-prospect.leo-de-vries.true-first-bowman""]}",{},,ebay|momoandsoncards|278287027600,https://i.ebayimg.com/images/g/ZOYAAeSwtixqggmC/s-l225.jpg,,FALSE,FALSE,FALSE,FALSE,{},,,,NO,NO,RAW,,,,Ungraded; seller/API claim only; front/back unverified.,UNKNOWN,"[""identity_and_images_unverified""]",18,,,,,,0,180,TRUE,,,,,,[],INSUFFICIENT,INSUFFICIENT,UNKNOWN,INSUFFICIENT,,,,,,,,,,,,,,,,,MANUAL REVIEW / UNPRICED,FALSE,FALSE,"[""exact_front_back_identity_not_verified"",""identical_completed_sales_not_persisted"",""delivered_acquisition_cost_incomplete"",""truely_collectables_owned_copy_exclusion_not_proven"",""true_first_bowman_chronology_not_verified""]","{""artifact_schema"":""TRUELY_COLLECTABLES_DEAL_HUNTER_ARTIFACT_V1"",""deployment"":{""commitSha"":null,""environment"":""production"",""region"":null},""discovery_family_ids"":[""baseball-prospect.leo-de-vries.true-first-bowman""],""gateway_endpoint"":""https://truelycollectables.com/api/tcos/deal-hunter-native-ebay?perQuery=20&scope=baseball_prospects"",""gateway_host"":""https://truelycollectables.com"",""gateway_scopes"":[""baseball_prospects""],""listing_item_id"":""278287027600"",""native_schema"":""TCOS_NATIVE_EBAY_FEED_V1"",""producer_commit_sha"":""07471ae49901220d13073aab604afbb0e223e855"",""producer_run_id"":""31970958336"",""source"":""truelycollectables.com/native-ebay"",""source_queries"":[""Leo De Vries 1st Bowman Chrome""],""token_mode"":""client_credentials""}"
cand-s14-ebay-40dcad568539a3a0d7eb,dh-20260731T184251Z-gha-recovery,14,2026-08-16T20:35:00.076Z,MLB PROSPECT/true_first_bowman,Franklin Arias,true_first_bowman_card,eBay,tristatravi-0,,147509151289,https://www.ebay.com/itm/147509151289?_skw=Franklin+Arias+1st+Bowman+Chrome&hash=item22583b0639%3Ag%3A2jYAAeSwBCJqggj0,LIVE,2025 1st Bowman Chrome Prospect Auto Franklin Arias RC #CPA-FA,"{""preliminary_scope_status"":""DISCOVERY_SCOPE_PASS"",""query_family_ids"":[""baseball-prospect.franklin-arias.true-first-bowman""]}",{},,ebay|tristatravi-0|147509151289,https://i.ebayimg.com/images/g/2jYAAeSwBCJqggj0/s-l225.jpg,,FALSE,FALSE,FALSE,FALSE,{},,,,CLAIMED_ONLY,NO,RAW,,,,Ungraded; seller/API claim only; front/back unverified.,UNKNOWN,"[""identity_and_images_unverified""]",200,,,,,,0,180,TRUE,,,,,,[],INSUFFICIENT,INSUFFICIENT,UNKNOWN,INSUFFICIENT,,,,,,,,,,,,,,,,,MANUAL REVIEW / UNPRICED,FALSE,FALSE,"[""exact_front_back_identity_not_verified"",""identical_completed_sales_not_persisted"",""delivered_acquisition_cost_incomplete"",""truely_collectables_owned_copy_exclusion_not_proven"",""true_first_bowman_chronology_not_verified""]","{""artifact_schema"":""TRUELY_COLLECTABLES_DEAL_HUNTER_ARTIFACT_V1"",""deployment"":{""commitSha"":null,""environment"":""production"",""region"":null},""discovery_family_ids"":[""baseball-prospect.franklin-arias.true-first-bowman""],""gateway_endpoint"":""https://truelycollectables.com/api/tcos/deal-hunter-native-ebay?perQuery=20&scope=baseball_prospects"",""gateway_host"":""https://truelycollectables.com"",""gateway_scopes"":[""baseball_prospects""],""listing_item_id"":""147509151289"",""native_schema"":""TCOS_NATIVE_EBAY_FEED_V1"",""producer_commit_sha"":""07471ae49901220d13073aab604afbb0e223e855"",""producer_run_id"":""31970958336"",""source"":""truelycollectables.com/native-ebay"",""source_queries"":[""Franklin Arias 1st Bowman Chrome""],""token_mode"":""client_credentials""}"
cand-s14-ebay-8973b19f7d9eede38b47,dh-20260731T184251Z-gha-recovery,14,2026-08-16T20:35:00.076Z,MLB PROSPECT/true_first_bowman,Leo De Vries,true_first_bowman_card,eBay,micwo_3776,,820010712668,https://www.ebay.com/itm/820010712668?_skw=Leo+De+Vries+1st+Bowman+Chrome&hash=itembeec727e5c%3Ag%3AtDAAAeSwFz1qgf8m&amdata=enc%3AAQALAAABAACCtXRWQnOEpyOqnQQ8KGYxklWudUtgQ00EVnqK3RDMzdsYE8OAqxHEzAgXDLP0tEQcTXePENRydbztyJsmmlKBUWfZT3iOgFBaLNM1ribQXgttJVQ6UWg6BhGmn3%2BHtzqKboHa8KwgplEAJHveTudS9JoZRVgowKYvxMVnWvMprRu8O7SK%2BJ0C8Dx%2FCszFIREV1AYyGEye%2FhAmf1ECOzebEwqYyMrb4YXhAQLG5aHIql7tl3RZ%2Few1gx1ChY3Y70d3MG6ylB1MeyMVoWp78pJKDsFrr162WQ3Zaz3WBu1huWsu46RxhMQVQGCMjJZrRW7QBFTUr90BDR1ASYzpRuQ%3D,LIVE,"Leo De Vries Bowman Chrome Gold Refractor, Auto Topps Gold Refractor Twins 10/50","{""preliminary_scope_status"":""IMAGE_OR_IDENTITY_REVIEW_REQUIRED"",""query_family_ids"":[""baseball-prospect.leo-de-vries.true-first-bowman""]}",{},,ebay|micwo-3776|820010712668,https://i.ebayimg.com/images/g/tDAAAeSwFz1qgf8m/s-l225.jpg,,FALSE,FALSE,FALSE,FALSE,{},,,,CLAIMED_ONLY,NO,UNKNOWN,,,,Used; seller/API claim only; front/back unverified.,UNKNOWN,"[""identity_and_images_unverified""]",249.99,0,,,,,0,180,TRUE,,,,,,[],INSUFFICIENT,INSUFFICIENT,UNKNOWN,INSUFFICIENT,,,,,,,,,,,,,,,,,MANUAL REVIEW / UNPRICED,FALSE,FALSE,"[""exact_front_back_identity_not_verified"",""identical_completed_sales_not_persisted"",""delivered_acquisition_cost_incomplete"",""truely_collectables_owned_copy_exclusion_not_proven"",""true_first_bowman_chronology_not_verified"",""true_first_bowman_not_proven_from_title""]","{""artifact_schema"":""TRUELY_COLLECTABLES_DEAL_HUNTER_ARTIFACT_V1"",""deployment"":{""commitSha"":null,""environment"":""production"",""region"":null},""discovery_family_ids"":[""baseball-prospect.leo-de-vries.true-first-bowman""],""gateway_endpoint"":""https://truelycollectables.com/api/tcos/deal-hunter-native-ebay?perQuery=20&scope=baseball_prospects"",""gateway_host"":""https://truelycollectables.com"",""gateway_scopes"":[""baseball_prospects""],""listing_item_id"":""820010712668"",""native_schema"":""TCOS_NATIVE_EBAY_FEED_V1"",""producer_commit_sha"":""07471ae49901220d13073aab604afbb0e223e855"",""producer_run_id"":""31970958336"",""source"":""truelycollectables.com/native-ebay"",""source_queries"":[""Leo De Vries 1st Bowman Chrome""],""token_mode"":""client_credentials""}"
cand-s14-ebay-4b1ef3f0aec891c564e5,dh-20260731T184251Z-gha-recovery,14,2026-08-16T20:35:00.076Z,MLB PROSPECT/true_first_bowman,Franklin Arias,true_first_bowman_card,eBay,bosoxinferno,,206495932291,https://www.ebay.com/itm/206495932291?_skw=Franklin+Arias+1st+Bowman+Chrome&hash=item30141ddf83%3Ag%3ATCgAAeSwBKJp-iAZ,LIVE,2025 Bowman Chrome Franklin Arias 1st Mojo Refractor Centered #BCP-67 Red Sox RC,"{""preliminary_scope_status"":""DISCOVERY_SCOPE_PASS"",""query_family_ids"":[""baseball-prospect.franklin-arias.true-first-bowman""]}",{},,ebay|bosoxinferno|206495932291,https://i.ebayimg.com/images/g/TCgAAeSwBKJp-iAZ/s-l225.jpg,,FALSE,FALSE,FALSE,FALSE,{},,,,NO,NO,RAW,,,,Ungraded; seller/API claim only; front/back unverified.,UNKNOWN,"[""identity_and_images_unverified""]",17.99,1.36,,,,,0,180,TRUE,,,,,,[],INSUFFICIENT,INSUFFICIENT,UNKNOWN,INSUFFICIENT,,,,,,,,,,,,,,,,,MANUAL REVIEW / UNPRICED,FALSE,FALSE,"[""exact_front_back_identity_not_verified"",""identical_completed_sales_not_persisted"",""delivered_acquisition_cost_incomplete"",""truely_collectables_owned_copy_exclusion_not_proven"",""true_first_bowman_chronology_not_verified""]","{""artifact_schema"":""TRUELY_COLLECTABLES_DEAL_HUNTER_ARTIFACT_V1"",""deployment"":{""commitSha"":null,""environment"":""production"",""region"":null},""discovery_family_ids"":[""baseball-prospect.franklin-arias.true-first-bowman""],""gateway_endpoint"":""https://truelycollectables.com/api/tcos/deal-hunter-native-ebay?perQuery=20&scope=baseball_prospects"",""gateway_host"":""https://truelycollectables.com"",""gateway_scopes"":[""baseball_prospects""],""listing_item_id"":""206495932291"",""native_schema"":""TCOS_NATIVE_EBAY_FEED_V1"",""producer_commit_sha"":""07471ae49901220d13073aab604afbb0e223e855"",""producer_run_id"":""31970958336"",""source"":""truelycollectables.com/native-ebay"",""source_queries"":[""Franklin Arias 1st Bowman Chrome""],""token_mode"":""client_credentials""}"
cand-s14-ebay-124447ff1c1f9829ca9d,dh-20260731T184251Z-gha-recovery,14,2026-08-16T20:35:00.076Z,MLB PROSPECT/true_first_bowman,Jesus Made,true_first_bowman_card,eBay,zmcgill16,,377423584916,https://www.ebay.com/itm/377423584916?_skw=Jesus+Made+1st+Bowman+Chrome&hash=item57e032de94%3Ag%3AJWIAAeSwn1Jqgfoa,LIVE,2026 Bowman -Chrome Prospects Jesus Made #BCP-96 Purple Raywave /250 (RC),"{""preliminary_scope_status"":""IMAGE_OR_IDENTITY_REVIEW_REQUIRED"",""query_family_ids"":[""baseball-prospect.jesus-made.true-first-bowman""]}",{},,ebay|zmcgill16|377423584916,https://i.ebayimg.com/images/g/JWIAAeSwn1Jqgfoa/s-l225.jpg,,FALSE,FALSE,FALSE,FALSE,{},,,,NO,NO,RAW,,,,Ungraded; seller/API claim only; front/back unverified.,UNKNOWN,"[""identity_and_images_unverified""]",12.5,,,,,,0,180,TRUE,,,,,,[],INSUFFICIENT,INSUFFICIENT,UNKNOWN,INSUFFICIENT,,,,,,,,,,,,,,,,,MANUAL REVIEW / UNPRICED,FALSE,FALSE,"[""exact_front_back_identity_not_verified"",""identical_completed_sales_not_persisted"",""delivered_acquisition_cost_incomplete"",""truely_collectables_owned_copy_exclusion_not_proven"",""true_first_bowman_chronology_not_verified"",""true_first_bowman_not_proven_from_title""]","{""artifact_schema"":""TRUELY_COLLECTABLES_DEAL_HUNTER_ARTIFACT_V1"",""deployment"":{""commitSha"":null,""environment"":""production"",""region"":null},""discovery_family_ids"":[""baseball-prospect.jesus-made.true-first-bowman""],""gateway_endpoint"":""https://truelycollectables.com/api/tcos/deal-hunter-native-ebay?perQuery=20&scope=baseball_prospects"",""gateway_host"":""https://truelycollectables.com"",""gateway_scopes"":[""baseball_prospects""],""listing_item_id"":""377423584916"",""native_schema"":""TCOS_NATIVE_EBAY_FEED_V1"",""producer_commit_sha"":""07471ae49901220d13073aab604afbb0e223e855"",""producer_run_id"":""31970958336"",""source"":""truelycollectables.com/native-ebay"",""source_queries"":[""Jesus Made 1st Bowman Chrome""],""token_mode"":""client_credentials""}"
cand-s14-ebay-ac3bb61382c075e7c4c6,dh-20260731T184251Z-gha-recovery,14,2026-08-16T20:35:00.076Z,MLB PROSPECT/true_first_bowman,George Lombard Jr,true_first_bowman_card,eBay,chi-town_card_co,,366609526705,https://www.ebay.com/itm/366609526705?_skw=George+Lombard+Jr+1st+Bowman+Chrome&hash=item555ba16fb1%3Ag%3Af10AAeSwaRZqgenT,LIVE,2025 Bowman Chrome - Prospects George Lombard Jr. #BCP-164 /499,"{""preliminary_scope_status"":""IMAGE_OR_IDENTITY_REVIEW_REQUIRED"",""query_family_ids"":[""baseball-prospect.george-lombard-jr.true-first-bowman""]}",{},,ebay|chi-town-card-co|366609526705,https://i.ebayimg.com/images/g/f10AAeSwaRZqgenT/s-l225.jpg,,FALSE,FALSE,FALSE,FALSE,{},,,,NO,NO,RAW,,,,Ungraded; seller/API claim only; front/back unverified.,UNKNOWN,"[""identity_and_images_unverified""]",18,1.36,,,,,0,180,TRUE,,,,,,[],INSUFFICIENT,INSUFFICIENT,UNKNOWN,INSUFFICIENT,,,,,,,,,,,,,,,,,MANUAL REVIEW / UNPRICED,FALSE,FALSE,"[""exact_front_back_identity_not_verified"",""identical_completed_sales_not_persisted"",""delivered_acquisition_cost_incomplete"",""truely_collectables_owned_copy_exclusion_not_proven"",""true_first_bowman_chronology_not_verified"",""true_first_bowman_not_proven_from_title""]","{""artifact_schema"":""TRUELY_COLLECTABLES_DEAL_HUNTER_ARTIFACT_V1"",""deployment"":{""commitSha"":null,""environment"":""production"",""region"":null},""discovery_family_ids"":[""baseball-prospect.george-lombard-jr.true-first-bowman""],""gateway_endpoint"":""https://truelycollectables.com/api/tcos/deal-hunter-native-ebay?perQuery=20&scope=baseball_prospects"",""gateway_host"":""https://truelycollectables.com"",""gateway_scopes"":[""baseball_prospects""],""listing_item_id"":""366609526705"",""native_schema"":""TCOS_NATIVE_EBAY_FEED_V1"",""producer_commit_sha"":""07471ae49901220d13073aab604afbb0e223e855"",""producer_run_id"":""31970958336"",""source"":""truelycollectables.com/native-ebay"",""source_queries"":[""George Lombard Jr 1st Bowman Chrome""],""token_mode"":""client_credentials""}"
cand-s14-ebay-97a9d97e646f7001094d,dh-20260731T184251Z-gha-recovery,14,2026-08-16T20:35:00.076Z,MLB PROSPECT/true_first_bowman,George Lombard Jr,true_first_bowman_card,eBay,*diablo12*,,117362834732,https://www.ebay.com/itm/117362834732?_skw=George+Lombard+Jr+1st+Bowman+Chrome&hash=item1b535ebd2c%3Ag%3AGOAAAeSwyShqgdyW,LIVE,2024 Bowman - Chrome Prospects George Lombard Jr. #BCP-79 (RC),"{""preliminary_scope_status"":""IMAGE_OR_IDENTITY_REVIEW_REQUIRED"",""query_family_ids"":[""baseball-prospect.george-lombard-jr.true-first-bowman""]}",{},,ebay|diablo12|117362834732,https://i.ebayimg.com/images/g/GOAAAeSwyShqgdyW/s-l225.jpg,,FALSE,FALSE,FALSE,FALSE,{},,,,NO,NO,RAW,,,,Ungraded; seller/API claim only; front/back unverified.,UNKNOWN,"[""identity_and_images_unverified""]",7,,,,,,0,180,TRUE,,,,,,[],INSUFFICIENT,INSUFFICIENT,UNKNOWN,INSUFFICIENT,,,,,,,,,,,,,,,,,MANUAL REVIEW / UNPRICED,FALSE,FALSE,"[""exact_front_back_identity_not_verified"",""identical_completed_sales_not_persisted"",""delivered_acquisition_cost_incomplete"",""truely_collectables_owned_copy_exclusion_not_proven"",""true_first_bowman_chronology_not_verified"",""true_first_bowman_not_proven_from_title""]","{""artifact_schema"":""TRUELY_COLLECTABLES_DEAL_HUNTER_ARTIFACT_V1"",""deployment"":{""commitSha"":null,""environment"":""production"",""region"":null},""discovery_family_ids"":[""baseball-prospect.george-lombard-jr.true-first-bowman""],""gateway_endpoint"":""https://truelycollectables.com/api/tcos/deal-hunter-native-ebay?perQuery=20&scope=baseball_prospects"",""gateway_host"":""https://truelycollectables.com"",""gateway_scopes"":[""baseball_prospects""],""listing_item_id"":""117362834732"",""native_schema"":""TCOS_NATIVE_EBAY_FEED_V1"",""producer_commit_sha"":""07471ae49901220d13073aab604afbb0e223e855"",""producer_run_id"":""31970958336"",""source"":""truelycollectables.com/native-ebay"",""source_queries"":[""George Lombard Jr 1st Bowman Chrome""],""token_mode"":""client_credentials""}"
cand-s14-ebay-196f60fdc1a3131d35fc,dh-20260731T184251Z-gha-recovery,14,2026-08-16T20:35:00.076Z,MLB PROSPECT/true_first_bowman,George Lombard Jr,true_first_bowman_card,eBay,rokowa64,,800518469502,https://www.ebay.com/itm/800518469502?_skw=George+Lombard+Jr+1st+Bowman+Chrome&hash=itemba629e777e%3Ag%3AnBMAAeSwqylqgda8,LIVE,George Lombard Jr. 2024 Bowman 1st Chrome Prospects #BCP-79 NY Yankees RC,"{""preliminary_scope_status"":""DISCOVERY_SCOPE_PASS"",""query_family_ids"":[""baseball-prospect.george-lombard-jr.true-first-bowman""]}",{},,ebay|rokowa64|800518469502,https://i.ebayimg.com/images/g/nBMAAeSwqylqgda8/s-l225.jpg,,FALSE,FALSE,FALSE,FALSE,{},,,,NO,NO,RAW,,,,Ungraded; seller/API claim only; front/back unverified.,UNKNOWN,"[""identity_and_images_unverified""]",6.99,,,,,,0,180,TRUE,,,,,,[],INSUFFICIENT,INSUFFICIENT,UNKNOWN,INSUFFICIENT,,,,,,,,,,,,,,,,,MANUAL REVIEW / UNPRICED,FALSE,FALSE,"[""exact_front_back_identity_not_verified"",""identical_completed_sales_not_persisted"",""delivered_acquisition_cost_incomplete"",""truely_collectables_owned_copy_exclusion_not_proven"",""true_first_bowman_chronology_not_verified""]","{""artifact_schema"":""TRUELY_COLLECTABLES_DEAL_HUNTER_ARTIFACT_V1"",""deployment"":{""commitSha"":null,""environment"":""production"",""region"":null},""discovery_family_ids"":[""baseball-prospect.george-lombard-jr.true-first-bowman""],""gateway_endpoint"":""https://truelycollectables.com/api/tcos/deal-hunter-native-ebay?perQuery=20&scope=baseball_prospects"",""gateway_host"":""https://truelycollectables.com"",""gateway_scopes"":[""baseball_prospects""],""listing_item_id"":""800518469502"",""native_schema"":""TCOS_NATIVE_EBAY_FEED_V1"",""producer_commit_sha"":""07471ae49901220d13073aab604afbb0e223e855"",""producer_run_id"":""31970958336"",""source"":""truelycollectables.com/native-ebay"",""source_queries"":[""George Lombard Jr 1st Bowman Chrome""],""token_mode"":""client_credentials""}"
cand-s14-ebay-af1a6f8b972d06e65cfc,dh-20260731T184251Z-gha-recovery,14,2026-08-16T20:35:00.076Z,MLB PROSPECT/true_first_bowman,George Lombard Jr,true_first_bowman_card,eBay,cpk3-90,,147508801266,https://www.ebay.com/itm/147508801266?_skw=George+Lombard+Jr+1st+Bowman+Chrome&hash=item225835aef2%3Ag%3AjLMAAeSwa2dqgdVS,LIVE,2024 Bowman - Chrome Prospects George Lombard Jr. #BCP-79 Mojo Refractor (RC),"{""preliminary_scope_status"":""IMAGE_OR_IDENTITY_REVIEW_REQUIRED"",""query_family_ids"":[""baseball-prospect.george-lombard-jr.true-first-bowman""]}",{},,ebay|cpk3-90|147508801266,https://i.ebayimg.com/images/g/jLMAAeSwa2dqgdVS/s-l225.jpg,,FALSE,FALSE,FALSE,FALSE,{},,,,NO,NO,RAW,,,,Ungraded; seller/API claim only; front/back unverified.,UNKNOWN,"[""identity_and_images_unverified""]",19.99,,,,,,0,180,TRUE,,,,,,[],INSUFFICIENT,INSUFFICIENT,UNKNOWN,INSUFFICIENT,,,,,,,,,,,,,,,,,MANUAL REVIEW / UNPRICED,FALSE,FALSE,"[""exact_front_back_identity_not_verified"",""identical_completed_sales_not_persisted"",""delivered_acquisition_cost_incomplete"",""truely_collectables_owned_copy_exclusion_not_proven"",""true_first_bowman_chronology_not_verified"",""true_first_bowman_not_proven_from_title""]","{""artifact_schema"":""TRUELY_COLLECTABLES_DEAL_HUNTER_ARTIFACT_V1"",""deployment"":{""commitSha"":null,""environment"":""production"",""region"":null},""discovery_family_ids"":[""baseball-prospect.george-lombard-jr.true-first-bowman""],""gateway_endpoint"":""https://truelycollectables.com/api/tcos/deal-hunter-native-ebay?perQuery=20&scope=baseball_prospects"",""gateway_host"":""https://truelycollectables.com"",""gateway_scopes"":[""baseball_prospects""],""listing_item_id"":""147508801266"",""native_schema"":""TCOS_NATIVE_EBAY_FEED_V1"",""producer_commit_sha"":""07471ae49901220d13073aab604afbb0e223e855"",""producer_run_id"":""31970958336"",""source"":""truelycollectables.com/native-ebay"",""source_queries"":[""George Lombard Jr 1st Bowman Chrome""],""token_mode"":""client_credentials""}"
cand-s14-ebay-5f5511540c3c33d23ee4,dh-20260731T184251Z-gha-recovery,14,2026-08-16T20:35:00.076Z,MLB PROSPECT/first_bowman_autograph_color_numbered,Franklin Arias,true_first_bowman_autograph_parallel,eBay,swoos_96,,407149013851,https://www.ebay.com/itm/407149013851?_skw=Franklin+Arias+1st+Bowman+autograph+color+numbered&hash=item5ecbf8eb5b%3Ag%3AWLIAAeSws4lqgdHK,LIVE,"Red Sox 9-Card Lot PSA 9 Boggs+Duran&Ramos on-card autos, numbered, color match","{""preliminary_scope_status"":""IMAGE_OR_IDENTITY_REVIEW_REQUIRED"",""query_family_ids"":[""baseball-prospect.franklin-arias.first-bowman-auto-color""]}",{},,ebay|swoos-96|407149013851,https://i.ebayimg.com/images/g/WLIAAeSws4lqgdHK/s-l225.jpg,,FALSE,FALSE,FALSE,FALSE,{},,,,NO,NO,GRADED,PSA,9,,Used; seller/API claim only; front/back unverified.,UNKNOWN,"[""identity_and_images_unverified""]",201,,,,,,0,180,TRUE,,,,,,[],INSUFFICIENT,INSUFFICIENT,UNKNOWN,INSUFFICIENT,,,,,,,,,,,,,,,,,MANUAL REVIEW / UNPRICED,FALSE,FALSE,"[""exact_front_back_identity_not_verified"",""identical_completed_sales_not_persisted"",""delivered_acquisition_cost_incomplete"",""truely_collectables_owned_copy_exclusion_not_proven"",""true_first_bowman_chronology_not_verified"",""true_first_bowman_not_proven_from_title""]","{""artifact_schema"":""TRUELY_COLLECTABLES_DEAL_HUNTER_ARTIFACT_V1"",""deployment"":{""commitSha"":null,""environment"":""production"",""region"":null},""discovery_family_ids"":[""baseball-prospect.franklin-arias.first-bowman-auto-color""],""gateway_endpoint"":""https://truelycollectables.com/api/tcos/deal-hunter-native-ebay?perQuery=20&scope=baseball_prospects"",""gateway_host"":""https://truelycollectables.com"",""gateway_scopes"":[""baseball_prospects""],""listing_item_id"":""407149013851"",""native_schema"":""TCOS_NATIVE_EBAY_FEED_V1"",""producer_commit_sha"":""07471ae49901220d13073aab604afbb0e223e855"",""producer_run_id"":""31970958336"",""source"":""truelycollectables.com/native-ebay"",""source_queries"":[""Franklin Arias 1st Bowman autograph color numbered""],""token_mode"":""client_credentials""}"
cand-s14-ebay-d8451ee0b4f2faac7e30,dh-20260731T184251Z-gha-recovery,14,2026-08-16T20:35:00.076Z,MLB PROSPECT/true_first_bowman,Jesus Made,true_first_bowman_card,eBay,prospect414,,128029522086,https://www.ebay.com/itm/128029522086?_skw=Jesus+Made+1st+Bowman+Chrome&hash=item1dcf2778a6%3Ag%3A8YAAAeSw3C1qgcTQ,LIVE,2025 Bowman Chrome Prospects 1st Jesus Made REPTILIAN BCP-50 - Brewers,"{""preliminary_scope_status"":""DISCOVERY_SCOPE_PASS"",""query_family_ids"":[""baseball-prospect.jesus-made.true-first-bowman""]}",{},,ebay|prospect414|128029522086,https://i.ebayimg.com/images/g/8YAAAeSw3C1qgcTQ/s-l225.jpg,,FALSE,FALSE,FALSE,FALSE,{},,,,NO,NO,RAW,,,,Ungraded; seller/API claim only; front/back unverified.,UNKNOWN,"[""identity_and_images_unverified""]",36.99,,,,,,0,180,TRUE,,,,,,[],INSUFFICIENT,INSUFFICIENT,UNKNOWN,INSUFFICIENT,,,,,,,,,,,,,,,,,MANUAL REVIEW / UNPRICED,FALSE,FALSE,"[""exact_front_back_identity_not_verified"",""identical_completed_sales_not_persisted"",""delivered_acquisition_cost_incomplete"",""truely_collectables_owned_copy_exclusion_not_proven"",""true_first_bowman_chronology_not_verified""]","{""artifact_schema"":""TRUELY_COLLECTABLES_DEAL_HUNTER_ARTIFACT_V1"",""deployment"":{""commitSha"":null,""environment"":""production"",""region"":null},""discovery_family_ids"":[""baseball-prospect.jesus-made.true-first-bowman""],""gateway_endpoint"":""https://truelycollectables.com/api/tcos/deal-hunter-native-ebay?perQuery=20&scope=baseball_prospects"",""gateway_host"":""https://truelycollectables.com"",""gateway_scopes"":[""baseball_prospects""],""listing_item_id"":""128029522086"",""native_schema"":""TCOS_NATIVE_EBAY_FEED_V1"",""producer_commit_sha"":""07471ae49901220d13073aab604afbb0e223e855"",""producer_run_id"":""31970958336"",""source"":""truelycollectables.com/native-ebay"",""source_queries"":[""Jesus Made 1st Bowman Chrome""],""token_mode"":""client_credentials""}"
cand-s14-ebay-0bc97a58e24cd2e24d20,dh-20260731T184251Z-gha-recovery,14,2026-08-16T20:35:00.076Z,MLB PROSPECT/true_first_bowman,Josue De Paula,true_first_bowman_card,eBay,workpaperwizard,,147508173205,https://www.ebay.com/itm/147508173205?_skw=Josue+De+Paula+1st+Bowman+Chrome&hash=item22582c1995%3Ag%3AiJUAAeSwiiFqgW3R,LIVE,2023 Bowman Sapphire Jose De Paula Chrome Prospects PSA 10,"{""preliminary_scope_status"":""IMAGE_OR_IDENTITY_REVIEW_REQUIRED"",""query_family_ids"":[""baseball-prospect.josue-de-paula.true-first-bowman""]}",{},,ebay|workpaperwizard|147508173205,https://i.ebayimg.com/images/g/iJUAAeSwiiFqgW3R/s-l225.jpg,,FALSE,FALSE,FALSE,FALSE,{},,,,NO,NO,GRADED,PSA,10,,Graded; seller/API claim only; front/back unverified.,UNKNOWN,"[""identity_and_images_unverified""]",144.99,,,,,,0,180,TRUE,,,,,,[],INSUFFICIENT,INSUFFICIENT,UNKNOWN,INSUFFICIENT,,,,,,,,,,,,,,,,,MANUAL REVIEW / UNPRICED,FALSE,FALSE,"[""exact_front_back_identity_not_verified"",""identical_completed_sales_not_persisted"",""delivered_acquisition_cost_incomplete"",""truely_collectables_owned_copy_exclusion_not_proven"",""true_first_bowman_chronology_not_verified"",""true_first_bowman_not_proven_from_title""]","{""artifact_schema"":""TRUELY_COLLECTABLES_DEAL_HUNTER_ARTIFACT_V1"",""deployment"":{""commitSha"":null,""environment"":""production"",""region"":null},""discovery_family_ids"":[""baseball-prospect.josue-de-paula.true-first-bowman""],""gateway_endpoint"":""https://truelycollectables.com/api/tcos/deal-hunter-native-ebay?perQuery=20&scope=baseball_prospects"",""gateway_host"":""https://truelycollectables.com"",""gateway_scopes"":[""baseball_prospects""],""listing_item_id"":""147508173205"",""native_schema"":""TCOS_NATIVE_EBAY_FEED_V1"",""producer_commit_sha"":""07471ae49901220d13073aab604afbb0e223e855"",""producer_run_id"":""31970958336"",""source"":""truelycollectables.com/native-ebay"",""source_queries"":[""Josue De Paula 1st Bowman Chrome""],""token_mode"":""client_credentials""}"
cand-s14-ebay-2ff105eaea009796b1f0,dh-20260731T184251Z-gha-recovery,14,2026-08-16T20:35:00.076Z,MLB PROSPECT/true_first_bowman,George Lombard Jr,true_first_bowman_card,eBay,lavieenrose18,,206494623759,https://www.ebay.com/itm/206494623759?_skw=George+Lombard+Jr+1st+Bowman+Chrome&hash=item301409e80f%3Ag%3AWg0AAeSwtH5qgUJ1,LIVE,2024 Bowman 1st Chrome George Lombard Jr. Prospect RC #BCP-79 Yankees Rookie,"{""preliminary_scope_status"":""DISCOVERY_SCOPE_PASS"",""query_family_ids"":[""baseball-prospect.george-lombard-jr.true-first-bowman""]}",{},,ebay|lavieenrose18|206494623759,https://i.ebayimg.com/images/g/Wg0AAeSwtH5qgUJ1/s-l225.jpg,,FALSE,FALSE,FALSE,FALSE,{},,,,NO,NO,RAW,,,,Ungraded; seller/API claim only; front/back unverified.,UNKNOWN,"[""identity_and_images_unverified""]",5.99,1.25,,,,,0,180,TRUE,,,,,,[],INSUFFICIENT,INSUFFICIENT,UNKNOWN,INSUFFICIENT,,,,,,,,,,,,,,,,,MANUAL REVIEW / UNPRICED,FALSE,FALSE,"[""exact_front_back_identity_not_verified"",""identical_completed_sales_not_persisted"",""delivered_acquisition_cost_incomplete"",""truely_collectables_owned_copy_exclusion_not_proven"",""true_first_bowman_chronology_not_verified""]","{""artifact_schema"":""TRUELY_COLLECTABLES_DEAL_HUNTER_ARTIFACT_V1"",""deployment"":{""commitSha"":null,""environment"":""production"",""region"":null},""discovery_family_ids"":[""baseball-prospect.george-lombard-jr.true-first-bowman""],""gateway_endpoint"":""https://truelycollectables.com/api/tcos/deal-hunter-native-ebay?perQuery=20&scope=baseball_prospects"",""gateway_host"":""https://truelycollectables.com"",""gateway_scopes"":[""baseball_prospects""],""listing_item_id"":""206494623759"",""native_schema"":""TCOS_NATIVE_EBAY_FEED_V1"",""producer_commit_sha"":""07471ae49901220d13073aab604afbb0e223e855"",""producer_run_id"":""31970958336"",""source"":""truelycollectables.com/native-ebay"",""source_queries"":[""George Lombard Jr 1st Bowman Chrome""],""token_mode"":""client_credentials""}"
cand-s14-ebay-332fdb2cc4e800e96adf,dh-20260731T184251Z-gha-recovery,14,2026-08-16T20:35:00.076Z,MLB PROSPECT/true_first_bowman,George Lombard Jr,true_first_bowman_card,eBay,732kards,,318736776476,https://www.ebay.com/itm/318736776476?_skw=George+Lombard+Jr+1st+Bowman+Chrome&hash=item4a36313d1c%3Ag%3AgEQAAeSwiiFqgSBy,LIVE,2024 Bowman Chrome George Lombard Jr. 1st Bowman Chrome Lunar Glow Yankees,"{""preliminary_scope_status"":""DISCOVERY_SCOPE_PASS"",""query_family_ids"":[""baseball-prospect.george-lombard-jr.true-first-bowman""]}",{},,ebay|732kards|318736776476,https://i.ebayimg.com/images/g/gEQAAeSwiiFqgSBy/s-l225.jpg,,FALSE,FALSE,FALSE,FALSE,{},,,,NO,NO,RAW,,,,Ungraded; seller/API claim only; front/back unverified.,UNKNOWN,"[""identity_and_images_unverified""]",25,6,,,,,0,180,TRUE,,,,,,[],INSUFFICIENT,INSUFFICIENT,UNKNOWN,INSUFFICIENT,,,,,,,,,,,,,,,,,MANUAL REVIEW / UNPRICED,FALSE,FALSE,"[""exact_front_back_identity_not_verified"",""identical_completed_sales_not_persisted"",""delivered_acquisition_cost_incomplete"",""truely_collectables_owned_copy_exclusion_not_proven"",""true_first_bowman_chronology_not_verified""]","{""artifact_schema"":""TRUELY_COLLECTABLES_DEAL_HUNTER_ARTIFACT_V1"",""deployment"":{""commitSha"":null,""environment"":""production"",""region"":null},""discovery_family_ids"":[""baseball-prospect.george-lombard-jr.true-first-bowman""],""gateway_endpoint"":""https://truelycollectables.com/api/tcos/deal-hunter-native-ebay?perQuery=20&scope=baseball_prospects"",""gateway_host"":""https://truelycollectables.com"",""gateway_scopes"":[""baseball_prospects""],""listing_item_id"":""318736776476"",""native_schema"":""TCOS_NATIVE_EBAY_FEED_V1"",""producer_commit_sha"":""07471ae49901220d13073aab604afbb0e223e855"",""producer_run_id"":""31970958336"",""source"":""truelycollectables.com/native-ebay"",""source_queries"":[""George Lombard Jr 1st Bowman Chrome""],""token_mode"":""client_credentials""}"
cand-s14-ebay-d4ad4a35f3af3cb44b0f,dh-20260731T184251Z-gha-recovery,14,2026-08-16T20:35:00.076Z,MLB PROSPECT/true_first_bowman,Franklin Arias,true_first_bowman_card,eBay,doyle215,,800515145866,https://www.ebay.com/itm/800515145866?_skw=Franklin+Arias+1st+Bowman+Chrome&hash=itemba626bc08a%3Ag%3AATAAAeSwHgFqgRCx,LIVE,2025 Bowman Chrome BCP-67 Franklin Arias 1st Boston Red Sox,"{""preliminary_scope_status"":""DISCOVERY_SCOPE_PASS"",""query_family_ids"":[""baseball-prospect.franklin-arias.true-first-bowman""]}",{},,ebay|doyle215|800515145866,https://i.ebayimg.com/images/g/ATAAAeSwHgFqgRCx/s-l225.jpg,,FALSE,FALSE,FALSE,FALSE,{},,,,NO,NO,RAW,,,,Ungraded; seller/API claim only; front/back unverified.,UNKNOWN,"[""identity_and_images_unverified""]",5.99,0,,,,,0,180,TRUE,,,,,,[],INSUFFICIENT,INSUFFICIENT,UNKNOWN,INSUFFICIENT,,,,,,,,,,,,,,,,,MANUAL REVIEW / UNPRICED,FALSE,FALSE,"[""exact_front_back_identity_not_verified"",""identical_completed_sales_not_persisted"",""delivered_acquisition_cost_incomplete"",""truely_collectables_owned_copy_exclusion_not_proven"",""true_first_bowman_chronology_not_verified""]","{""artifact_schema"":""TRUELY_COLLECTABLES_DEAL_HUNTER_ARTIFACT_V1"",""deployment"":{""commitSha"":null,""environment"":""production"",""region"":null},""discovery_family_ids"":[""baseball-prospect.franklin-arias.true-first-bowman""],""gateway_endpoint"":""https://truelycollectables.com/api/tcos/deal-hunter-native-ebay?perQuery=20&scope=baseball_prospects"",""gateway_host"":""https://truelycollectables.com"",""gateway_scopes"":[""baseball_prospects""],""listing_item_id"":""800515145866"",""native_schema"":""TCOS_NATIVE_EBAY_FEED_V1"",""producer_commit_sha"":""07471ae49901220d13073aab604afbb0e223e855"",""producer_run_id"":""31970958336"",""source"":""truelycollectables.com/native-ebay"",""source_queries"":[""Franklin Arias 1st Bowman Chrome""],""token_mode"":""client_credentials""}"
cand-s14-ebay-9981638e05b51cfa1e12,dh-20260731T184251Z-gha-recovery,14,2026-08-16T20:35:00.076Z,MLB PROSPECT/true_first_bowman,George Lombard Jr,true_first_bowman_card,eBay,doubledowncardslv,,178411203707,https://www.ebay.com/itm/178411203707?_skw=George+Lombard+Jr+1st+Bowman+Chrome&hash=item298a22ec7b%3Ag%3A3GkAAeSwvnpqgQzb,LIVE,2024 Bowman - Chrome Prospects George Lombard Jr. #BCP-79 Mojo Refractor (RC),"{""preliminary_scope_status"":""IMAGE_OR_IDENTITY_REVIEW_REQUIRED"",""query_family_ids"":[""baseball-prospect.george-lombard-jr.true-first-bowman""]}",{},,ebay|doubledowncardslv|178411203707,https://i.ebayimg.com/images/g/3GkAAeSwvnpqgQzb/s-l225.jpg,,FALSE,FALSE,FALSE,FALSE,{},,,,NO,NO,RAW,,,,Ungraded; seller/API claim only; front/back unverified.,UNKNOWN,"[""identity_and_images_unverified""]",16.99,,,,,,0,180,TRUE,,,,,,[],INSUFFICIENT,INSUFFICIENT,UNKNOWN,INSUFFICIENT,,,,,,,,,,,,,,,,,MANUAL REVIEW / UNPRICED,FALSE,FALSE,"[""exact_front_back_identity_not_verified"",""identical_completed_sales_not_persisted"",""delivered_acquisition_cost_incomplete"",""truely_collectables_owned_copy_exclusion_not_proven"",""true_first_bowman_chronology_not_verified"",""true_first_bowman_not_proven_from_title""]","{""artifact_schema"":""TRUELY_COLLECTABLES_DEAL_HUNTER_ARTIFACT_V1"",""deployment"":{""commitSha"":null,""environment"":""production"",""region"":null},""discovery_family_ids"":[""baseball-prospect.george-lombard-jr.true-first-bowman""],""gateway_endpoint"":""https://truelycollectables.com/api/tcos/deal-hunter-native-ebay?perQuery=20&scope=baseball_prospects"",""gateway_host"":""https://truelycollectables.com"",""gateway_scopes"":[""baseball_prospects""],""listing_item_id"":""178411203707"",""native_schema"":""TCOS_NATIVE_EBAY_FEED_V1"",""producer_commit_sha"":""07471ae49901220d13073aab604afbb0e223e855"",""producer_run_id"":""31970958336"",""source"":""truelycollectables.com/native-ebay"",""source_queries"":[""George Lombard Jr 1st Bowman Chrome""],""token_mode"":""client_credentials""}"
cand-s14-ebay-8c0d9037f46db7a8371d,dh-20260731T184251Z-gha-recovery,14,2026-08-16T20:35:00.076Z,MLB PROSPECT/true_first_bowman,Josue De Paula,true_first_bowman_card,eBay,katastrophe909,,147507607860,https://www.ebay.com/itm/147507607860?_skw=Josue+De+Paula+1st+Bowman+Chrome&hash=item2258237934%3Ag%3AF8EAAeSwjZxqgQgD,LIVE,2023 1st Bowman Chrome Josue De Paula PSA 10,"{""preliminary_scope_status"":""DISCOVERY_SCOPE_PASS"",""query_family_ids"":[""baseball-prospect.josue-de-paula.true-first-bowman""]}",{},,ebay|katastrophe909|147507607860,https://i.ebayimg.com/images/g/F8EAAeSwjZxqgQgD/s-l225.jpg,,FALSE,FALSE,FALSE,FALSE,{},,,,NO,NO,GRADED,PSA,10,,Graded; seller/API claim only; front/back unverified.,UNKNOWN,"[""identity_and_images_unverified""]",60,,,,,,0,180,TRUE,,,,,,[],INSUFFICIENT,INSUFFICIENT,UNKNOWN,INSUFFICIENT,,,,,,,,,,,,,,,,,MANUAL REVIEW / UNPRICED,FALSE,FALSE,"[""exact_front_back_identity_not_verified"",""identical_completed_sales_not_persisted"",""delivered_acquisition_cost_incomplete"",""truely_collectables_owned_copy_exclusion_not_proven"",""true_first_bowman_chronology_not_verified""]","{""artifact_schema"":""TRUELY_COLLECTABLES_DEAL_HUNTER_ARTIFACT_V1"",""deployment"":{""commitSha"":null,""environment"":""production"",""region"":null},""discovery_family_ids"":[""baseball-prospect.josue-de-paula.true-first-bowman""],""gateway_endpoint"":""https://truelycollectables.com/api/tcos/deal-hunter-native-ebay?perQuery=20&scope=baseball_prospects"",""gateway_host"":""https://truelycollectables.com"",""gateway_scopes"":[""baseball_prospects""],""listing_item_id"":""147507607860"",""native_schema"":""TCOS_NATIVE_EBAY_FEED_V1"",""producer_commit_sha"":""07471ae49901220d13073aab604afbb0e223e855"",""producer_run_id"":""31970958336"",""source"":""truelycollectables.com/native-ebay"",""source_queries"":[""Josue De Paula 1st Bowman Chrome""],""token_mode"":""client_credentials""}"
cand-s14-ebay-0c6123acdbf0d8662a80,dh-20260731T184251Z-gha-recovery,14,2026-08-16T20:35:00.076Z,MLB PROSPECT/true_first_bowman,Josue De Paula,true_first_bowman_card,eBay,coachbad,,158192698895,https://www.ebay.com/itm/158192698895?_skw=Josue+De+Paula+1st+Bowman+Chrome&hash=item24d505060f%3Ag%3AFK8AAeSwm6tqgQD9&amdata=enc%3AAQALAAABAACCtXRWQnOEpyOqnQQ8KGb3yP%2B3%2Bl%2Bri0Bc%2Bq1%2FMxQmwD7q49EvmjapY3xG5F6kbTtY%2BbOBQgdKChyyT7n0PO1%2FBEHIn6PN%2BzVeYpT4nf8q9exP1CwiK9ASOaX7bziMRPkNo8%2Fm5Z6W1hKeuYxRDoTeiJRk1MYzSOVzBy9HqgyeTTtYKolUp5Uf5rDYPb7dPGQDAKKDw2ZPsrHSbujulY8C3pRrjmaKoMmzve7Au0CFoFXKKx9k0E58DXRam54xc8kXqgRp684fa5o5K9lgKbITbBgyn313nAyCweAkAgjc81v0zcObyVhkYTzVk8rnk4x1LbxYUo%2FMZk1q1uP4Y6U%3D,LIVE,🔥2023 1st Bowman Chrome Josue De Paula Lunar Glow Refractor #111 PSA 10 🌖,"{""preliminary_scope_status"":""DISCOVERY_SCOPE_PASS"",""query_family_ids"":[""baseball-prospect.josue-de-paula.true-first-bowman""]}",{},,ebay|coachbad|158192698895,https://i.ebayimg.com/images/g/FK8AAeSwm6tqgQD9/s-l225.jpg,,FALSE,FALSE,FALSE,FALSE,{},,,,NO,NO,GRADED,PSA,10,,Graded; seller/API claim only; front/back unverified.,UNKNOWN,"[""identity_and_images_unverified""]",139,3.99,,,,,0,180,TRUE,,,,,,[],INSUFFICIENT,INSUFFICIENT,UNKNOWN,INSUFFICIENT,,,,,,,,,,,,,,,,,MANUAL REVIEW / UNPRICED,FALSE,FALSE,"[""exact_front_back_identity_not_verified"",""identical_completed_sales_not_persisted"",""delivered_acquisition_cost_incomplete"",""truely_collectables_owned_copy_exclusion_not_proven"",""true_first_bowman_chronology_not_verified""]","{""artifact_schema"":""TRUELY_COLLECTABLES_DEAL_HUNTER_ARTIFACT_V1"",""deployment"":{""commitSha"":null,""environment"":""production"",""region"":null},""discovery_family_ids"":[""baseball-prospect.josue-de-paula.true-first-bowman""],""gateway_endpoint"":""https://truelycollectables.com/api/tcos/deal-hunter-native-ebay?perQuery=20&scope=baseball_prospects"",""gateway_host"":""https://truelycollectables.com"",""gateway_scopes"":[""baseball_prospects""],""listing_item_id"":""158192698895"",""native_schema"":""TCOS_NATIVE_EBAY_FEED_V1"",""producer_commit_sha"":""07471ae49901220d13073aab604afbb0e223e855"",""producer_run_id"":""31970958336"",""source"":""truelycollectables.com/native-ebay"",""source_queries"":[""Josue De Paula 1st Bowman Chrome""],""token_mode"":""client_credentials""}"
cand-s14-ebay-b3220e04051a8964b788,dh-20260731T184251Z-gha-recovery,14,2026-08-16T20:35:00.076Z,MLB PROSPECT/true_first_bowman,Jesus Made,true_first_bowman_card,eBay,rlange34,,287527566113,https://www.ebay.com/itm/287527566113?_skw=Jesus+Made+1st+Bowman+Chrome&hash=item42f1fa7b21%3Ag%3AY8cAAeSwUiNqgQBF,LIVE,2025 Bowman Jesus Made #BCP-50 Chrome X-Fractor 1st Prospect,"{""preliminary_scope_status"":""DISCOVERY_SCOPE_PASS"",""query_family_ids"":[""baseball-prospect.jesus-made.true-first-bowman""]}",{},,ebay|rlange34|287527566113,https://i.ebayimg.com/images/g/Y8cAAeSwUiNqgQBF/s-l225.jpg,,FALSE,FALSE,FALSE,FALSE,{},,,,NO,NO,RAW,,,,Ungraded; seller/API claim only; front/back unverified.,UNKNOWN,"[""identity_and_images_unverified""]",45.99,6,,,,,0,180,TRUE,,,,,,[],INSUFFICIENT,INSUFFICIENT,UNKNOWN,INSUFFICIENT,,,,,,,,,,,,,,,,,MANUAL REVIEW / UNPRICED,FALSE,FALSE,"[""exact_front_back_identity_not_verified"",""identical_completed_sales_not_persisted"",""delivered_acquisition_cost_incomplete"",""truely_collectables_owned_copy_exclusion_not_proven"",""true_first_bowman_chronology_not_verified""]","{""artifact_schema"":""TRUELY_COLLECTABLES_DEAL_HUNTER_ARTIFACT_V1"",""deployment"":{""commitSha"":null,""environment"":""production"",""region"":null},""discovery_family_ids"":[""baseball-prospect.jesus-made.true-first-bowman""],""gateway_endpoint"":""https://truelycollectables.com/api/tcos/deal-hunter-native-ebay?perQuery=20&scope=baseball_prospects"",""gateway_host"":""https://truelycollectables.com"",""gateway_scopes"":[""baseball_prospects""],""listing_item_id"":""287527566113"",""native_schema"":""TCOS_NATIVE_EBAY_FEED_V1"",""producer_commit_sha"":""07471ae49901220d13073aab604afbb0e223e855"",""producer_run_id"":""31970958336"",""source"":""truelycollectables.com/native-ebay"",""source_queries"":[""Jesus Made 1st Bowman Chrome""],""token_mode"":""client_credentials""}"
cand-s14-ebay-07cf17f492f596aaa9eb,dh-20260731T184251Z-gha-recovery,14,2026-08-16T20:35:00.076Z,MLB PROSPECT/true_first_bowman,George Lombard Jr,true_first_bowman_card,eBay,aultimate-player,,188798925003,https://www.ebay.com/itm/188798925003?_skw=George+Lombard+Jr+1st+Bowman+Chrome&hash=item2bf54af8cb%3Ag%3ACL0AAeSwAY9qc8iI,LIVE,2024 Bowman George Lombard Jr. 1st Bowman Chrome #BCP-79 - Yankees QTY RC,"{""preliminary_scope_status"":""DISCOVERY_SCOPE_PASS"",""query_family_ids"":[""baseball-prospect.george-lombard-jr.true-first-bowman""]}",{},,ebay|aultimate-player|188798925003,https://i.ebayimg.com/images/g/CL0AAeSwAY9qc8iI/s-l225.jpg,,FALSE,FALSE,FALSE,FALSE,{},,,,NO,NO,RAW,,,,Ungraded; seller/API claim only; front/back unverified.,UNKNOWN,"[""identity_and_images_unverified""]",8.99,,,,,,0,180,TRUE,,,,,,[],INSUFFICIENT,INSUFFICIENT,UNKNOWN,INSUFFICIENT,,,,,,,,,,,,,,,,,MANUAL REVIEW / UNPRICED,FALSE,FALSE,"[""exact_front_back_identity_not_verified"",""identical_completed_sales_not_persisted"",""delivered_acquisition_cost_incomplete"",""truely_collectables_owned_copy_exclusion_not_proven"",""true_first_bowman_chronology_not_verified""]","{""artifact_schema"":""TRUELY_COLLECTABLES_DEAL_HUNTER_ARTIFACT_V1"",""deployment"":{""commitSha"":null,""environment"":""production"",""region"":null},""discovery_family_ids"":[""baseball-prospect.george-lombard-jr.true-first-bowman""],""gateway_endpoint"":""https://truelycollectables.com/api/tcos/deal-hunter-native-ebay?perQuery=20&scope=baseball_prospects"",""gateway_host"":""https://truelycollectables.com"",""gateway_scopes"":[""baseball_prospects""],""listing_item_id"":""188798925003"",""native_schema"":""TCOS_NATIVE_EBAY_FEED_V1"",""producer_commit_sha"":""07471ae49901220d13073aab604afbb0e223e855"",""producer_run_id"":""31970958336"",""source"":""truelycollectables.com/native-ebay"",""source_queries"":[""George Lombard Jr 1st Bowman Chrome""],""token_mode"":""client_credentials""}"
cand-s14-ebay-58dfd23cfa3c861e29c9,dh-20260731T184251Z-gha-recovery,14,2026-08-16T20:35:00.076Z,MLB PROSPECT/true_first_bowman,Josue De Paula,true_first_bowman_card,eBay,a1_collect,,377421554409,https://www.ebay.com/itm/377421554409?_skw=Josue+De+Paula+1st+Bowman+Chrome&hash=item57e013e2e9%3Ag%3Ak90AAeSwJvdqgPrO,LIVE,2023 Bowman Chrome Sapphire - Josue De Paula 1st #BCP-111 - LA Dodgers,"{""preliminary_scope_status"":""DISCOVERY_SCOPE_PASS"",""query_family_ids"":[""baseball-prospect.josue-de-paula.true-first-bowman""]}",{},,ebay|a1-collect|377421554409,https://i.ebayimg.com/images/g/k90AAeSwJvdqgPrO/s-l225.jpg,,FALSE,FALSE,FALSE,FALSE,{},,,,NO,NO,RAW,,,,Ungraded; seller/API claim only; front/back unverified.,UNKNOWN,"[""identity_and_images_unverified""]",45.99,,,,,,0,180,TRUE,,,,,,[],INSUFFICIENT,INSUFFICIENT,UNKNOWN,INSUFFICIENT,,,,,,,,,,,,,,,,,MANUAL REVIEW / UNPRICED,FALSE,FALSE,"[""exact_front_back_identity_not_verified"",""identical_completed_sales_not_persisted"",""delivered_acquisition_cost_incomplete"",""truely_collectables_owned_copy_exclusion_not_proven"",""true_first_bowman_chronology_not_verified""]","{""artifact_schema"":""TRUELY_COLLECTABLES_DEAL_HUNTER_ARTIFACT_V1"",""deployment"":{""commitSha"":null,""environment"":""production"",""region"":null},""discovery_family_ids"":[""baseball-prospect.josue-de-paula.true-first-bowman""],""gateway_endpoint"":""https://truelycollectables.com/api/tcos/deal-hunter-native-ebay?perQuery=20&scope=baseball_prospects"",""gateway_host"":""https://truelycollectables.com"",""gateway_scopes"":[""baseball_prospects""],""listing_item_id"":""377421554409"",""native_schema"":""TCOS_NATIVE_EBAY_FEED_V1"",""producer_commit_sha"":""07471ae49901220d13073aab604afbb0e223e855"",""producer_run_id"":""31970958336"",""source"":""truelycollectables.com/native-ebay"",""source_queries"":[""Josue De Paula 1st Bowman Chrome""],""token_mode"":""client_credentials""}"
cand-s14-ebay-a1be4a33e1166a728251,dh-20260731T184251Z-gha-recovery,14,2026-08-16T20:35:00.076Z,MLB PROSPECT/true_first_bowman,George Lombard Jr,true_first_bowman_card,eBay,mayanmigz,,407147591346,https://www.ebay.com/itm/407147591346?_skw=George+Lombard+Jr+1st+Bowman+Chrome&hash=item5ecbe336b2%3Ag%3AmXoAAeSwd8VqgO2C,LIVE,2024 Bowman Chrome George Lombard Jr. #BCP-79 1st Bowman New York Yankees,"{""preliminary_scope_status"":""DISCOVERY_SCOPE_PASS"",""query_family_ids"":[""baseball-prospect.george-lombard-jr.true-first-bowman""]}",{},,ebay|mayanmigz|407147591346,https://i.ebayimg.com/images/g/mXoAAeSwd8VqgO2C/s-l225.jpg,,FALSE,FALSE,FALSE,FALSE,{},,,,NO,NO,RAW,,,,Ungraded; seller/API claim only; front/back unverified.,UNKNOWN,"[""identity_and_images_unverified""]",7.99,0,,,,,0,180,TRUE,,,,,,[],INSUFFICIENT,INSUFFICIENT,UNKNOWN,INSUFFICIENT,,,,,,,,,,,,,,,,,MANUAL REVIEW / UNPRICED,FALSE,FALSE,"[""exact_front_back_identity_not_verified"",""identical_completed_sales_not_persisted"",""delivered_acquisition_cost_incomplete"",""truely_collectables_owned_copy_exclusion_not_proven"",""true_first_bowman_chronology_not_verified""]","{""artifact_schema"":""TRUELY_COLLECTABLES_DEAL_HUNTER_ARTIFACT_V1"",""deployment"":{""commitSha"":null,""environment"":""production"",""region"":null},""discovery_family_ids"":[""baseball-prospect.george-lombard-jr.true-first-bowman""],""gateway_endpoint"":""https://truelycollectables.com/api/tcos/deal-hunter-native-ebay?perQuery=20&scope=baseball_prospects"",""gateway_host"":""https://truelycollectables.com"",""gateway_scopes"":[""baseball_prospects""],""listing_item_id"":""407147591346"",""native_schema"":""TCOS_NATIVE_EBAY_FEED_V1"",""producer_commit_sha"":""07471ae49901220d13073aab604afbb0e223e855"",""producer_run_id"":""31970958336"",""source"":""truelycollectables.com/native-ebay"",""source_queries"":[""George Lombard Jr 1st Bowman Chrome""],""token_mode"":""client_credentials""}"
cand-s14-ebay-25e6c851e7ff7b183279,dh-20260731T184251Z-gha-recovery,14,2026-08-16T20:35:00.076Z,MLB PROSPECT/true_first_bowman,Franklin Arias,true_first_bowman_card,eBay,oh-sportscards,,307128602339,https://www.ebay.com/itm/307128602339?_skw=Franklin+Arias+1st+Bowman+Chrome&hash=item47824a8ee3%3Ag%3APo4AAeSwEi9qgOkQ,LIVE,Franklin Arias (RC) 1st Bowman Chrome Prospects BCP-67 Rookie 2025,"{""preliminary_scope_status"":""DISCOVERY_SCOPE_PASS"",""query_family_ids"":[""baseball-prospect.franklin-arias.true-first-bowman""]}",{},,ebay|oh-sportscards|307128602339,https://i.ebayimg.com/images/g/Po4AAeSwEi9qgOkQ/s-l225.jpg,,FALSE,FALSE,FALSE,FALSE,{},,,,NO,NO,RAW,,,,Ungraded; seller/API claim only; front/back unverified.,UNKNOWN,"[""identity_and_images_unverified""]",5,,,,,,0,180,TRUE,,,,,,[],INSUFFICIENT,INSUFFICIENT,UNKNOWN,INSUFFICIENT,,,,,,,,,,,,,,,,,MANUAL REVIEW / UNPRICED,FALSE,FALSE,"[""exact_front_back_identity_not_verified"",""identical_completed_sales_not_persisted"",""delivered_acquisition_cost_incomplete"",""truely_collectables_owned_copy_exclusion_not_proven"",""true_first_bowman_chronology_not_verified""]","{""artifact_schema"":""TRUELY_COLLECTABLES_DEAL_HUNTER_ARTIFACT_V1"",""deployment"":{""commitSha"":null,""environment"":""production"",""region"":null},""discovery_family_ids"":[""baseball-prospect.franklin-arias.true-first-bowman""],""gateway_endpoint"":""https://truelycollectables.com/api/tcos/deal-hunter-native-ebay?perQuery=20&scope=baseball_prospects"",""gateway_host"":""https://truelycollectables.com"",""gateway_scopes"":[""baseball_prospects""],""listing_item_id"":""307128602339"",""native_schema"":""TCOS_NATIVE_EBAY_FEED_V1"",""producer_commit_sha"":""07471ae49901220d13073aab604afbb0e223e855"",""producer_run_id"":""31970958336"",""source"":""truelycollectables.com/native-ebay"",""source_queries"":[""Franklin Arias 1st Bowman Chrome""],""token_mode"":""client_credentials""}"
cand-s14-ebay-f4cb6f55ccf51923ec43,dh-20260731T184251Z-gha-recovery,14,2026-08-16T20:35:00.076Z,MLB PROSPECT/true_first_bowman,George Lombard Jr,true_first_bowman_card,eBay,jefmey2,,407147426673,https://www.ebay.com/itm/407147426673?_skw=George+Lombard+Jr+1st+Bowman+Chrome&hash=item5ecbe0b371%3Ag%3AmR8AAeSwbjtqgM6V,LIVE,2024 Bowman - Chrome Prospects George Lombard Jr. PSA 8 #BCP-79 1st Bowman RC,"{""preliminary_scope_status"":""DISCOVERY_SCOPE_PASS"",""query_family_ids"":[""baseball-prospect.george-lombard-jr.true-first-bowman""]}",{},,ebay|jefmey2|407147426673,https://i.ebayimg.com/images/g/mR8AAeSwbjtqgM6V/s-l225.jpg,,FALSE,FALSE,FALSE,FALSE,{},,,,NO,NO,GRADED,PSA,8,,Graded; seller/API claim only; front/back unverified.,UNKNOWN,"[""identity_and_images_unverified""]",29.99,0,,,,,0,180,TRUE,,,,,,[],INSUFFICIENT,INSUFFICIENT,UNKNOWN,INSUFFICIENT,,,,,,,,,,,,,,,,,MANUAL REVIEW / UNPRICED,FALSE,FALSE,"[""exact_front_back_identity_not_verified"",""identical_completed_sales_not_persisted"",""delivered_acquisition_cost_incomplete"",""truely_collectables_owned_copy_exclusion_not_proven"",""true_first_bowman_chronology_not_verified""]","{""artifact_schema"":""TRUELY_COLLECTABLES_DEAL_HUNTER_ARTIFACT_V1"",""deployment"":{""commitSha"":null,""environment"":""production"",""region"":null},""discovery_family_ids"":[""baseball-prospect.george-lombard-jr.true-first-bowman""],""gateway_endpoint"":""https://truelycollectables.com/api/tcos/deal-hunter-native-ebay?perQuery=20&scope=baseball_prospects"",""gateway_host"":""https://truelycollectables.com"",""gateway_scopes"":[""baseball_prospects""],""listing_item_id"":""407147426673"",""native_schema"":""TCOS_NATIVE_EBAY_FEED_V1"",""producer_commit_sha"":""07471ae49901220d13073aab604afbb0e223e855"",""producer_run_id"":""31970958336"",""source"":""truelycollectables.com/native-ebay"",""source_queries"":[""George Lombard Jr 1st Bowman Chrome""],""token_mode"":""client_credentials""}"
cand-s14-ebay-b82c2df44b8da8fd7be5,dh-20260731T184251Z-gha-recovery,14,2026-08-16T20:35:00.076Z,MLB PROSPECT/true_first_bowman,Jesus Made,true_first_bowman_card,eBay,dondog27,,137625452533,https://www.ebay.com/itm/137625452533?_skw=Jesus+Made+1st+Bowman+Chrome&hash=item200b1dbff5%3Ag%3AugAAAeSwFU5qgMmh,LIVE,2025 Bowman Chrome Jesus Made  BCP-50 1st Bowman Brewers,"{""preliminary_scope_status"":""DISCOVERY_SCOPE_PASS"",""query_family_ids"":[""baseball-prospect.jesus-made.true-first-bowman""]}",{},,ebay|dondog27|137625452533,https://i.ebayimg.com/images/g/ugAAAeSwFU5qgMmh/s-l225.jpg,,FALSE,FALSE,FALSE,FALSE,{},,,,NO,NO,RAW,,,,Ungraded; seller/API claim only; front/back unverified.,UNKNOWN,"[""identity_and_images_unverified""]",9.99,,,,,,0,180,TRUE,,,,,,[],INSUFFICIENT,INSUFFICIENT,UNKNOWN,INSUFFICIENT,,,,,,,,,,,,,,,,,MANUAL REVIEW / UNPRICED,FALSE,FALSE,"[""exact_front_back_identity_not_verified"",""identical_completed_sales_not_persisted"",""delivered_acquisition_cost_incomplete"",""truely_collectables_owned_copy_exclusion_not_proven"",""true_first_bowman_chronology_not_verified""]","{""artifact_schema"":""TRUELY_COLLECTABLES_DEAL_HUNTER_ARTIFACT_V1"",""deployment"":{""commitSha"":null,""environment"":""production"",""region"":null},""discovery_family_ids"":[""baseball-prospect.jesus-made.true-first-bowman""],""gateway_endpoint"":""https://truelycollectables.com/api/tcos/deal-hunter-native-ebay?perQuery=20&scope=baseball_prospects"",""gateway_host"":""https://truelycollectables.com"",""gateway_scopes"":[""baseball_prospects""],""listing_item_id"":""137625452533"",""native_schema"":""TCOS_NATIVE_EBAY_FEED_V1"",""producer_commit_sha"":""07471ae49901220d13073aab604afbb0e223e855"",""producer_run_id"":""31970958336"",""source"":""truelycollectables.com/native-ebay"",""source_queries"":[""Jesus Made 1st Bowman Chrome""],""token_mode"":""client_credentials""}"
cand-s14-ebay-7e61273632fabd28041e,dh-20260731T184251Z-gha-recovery,14,2026-08-16T20:35:00.076Z,MLB PROSPECT/true_first_bowman,Josue De Paula,true_first_bowman_card,eBay,zksportscards,,257682433307,https://www.ebay.com/itm/257682433307?_skw=Josue+De+Paula+1st+Bowman+Chrome&hash=item3bff11e51b%3Ag%3AT80AAeSwlP5qgLOK,LIVE,Josue De Paula 2023 1st Bowman Chrome Mega Refractor #BCP-111 LA Dodgers,"{""preliminary_scope_status"":""DISCOVERY_SCOPE_PASS"",""query_family_ids"":[""baseball-prospect.josue-de-paula.true-first-bowman""]}",{},,ebay|zksportscards|257682433307,https://i.ebayimg.com/images/g/T80AAeSwlP5qgLOK/s-l225.jpg,,FALSE,FALSE,FALSE,FALSE,{},,,,NO,NO,RAW,,,,Ungraded; seller/API claim only; front/back unverified.,UNKNOWN,"[""identity_and_images_unverified""]",9.99,0.99,,,,,0,180,TRUE,,,,,,[],INSUFFICIENT,INSUFFICIENT,UNKNOWN,INSUFFICIENT,,,,,,,,,,,,,,,,,MANUAL REVIEW / UNPRICED,FALSE,FALSE,"[""exact_front_back_identity_not_verified"",""identical_completed_sales_not_persisted"",""delivered_acquisition_cost_incomplete"",""truely_collectables_owned_copy_exclusion_not_proven"",""true_first_bowman_chronology_not_verified""]","{""artifact_schema"":""TRUELY_COLLECTABLES_DEAL_HUNTER_ARTIFACT_V1"",""deployment"":{""commitSha"":null,""environment"":""production"",""region"":null},""discovery_family_ids"":[""baseball-prospect.josue-de-paula.true-first-bowman""],""gateway_endpoint"":""https://truelycollectables.com/api/tcos/deal-hunter-native-ebay?perQuery=20&scope=baseball_prospects"",""gateway_host"":""https://truelycollectables.com"",""gateway_scopes"":[""baseball_prospects""],""listing_item_id"":""257682433307"",""native_schema"":""TCOS_NATIVE_EBAY_FEED_V1"",""producer_commit_sha"":""07471ae49901220d13073aab604afbb0e223e855"",""producer_run_id"":""31970958336"",""source"":""truelycollectables.com/native-ebay"",""source_queries"":[""Josue De Paula 1st Bowman Chrome""],""token_mode"":""client_credentials""}"
cand-s14-ebay-55b09d7d26dc456c4e4c,dh-20260731T184251Z-gha-recovery,14,2026-08-16T20:35:00.076Z,MLB PROSPECT/true_first_bowman,Franklin Arias,true_first_bowman_card,eBay,zero_cool_88,,137624971033,https://www.ebay.com/itm/137624971033?_skw=Franklin+Arias+1st+Bowman+Chrome&hash=item200b166719%3Ag%3AUxUAAeSwawdqgJxz,LIVE,Franklin Arias 2025 Bowman Chrome Prospects Mega Box Mojo Refractor 1st #BCP-67,"{""preliminary_scope_status"":""DISCOVERY_SCOPE_PASS"",""query_family_ids"":[""baseball-prospect.franklin-arias.true-first-bowman""]}",{},,ebay|zero-cool-88|137624971033,https://i.ebayimg.com/images/g/UxUAAeSwawdqgJxz/s-l225.jpg,,FALSE,FALSE,FALSE,FALSE,{},,,,NO,NO,RAW,,,,Ungraded; seller/API claim only; front/back unverified.,UNKNOWN,"[""identity_and_images_unverified""]",9.99,,,,,,0,180,TRUE,,,,,,[],INSUFFICIENT,INSUFFICIENT,UNKNOWN,INSUFFICIENT,,,,,,,,,,,,,,,,,MANUAL REVIEW / UNPRICED,FALSE,FALSE,"[""exact_front_back_identity_not_verified"",""identical_completed_sales_not_persisted"",""delivered_acquisition_cost_incomplete"",""truely_collectables_owned_copy_exclusion_not_proven"",""true_first_bowman_chronology_not_verified""]","{""artifact_schema"":""TRUELY_COLLECTABLES_DEAL_HUNTER_ARTIFACT_V1"",""deployment"":{""commitSha"":null,""environment"":""production"",""region"":null},""discovery_family_ids"":[""baseball-prospect.franklin-arias.true-first-bowman""],""gateway_endpoint"":""https://truelycollectables.com/api/tcos/deal-hunter-native-ebay?perQuery=20&scope=baseball_prospects"",""gateway_host"":""https://truelycollectables.com"",""gateway_scopes"":[""baseball_prospects""],""listing_item_id"":""137624971033"",""native_schema"":""TCOS_NATIVE_EBAY_FEED_V1"",""producer_commit_sha"":""07471ae49901220d13073aab604afbb0e223e855"",""producer_run_id"":""31970958336"",""source"":""truelycollectables.com/native-ebay"",""source_queries"":[""Franklin Arias 1st Bowman Chrome""],""token_mode"":""client_credentials""}"
cand-s14-ebay-7f2e8dabcdda35298383,dh-20260731T184251Z-gha-recovery,14,2026-08-16T20:35:00.076Z,MLB PROSPECT/true_first_bowman,Josue De Paula,true_first_bowman_card,eBay,azcards818,,398289281151,https://www.ebay.com/itm/398289281151?_skw=Josue+De+Paula+1st+Bowman+Chrome&hash=item5cbbe4207f%3Ag%3AvsQAAeSwQGhqgJWZ&amdata=enc%3AAQALAAABAACCtXRWQnOEpyOqnQQ8KGasGnrMgGqOdXsibfozZcj5W8OQjnlCKPjJVC%2Bmlk1Bjplq6BfoBINSY%2BXhh9OTQCmjPK7UPyxDQ8IVHQRqNgwNRBrKTDTs9So1YXM7CZgdnjeSRkjdpuN7MuL7MuPgl3sDqqo2lQ7y1zt%2FfQd2DRPQTb1UhUcnYfcbX1BBqJBgTXPhrR6d6uV%2Fdii%2B5nT%2FAWHwSbANCRNf5Xj0jIUN%2FitBYOeARm4oT4t80dTakiGD6nFK48dwLPcDHcRwaxa%2F1CfdOrbAMoArq65PBmnXFfMd7K%2FeOJTrHp102N%2BIpg1Hi9%2BuDEEeCRCwLiRnts2ev%2BE%3D,LIVE,Topps 2025 MLB Prospect 5 Card Lot #/99Bowman Chrome/Sterling 1st De Paula UR-14,"{""preliminary_scope_status"":""DISCOVERY_SCOPE_PASS"",""query_family_ids"":[""baseball-prospect.josue-de-paula.true-first-bowman""]}",{},,ebay|azcards818|398289281151,https://i.ebayimg.com/images/g/vsQAAeSwQGhqgJWZ/s-l225.jpg,,FALSE,FALSE,FALSE,FALSE,{},,,,NO,NO,UNKNOWN,,,,New; seller/API claim only; front/back unverified.,UNKNOWN,"[""identity_and_images_unverified""]",20,,,,,,0,180,TRUE,,,,,,[],INSUFFICIENT,INSUFFICIENT,UNKNOWN,INSUFFICIENT,,,,,,,,,,,,,,,,,MANUAL REVIEW / UNPRICED,FALSE,FALSE,"[""exact_front_back_identity_not_verified"",""identical_completed_sales_not_persisted"",""delivered_acquisition_cost_incomplete"",""truely_collectables_owned_copy_exclusion_not_proven"",""true_first_bowman_chronology_not_verified""]","{""artifact_schema"":""TRUELY_COLLECTABLES_DEAL_HUNTER_ARTIFACT_V1"",""deployment"":{""commitSha"":null,""environment"":""production"",""region"":null},""discovery_family_ids"":[""baseball-prospect.josue-de-paula.true-first-bowman""],""gateway_endpoint"":""https://truelycollectables.com/api/tcos/deal-hunter-native-ebay?perQuery=20&scope=baseball_prospects"",""gateway_host"":""https://truelycollectables.com"",""gateway_scopes"":[""baseball_prospects""],""listing_item_id"":""398289281151"",""native_schema"":""TCOS_NATIVE_EBAY_FEED_V1"",""producer_commit_sha"":""07471ae49901220d13073aab604afbb0e223e855"",""producer_run_id"":""31970958336"",""source"":""truelycollectables.com/native-ebay"",""source_queries"":[""Josue De Paula 1st Bowman Chrome""],""token_mode"":""client_credentials""}"
cand-s14-ebay-d64899a0e873f4ae7f62,dh-20260731T184251Z-gha-recovery,14,2026-08-16T20:35:00.076Z,MLB PROSPECT/true_first_bowman,Franklin Arias,true_first_bowman_card,eBay,fenway013,,188797060095,https://www.ebay.com/itm/188797060095?_skw=Franklin+Arias+1st+Bowman+Chrome&hash=item2bf52e83ff%3Ag%3AIJAAAeSwUcpqgHjZ,LIVE,2025 Bowman Chrome 1st Franklin Arias Aqua Shimmer Refractor # /125 Red Sox,"{""preliminary_scope_status"":""DISCOVERY_SCOPE_PASS"",""query_family_ids"":[""baseball-prospect.franklin-arias.true-first-bowman""]}",{},,ebay|fenway013|188797060095,https://i.ebayimg.com/images/g/IJAAAeSwUcpqgHjZ/s-l225.jpg,,FALSE,FALSE,FALSE,FALSE,{},,,,NO,NO,RAW,,,,Ungraded; seller/API claim only; front/back unverified.,UNKNOWN,"[""identity_and_images_unverified""]",95,,,,,,0,180,TRUE,,,,,,[],INSUFFICIENT,INSUFFICIENT,UNKNOWN,INSUFFICIENT,,,,,,,,,,,,,,,,,MANUAL REVIEW / UNPRICED,FALSE,FALSE,"[""exact_front_back_identity_not_verified"",""identical_completed_sales_not_persisted"",""delivered_acquisition_cost_incomplete"",""truely_collectables_owned_copy_exclusion_not_proven"",""true_first_bowman_chronology_not_verified""]","{""artifact_schema"":""TRUELY_COLLECTABLES_DEAL_HUNTER_ARTIFACT_V1"",""deployment"":{""commitSha"":null,""environment"":""production"",""region"":null},""discovery_family_ids"":[""baseball-prospect.franklin-arias.true-first-bowman""],""gateway_endpoint"":""https://truelycollectables.com/api/tcos/deal-hunter-native-ebay?perQuery=20&scope=baseball_prospects"",""gateway_host"":""https://truelycollectables.com"",""gateway_scopes"":[""baseball_prospects""],""listing_item_id"":""188797060095"",""native_schema"":""TCOS_NATIVE_EBAY_FEED_V1"",""producer_commit_sha"":""07471ae49901220d13073aab604afbb0e223e855"",""producer_run_id"":""31970958336"",""source"":""truelycollectables.com/native-ebay"",""source_queries"":[""Franklin Arias 1st Bowman Chrome""],""token_mode"":""client_credentials""}"
cand-s14-ebay-995e1226434ba8394cd1,dh-20260731T184251Z-gha-recovery,14,2026-08-16T20:35:00.076Z,MLB PROSPECT/true_first_bowman,Franklin Arias,true_first_bowman_card,eBay,warhog_cards,,800512923185,https://www.ebay.com/itm/800512923185?_skw=Franklin+Arias+1st+Bowman+Chrome&hash=itemba6249d631%3Ag%3A9DMAAeSw-BBqgHUq,LIVE,2025 Bowman Sapphire Franklin Arias 1st Bowman Sapphire Prospect,"{""preliminary_scope_status"":""DISCOVERY_SCOPE_PASS"",""query_family_ids"":[""baseball-prospect.franklin-arias.true-first-bowman""]}",{},,ebay|warhog-cards|800512923185,https://i.ebayimg.com/images/g/9DMAAeSw-BBqgHUq/s-l225.jpg,,FALSE,FALSE,FALSE,FALSE,{},,,,NO,NO,RAW,,,,Ungraded; seller/API claim only; front/back unverified.,UNKNOWN,"[""identity_and_images_unverified""]",32,3,,,,,0,180,TRUE,,,,,,[],INSUFFICIENT,INSUFFICIENT,UNKNOWN,INSUFFICIENT,,,,,,,,,,,,,,,,,MANUAL REVIEW / UNPRICED,FALSE,FALSE,"[""exact_front_back_identity_not_verified"",""identical_completed_sales_not_persisted"",""delivered_acquisition_cost_incomplete"",""truely_collectables_owned_copy_exclusion_not_proven"",""true_first_bowman_chronology_not_verified""]","{""artifact_schema"":""TRUELY_COLLECTABLES_DEAL_HUNTER_ARTIFACT_V1"",""deployment"":{""commitSha"":null,""environment"":""production"",""region"":null},""discovery_family_ids"":[""baseball-prospect.franklin-arias.true-first-bowman""],""gateway_endpoint"":""https://truelycollectables.com/api/tcos/deal-hunter-native-ebay?perQuery=20&scope=baseball_prospects"",""gateway_host"":""https://truelycollectables.com"",""gateway_scopes"":[""baseball_prospects""],""listing_item_id"":""800512923185"",""native_schema"":""TCOS_NATIVE_EBAY_FEED_V1"",""producer_commit_sha"":""07471ae49901220d13073aab604afbb0e223e855"",""producer_run_id"":""31970958336"",""source"":""truelycollectables.com/native-ebay"",""source_queries"":[""Franklin Arias 1st Bowman Chrome""],""token_mode"":""client_credentials""}"
cand-s14-ebay-16a3e7fdd5306209f952,dh-20260731T184251Z-gha-recovery,14,2026-08-16T20:35:00.076Z,MLB PROSPECT/true_first_bowman,Jesus Made,true_first_bowman_card,eBay,derlo619,,307127332919,https://www.ebay.com/itm/307127332919?_skw=Jesus+Made+1st+Bowman+Chrome&hash=item4782373037%3Ag%3AwPEAAeSwhyNqf-Fu,LIVE,**Jesus Made** PSA 9 2025 1st Bowman Chrome Prospects Mega Box Mojo Refractor SP,"{""preliminary_scope_status"":""DISCOVERY_SCOPE_PASS"",""query_family_ids"":[""baseball-prospect.jesus-made.true-first-bowman""]}",{},,ebay|derlo619|307127332919,https://i.ebayimg.com/images/g/wPEAAeSwhyNqf-Fu/s-l225.jpg,,FALSE,FALSE,FALSE,FALSE,{},,,,NO,NO,GRADED,PSA,9,,Graded; seller/API claim only; front/back unverified.,UNKNOWN,"[""identity_and_images_unverified""]",45,,,,,,0,180,TRUE,,,,,,[],INSUFFICIENT,INSUFFICIENT,UNKNOWN,INSUFFICIENT,,,,,,,,,,,,,,,,,MANUAL REVIEW / UNPRICED,FALSE,FALSE,"[""exact_front_back_identity_not_verified"",""identical_completed_sales_not_persisted"",""delivered_acquisition_cost_incomplete"",""truely_collectables_owned_copy_exclusion_not_proven"",""true_first_bowman_chronology_not_verified""]","{""artifact_schema"":""TRUELY_COLLECTABLES_DEAL_HUNTER_ARTIFACT_V1"",""deployment"":{""commitSha"":null,""environment"":""production"",""region"":null},""discovery_family_ids"":[""baseball-prospect.jesus-made.true-first-bowman""],""gateway_endpoint"":""https://truelycollectables.com/api/tcos/deal-hunter-native-ebay?perQuery=20&scope=baseball_prospects"",""gateway_host"":""https://truelycollectables.com"",""gateway_scopes"":[""baseball_prospects""],""listing_item_id"":""307127332919"",""native_schema"":""TCOS_NATIVE_EBAY_FEED_V1"",""producer_commit_sha"":""07471ae49901220d13073aab604afbb0e223e855"",""producer_run_id"":""31970958336"",""source"":""truelycollectables.com/native-ebay"",""source_queries"":[""Jesus Made 1st Bowman Chrome""],""token_mode"":""client_credentials""}"
cand-s14-ebay-ce739f06b1dad6bb8912,dh-20260731T184251Z-gha-recovery,14,2026-08-16T20:35:00.076Z,MLB PROSPECT/true_first_bowman,Leo De Vries,true_first_bowman_card,eBay,akcheney2013,,158189150976,https://www.ebay.com/itm/158189150976?_skw=Leo+De+Vries+1st+Bowman+Chrome&hash=item24d4cee300%3Ag%3ANvcAAeSwCsZqf5Dz,LIVE,2024 Bowman Chrome - 1st Leo De Vries BCP179 Pink Mega Box Refractor /199 PSA 9,"{""preliminary_scope_status"":""DISCOVERY_SCOPE_PASS"",""query_family_ids"":[""baseball-prospect.leo-de-vries.true-first-bowman""]}",{},,ebay|akcheney2013|158189150976,https://i.ebayimg.com/images/g/NvcAAeSwCsZqf5Dz/s-l225.jpg,,FALSE,FALSE,FALSE,FALSE,{},,,,NO,NO,GRADED,PSA,9,,Graded; seller/API claim only; front/back unverified.,UNKNOWN,"[""identity_and_images_unverified""]",80,,,,,,0,180,TRUE,,,,,,[],INSUFFICIENT,INSUFFICIENT,UNKNOWN,INSUFFICIENT,,,,,,,,,,,,,,,,,MANUAL REVIEW / UNPRICED,FALSE,FALSE,"[""exact_front_back_identity_not_verified"",""identical_completed_sales_not_persisted"",""delivered_acquisition_cost_incomplete"",""truely_collectables_owned_copy_exclusion_not_proven"",""true_first_bowman_chronology_not_verified""]","{""artifact_schema"":""TRUELY_COLLECTABLES_DEAL_HUNTER_ARTIFACT_V1"",""deployment"":{""commitSha"":null,""environment"":""production"",""region"":null},""discovery_family_ids"":[""baseball-prospect.leo-de-vries.true-first-bowman""],""gateway_endpoint"":""https://truelycollectables.com/api/tcos/deal-hunter-native-ebay?perQuery=20&scope=baseball_prospects"",""gateway_host"":""https://truelycollectables.com"",""gateway_scopes"":[""baseball_prospects""],""listing_item_id"":""158189150976"",""native_schema"":""TCOS_NATIVE_EBAY_FEED_V1"",""producer_commit_sha"":""07471ae49901220d13073aab604afbb0e223e855"",""producer_run_id"":""31970958336"",""source"":""truelycollectables.com/native-ebay"",""source_queries"":[""Leo De Vries 1st Bowman Chrome""],""token_mode"":""client_credentials""}"
cand-s14-ebay-df11da46987d498aef42,dh-20260731T184251Z-gha-recovery,14,2026-08-16T20:35:00.076Z,MLB PROSPECT/true_first_bowman,Josue De Paula,true_first_bowman_card,eBay,pnw-406cardcollecting,,128025884282,https://www.ebay.com/itm/128025884282?_skw=Josue+De+Paula+1st+Bowman+Chrome&hash=item1dceeff67a%3Ag%3AzKsAAeSw2RBqfk1x,LIVE,Josue De Paula 1st Chrome Prospect Rookie RC 2023 Bowman Card BCP-111 LA Dodgers,"{""preliminary_scope_status"":""DISCOVERY_SCOPE_PASS"",""query_family_ids"":[""baseball-prospect.josue-de-paula.true-first-bowman""]}",{},,ebay|pnw-406cardcollecting|128025884282,https://i.ebayimg.com/images/g/zKsAAeSw2RBqfk1x/s-l225.jpg,,FALSE,FALSE,FALSE,FALSE,{},,,,NO,NO,RAW,,,,Ungraded; seller/API claim only; front/back unverified.,UNKNOWN,"[""identity_and_images_unverified""]",3.99,0,,,,,0,180,TRUE,,,,,,[],INSUFFICIENT,INSUFFICIENT,UNKNOWN,INSUFFICIENT,,,,,,,,,,,,,,,,,MANUAL REVIEW / UNPRICED,FALSE,FALSE,"[""exact_front_back_identity_not_verified"",""identical_completed_sales_not_persisted"",""delivered_acquisition_cost_incomplete"",""truely_collectables_owned_copy_exclusion_not_proven"",""true_first_bowman_chronology_not_verified""]","{""artifact_schema"":""TRUELY_COLLECTABLES_DEAL_HUNTER_ARTIFACT_V1"",""deployment"":{""commitSha"":null,""environment"":""production"",""region"":null},""discovery_family_ids"":[""baseball-prospect.josue-de-paula.true-first-bowman""],""gateway_endpoint"":""https://truelycollectables.com/api/tcos/deal-hunter-native-ebay?perQuery=20&scope=baseball_prospects"",""gateway_host"":""https://truelycollectables.com"",""gateway_scopes"":[""baseball_prospects""],""listing_item_id"":""128025884282"",""native_schema"":""TCOS_NATIVE_EBAY_FEED_V1"",""producer_commit_sha"":""07471ae49901220d13073aab604afbb0e223e855"",""producer_run_id"":""31970958336"",""source"":""truelycollectables.com/native-ebay"",""source_queries"":[""Josue De Paula 1st Bowman Chrome""],""token_mode"":""client_credentials""}"
cand-s14-ebay-ca8d9bc4b51dceb57db0,dh-20260731T184251Z-gha-recovery,14,2026-08-16T20:35:00.076Z,MLB PROSPECT/true_first_bowman,Leo De Vries,true_first_bowman_card,eBay,nelpalo_0,,168612287538,https://www.ebay.com/itm/168612287538?_skw=Leo+De+Vries+1st+Bowman+Chrome&hash=item2742135432%3Ag%3ALskAAeSwtGBqfoBJ,LIVE,2024 Bowman Chrome Leo De Vries 1st Mega Box Mojo Refractor ATHLETICS,"{""preliminary_scope_status"":""DISCOVERY_SCOPE_PASS"",""query_family_ids"":[""baseball-prospect.leo-de-vries.true-first-bowman""]}",{},,ebay|nelpalo-0|168612287538,https://i.ebayimg.com/images/g/LskAAeSwtGBqfoBJ/s-l225.jpg,,FALSE,FALSE,FALSE,FALSE,{},,,,NO,NO,RAW,,,,Ungraded; seller/API claim only; front/back unverified.,UNKNOWN,"[""identity_and_images_unverified""]",19.95,,,,,,0,180,TRUE,,,,,,[],INSUFFICIENT,INSUFFICIENT,UNKNOWN,INSUFFICIENT,,,,,,,,,,,,,,,,,MANUAL REVIEW / UNPRICED,FALSE,FALSE,"[""exact_front_back_identity_not_verified"",""identical_completed_sales_not_persisted"",""delivered_acquisition_cost_incomplete"",""truely_collectables_owned_copy_exclusion_not_proven"",""true_first_bowman_chronology_not_verified""]","{""artifact_schema"":""TRUELY_COLLECTABLES_DEAL_HUNTER_ARTIFACT_V1"",""deployment"":{""commitSha"":null,""environment"":""production"",""region"":null},""discovery_family_ids"":[""baseball-prospect.leo-de-vries.true-first-bowman""],""gateway_endpoint"":""https://truelycollectables.com/api/tcos/deal-hunter-native-ebay?perQuery=20&scope=baseball_prospects"",""gateway_host"":""https://truelycollectables.com"",""gateway_scopes"":[""baseball_prospects""],""listing_item_id"":""168612287538"",""native_schema"":""TCOS_NATIVE_EBAY_FEED_V1"",""producer_commit_sha"":""07471ae49901220d13073aab604afbb0e223e855"",""producer_run_id"":""31970958336"",""source"":""truelycollectables.com/native-ebay"",""source_queries"":[""Leo De Vries 1st Bowman Chrome""],""token_mode"":""client_credentials""}"
cand-s14-ebay-65973035e8d8e19288d9,dh-20260731T184251Z-gha-recovery,14,2026-08-16T20:35:00.076Z,MLB PROSPECT/true_first_bowman,Jesus Made,true_first_bowman_card,eBay,clutchdigital,,318726885169,https://www.ebay.com/itm/318726885169?_skw=Jesus+Made+1st+Bowman+Chrome&hash=item4a359a4f31%3Ag%3AfSQAAeSwk3lqfn-I,LIVE,2025 BOWMAN CHROME JESUS MADE 1ST MOJO REFRACTOR SSP BREWERS,"{""preliminary_scope_status"":""DISCOVERY_SCOPE_PASS"",""query_family_ids"":[""baseball-prospect.jesus-made.true-first-bowman""]}",{},,ebay|clutchdigital|318726885169,https://i.ebayimg.com/images/g/fSQAAeSwk3lqfn-I/s-l225.jpg,,FALSE,FALSE,FALSE,FALSE,{},,,,NO,NO,RAW,,,,Ungraded; seller/API claim only; front/back unverified.,UNKNOWN,"[""identity_and_images_unverified""]",10.99,2,,,,,0,180,TRUE,,,,,,[],INSUFFICIENT,INSUFFICIENT,UNKNOWN,INSUFFICIENT,,,,,,,,,,,,,,,,,MANUAL REVIEW / UNPRICED,FALSE,FALSE,"[""exact_front_back_identity_not_verified"",""identical_completed_sales_not_persisted"",""delivered_acquisition_cost_incomplete"",""truely_collectables_owned_copy_exclusion_not_proven"",""true_first_bowman_chronology_not_verified""]","{""artifact_schema"":""TRUELY_COLLECTABLES_DEAL_HUNTER_ARTIFACT_V1"",""deployment"":{""commitSha"":null,""environment"":""production"",""region"":null},""discovery_family_ids"":[""baseball-prospect.jesus-made.true-first-bowman""],""gateway_endpoint"":""https://truelycollectables.com/api/tcos/deal-hunter-native-ebay?perQuery=20&scope=baseball_prospects"",""gateway_host"":""https://truelycollectables.com"",""gateway_scopes"":[""baseball_prospects""],""listing_item_id"":""318726885169"",""native_schema"":""TCOS_NATIVE_EBAY_FEED_V1"",""producer_commit_sha"":""07471ae49901220d13073aab604afbb0e223e855"",""producer_run_id"":""31970958336"",""source"":""truelycollectables.com/native-ebay"",""source_queries"":[""Jesus Made 1st Bowman Chrome""],""token_mode"":""client_credentials""}"
cand-s14-ebay-3f8e0d82ffb25d37e91e,dh-20260731T184251Z-gha-recovery,14,2026-08-16T20:35:00.076Z,MLB PROSPECT/true_first_bowman,Leo De Vries,true_first_bowman_card,eBay,bedos.closet,,327308972384,https://www.ebay.com/itm/327308972384?_skw=Leo+De+Vries+1st+Bowman+Chrome&hash=item4c35229160%3Ag%3AaVUAAeSwZoJqfkVW,LIVE,2025 Bowman Chrome Leo De Vries Prospect Auto #CPA-LD Padres 1st SP NM,"{""preliminary_scope_status"":""DISCOVERY_SCOPE_PASS"",""query_family_ids"":[""baseball-prospect.leo-de-vries.true-first-bowman""]}",{},,ebay|bedos-closet|327308972384,https://i.ebayimg.com/images/g/aVUAAeSwZoJqfkVW/s-l225.jpg,,FALSE,FALSE,FALSE,FALSE,{},,,,CLAIMED_ONLY,NO,RAW,,,,Ungraded; seller/API claim only; front/back unverified.,UNKNOWN,"[""identity_and_images_unverified""]",65,,,,,,0,180,TRUE,,,,,,[],INSUFFICIENT,INSUFFICIENT,UNKNOWN,INSUFFICIENT,,,,,,,,,,,,,,,,,MANUAL REVIEW / UNPRICED,FALSE,FALSE,"[""exact_front_back_identity_not_verified"",""identical_completed_sales_not_persisted"",""delivered_acquisition_cost_incomplete"",""truely_collectables_owned_copy_exclusion_not_proven"",""true_first_bowman_chronology_not_verified""]","{""artifact_schema"":""TRUELY_COLLECTABLES_DEAL_HUNTER_ARTIFACT_V1"",""deployment"":{""commitSha"":null,""environment"":""production"",""region"":null},""discovery_family_ids"":[""baseball-prospect.leo-de-vries.true-first-bowman""],""gateway_endpoint"":""https://truelycollectables.com/api/tcos/deal-hunter-native-ebay?perQuery=20&scope=baseball_prospects"",""gateway_host"":""https://truelycollectables.com"",""gateway_scopes"":[""baseball_prospects""],""listing_item_id"":""327308972384"",""native_schema"":""TCOS_NATIVE_EBAY_FEED_V1"",""producer_commit_sha"":""07471ae49901220d13073aab604afbb0e223e855"",""producer_run_id"":""31970958336"",""source"":""truelycollectables.com/native-ebay"",""source_queries"":[""Leo De Vries 1st Bowman Chrome""],""token_mode"":""client_credentials""}"
cand-s14-ebay-80789b549a9fbf00adc9,dh-20260731T184251Z-gha-recovery,14,2026-08-16T20:35:00.076Z,MLB PROSPECT/true_first_bowman,Franklin Arias,true_first_bowman_card,eBay,taylowischmeie_0,,398282222573,https://www.ebay.com/itm/398282222573?_skw=Franklin+Arias+1st+Bowman+Chrome&hash=item5cbb786bed%3Ag%3ADFsAAeSwWatqfhVm,LIVE,2025 Bowman Chrome 1st Franklin Arias #BCP-6 Rookie RC Reptilian Red Sox,"{""preliminary_scope_status"":""DISCOVERY_SCOPE_PASS"",""query_family_ids"":[""baseball-prospect.franklin-arias.true-first-bowman""]}",{},,ebay|taylowischmeie-0|398282222573,https://i.ebayimg.com/images/g/DFsAAeSwWatqfhVm/s-l225.jpg,,FALSE,FALSE,FALSE,FALSE,{},,,,NO,NO,RAW,,,,Ungraded; seller/API claim only; front/back unverified.,UNKNOWN,"[""identity_and_images_unverified""]",16.99,1.39,,,,,0,180,TRUE,,,,,,[],INSUFFICIENT,INSUFFICIENT,UNKNOWN,INSUFFICIENT,,,,,,,,,,,,,,,,,MANUAL REVIEW / UNPRICED,FALSE,FALSE,"[""exact_front_back_identity_not_verified"",""identical_completed_sales_not_persisted"",""delivered_acquisition_cost_incomplete"",""truely_collectables_owned_copy_exclusion_not_proven"",""true_first_bowman_chronology_not_verified""]","{""artifact_schema"":""TRUELY_COLLECTABLES_DEAL_HUNTER_ARTIFACT_V1"",""deployment"":{""commitSha"":null,""environment"":""production"",""region"":null},""discovery_family_ids"":[""baseball-prospect.franklin-arias.true-first-bowman""],""gateway_endpoint"":""https://truelycollectables.com/api/tcos/deal-hunter-native-ebay?perQuery=20&scope=baseball_prospects"",""gateway_host"":""https://truelycollectables.com"",""gateway_scopes"":[""baseball_prospects""],""listing_item_id"":""398282222573"",""native_schema"":""TCOS_NATIVE_EBAY_FEED_V1"",""producer_commit_sha"":""07471ae49901220d13073aab604afbb0e223e855"",""producer_run_id"":""31970958336"",""source"":""truelycollectables.com/native-ebay"",""source_queries"":[""Franklin Arias 1st Bowman Chrome""],""token_mode"":""client_credentials""}"
cand-s14-ebay-d318371bb97485ccff5d,dh-20260731T184251Z-gha-recovery,14,2026-08-16T20:35:00.076Z,MLB PROSPECT/true_first_bowman,Jesus Made,true_first_bowman_card,eBay,d1sportscards,,327307634779,https://www.ebay.com/itm/327307634779?_skw=Jesus+Made+1st+Bowman+Chrome&hash=item4c350e285b%3Ag%3A2FoAAeSw4VRqfSVN,LIVE,Jesus Made 2025 Bowman Chrome Prospects Fuchsia Wave Refractor 1st /199 #BCP-50,"{""preliminary_scope_status"":""DISCOVERY_SCOPE_PASS"",""query_family_ids"":[""baseball-prospect.jesus-made.true-first-bowman""]}",{},,ebay|d1sportscards|327307634779,https://i.ebayimg.com/images/g/2FoAAeSw4VRqfSVN/s-l225.jpg,,FALSE,FALSE,FALSE,FALSE,{},,,,NO,NO,RAW,,,,Ungraded; seller/API claim only; front/back unverified.,UNKNOWN,"[""identity_and_images_unverified""]",89.99,6,,,,,0,180,TRUE,,,,,,[],INSUFFICIENT,INSUFFICIENT,UNKNOWN,INSUFFICIENT,,,,,,,,,,,,,,,,,MANUAL REVIEW / UNPRICED,FALSE,FALSE,"[""exact_front_back_identity_not_verified"",""identical_completed_sales_not_persisted"",""delivered_acquisition_cost_incomplete"",""truely_collectables_owned_copy_exclusion_not_proven"",""true_first_bowman_chronology_not_verified""]","{""artifact_schema"":""TRUELY_COLLECTABLES_DEAL_HUNTER_ARTIFACT_V1"",""deployment"":{""commitSha"":null,""environment"":""production"",""region"":null},""discovery_family_ids"":[""baseball-prospect.jesus-made.true-first-bowman""],""gateway_endpoint"":""https://truelycollectables.com/api/tcos/deal-hunter-native-ebay?perQuery=20&scope=baseball_prospects"",""gateway_host"":""https://truelycollectables.com"",""gateway_scopes"":[""baseball_prospects""],""listing_item_id"":""327307634779"",""native_schema"":""TCOS_NATIVE_EBAY_FEED_V1"",""producer_commit_sha"":""07471ae49901220d13073aab604afbb0e223e855"",""producer_run_id"":""31970958336"",""source"":""truelycollectables.com/native-ebay"",""source_queries"":[""Jesus Made 1st Bowman Chrome""],""token_mode"":""client_credentials""}"
cand-s14-ebay-120b3912eeb81ef866d1,dh-20260731T184251Z-gha-recovery,14,2026-08-16T20:35:00.076Z,MLB PROSPECT/true_first_bowman,Leo De Vries,true_first_bowman_card,eBay,theislandseller-5,,398279524593,https://www.ebay.com/itm/398279524593?_skw=Leo+De+Vries+1st+Bowman+Chrome&hash=item5cbb4f40f1%3Ag%3Af8QAAeSwoUJqfSDU&amdata=enc%3AAQALAAABAACCtXRWQnOEpyOqnQQ8KGa%2F2GVGES4GscyTsSKeDBTezF7muO1VSmLNu9gUs%2FCYmC3nenBpfnb7fEtPhi1vuXfbCWUfI84e1sZjtav5tC2J0aX3TA84cX3hYEhKAxqJAWQLEbhlaouMrHVVvQj7eXDVv%2Fv%2FLt9TqzMyZ7Sr14EXJqYzdHb57G1C6T1FlUOqphDZkSuhRD0IcTOLts9CIjdq6gHKkHIisd981slMRJasPvKI9Ezd5DJrgSypPC0sHDy9moF4DDIPjtO0Lkz9hK3lHC5Q5ZWW6MC5jfU6ViMXFHyZ3h6nPfNWOihBHLKSDxSUkt9tZSppdEsaZAJDlKg%3D,LIVE,2024 Bowman Chrome Sapphire Edition Prospects Leo de Vries,"{""preliminary_scope_status"":""IMAGE_OR_IDENTITY_REVIEW_REQUIRED"",""query_family_ids"":[""baseball-prospect.leo-de-vries.true-first-bowman""]}",{},,ebay|theislandseller-5|398279524593,https://i.ebayimg.com/images/g/f8QAAeSwoUJqfSDU/s-l225.jpg,,FALSE,FALSE,FALSE,FALSE,{},,,,NO,NO,RAW,,,,Ungraded; seller/API claim only; front/back unverified.,UNKNOWN,"[""identity_and_images_unverified""]",40,,,,,,0,180,TRUE,,,,,,[],INSUFFICIENT,INSUFFICIENT,UNKNOWN,INSUFFICIENT,,,,,,,,,,,,,,,,,MANUAL REVIEW / UNPRICED,FALSE,FALSE,"[""exact_front_back_identity_not_verified"",""identical_completed_sales_not_persisted"",""delivered_acquisition_cost_incomplete"",""truely_collectables_owned_copy_exclusion_not_proven"",""true_first_bowman_chronology_not_verified"",""true_first_bowman_not_proven_from_title""]","{""artifact_schema"":""TRUELY_COLLECTABLES_DEAL_HUNTER_ARTIFACT_V1"",""deployment"":{""commitSha"":null,""environment"":""production"",""region"":null},""discovery_family_ids"":[""baseball-prospect.leo-de-vries.true-first-bowman""],""gateway_endpoint"":""https://truelycollectables.com/api/tcos/deal-hunter-native-ebay?perQuery=20&scope=baseball_prospects"",""gateway_host"":""https://truelycollectables.com"",""gateway_scopes"":[""baseball_prospects""],""listing_item_id"":""398279524593"",""native_schema"":""TCOS_NATIVE_EBAY_FEED_V1"",""producer_commit_sha"":""07471ae49901220d13073aab604afbb0e223e855"",""producer_run_id"":""31970958336"",""source"":""truelycollectables.com/native-ebay"",""source_queries"":[""Leo De Vries 1st Bowman Chrome""],""token_mode"":""client_credentials""}"
cand-s14-ebay-824f8aa35f34872e9abe,dh-20260731T184251Z-gha-recovery,14,2026-08-16T20:35:00.076Z,MLB PROSPECT/first_bowman_autograph_color_numbered,George Lombard Jr,true_first_bowman_autograph_parallel,eBay,thecardboardvault,,358919510803,https://www.ebay.com/itm/358919510803?_skw=George+Lombard+Jr+1st+Bowman+autograph+color+numbered&hash=item5391451b13%3Ag%3AzOgAAeSwRQxqfQeh,LIVE,2024 Bowman George Lombard Jr. 1st Bowman True Blue Auto 94/150 Yankees RC,"{""preliminary_scope_status"":""DISCOVERY_SCOPE_PASS"",""query_family_ids"":[""baseball-prospect.george-lombard-jr.first-bowman-auto-color""]}",{},,ebay|thecardboardvault|358919510803,https://i.ebayimg.com/images/g/zOgAAeSwRQxqfQeh/s-l225.jpg,,FALSE,FALSE,FALSE,FALSE,{},,,,CLAIMED_ONLY,NO,RAW,,,,Ungraded; seller/API claim only; front/back unverified.,UNKNOWN,"[""identity_and_images_unverified""]",950,12.99,,,,,0,180,TRUE,,,,,,[],INSUFFICIENT,INSUFFICIENT,UNKNOWN,INSUFFICIENT,,,,,,,,,,,,,,,,,MANUAL REVIEW / UNPRICED,FALSE,FALSE,"[""exact_front_back_identity_not_verified"",""identical_completed_sales_not_persisted"",""delivered_acquisition_cost_incomplete"",""truely_collectables_owned_copy_exclusion_not_proven"",""true_first_bowman_chronology_not_verified""]","{""artifact_schema"":""TRUELY_COLLECTABLES_DEAL_HUNTER_ARTIFACT_V1"",""deployment"":{""commitSha"":null,""environment"":""production"",""region"":null},""discovery_family_ids"":[""baseball-prospect.george-lombard-jr.first-bowman-auto-color""],""gateway_endpoint"":""https://truelycollectables.com/api/tcos/deal-hunter-native-ebay?perQuery=20&scope=baseball_prospects"",""gateway_host"":""https://truelycollectables.com"",""gateway_scopes"":[""baseball_prospects""],""listing_item_id"":""358919510803"",""native_schema"":""TCOS_NATIVE_EBAY_FEED_V1"",""producer_commit_sha"":""07471ae49901220d13073aab604afbb0e223e855"",""producer_run_id"":""31970958336"",""source"":""truelycollectables.com/native-ebay"",""source_queries"":[""George Lombard Jr 1st Bowman autograph color numbered""],""token_mode"":""client_credentials""}"
cand-s14-ebay-04996e0a85f27c8c104b,dh-20260731T184251Z-gha-recovery,14,2026-08-16T20:35:00.076Z,MLB PROSPECT/true_first_bowman,Jesus Made,true_first_bowman_card,eBay,dacardworld,,398278571042,https://www.ebay.com/itm/398278571042?_skw=Jesus+Made+1st+Bowman+Chrome&hash=item5cbb40b422%3Ag%3ATuoAAeSwqvlqfMTC,LIVE,2025 Bowman Chrome Jesus Made 1st Bowman Blue Mojo Mega Box /150 #50 PSA 10,"{""preliminary_scope_status"":""DISCOVERY_SCOPE_PASS"",""query_family_ids"":[""baseball-prospect.jesus-made.true-first-bowman""]}",{},,ebay|dacardworld|398278571042,https://i.ebayimg.com/images/g/TuoAAeSwqvlqfMTC/s-l225.jpg,,FALSE,FALSE,FALSE,FALSE,{},,,,NO,NO,GRADED,PSA,10,,Graded; seller/API claim only; front/back unverified.,UNKNOWN,"[""identity_and_images_unverified""]",323.95,0,,,,,0,180,TRUE,,,,,,[],INSUFFICIENT,INSUFFICIENT,UNKNOWN,INSUFFICIENT,,,,,,,,,,,,,,,,,MANUAL REVIEW / UNPRICED,FALSE,FALSE,"[""exact_front_back_identity_not_verified"",""identical_completed_sales_not_persisted"",""delivered_acquisition_cost_incomplete"",""truely_collectables_owned_copy_exclusion_not_proven"",""true_first_bowman_chronology_not_verified""]","{""artifact_schema"":""TRUELY_COLLECTABLES_DEAL_HUNTER_ARTIFACT_V1"",""deployment"":{""commitSha"":null,""environment"":""production"",""region"":null},""discovery_family_ids"":[""baseball-prospect.jesus-made.true-first-bowman""],""gateway_endpoint"":""https://truelycollectables.com/api/tcos/deal-hunter-native-ebay?perQuery=20&scope=baseball_prospects"",""gateway_host"":""https://truelycollectables.com"",""gateway_scopes"":[""baseball_prospects""],""listing_item_id"":""398278571042"",""native_schema"":""TCOS_NATIVE_EBAY_FEED_V1"",""producer_commit_sha"":""07471ae49901220d13073aab604afbb0e223e855"",""producer_run_id"":""31970958336"",""source"":""truelycollectables.com/native-ebay"",""source_queries"":[""Jesus Made 1st Bowman Chrome""],""token_mode"":""client_credentials""}"
cand-s14-ebay-6dc00dc33bdf0e58973c,dh-20260731T184251Z-gha-recovery,14,2026-08-16T20:35:00.076Z,MLB PROSPECT/true_first_bowman,George Lombard Jr,true_first_bowman_card,eBay,tcgg_tech,,287520779708,https://www.ebay.com/itm/287520779708?_skw=George+Lombard+Jr+1st+Bowman+Chrome&hash=item42f192edbc%3Ag%3AIvYAAeSwOwdqfIzD&amdata=enc%3AAQALAAABAACCtXRWQnOEpyOqnQQ8KGYgStbEZbfIy6xuosTJVG14FumHStHlKkrWQ0307jThR%2BHOT68gEcA0BTkB%2Fim4W9P1jZWc4TlB4YYc%2F77NlusIJd0JUuaMLrAadyhxdryip6HTGGOJ1Oi0BKyQrCeNBWE%2BgNVP8Oks3kLQ5uNl6uY6MBIpf5jJe7w2C3danCrkQhydgadKOBa0E952qExT5rdzeUwoGw7hKk%2BOX0ApIGFmyc1%2FYibOPik9tG2kIf6byMXuL21bIUR%2BzHgOk3aAVkxj%2FsifsCMx7veaxhIMs4gb7j0N4SJDhf6p2zx1aFhmtacLzsa4rUtKMrQun28a1JI%3D,LIVE,2024 Bowman Chrome George Lombard Jr. Rookie Card #BDC-118 Graded 10,"{""preliminary_scope_status"":""IMAGE_OR_IDENTITY_REVIEW_REQUIRED"",""query_family_ids"":[""baseball-prospect.george-lombard-jr.true-first-bowman""]}",{},,ebay|tcgg-tech|287520779708,https://i.ebayimg.com/images/g/IvYAAeSwOwdqfIzD/s-l225.jpg,,FALSE,FALSE,FALSE,FALSE,{},,,,NO,NO,GRADED,,,,Graded; seller/API claim only; front/back unverified.,UNKNOWN,"[""identity_and_images_unverified""]",39,6.99,,,,,0,180,TRUE,,,,,,[],INSUFFICIENT,INSUFFICIENT,UNKNOWN,INSUFFICIENT,,,,,,,,,,,,,,,,,MANUAL REVIEW / UNPRICED,FALSE,FALSE,"[""exact_front_back_identity_not_verified"",""identical_completed_sales_not_persisted"",""delivered_acquisition_cost_incomplete"",""truely_collectables_owned_copy_exclusion_not_proven"",""true_first_bowman_chronology_not_verified"",""true_first_bowman_not_proven_from_title""]","{""artifact_schema"":""TRUELY_COLLECTABLES_DEAL_HUNTER_ARTIFACT_V1"",""deployment"":{""commitSha"":null,""environment"":""production"",""region"":null},""discovery_family_ids"":[""baseball-prospect.george-lombard-jr.true-first-bowman""],""gateway_endpoint"":""https://truelycollectables.com/api/tcos/deal-hunter-native-ebay?perQuery=20&scope=baseball_prospects"",""gateway_host"":""https://truelycollectables.com"",""gateway_scopes"":[""baseball_prospects""],""listing_item_id"":""287520779708"",""native_schema"":""TCOS_NATIVE_EBAY_FEED_V1"",""producer_commit_sha"":""07471ae49901220d13073aab604afbb0e223e855"",""producer_run_id"":""31970958336"",""source"":""truelycollectables.com/native-ebay"",""source_queries"":[""George Lombard Jr 1st Bowman Chrome""],""token_mode"":""client_credentials""}"
cand-s14-ebay-825288425e850dcb8368,dh-20260731T184251Z-gha-recovery,14,2026-08-16T20:35:00.076Z,MLB PROSPECT/true_first_bowman,Leo De Vries,true_first_bowman_card,eBay,pnw-406cardcollecting,,128022118691,https://www.ebay.com/itm/128022118691?_skw=Leo+De+Vries+1st+Bowman+Chrome&hash=item1dceb68123%3Ag%3Ax%7EsAAeSwTYtqM2DE,LIVE,Leo De Vries Chrome Mojo Refractor Rookie RC 2026 Bowman Card #BCP-63 Athletics,"{""preliminary_scope_status"":""IMAGE_OR_IDENTITY_REVIEW_REQUIRED"",""query_family_ids"":[""baseball-prospect.leo-de-vries.true-first-bowman""]}",{},,ebay|pnw-406cardcollecting|128022118691,https://i.ebayimg.com/images/g/x~sAAeSwTYtqM2DE/s-l225.jpg,,FALSE,FALSE,FALSE,FALSE,{},,,,NO,NO,RAW,,,,Ungraded; seller/API claim only; front/back unverified.,UNKNOWN,"[""identity_and_images_unverified""]",1.75,0,,,,,0,180,TRUE,,,,,,[],INSUFFICIENT,INSUFFICIENT,UNKNOWN,INSUFFICIENT,,,,,,,,,,,,,,,,,MANUAL REVIEW / UNPRICED,FALSE,FALSE,"[""exact_front_back_identity_not_verified"",""identical_completed_sales_not_persisted"",""delivered_acquisition_cost_incomplete"",""truely_collectables_owned_copy_exclusion_not_proven"",""true_first_bowman_chronology_not_verified"",""true_first_bowman_not_proven_from_title""]","{""artifact_schema"":""TRUELY_COLLECTABLES_DEAL_HUNTER_ARTIFACT_V1"",""deployment"":{""commitSha"":null,""environment"":""production"",""region"":null},""discovery_family_ids"":[""baseball-prospect.leo-de-vries.true-first-bowman""],""gateway_endpoint"":""https://truelycollectables.com/api/tcos/deal-hunter-native-ebay?perQuery=20&scope=baseball_prospects"",""gateway_host"":""https://truelycollectables.com"",""gateway_scopes"":[""baseball_prospects""],""listing_item_id"":""128022118691"",""native_schema"":""TCOS_NATIVE_EBAY_FEED_V1"",""producer_commit_sha"":""07471ae49901220d13073aab604afbb0e223e855"",""producer_run_id"":""31970958336"",""source"":""truelycollectables.com/native-ebay"",""source_queries"":[""Leo De Vries 1st Bowman Chrome""],""token_mode"":""client_credentials""}"
cand-s14-ebay-f121cc79bb4e18d3beb1,dh-20260731T184251Z-gha-recovery,14,2026-08-16T20:35:00.076Z,MLB PROSPECT/true_first_bowman,Leo De Vries,true_first_bowman_card,eBay,baseball12114,,137610915738,https://www.ebay.com/itm/137610915738?_skw=Leo+De+Vries+1st+Bowman+Chrome&hash=item200a3fef9a%3Ag%3AL6EAAeSw%7EwRqe8Bn,LIVE,Leo De Vries 2026 Bowman Chrome Refractor Auto /499 Prospect Rookie Athletics,"{""preliminary_scope_status"":""IMAGE_OR_IDENTITY_REVIEW_REQUIRED"",""query_family_ids"":[""baseball-prospect.leo-de-vries.true-first-bowman""]}",{},,ebay|baseball12114|137610915738,https://i.ebayimg.com/images/g/L6EAAeSw~wRqe8Bn/s-l225.jpg,,FALSE,FALSE,FALSE,FALSE,{},,,,CLAIMED_ONLY,NO,RAW,,,,Ungraded; seller/API claim only; front/back unverified.,UNKNOWN,"[""identity_and_images_unverified""]",75.99,6.5,,,,,0,180,TRUE,,,,,,[],INSUFFICIENT,INSUFFICIENT,UNKNOWN,INSUFFICIENT,,,,,,,,,,,,,,,,,MANUAL REVIEW / UNPRICED,FALSE,FALSE,"[""exact_front_back_identity_not_verified"",""identical_completed_sales_not_persisted"",""delivered_acquisition_cost_incomplete"",""truely_collectables_owned_copy_exclusion_not_proven"",""true_first_bowman_chronology_not_verified"",""true_first_bowman_not_proven_from_title""]","{""artifact_schema"":""TRUELY_COLLECTABLES_DEAL_HUNTER_ARTIFACT_V1"",""deployment"":{""commitSha"":null,""environment"":""production"",""region"":null},""discovery_family_ids"":[""baseball-prospect.leo-de-vries.true-first-bowman""],""gateway_endpoint"":""https://truelycollectables.com/api/tcos/deal-hunter-native-ebay?perQuery=20&scope=baseball_prospects"",""gateway_host"":""https://truelycollectables.com"",""gateway_scopes"":[""baseball_prospects""],""listing_item_id"":""137610915738"",""native_schema"":""TCOS_NATIVE_EBAY_FEED_V1"",""producer_commit_sha"":""07471ae49901220d13073aab604afbb0e223e855"",""producer_run_id"":""31970958336"",""source"":""truelycollectables.com/native-ebay"",""source_queries"":[""Leo De Vries 1st Bowman Chrome""],""token_mode"":""client_credentials""}"
cand-s14-ebay-46b83cf433fa7ea10b5e,dh-20260731T184251Z-gha-recovery,14,2026-08-16T20:35:00.076Z,MLB PROSPECT/true_first_bowman,Josue De Paula,true_first_bowman_card,eBay,vssd,,267754412183,https://www.ebay.com/itm/267754412183?_skw=Josue+De+Paula+1st+Bowman+Chrome&hash=item3e57681897%3Ag%3APl4AAeSweEtqe7d9,LIVE,2023 Josue De Paula 1st Bowman Chrome Auto Autograph #CPA-JDE PSA 10 GEM,"{""preliminary_scope_status"":""DISCOVERY_SCOPE_PASS"",""query_family_ids"":[""baseball-prospect.josue-de-paula.true-first-bowman""]}",{},,ebay|vssd|267754412183,https://i.ebayimg.com/images/g/Pl4AAeSweEtqe7d9/s-l225.jpg,,FALSE,FALSE,FALSE,FALSE,{},,,,CLAIMED_ONLY,NO,GRADED,PSA,10,,Graded; seller/API claim only; front/back unverified.,UNKNOWN,"[""identity_and_images_unverified""]",599.99,9.99,,,,,0,180,TRUE,,,,,,[],INSUFFICIENT,INSUFFICIENT,UNKNOWN,INSUFFICIENT,,,,,,,,,,,,,,,,,MANUAL REVIEW / UNPRICED,FALSE,FALSE,"[""exact_front_back_identity_not_verified"",""identical_completed_sales_not_persisted"",""delivered_acquisition_cost_incomplete"",""truely_collectables_owned_copy_exclusion_not_proven"",""true_first_bowman_chronology_not_verified""]","{""artifact_schema"":""TRUELY_COLLECTABLES_DEAL_HUNTER_ARTIFACT_V1"",""deployment"":{""commitSha"":null,""environment"":""production"",""region"":null},""discovery_family_ids"":[""baseball-prospect.josue-de-paula.true-first-bowman""],""gateway_endpoint"":""https://truelycollectables.com/api/tcos/deal-hunter-native-ebay?perQuery=20&scope=baseball_prospects"",""gateway_host"":""https://truelycollectables.com"",""gateway_scopes"":[""baseball_prospects""],""listing_item_id"":""267754412183"",""native_schema"":""TCOS_NATIVE_EBAY_FEED_V1"",""producer_commit_sha"":""07471ae49901220d13073aab604afbb0e223e855"",""producer_run_id"":""31970958336"",""source"":""truelycollectables.com/native-ebay"",""source_queries"":[""Josue De Paula 1st Bowman Chrome""],""token_mode"":""client_credentials""}"
cand-s14-ebay-491e8ea0b5339a89588a,dh-20260731T184251Z-gha-recovery,14,2026-08-16T20:35:00.076Z,MLB PROSPECT/true_first_bowman,Josue De Paula,true_first_bowman_card,eBay,ricfu71,,147498122828,https://www.ebay.com/itm/147498122828?_skw=Josue+De+Paula+1st+Bowman+Chrome&hash=item225792be4c%3Ag%3AHkUAAeSwtEFqe2GH&amdata=enc%3AAQALAAABAACCtXRWQnOEpyOqnQQ8KGa5%2FbLZQ82hVQQ2GgJypxIPEfQL4xoOH%2Fe%2Fse70B0oHD5LC983vw4PpjwqJz2kV0Ijzr5S9hWZ3CYmINKzEqY8PRejErJs7XXRZQg8kRG2bvT%2Bq1D5%2BbvXpRihNw0LfpBYdhRQ24Mij9UgYSVrbU6cIesgyWON82WUJ5V%2F%2BZLSCf9m0ic0OC9ztueXnBrSvTaeemOrO7EyfP9VqX598wNcFTa6x1LmFW53pxtJnUMU%2FsK6JHPNAbaZCWlkgGkbAWCa9EQQgisEmPZKPqoERe27YImiTI0HsPGZGs5ogyRRI5tUv2YtCd8vK4CiKE014M4Q%3D,LIVE,2023 Bowman Chrome Josue De Paula 1st Prospect Auto Autograph #CPA-JDE Dodgers,"{""preliminary_scope_status"":""DISCOVERY_SCOPE_PASS"",""query_family_ids"":[""baseball-prospect.josue-de-paula.true-first-bowman""]}",{},,ebay|ricfu71|147498122828,https://i.ebayimg.com/images/g/HkUAAeSwtEFqe2GH/s-l225.jpg,,FALSE,FALSE,FALSE,FALSE,{},,,,CLAIMED_ONLY,NO,RAW,,,,Ungraded; seller/API claim only; front/back unverified.,UNKNOWN,"[""identity_and_images_unverified""]",214,,,,,,0,180,TRUE,,,,,,[],INSUFFICIENT,INSUFFICIENT,UNKNOWN,INSUFFICIENT,,,,,,,,,,,,,,,,,MANUAL REVIEW / UNPRICED,FALSE,FALSE,"[""exact_front_back_identity_not_verified"",""identical_completed_sales_not_persisted"",""delivered_acquisition_cost_incomplete"",""truely_collectables_owned_copy_exclusion_not_proven"",""true_first_bowman_chronology_not_verified""]","{""artifact_schema"":""TRUELY_COLLECTABLES_DEAL_HUNTER_ARTIFACT_V1"",""deployment"":{""commitSha"":null,""environment"":""production"",""region"":null},""discovery_family_ids"":[""baseball-prospect.josue-de-paula.true-first-bowman""],""gateway_endpoint"":""https://truelycollectables.com/api/tcos/deal-hunter-native-ebay?perQuery=20&scope=baseball_prospects"",""gateway_host"":""https://truelycollectables.com"",""gateway_scopes"":[""baseball_prospects""],""listing_item_id"":""147498122828"",""native_schema"":""TCOS_NATIVE_EBAY_FEED_V1"",""producer_commit_sha"":""07471ae49901220d13073aab604afbb0e223e855"",""producer_run_id"":""31970958336"",""source"":""truelycollectables.com/native-ebay"",""source_queries"":[""Josue De Paula 1st Bowman Chrome""],""token_mode"":""client_credentials""}"
cand-s14-ebay-18fd0135005534df1038,dh-20260731T184251Z-gha-recovery,14,2026-08-16T20:35:00.076Z,MLB PROSPECT/true_first_bowman,Franklin Arias,true_first_bowman_card,eBay,waxnwagers,,257674395385,https://www.ebay.com/itm/257674395385?_skw=Franklin+Arias+1st+Bowman+Chrome&hash=item3bfe973ef9%3Ag%3AytUAAeSwWUhqextO&amdata=enc%3AAQALAAABAACCtXRWQnOEpyOqnQQ8KGZQ8dB25ENyGGAEgIpd8utwstJ%2BDmnZ8mzn89Z1OANhrdsMRHvbjwz2KrleFWU6Of1g8m4RWI9BvI54I8ZrYH6fMTX7ugpLSGvW8gCXSShD4DbnmcWiULBS60c8Zdl1TZi7RX6K4PISIj%2B4sWVuY2%2B7r7I%2BgvXhSl16%2FICBtLp%2BvifDsJybaTb3bf2K4CPLcrC7XE5GzHkN2CRUyqAyOR%2FzG7R3UCq%2BY8MpkE72xM%2FggLwiSr8n0jhfJV1UMjmiFf8KKNLcRtCSWJ58f5uGJHA6zuRSD2Axre0ENwByIa53IptWmjSuWecJZdrzEBClPrk%3D,LIVE,2025 Bowman Chrome Franklin Arias #BCP-67 Rare Rose Gold Mini Diamond /15 PSA 9,"{""preliminary_scope_status"":""IMAGE_OR_IDENTITY_REVIEW_REQUIRED"",""query_family_ids"":[""baseball-prospect.franklin-arias.true-first-bowman""]}",{},,ebay|waxnwagers|257674395385,https://i.ebayimg.com/images/g/ytUAAeSwWUhqextO/s-l225.jpg,,FALSE,FALSE,FALSE,FALSE,{},,,,NO,NO,GRADED,PSA,9,,Graded; seller/API claim only; front/back unverified.,UNKNOWN,"[""identity_and_images_unverified""]",499,,,,,,0,180,TRUE,,,,,,[],INSUFFICIENT,INSUFFICIENT,UNKNOWN,INSUFFICIENT,,,,,,,,,,,,,,,,,MANUAL REVIEW / UNPRICED,FALSE,FALSE,"[""exact_front_back_identity_not_verified"",""identical_completed_sales_not_persisted"",""delivered_acquisition_cost_incomplete"",""truely_collectables_owned_copy_exclusion_not_proven"",""true_first_bowman_chronology_not_verified"",""true_first_bowman_not_proven_from_title""]","{""artifact_schema"":""TRUELY_COLLECTABLES_DEAL_HUNTER_ARTIFACT_V1"",""deployment"":{""commitSha"":null,""environment"":""production"",""region"":null},""discovery_family_ids"":[""baseball-prospect.franklin-arias.true-first-bowman""],""gateway_endpoint"":""https://truelycollectables.com/api/tcos/deal-hunter-native-ebay?perQuery=20&scope=baseball_prospects"",""gateway_host"":""https://truelycollectables.com"",""gateway_scopes"":[""baseball_prospects""],""listing_item_id"":""257674395385"",""native_schema"":""TCOS_NATIVE_EBAY_FEED_V1"",""producer_commit_sha"":""07471ae49901220d13073aab604afbb0e223e855"",""producer_run_id"":""31970958336"",""source"":""truelycollectables.com/native-ebay"",""source_queries"":[""Franklin Arias 1st Bowman Chrome""],""token_mode"":""client_credentials""}"
cand-s14-ebay-0f1e68b79975c1caa941,dh-20260731T184251Z-gha-recovery,14,2026-08-16T20:35:00.076Z,MLB PROSPECT/true_first_bowman,Josue De Paula,true_first_bowman_card,eBay,bowmancardguybsc,,198562979771,https://www.ebay.com/itm/198562979771?_skw=Josue+De+Paula+1st+Bowman+Chrome&hash=item2e3b469fbb%3Ag%3AHjcAAeSwCclqetVq,LIVE,2023 Bowman Chrome #BCP-111 Josue De Paula 1st Bowman RC Mega Box Mojo Refractor,"{""preliminary_scope_status"":""DISCOVERY_SCOPE_PASS"",""query_family_ids"":[""baseball-prospect.josue-de-paula.true-first-bowman""]}",{},,ebay|bowmancardguybsc|198562979771,https://i.ebayimg.com/images/g/HjcAAeSwCclqetVq/s-l225.jpg,,FALSE,FALSE,FALSE,FALSE,{},,,,NO,NO,RAW,,,,Ungraded; seller/API claim only; front/back unverified.,UNKNOWN,"[""identity_and_images_unverified""]",8.75,1.25,,,,,0,180,TRUE,,,,,,[],INSUFFICIENT,INSUFFICIENT,UNKNOWN,INSUFFICIENT,,,,,,,,,,,,,,,,,MANUAL REVIEW / UNPRICED,FALSE,FALSE,"[""exact_front_back_identity_not_verified"",""identical_completed_sales_not_persisted"",""delivered_acquisition_cost_incomplete"",""truely_collectables_owned_copy_exclusion_not_proven"",""true_first_bowman_chronology_not_verified""]","{""artifact_schema"":""TRUELY_COLLECTABLES_DEAL_HUNTER_ARTIFACT_V1"",""deployment"":{""commitSha"":null,""environment"":""production"",""region"":null},""discovery_family_ids"":[""baseball-prospect.josue-de-paula.true-first-bowman""],""gateway_endpoint"":""https://truelycollectables.com/api/tcos/deal-hunter-native-ebay?perQuery=20&scope=baseball_prospects"",""gateway_host"":""https://truelycollectables.com"",""gateway_scopes"":[""baseball_prospects""],""listing_item_id"":""198562979771"",""native_schema"":""TCOS_NATIVE_EBAY_FEED_V1"",""producer_commit_sha"":""07471ae49901220d13073aab604afbb0e223e855"",""producer_run_id"":""31970958336"",""source"":""truelycollectables.com/native-ebay"",""source_queries"":[""Josue De Paula 1st Bowman Chrome""],""token_mode"":""client_credentials""}"
cand-s14-ebay-d182ca083acb17c84595,dh-20260731T184251Z-gha-recovery,14,2026-08-16T20:35:00.076Z,MLB PROSPECT/true_first_bowman,Josue De Paula,true_first_bowman_card,eBay,skrbsportscards,,318711136812,https://www.ebay.com/itm/318711136812?_skw=Josue+De+Paula+1st+Bowman+Chrome&hash=item4a34aa022c%3Ag%3Ar58AAeSw5ctqeqq0,LIVE,JOSUE DE PAULA 2023 Bowman Chrome 1st Refractor Auto Rc #290/499 PSA 9 Dodgers,"{""preliminary_scope_status"":""DISCOVERY_SCOPE_PASS"",""query_family_ids"":[""baseball-prospect.josue-de-paula.true-first-bowman""]}",{},,ebay|skrbsportscards|318711136812,https://i.ebayimg.com/images/g/r58AAeSw5ctqeqq0/s-l225.jpg,,FALSE,FALSE,FALSE,FALSE,{},,,,CLAIMED_ONLY,NO,GRADED,PSA,9,,Graded; seller/API claim only; front/back unverified.,UNKNOWN,"[""identity_and_images_unverified""]",499.99,10.99,,,,,0,180,TRUE,,,,,,[],INSUFFICIENT,INSUFFICIENT,UNKNOWN,INSUFFICIENT,,,,,,,,,,,,,,,,,MANUAL REVIEW / UNPRICED,FALSE,FALSE,"[""exact_front_back_identity_not_verified"",""identical_completed_sales_not_persisted"",""delivered_acquisition_cost_incomplete"",""truely_collectables_owned_copy_exclusion_not_proven"",""true_first_bowman_chronology_not_verified""]","{""artifact_schema"":""TRUELY_COLLECTABLES_DEAL_HUNTER_ARTIFACT_V1"",""deployment"":{""commitSha"":null,""environment"":""production"",""region"":null},""discovery_family_ids"":[""baseball-prospect.josue-de-paula.true-first-bowman""],""gateway_endpoint"":""https://truelycollectables.com/api/tcos/deal-hunter-native-ebay?perQuery=20&scope=baseball_prospects"",""gateway_host"":""https://truelycollectables.com"",""gateway_scopes"":[""baseball_prospects""],""listing_item_id"":""318711136812"",""native_schema"":""TCOS_NATIVE_EBAY_FEED_V1"",""producer_commit_sha"":""07471ae49901220d13073aab604afbb0e223e855"",""producer_run_id"":""31970958336"",""source"":""truelycollectables.com/native-ebay"",""source_queries"":[""Josue De Paula 1st Bowman Chrome""],""token_mode"":""client_credentials""}"
cand-s14-ebay-e3b6f0d8bc3bd2d0a9a7,dh-20260731T184251Z-gha-recovery,14,2026-08-16T20:35:00.076Z,MLB PROSPECT/true_first_bowman,Jesus Made,true_first_bowman_card,eBay,astronomics,,307118960828,https://www.ebay.com/itm/307118960828?_skw=Jesus+Made+1st+Bowman+Chrome&hash=item4781b770bc%3Ag%3At6wAAeSwHn1qeo-K,LIVE,Jesus Made - 2025 Topps Bowman Chrome - 1st Bowman BCP-245 Gold Shimmer /50,"{""preliminary_scope_status"":""DISCOVERY_SCOPE_PASS"",""query_family_ids"":[""baseball-prospect.jesus-made.true-first-bowman""]}",{},,ebay|astronomics|307118960828,https://i.ebayimg.com/images/g/t6wAAeSwHn1qeo-K/s-l225.jpg,,FALSE,FALSE,FALSE,FALSE,{},,,,NO,NO,RAW,,,,Ungraded; seller/API claim only; front/back unverified.,UNKNOWN,"[""identity_and_images_unverified""]",250,5.95,,,,,0,180,TRUE,,,,,,[],INSUFFICIENT,INSUFFICIENT,UNKNOWN,INSUFFICIENT,,,,,,,,,,,,,,,,,MANUAL REVIEW / UNPRICED,FALSE,FALSE,"[""exact_front_back_identity_not_verified"",""identical_completed_sales_not_persisted"",""delivered_acquisition_cost_incomplete"",""truely_collectables_owned_copy_exclusion_not_proven"",""true_first_bowman_chronology_not_verified""]","{""artifact_schema"":""TRUELY_COLLECTABLES_DEAL_HUNTER_ARTIFACT_V1"",""deployment"":{""commitSha"":null,""environment"":""production"",""region"":null},""discovery_family_ids"":[""baseball-prospect.jesus-made.true-first-bowman""],""gateway_endpoint"":""https://truelycollectables.com/api/tcos/deal-hunter-native-ebay?perQuery=20&scope=baseball_prospects"",""gateway_host"":""https://truelycollectables.com"",""gateway_scopes"":[""baseball_prospects""],""listing_item_id"":""307118960828"",""native_schema"":""TCOS_NATIVE_EBAY_FEED_V1"",""producer_commit_sha"":""07471ae49901220d13073aab604afbb0e223e855"",""producer_run_id"":""31970958336"",""source"":""truelycollectables.com/native-ebay"",""source_queries"":[""Jesus Made 1st Bowman Chrome""],""token_mode"":""client_credentials""}"
cand-s14-ebay-d8d5409ace709496865f,dh-20260731T184251Z-gha-recovery,14,2026-08-16T20:35:00.076Z,MLB PROSPECT/true_first_bowman,Franklin Arias,true_first_bowman_card,eBay,sillygoosecardsandcollectibles,,188773859436,https://www.ebay.com/itm/188773859436?_skw=Franklin+Arias+1st+Bowman+Chrome&hash=item2bf3cc806c%3Ag%3AcTIAAeSwvmNqenDR,LIVE,2025 Bowman Chrome BCP-67 Franklin Arias 1st Bowman Chrome - Red Sox QTY,"{""preliminary_scope_status"":""DISCOVERY_SCOPE_PASS"",""query_family_ids"":[""baseball-prospect.franklin-arias.true-first-bowman""]}",{},,ebay|sillygoosecardsandcollectibles|188773859436,https://i.ebayimg.com/images/g/cTIAAeSwvmNqenDR/s-l225.jpg,,FALSE,FALSE,FALSE,FALSE,{},,,,NO,NO,RAW,,,,Ungraded; seller/API claim only; front/back unverified.,UNKNOWN,"[""identity_and_images_unverified""]",4.49,1.99,,,,,0,180,TRUE,,,,,,[],INSUFFICIENT,INSUFFICIENT,UNKNOWN,INSUFFICIENT,,,,,,,,,,,,,,,,,MANUAL REVIEW / UNPRICED,FALSE,FALSE,"[""exact_front_back_identity_not_verified"",""identical_completed_sales_not_persisted"",""delivered_acquisition_cost_incomplete"",""truely_collectables_owned_copy_exclusion_not_proven"",""true_first_bowman_chronology_not_verified""]","{""artifact_schema"":""TRUELY_COLLECTABLES_DEAL_HUNTER_ARTIFACT_V1"",""deployment"":{""commitSha"":null,""environment"":""production"",""region"":null},""discovery_family_ids"":[""baseball-prospect.franklin-arias.true-first-bowman""],""gateway_endpoint"":""https://truelycollectables.com/api/tcos/deal-hunter-native-ebay?perQuery=20&scope=baseball_prospects"",""gateway_host"":""https://truelycollectables.com"",""gateway_scopes"":[""baseball_prospects""],""listing_item_id"":""188773859436"",""native_schema"":""TCOS_NATIVE_EBAY_FEED_V1"",""producer_commit_sha"":""07471ae49901220d13073aab604afbb0e223e855"",""producer_run_id"":""31970958336"",""source"":""truelycollectables.com/native-ebay"",""source_queries"":[""Franklin Arias 1st Bowman Chrome""],""token_mode"":""client_credentials""}"
cand-s14-ebay-0b86a2b9b55574e581e7,dh-20260731T184251Z-gha-recovery,14,2026-08-16T20:35:00.076Z,MLB PROSPECT/true_first_bowman,George Lombard Jr,true_first_bowman_card,eBay,jjeffers890,,168604159356,https://www.ebay.com/itm/168604159356?_skw=George+Lombard+Jr+1st+Bowman+Chrome&hash=item2741974d7c%3Ag%3AF7gAAeSwCz5qemGf,LIVE,2024 Bowman Chrome George Lombard Jr. RC 1st Aqua Shimmer Refractor #'d/125 SP!!,"{""preliminary_scope_status"":""DISCOVERY_SCOPE_PASS"",""query_family_ids"":[""baseball-prospect.george-lombard-jr.true-first-bowman""]}",{},,ebay|jjeffers890|168604159356,https://i.ebayimg.com/images/g/F7gAAeSwCz5qemGf/s-l225.jpg,,FALSE,FALSE,FALSE,FALSE,{},,,,NO,NO,RAW,,,,Ungraded; seller/API claim only; front/back unverified.,UNKNOWN,"[""identity_and_images_unverified""]",189.99,0,,,,,0,180,TRUE,,,,,,[],INSUFFICIENT,INSUFFICIENT,UNKNOWN,INSUFFICIENT,,,,,,,,,,,,,,,,,MANUAL REVIEW / UNPRICED,FALSE,FALSE,"[""exact_front_back_identity_not_verified"",""identical_completed_sales_not_persisted"",""delivered_acquisition_cost_incomplete"",""truely_collectables_owned_copy_exclusion_not_proven"",""true_first_bowman_chronology_not_verified""]","{""artifact_schema"":""TRUELY_COLLECTABLES_DEAL_HUNTER_ARTIFACT_V1"",""deployment"":{""commitSha"":null,""environment"":""production"",""region"":null},""discovery_family_ids"":[""baseball-prospect.george-lombard-jr.true-first-bowman""],""gateway_endpoint"":""https://truelycollectables.com/api/tcos/deal-hunter-native-ebay?perQuery=20&scope=baseball_prospects"",""gateway_host"":""https://truelycollectables.com"",""gateway_scopes"":[""baseball_prospects""],""listing_item_id"":""168604159356"",""native_schema"":""TCOS_NATIVE_EBAY_FEED_V1"",""producer_commit_sha"":""07471ae49901220d13073aab604afbb0e223e855"",""producer_run_id"":""31970958336"",""source"":""truelycollectables.com/native-ebay"",""source_queries"":[""George Lombard Jr 1st Bowman Chrome""],""token_mode"":""client_credentials""}"
cand-s14-ebay-6097d9303f440783ae39,dh-20260731T184251Z-gha-recovery,14,2026-08-16T20:35:00.076Z,MLB PROSPECT/true_first_bowman,Leo De Vries,true_first_bowman_card,eBay,cactuscardboard,,188771963918,https://www.ebay.com/itm/188771963918?_skw=Leo+De+Vries+1st+Bowman+Chrome&hash=item2bf3af940e%3Ag%3A5t0AAeSwHn1qefMZ,LIVE,Bowman Chrome 2024 Leo De Vries Padres 1st Bowman #BCP-179,"{""preliminary_scope_status"":""DISCOVERY_SCOPE_PASS"",""query_family_ids"":[""baseball-prospect.leo-de-vries.true-first-bowman""]}",{},,ebay|cactuscardboard|188771963918,https://i.ebayimg.com/images/g/5t0AAeSwHn1qefMZ/s-l225.jpg,,FALSE,FALSE,FALSE,FALSE,{},,,,NO,NO,RAW,,,,Ungraded; seller/API claim only; front/back unverified.,UNKNOWN,"[""identity_and_images_unverified""]",7.99,,,,,,0,180,TRUE,,,,,,[],INSUFFICIENT,INSUFFICIENT,UNKNOWN,INSUFFICIENT,,,,,,,,,,,,,,,,,MANUAL REVIEW / UNPRICED,FALSE,FALSE,"[""exact_front_back_identity_not_verified"",""identical_completed_sales_not_persisted"",""delivered_acquisition_cost_incomplete"",""truely_collectables_owned_copy_exclusion_not_proven"",""true_first_bowman_chronology_not_verified""]","{""artifact_schema"":""TRUELY_COLLECTABLES_DEAL_HUNTER_ARTIFACT_V1"",""deployment"":{""commitSha"":null,""environment"":""production"",""region"":null},""discovery_family_ids"":[""baseball-prospect.leo-de-vries.true-first-bowman""],""gateway_endpoint"":""https://truelycollectables.com/api/tcos/deal-hunter-native-ebay?perQuery=20&scope=baseball_prospects"",""gateway_host"":""https://truelycollectables.com"",""gateway_scopes"":[""baseball_prospects""],""listing_item_id"":""188771963918"",""native_schema"":""TCOS_NATIVE_EBAY_FEED_V1"",""producer_commit_sha"":""07471ae49901220d13073aab604afbb0e223e855"",""producer_run_id"":""31970958336"",""source"":""truelycollectables.com/native-ebay"",""source_queries"":[""Leo De Vries 1st Bowman Chrome""],""token_mode"":""client_credentials""}"
cand-s14-ebay-3faee804903bdfbaac8a,dh-20260731T184251Z-gha-recovery,14,2026-08-16T20:35:00.076Z,MLB PROSPECT/true_first_bowman,Leo De Vries,true_first_bowman_card,eBay,cem925,,336734700004,https://www.ebay.com/itm/336734700004?_skw=Leo+De+Vries+1st+Bowman+Chrome&var=546095733170&hash=item4e66f3c1e4%3Ag%3Au4EAAeSw0hNqePYU,LIVE,**2 CARD MINIMUM** 2026 Bowman Chrome Prospects - Pick Your Card - FREE SHIPPING,"{""preliminary_scope_status"":""IMAGE_OR_IDENTITY_REVIEW_REQUIRED"",""query_family_ids"":[""baseball-prospect.leo-de-vries.true-first-bowman""]}",{},,ebay|cem925|336734700004,https://i.ebayimg.com/images/g/u4EAAeSw0hNqePYU/s-l225.jpg,,FALSE,FALSE,FALSE,FALSE,{},,,,NO,NO,RAW,,,,Ungraded; seller/API claim only; front/back unverified.,UNKNOWN,"[""identity_and_images_unverified""]",0.99,0,,,,,0,180,TRUE,,,,,,[],INSUFFICIENT,INSUFFICIENT,UNKNOWN,INSUFFICIENT,,,,,,,,,,,,,,,,,MANUAL REVIEW / UNPRICED,FALSE,FALSE,"[""exact_front_back_identity_not_verified"",""identical_completed_sales_not_persisted"",""delivered_acquisition_cost_incomplete"",""truely_collectables_owned_copy_exclusion_not_proven"",""true_first_bowman_chronology_not_verified"",""true_first_bowman_not_proven_from_title""]","{""artifact_schema"":""TRUELY_COLLECTABLES_DEAL_HUNTER_ARTIFACT_V1"",""deployment"":{""commitSha"":null,""environment"":""production"",""region"":null},""discovery_family_ids"":[""baseball-prospect.leo-de-vries.true-first-bowman""],""gateway_endpoint"":""https://truelycollectables.com/api/tcos/deal-hunter-native-ebay?perQuery=20&scope=baseball_prospects"",""gateway_host"":""https://truelycollectables.com"",""gateway_scopes"":[""baseball_prospects""],""listing_item_id"":""336734700004"",""native_schema"":""TCOS_NATIVE_EBAY_FEED_V1"",""producer_commit_sha"":""07471ae49901220d13073aab604afbb0e223e855"",""producer_run_id"":""31970958336"",""source"":""truelycollectables.com/native-ebay"",""source_queries"":[""Leo De Vries 1st Bowman Chrome""],""token_mode"":""client_credentials""}"
cand-s14-ebay-fe2ecc26d426aaae3030,dh-20260731T184251Z-gha-recovery,14,2026-08-16T20:35:00.076Z,MLB PROSPECT/true_first_bowman,Leo De Vries,true_first_bowman_card,eBay,dingersbaseballcards,,128018297510,https://www.ebay.com/itm/128018297510?_skw=Leo+De+Vries+1st+Bowman+Chrome&hash=item1dce7c32a6%3Ag%3AGWkAAeSwd8VqeQIm&amdata=enc%3AAQALAAABAACCtXRWQnOEpyOqnQQ8KGaYrlM91jsbW1J54YJMUhOntYOtCEGY64LoorhRZ1d78KJh8TgxM24wRaEDd1293pXmJGnp9RJ%2B5psNsx09mQq2P9%2Fi0wfzhhQzCwEBuB55bphBWxVOxgqyI2daBpvoYfhJZzENrhJ%2B5lGEPeiZ6UtiSgLWCEKozYhgDB4sTz2JT5oA1Oo6R6U80z7affz2x8nXnDjX1%2BjmuIFN2XUq4I6o%2BoazWcetKwjaRepmxKyfpjpxcr3nfj8Z1i75fq%2FwLttNwLwJdNtgHl2pSdeDrdNirN0iS71xVqam%2B29eveupJVUBLAG%2FbWN8tMuAupr0jSQ%3D,LIVE,2024 1st Bowman Chrome Auto LEO DE VRIES Top 5 Prospect #CPA-LD Padres PSA 9,"{""preliminary_scope_status"":""DISCOVERY_SCOPE_PASS"",""query_family_ids"":[""baseball-prospect.leo-de-vries.true-first-bowman""]}",{},,ebay|dingersbaseballcards|128018297510,https://i.ebayimg.com/images/g/GWkAAeSwd8VqeQIm/s-l225.jpg,,FALSE,FALSE,FALSE,FALSE,{},,,,CLAIMED_ONLY,NO,GRADED,PSA,9,,Graded; seller/API claim only; front/back unverified.,UNKNOWN,"[""identity_and_images_unverified""]",400,5.17,,,,,0,180,TRUE,,,,,,[],INSUFFICIENT,INSUFFICIENT,UNKNOWN,INSUFFICIENT,,,,,,,,,,,,,,,,,MANUAL REVIEW / UNPRICED,FALSE,FALSE,"[""exact_front_back_identity_not_verified"",""identical_completed_sales_not_persisted"",""delivered_acquisition_cost_incomplete"",""truely_collectables_owned_copy_exclusion_not_proven"",""true_first_bowman_chronology_not_verified""]","{""artifact_schema"":""TRUELY_COLLECTABLES_DEAL_HUNTER_ARTIFACT_V1"",""deployment"":{""commitSha"":null,""environment"":""production"",""region"":null},""discovery_family_ids"":[""baseball-prospect.leo-de-vries.true-first-bowman""],""gateway_endpoint"":""https://truelycollectables.com/api/tcos/deal-hunter-native-ebay?perQuery=20&scope=baseball_prospects"",""gateway_host"":""https://truelycollectables.com"",""gateway_scopes"":[""baseball_prospects""],""listing_item_id"":""128018297510"",""native_schema"":""TCOS_NATIVE_EBAY_FEED_V1"",""producer_commit_sha"":""07471ae49901220d13073aab604afbb0e223e855"",""producer_run_id"":""31970958336"",""source"":""truelycollectables.com/native-ebay"",""source_queries"":[""Leo De Vries 1st Bowman Chrome""],""token_mode"":""client_credentials""}"
cand-s14-ebay-0033e4616ed1ad99988d,dh-20260731T184251Z-gha-recovery,14,2026-08-16T20:35:00.076Z,MLB PROSPECT/true_first_bowman,Franklin Arias,true_first_bowman_card,eBay,sidhailmag71,,236996354442,https://www.ebay.com/itm/236996354442?_skw=Franklin+Arias+1st+Bowman+Chrome&hash=item372e15618a%3Ag%3Ak%7EMAAeSwKTRqePHM,LIVE,🔥2025 Bowman Chrome Franklin Arias 1st Bowman #BCP-67 Purple Geometric /250🔥,"{""preliminary_scope_status"":""DISCOVERY_SCOPE_PASS"",""query_family_ids"":[""baseball-prospect.franklin-arias.true-first-bowman""]}",{},,ebay|sidhailmag71|236996354442,https://i.ebayimg.com/images/g/k~MAAeSwKTRqePHM/s-l225.jpg,,FALSE,FALSE,FALSE,FALSE,{},,,,NO,NO,RAW,,,,Ungraded; seller/API claim only; front/back unverified.,UNKNOWN,"[""identity_and_images_unverified""]",50,,,,,,0,180,TRUE,,,,,,[],INSUFFICIENT,INSUFFICIENT,UNKNOWN,INSUFFICIENT,,,,,,,,,,,,,,,,,MANUAL REVIEW / UNPRICED,FALSE,FALSE,"[""exact_front_back_identity_not_verified"",""identical_completed_sales_not_persisted"",""delivered_acquisition_cost_incomplete"",""truely_collectables_owned_copy_exclusion_not_proven"",""true_first_bowman_chronology_not_verified""]","{""artifact_schema"":""TRUELY_COLLECTABLES_DEAL_HUNTER_ARTIFACT_V1"",""deployment"":{""commitSha"":null,""environment"":""production"",""region"":null},""discovery_family_ids"":[""baseball-prospect.franklin-arias.true-first-bowman""],""gateway_endpoint"":""https://truelycollectables.com/api/tcos/deal-hunter-native-ebay?perQuery=20&scope=baseball_prospects"",""gateway_host"":""https://truelycollectables.com"",""gateway_scopes"":[""baseball_prospects""],""listing_item_id"":""236996354442"",""native_schema"":""TCOS_NATIVE_EBAY_FEED_V1"",""producer_commit_sha"":""07471ae49901220d13073aab604afbb0e223e855"",""producer_run_id"":""31970958336"",""source"":""truelycollectables.com/native-ebay"",""source_queries"":[""Franklin Arias 1st Bowman Chrome""],""token_mode"":""client_credentials""}"
cand-s14-ebay-8c2c77cd92166b264346,dh-20260731T184251Z-gha-recovery,14,2026-08-16T20:35:00.076Z,MLB PROSPECT/true_first_bowman,Jesus Made,true_first_bowman_card,eBay,chicagocards29,,800482293207,https://www.ebay.com/itm/800482293207?_skw=Jesus+Made+1st+Bowman+Chrome&hash=itemba607675d7%3Ag%3ALTYAAeSwR-FqeJCQ,LIVE,2025 Bowman - 1st Bowman Chrome Jesus Made #BCP-50 Mega Box Mojo Refractor,"{""preliminary_scope_status"":""DISCOVERY_SCOPE_PASS"",""query_family_ids"":[""baseball-prospect.jesus-made.true-first-bowman""]}",{},,ebay|chicagocards29|800482293207,https://i.ebayimg.com/images/g/LTYAAeSwR-FqeJCQ/s-l225.jpg,,FALSE,FALSE,FALSE,FALSE,{},,,,NO,NO,RAW,,,,Ungraded; seller/API claim only; front/back unverified.,UNKNOWN,"[""identity_and_images_unverified""]",12.99,,,,,,0,180,TRUE,,,,,,[],INSUFFICIENT,INSUFFICIENT,UNKNOWN,INSUFFICIENT,,,,,,,,,,,,,,,,,MANUAL REVIEW / UNPRICED,FALSE,FALSE,"[""exact_front_back_identity_not_verified"",""identical_completed_sales_not_persisted"",""delivered_acquisition_cost_incomplete"",""truely_collectables_owned_copy_exclusion_not_proven"",""true_first_bowman_chronology_not_verified""]","{""artifact_schema"":""TRUELY_COLLECTABLES_DEAL_HUNTER_ARTIFACT_V1"",""deployment"":{""commitSha"":null,""environment"":""production"",""region"":null},""discovery_family_ids"":[""baseball-prospect.jesus-made.true-first-bowman""],""gateway_endpoint"":""https://truelycollectables.com/api/tcos/deal-hunter-native-ebay?perQuery=20&scope=baseball_prospects"",""gateway_host"":""https://truelycollectables.com"",""gateway_scopes"":[""baseball_prospects""],""listing_item_id"":""800482293207"",""native_schema"":""TCOS_NATIVE_EBAY_FEED_V1"",""producer_commit_sha"":""07471ae49901220d13073aab604afbb0e223e855"",""producer_run_id"":""31970958336"",""source"":""truelycollectables.com/native-ebay"",""source_queries"":[""Jesus Made 1st Bowman Chrome""],""token_mode"":""client_credentials""}"
cand-s14-ebay-9213bd798c6802a5366d,dh-20260731T184251Z-gha-recovery,14,2026-08-16T20:35:00.076Z,MLB PROSPECT/true_first_bowman,Josue De Paula,true_first_bowman_card,eBay,a1_collect,,377402865913,https://www.ebay.com/itm/377402865913?_skw=Josue+De+Paula+1st+Bowman+Chrome&hash=item57def6b8f9%3Ag%3Acp4AAeSw4PZqdsfN,LIVE,2023 Bowman Chrome Josue De Paula 1st Lunar Glow Refractor LA Dodgers #BCP-111,"{""preliminary_scope_status"":""DISCOVERY_SCOPE_PASS"",""query_family_ids"":[""baseball-prospect.josue-de-paula.true-first-bowman""]}",{},,ebay|a1-collect|377402865913,https://i.ebayimg.com/images/g/cp4AAeSw4PZqdsfN/s-l225.jpg,,FALSE,FALSE,FALSE,FALSE,{},,,,NO,NO,RAW,,,,Ungraded; seller/API claim only; front/back unverified.,UNKNOWN,"[""identity_and_images_unverified""]",14.99,2.5,,,,,0,180,TRUE,,,,,,[],INSUFFICIENT,INSUFFICIENT,UNKNOWN,INSUFFICIENT,,,,,,,,,,,,,,,,,MANUAL REVIEW / UNPRICED,FALSE,FALSE,"[""exact_front_back_identity_not_verified"",""identical_completed_sales_not_persisted"",""delivered_acquisition_cost_incomplete"",""truely_collectables_owned_copy_exclusion_not_proven"",""true_first_bowman_chronology_not_verified""]","{""artifact_schema"":""TRUELY_COLLECTABLES_DEAL_HUNTER_ARTIFACT_V1"",""deployment"":{""commitSha"":null,""environment"":""production"",""region"":null},""discovery_family_ids"":[""baseball-prospect.josue-de-paula.true-first-bowman""],""gateway_endpoint"":""https://truelycollectables.com/api/tcos/deal-hunter-native-ebay?perQuery=20&scope=baseball_prospects"",""gateway_host"":""https://truelycollectables.com"",""gateway_scopes"":[""baseball_prospects""],""listing_item_id"":""377402865913"",""native_schema"":""TCOS_NATIVE_EBAY_FEED_V1"",""producer_commit_sha"":""07471ae49901220d13073aab604afbb0e223e855"",""producer_run_id"":""31970958336"",""source"":""truelycollectables.com/native-ebay"",""source_queries"":[""Josue De Paula 1st Bowman Chrome""],""token_mode"":""client_credentials""}"
cand-s14-ebay-9778354ffefd4e2eb981,dh-20260731T184251Z-gha-recovery,14,2026-08-16T20:35:00.076Z,MLB PROSPECT/true_first_bowman,Josue De Paula,true_first_bowman_card,eBay,sandscards2,,117346485579,https://www.ebay.com/itm/117346485579?_skw=Josue+De+Paula+1st+Bowman+Chrome&hash=item1b5265454b%3Ag%3AQt8AAeSwCclqdlcX,LIVE,Josue De Paula 2023 Bowman Chrome 1st Navy Mega Box Dodgers 154/175 PSA 10,"{""preliminary_scope_status"":""DISCOVERY_SCOPE_PASS"",""query_family_ids"":[""baseball-prospect.josue-de-paula.true-first-bowman""]}",{},,ebay|sandscards2|117346485579,https://i.ebayimg.com/images/g/Qt8AAeSwCclqdlcX/s-l225.jpg,,FALSE,FALSE,FALSE,FALSE,{},,,,NO,NO,GRADED,PSA,10,,Graded; seller/API claim only; front/back unverified.,UNKNOWN,"[""identity_and_images_unverified""]",172.5,6,,,,,0,180,TRUE,,,,,,[],INSUFFICIENT,INSUFFICIENT,UNKNOWN,INSUFFICIENT,,,,,,,,,,,,,,,,,MANUAL REVIEW / UNPRICED,FALSE,FALSE,"[""exact_front_back_identity_not_verified"",""identical_completed_sales_not_persisted"",""delivered_acquisition_cost_incomplete"",""truely_collectables_owned_copy_exclusion_not_proven"",""true_first_bowman_chronology_not_verified""]","{""artifact_schema"":""TRUELY_COLLECTABLES_DEAL_HUNTER_ARTIFACT_V1"",""deployment"":{""commitSha"":null,""environment"":""production"",""region"":null},""discovery_family_ids"":[""baseball-prospect.josue-de-paula.true-first-bowman""],""gateway_endpoint"":""https://truelycollectables.com/api/tcos/deal-hunter-native-ebay?perQuery=20&scope=baseball_prospects"",""gateway_host"":""https://truelycollectables.com"",""gateway_scopes"":[""baseball_prospects""],""listing_item_id"":""117346485579"",""native_schema"":""TCOS_NATIVE_EBAY_FEED_V1"",""producer_commit_sha"":""07471ae49901220d13073aab604afbb0e223e855"",""producer_run_id"":""31970958336"",""source"":""truelycollectables.com/native-ebay"",""source_queries"":[""Josue De Paula 1st Bowman Chrome""],""token_mode"":""client_credentials""}"
cand-s14-ebay-d910057efdab2cd4c7d4,dh-20260731T184251Z-gha-recovery,14,2026-08-16T20:35:00.076Z,MLB PROSPECT/true_first_bowman,Jesus Made,true_first_bowman_card,eBay,secol-82,,318694558212,https://www.ebay.com/itm/318694558212?_skw=Jesus+Made+1st+Bowman+Chrome&hash=item4a33ad0a04%3Ag%3AlFoAAeSwBXxqdkVd,LIVE,2026 Bowman - Chrome Prospects Jesus Made #BCP-96 Blue RayWave Refractor /150,"{""preliminary_scope_status"":""IMAGE_OR_IDENTITY_REVIEW_REQUIRED"",""query_family_ids"":[""baseball-prospect.jesus-made.true-first-bowman""]}",{},,ebay|secol-82|318694558212,https://i.ebayimg.com/images/g/lFoAAeSwBXxqdkVd/s-l225.jpg,,FALSE,FALSE,FALSE,FALSE,{},,,,NO,NO,RAW,,,,Ungraded; seller/API claim only; front/back unverified.,UNKNOWN,"[""identity_and_images_unverified""]",24.99,,,,,,0,180,TRUE,,,,,,[],INSUFFICIENT,INSUFFICIENT,UNKNOWN,INSUFFICIENT,,,,,,,,,,,,,,,,,MANUAL REVIEW / UNPRICED,FALSE,FALSE,"[""exact_front_back_identity_not_verified"",""identical_completed_sales_not_persisted"",""delivered_acquisition_cost_incomplete"",""truely_collectables_owned_copy_exclusion_not_proven"",""true_first_bowman_chronology_not_verified"",""true_first_bowman_not_proven_from_title""]","{""artifact_schema"":""TRUELY_COLLECTABLES_DEAL_HUNTER_ARTIFACT_V1"",""deployment"":{""commitSha"":null,""environment"":""production"",""region"":null},""discovery_family_ids"":[""baseball-prospect.jesus-made.true-first-bowman""],""gateway_endpoint"":""https://truelycollectables.com/api/tcos/deal-hunter-native-ebay?perQuery=20&scope=baseball_prospects"",""gateway_host"":""https://truelycollectables.com"",""gateway_scopes"":[""baseball_prospects""],""listing_item_id"":""318694558212"",""native_schema"":""TCOS_NATIVE_EBAY_FEED_V1"",""producer_commit_sha"":""07471ae49901220d13073aab604afbb0e223e855"",""producer_run_id"":""31970958336"",""source"":""truelycollectables.com/native-ebay"",""source_queries"":[""Jesus Made 1st Bowman Chrome""],""token_mode"":""client_credentials""}"
cand-s14-ebay-1bb56abb41be51f3a2be,dh-20260731T184251Z-gha-recovery,14,2026-08-16T20:35:00.076Z,MLB PROSPECT/true_first_bowman,Josue De Paula,true_first_bowman_card,eBay,cjcrazylegs,,366591310724,https://www.ebay.com/itm/366591310724?_skw=Josue+De+Paula+1st+Bowman+Chrome&hash=item555a8b7b84%3Ag%3A-2sAAeSwls1qdTjI,LIVE,2023 1st Bowman Chrome Josue De Paula PSA 10,"{""preliminary_scope_status"":""DISCOVERY_SCOPE_PASS"",""query_family_ids"":[""baseball-prospect.josue-de-paula.true-first-bowman""]}",{},,ebay|cjcrazylegs|366591310724,https://i.ebayimg.com/images/g/-2sAAeSwls1qdTjI/s-l225.jpg,,FALSE,FALSE,FALSE,FALSE,{},,,,NO,NO,GRADED,PSA,10,,Graded; seller/API claim only; front/back unverified.,UNKNOWN,"[""identity_and_images_unverified""]",67.5,,,,,,0,180,TRUE,,,,,,[],INSUFFICIENT,INSUFFICIENT,UNKNOWN,INSUFFICIENT,,,,,,,,,,,,,,,,,MANUAL REVIEW / UNPRICED,FALSE,FALSE,"[""exact_front_back_identity_not_verified"",""identical_completed_sales_not_persisted"",""delivered_acquisition_cost_incomplete"",""truely_collectables_owned_copy_exclusion_not_proven"",""true_first_bowman_chronology_not_verified""]","{""artifact_schema"":""TRUELY_COLLECTABLES_DEAL_HUNTER_ARTIFACT_V1"",""deployment"":{""commitSha"":null,""environment"":""production"",""region"":null},""discovery_family_ids"":[""baseball-prospect.josue-de-paula.true-first-bowman""],""gateway_endpoint"":""https://truelycollectables.com/api/tcos/deal-hunter-native-ebay?perQuery=20&scope=baseball_prospects"",""gateway_host"":""https://truelycollectables.com"",""gateway_scopes"":[""baseball_prospects""],""listing_item_id"":""366591310724"",""native_schema"":""TCOS_NATIVE_EBAY_FEED_V1"",""producer_commit_sha"":""07471ae49901220d13073aab604afbb0e223e855"",""producer_run_id"":""31970958336"",""source"":""truelycollectables.com/native-ebay"",""source_queries"":[""Josue De Paula 1st Bowman Chrome""],""token_mode"":""client_credentials""}"
cand-s14-ebay-fe1ab2cd7c8f29decc8a,dh-20260731T184251Z-gha-recovery,14,2026-08-16T20:35:00.076Z,MLB PROSPECT/true_first_bowman,Josue De Paula,true_first_bowman_card,eBay,cassiusgashi,,137594069142,https://www.ebay.com/itm/137594069142?_skw=Josue+De+Paula+1st+Bowman+Chrome&hash=item20093ee096%3Ag%3A3C4AAeSwfDJqdP2T,LIVE,2023 Bowman - Chrome Prospects Josue De Paula #BCP-111 (RC) 1st Bowman,"{""preliminary_scope_status"":""DISCOVERY_SCOPE_PASS"",""query_family_ids"":[""baseball-prospect.josue-de-paula.true-first-bowman""]}",{},,ebay|cassiusgashi|137594069142,https://i.ebayimg.com/images/g/3C4AAeSwfDJqdP2T/s-l225.jpg,,FALSE,FALSE,FALSE,FALSE,{},,,,NO,NO,RAW,,,,Ungraded; seller/API claim only; front/back unverified.,UNKNOWN,"[""identity_and_images_unverified""]",3.49,,,,,,0,180,TRUE,,,,,,[],INSUFFICIENT,INSUFFICIENT,UNKNOWN,INSUFFICIENT,,,,,,,,,,,,,,,,,MANUAL REVIEW / UNPRICED,FALSE,FALSE,"[""exact_front_back_identity_not_verified"",""identical_completed_sales_not_persisted"",""delivered_acquisition_cost_incomplete"",""truely_collectables_owned_copy_exclusion_not_proven"",""true_first_bowman_chronology_not_verified""]","{""artifact_schema"":""TRUELY_COLLECTABLES_DEAL_HUNTER_ARTIFACT_V1"",""deployment"":{""commitSha"":null,""environment"":""production"",""region"":null},""discovery_family_ids"":[""baseball-prospect.josue-de-paula.true-first-bowman""],""gateway_endpoint"":""https://truelycollectables.com/api/tcos/deal-hunter-native-ebay?perQuery=20&scope=baseball_prospects"",""gateway_host"":""https://truelycollectables.com"",""gateway_scopes"":[""baseball_prospects""],""listing_item_id"":""137594069142"",""native_schema"":""TCOS_NATIVE_EBAY_FEED_V1"",""producer_commit_sha"":""07471ae49901220d13073aab604afbb0e223e855"",""producer_run_id"":""31970958336"",""source"":""truelycollectables.com/native-ebay"",""source_queries"":[""Josue De Paula 1st Bowman Chrome""],""token_mode"":""client_credentials""}"
cand-s14-ebay-767a9d4c733ab0926f3a,dh-20260731T184251Z-gha-recovery,14,2026-08-16T20:35:00.076Z,MLB PROSPECT/true_first_bowman,George Lombard Jr,true_first_bowman_card,eBay,cbcards520,,128029765806,https://www.ebay.com/itm/128029765806?_skw=George+Lombard+Jr+1st+Bowman+Chrome&hash=item1dcf2b30ae%3Ag%3AyN4AAeSw4vtqdP2T,LIVE,2024 Bowman Chrome George Lombard Jr. 1ST BOWMAN #BCP-79 NYY,"{""preliminary_scope_status"":""DISCOVERY_SCOPE_PASS"",""query_family_ids"":[""baseball-prospect.george-lombard-jr.true-first-bowman""]}",{},,ebay|cbcards520|128029765806,https://i.ebayimg.com/images/g/yN4AAeSw4vtqdP2T/s-l225.jpg,,FALSE,FALSE,FALSE,FALSE,{},,,,NO,NO,RAW,,,,Ungraded; seller/API claim only; front/back unverified.,UNKNOWN,"[""identity_and_images_unverified""]",8.49,,,,,,0,180,TRUE,,,,,,[],INSUFFICIENT,INSUFFICIENT,UNKNOWN,INSUFFICIENT,,,,,,,,,,,,,,,,,MANUAL REVIEW / UNPRICED,FALSE,FALSE,"[""exact_front_back_identity_not_verified"",""identical_completed_sales_not_persisted"",""delivered_acquisition_cost_incomplete"",""truely_collectables_owned_copy_exclusion_not_proven"",""true_first_bowman_chronology_not_verified""]","{""artifact_schema"":""TRUELY_COLLECTABLES_DEAL_HUNTER_ARTIFACT_V1"",""deployment"":{""commitSha"":null,""environment"":""production"",""region"":null},""discovery_family_ids"":[""baseball-prospect.george-lombard-jr.true-first-bowman""],""gateway_endpoint"":""https://truelycollectables.com/api/tcos/deal-hunter-native-ebay?perQuery=20&scope=baseball_prospects"",""gateway_host"":""https://truelycollectables.com"",""gateway_scopes"":[""baseball_prospects""],""listing_item_id"":""128029765806"",""native_schema"":""TCOS_NATIVE_EBAY_FEED_V1"",""producer_commit_sha"":""07471ae49901220d13073aab604afbb0e223e855"",""producer_run_id"":""31970958336"",""source"":""truelycollectables.com/native-ebay"",""source_queries"":[""George Lombard Jr 1st Bowman Chrome""],""token_mode"":""client_credentials""}"
cand-s14-ebay-a5c2e9c2df9a19e88049,dh-20260731T184251Z-gha-recovery,14,2026-08-16T20:35:00.076Z,MLB PROSPECT/true_first_bowman,Leo De Vries,true_first_bowman_card,eBay,frogarmycards,,206469449926,https://www.ebay.com/itm/206469449926?_skw=Leo+De+Vries+1st+Bowman+Chrome&hash=item301289c8c6%3Ag%3AwEcAAeSwJaRqdCYY,LIVE,LEO DE VRIES 2024 Bowman Chrome 1st Prospects Pearl Refractor PSA 9 Mint Padres,"{""preliminary_scope_status"":""DISCOVERY_SCOPE_PASS"",""query_family_ids"":[""baseball-prospect.leo-de-vries.true-first-bowman""]}",{},,ebay|frogarmycards|206469449926,https://i.ebayimg.com/images/g/wEcAAeSwJaRqdCYY/s-l225.jpg,,FALSE,FALSE,FALSE,FALSE,{},,,,NO,NO,GRADED,PSA,9,,Graded; seller/API claim only; front/back unverified.,UNKNOWN,"[""identity_and_images_unverified""]",420,0,,,,,0,180,TRUE,,,,,,[],INSUFFICIENT,INSUFFICIENT,UNKNOWN,INSUFFICIENT,,,,,,,,,,,,,,,,,MANUAL REVIEW / UNPRICED,FALSE,FALSE,"[""exact_front_back_identity_not_verified"",""identical_completed_sales_not_persisted"",""delivered_acquisition_cost_incomplete"",""truely_collectables_owned_copy_exclusion_not_proven"",""true_first_bowman_chronology_not_verified""]","{""artifact_schema"":""TRUELY_COLLECTABLES_DEAL_HUNTER_ARTIFACT_V1"",""deployment"":{""commitSha"":null,""environment"":""production"",""region"":null},""discovery_family_ids"":[""baseball-prospect.leo-de-vries.true-first-bowman""],""gateway_endpoint"":""https://truelycollectables.com/api/tcos/deal-hunter-native-ebay?perQuery=20&scope=baseball_prospects"",""gateway_host"":""https://truelycollectables.com"",""gateway_scopes"":[""baseball_prospects""],""listing_item_id"":""206469449926"",""native_schema"":""TCOS_NATIVE_EBAY_FEED_V1"",""producer_commit_sha"":""07471ae49901220d13073aab604afbb0e223e855"",""producer_run_id"":""31970958336"",""source"":""truelycollectables.com/native-ebay"",""source_queries"":[""Leo De Vries 1st Bowman Chrome""],""token_mode"":""client_credentials""}"
cand-s14-ebay-0bcbc8ccd79539428782,dh-20260731T184251Z-gha-recovery,14,2026-08-16T20:35:00.076Z,MLB PROSPECT/true_first_bowman,George Lombard Jr,true_first_bowman_card,eBay,arctic_breeze61,,178378720985,https://www.ebay.com/itm/178378720985?_skw=George+Lombard+Jr+1st+Bowman+Chrome&hash=item29883346d9%3Ag%3A0q8AAeSw%7EoJqdBpz,LIVE,George Lombard Jr 2024 Bowman Chrome Sapphire Yellow Refractor /75 1st Bowman,"{""preliminary_scope_status"":""DISCOVERY_SCOPE_PASS"",""query_family_ids"":[""baseball-prospect.george-lombard-jr.true-first-bowman""]}",{},,ebay|arctic-breeze61|178378720985,https://i.ebayimg.com/images/g/0q8AAeSw~oJqdBpz/s-l225.jpg,,FALSE,FALSE,FALSE,FALSE,{},,,,NO,NO,RAW,,,,Ungraded; seller/API claim only; front/back unverified.,UNKNOWN,"[""identity_and_images_unverified""]",350,4.99,,,,,0,180,TRUE,,,,,,[],INSUFFICIENT,INSUFFICIENT,UNKNOWN,INSUFFICIENT,,,,,,,,,,,,,,,,,MANUAL REVIEW / UNPRICED,FALSE,FALSE,"[""exact_front_back_identity_not_verified"",""identical_completed_sales_not_persisted"",""delivered_acquisition_cost_incomplete"",""truely_collectables_owned_copy_exclusion_not_proven"",""true_first_bowman_chronology_not_verified""]","{""artifact_schema"":""TRUELY_COLLECTABLES_DEAL_HUNTER_ARTIFACT_V1"",""deployment"":{""commitSha"":null,""environment"":""production"",""region"":null},""discovery_family_ids"":[""baseball-prospect.george-lombard-jr.true-first-bowman""],""gateway_endpoint"":""https://truelycollectables.com/api/tcos/deal-hunter-native-ebay?perQuery=20&scope=baseball_prospects"",""gateway_host"":""https://truelycollectables.com"",""gateway_scopes"":[""baseball_prospects""],""listing_item_id"":""178378720985"",""native_schema"":""TCOS_NATIVE_EBAY_FEED_V1"",""producer_commit_sha"":""07471ae49901220d13073aab604afbb0e223e855"",""producer_run_id"":""31970958336"",""source"":""truelycollectables.com/native-ebay"",""source_queries"":[""George Lombard Jr 1st Bowman Chrome""],""token_mode"":""client_credentials""}"
cand-s14-ebay-90381171e89114e315f6,dh-20260731T184251Z-gha-recovery,14,2026-08-16T20:35:00.076Z,MLB PROSPECT/true_first_bowman,Leo De Vries,true_first_bowman_card,eBay,nc_sportscards26,,407123126288,https://www.ebay.com/itm/407123126288?_skw=Leo+De+Vries+1st+Bowman+Chrome&hash=item5eca6de810%3Ag%3AL1wAAeSw17Bqc6xV&amdata=enc%3AAQALAAABAACCtXRWQnOEpyOqnQQ8KGbRVu0wkZ7yH8xIJIEsaGDDetlIe2RKGRqEZOiAB%2FBSLyRvpCWePuDn1CnTyLaH%2BkJsJC504W9EK2iEJwqkHuKT4685wFHG7L5kP3YvuMRZQ%2Bq6TL7c%2BF47u6pmNC%2F%2BNk7gbO7vWMeFDE%2Fz9mWn6Saz8TBu48xSh1Rr2QN1IFaUqqsZnYYgiGJpxKPbJvNeB2YP%2B0y0q0jF6hrp4g8KODwS%2BCcg%2FDn92twZS8RbdnzZkVExtmTPZJR%2Fa5SJeNOxFIIcEMZqmzeBrigOljDo0Td6PVpFcCVebuImKWUiGhVQvLv1gqGvJ2sGEiFKu9QnxQw%3D,LIVE,2024 Bowman Chrome Leo De Vries 1st Speckle Refractor /299 #BCP-179 Psa 10,"{""preliminary_scope_status"":""DISCOVERY_SCOPE_PASS"",""query_family_ids"":[""baseball-prospect.leo-de-vries.true-first-bowman""]}",{},,ebay|nc-sportscards26|407123126288,https://i.ebayimg.com/images/g/L1wAAeSw17Bqc6xV/s-l225.jpg,,FALSE,FALSE,FALSE,FALSE,{},,,,NO,NO,GRADED,PSA,10,,Graded; seller/API claim only; front/back unverified.,UNKNOWN,"[""identity_and_images_unverified""]",275,5,,,,,0,180,TRUE,,,,,,[],INSUFFICIENT,INSUFFICIENT,UNKNOWN,INSUFFICIENT,,,,,,,,,,,,,,,,,MANUAL REVIEW / UNPRICED,FALSE,FALSE,"[""exact_front_back_identity_not_verified"",""identical_completed_sales_not_persisted"",""delivered_acquisition_cost_incomplete"",""truely_collectables_owned_copy_exclusion_not_proven"",""true_first_bowman_chronology_not_verified""]","{""artifact_schema"":""TRUELY_COLLECTABLES_DEAL_HUNTER_ARTIFACT_V1"",""deployment"":{""commitSha"":null,""environment"":""production"",""region"":null},""discovery_family_ids"":[""baseball-prospect.leo-de-vries.true-first-bowman""],""gateway_endpoint"":""https://truelycollectables.com/api/tcos/deal-hunter-native-ebay?perQuery=20&scope=baseball_prospects"",""gateway_host"":""https://truelycollectables.com"",""gateway_scopes"":[""baseball_prospects""],""listing_item_id"":""407123126288"",""native_schema"":""TCOS_NATIVE_EBAY_FEED_V1"",""producer_commit_sha"":""07471ae49901220d13073aab604afbb0e223e855"",""producer_run_id"":""31970958336"",""source"":""truelycollectables.com/native-ebay"",""source_queries"":[""Leo De Vries 1st Bowman Chrome""],""token_mode"":""client_credentials""}"
cand-s14-ebay-d79b2e05a36480548377,dh-20260731T184251Z-gha-recovery,14,2026-08-16T20:35:00.076Z,MLB PROSPECT/true_first_bowman,George Lombard Jr,true_first_bowman_card,eBay,ibuy.cards,,137596509702,https://www.ebay.com/itm/137596509702?_skw=George+Lombard+Jr+1st+Bowman+Chrome&hash=item2009641e06%3Ag%3A0YUAAeSwUr5qcq4w&amdata=enc%3AAQALAAABAACCtXRWQnOEpyOqnQQ8KGb3ogqZFeb%2BpxtPsb%2Bg%2Fd0lSid1VWcnAcQXioiU5nkvex6bXFkl%2BL9kIfHNcTF8sr6QmiJ2Dv1TopJErsiG2VqOcq0OpPCnFSyxnCdCbKOjRIpISHF9PlmCAJoWlvbzUpLwSJ9cv07EbRaQHQ0b73c0yC5K2SeeSrqlp3gu%2Bir%2BosIXm5pa63%2BqKAIZcBMpxBawi%2Fjl7g5BuVeFYuzgyZX8pUZlFTIs6LEOH2IwXmMFFn%2F2NuAVHvDJt9qH%2FmHzVUf%2Fb5i3eT8j8tDWMj1KdniTFxDZlWc3Yii5ylUg5dMyUIpJ9LuX2Hf7DgxBFp5Q4qU%3D,LIVE,George Lombard Jr. RARE MOJO SUNLIGHT REFRACTOR INVESTMENT ROOKIE CARD SP RC,"{""preliminary_scope_status"":""IMAGE_OR_IDENTITY_REVIEW_REQUIRED"",""query_family_ids"":[""baseball-prospect.george-lombard-jr.true-first-bowman""]}",{},,ebay|ibuy-cards|137596509702,https://i.ebayimg.com/images/g/0YUAAeSwUr5qcq4w/s-l225.jpg,,FALSE,FALSE,FALSE,FALSE,{},,,,NO,NO,RAW,,,,Ungraded; seller/API claim only; front/back unverified.,UNKNOWN,"[""identity_and_images_unverified""]",37.49,6,,,,,0,180,TRUE,,,,,,[],INSUFFICIENT,INSUFFICIENT,UNKNOWN,INSUFFICIENT,,,,,,,,,,,,,,,,,MANUAL REVIEW / UNPRICED,FALSE,FALSE,"[""exact_front_back_identity_not_verified"",""identical_completed_sales_not_persisted"",""delivered_acquisition_cost_incomplete"",""truely_collectables_owned_copy_exclusion_not_proven"",""true_first_bowman_chronology_not_verified"",""true_first_bowman_not_proven_from_title""]","{""artifact_schema"":""TRUELY_COLLECTABLES_DEAL_HUNTER_ARTIFACT_V1"",""deployment"":{""commitSha"":null,""environment"":""production"",""region"":null},""discovery_family_ids"":[""baseball-prospect.george-lombard-jr.true-first-bowman""],""gateway_endpoint"":""https://truelycollectables.com/api/tcos/deal-hunter-native-ebay?perQuery=20&scope=baseball_prospects"",""gateway_host"":""https://truelycollectables.com"",""gateway_scopes"":[""baseball_prospects""],""listing_item_id"":""137596509702"",""native_schema"":""TCOS_NATIVE_EBAY_FEED_V1"",""producer_commit_sha"":""07471ae49901220d13073aab604afbb0e223e855"",""producer_run_id"":""31970958336"",""source"":""truelycollectables.com/native-ebay"",""source_queries"":[""George Lombard Jr 1st Bowman Chrome""],""token_mode"":""client_credentials""}"
cand-s14-ebay-50c62243d982609847c0,dh-20260731T184251Z-gha-recovery,14,2026-08-16T20:35:00.076Z,MLB PROSPECT/true_first_bowman,Leo De Vries,true_first_bowman_card,eBay,dmbreaks,,267747403426,https://www.ebay.com/itm/267747403426?_skw=Leo+De+Vries+1st+Bowman+Chrome&hash=item3e56fd26a2%3Ag%3AEQAAAeSw75ZqcfMI,LIVE,2024 1st Bowman Chrome Sapphire Leo De Vries Blue Auto /199,"{""preliminary_scope_status"":""DISCOVERY_SCOPE_PASS"",""query_family_ids"":[""baseball-prospect.leo-de-vries.true-first-bowman""]}",{},,ebay|dmbreaks|267747403426,https://i.ebayimg.com/images/g/EQAAAeSw75ZqcfMI/s-l225.jpg,,FALSE,FALSE,FALSE,FALSE,{},,,,CLAIMED_ONLY,NO,RAW,,,,Ungraded; seller/API claim only; front/back unverified.,UNKNOWN,"[""identity_and_images_unverified""]",500,0,,,,,0,180,TRUE,,,,,,[],INSUFFICIENT,INSUFFICIENT,UNKNOWN,INSUFFICIENT,,,,,,,,,,,,,,,,,MANUAL REVIEW / UNPRICED,FALSE,FALSE,"[""exact_front_back_identity_not_verified"",""identical_completed_sales_not_persisted"",""delivered_acquisition_cost_incomplete"",""truely_collectables_owned_copy_exclusion_not_proven"",""true_first_bowman_chronology_not_verified""]","{""artifact_schema"":""TRUELY_COLLECTABLES_DEAL_HUNTER_ARTIFACT_V1"",""deployment"":{""commitSha"":null,""environment"":""production"",""region"":null},""discovery_family_ids"":[""baseball-prospect.leo-de-vries.true-first-bowman""],""gateway_endpoint"":""https://truelycollectables.com/api/tcos/deal-hunter-native-ebay?perQuery=20&scope=baseball_prospects"",""gateway_host"":""https://truelycollectables.com"",""gateway_scopes"":[""baseball_prospects""],""listing_item_id"":""267747403426"",""native_schema"":""TCOS_NATIVE_EBAY_FEED_V1"",""producer_commit_sha"":""07471ae49901220d13073aab604afbb0e223e855"",""producer_run_id"":""31970958336"",""source"":""truelycollectables.com/native-ebay"",""source_queries"":[""Leo De Vries 1st Bowman Chrome""],""token_mode"":""client_credentials""}"
cand-s14-ebay-853cc373239603093eba,dh-20260731T184251Z-gha-recovery,14,2026-08-16T20:35:00.076Z,MLB PROSPECT/first_bowman_autograph_color_numbered,George Lombard Jr,true_first_bowman_autograph_parallel,eBay,thecardboardvault,,358921014616,https://www.ebay.com/itm/358921014616?_skw=George+Lombard+Jr+1st+Bowman+autograph+color+numbered&hash=item53915c0d58%3Ag%3ACNgAAeSwjF1qcdbd,LIVE,2024 Bowman George Lombard Jr. 1st True Blue Auto /150 Color Match RC Yankees,"{""preliminary_scope_status"":""DISCOVERY_SCOPE_PASS"",""query_family_ids"":[""baseball-prospect.george-lombard-jr.first-bowman-auto-color""]}",{},,ebay|thecardboardvault|358921014616,https://i.ebayimg.com/images/g/CNgAAeSwjF1qcdbd/s-l225.jpg,,FALSE,FALSE,FALSE,FALSE,{},,,,CLAIMED_ONLY,NO,RAW,,,,Ungraded; seller/API claim only; front/back unverified.,UNKNOWN,"[""identity_and_images_unverified""]",875,,,,,,0,180,TRUE,,,,,,[],INSUFFICIENT,INSUFFICIENT,UNKNOWN,INSUFFICIENT,,,,,,,,,,,,,,,,,MANUAL REVIEW / UNPRICED,FALSE,FALSE,"[""exact_front_back_identity_not_verified"",""identical_completed_sales_not_persisted"",""delivered_acquisition_cost_incomplete"",""truely_collectables_owned_copy_exclusion_not_proven"",""true_first_bowman_chronology_not_verified""]","{""artifact_schema"":""TRUELY_COLLECTABLES_DEAL_HUNTER_ARTIFACT_V1"",""deployment"":{""commitSha"":null,""environment"":""production"",""region"":null},""discovery_family_ids"":[""baseball-prospect.george-lombard-jr.first-bowman-auto-color""],""gateway_endpoint"":""https://truelycollectables.com/api/tcos/deal-hunter-native-ebay?perQuery=20&scope=baseball_prospects"",""gateway_host"":""https://truelycollectables.com"",""gateway_scopes"":[""baseball_prospects""],""listing_item_id"":""358921014616"",""native_schema"":""TCOS_NATIVE_EBAY_FEED_V1"",""producer_commit_sha"":""07471ae49901220d13073aab604afbb0e223e855"",""producer_run_id"":""31970958336"",""source"":""truelycollectables.com/native-ebay"",""source_queries"":[""George Lombard Jr 1st Bowman autograph color numbered""],""token_mode"":""client_credentials""}"
cand-s14-ebay-603b700c6ecd7be6f276,dh-20260731T184251Z-gha-recovery,14,2026-08-16T20:35:00.076Z,MLB PROSPECT/true_first_bowman,Josue De Paula,true_first_bowman_card,eBay,triplegstockcardz,,257657759552,https://www.ebay.com/itm/257657759552?_skw=Josue+De+Paula+1st+Bowman+Chrome&hash=item3bfd996740%3Ag%3AKBMAAeSwkB5qb-To,LIVE,2023 Bowman Chrome Josue De Paula #CPA-JDE Autograph Auto 1st Rookie RC - ⚾️📈🔥,"{""preliminary_scope_status"":""DISCOVERY_SCOPE_PASS"",""query_family_ids"":[""baseball-prospect.josue-de-paula.true-first-bowman""]}",{},,ebay|triplegstockcardz|257657759552,https://i.ebayimg.com/images/g/KBMAAeSwkB5qb-To/s-l225.jpg,,FALSE,FALSE,FALSE,FALSE,{},,,,CLAIMED_ONLY,NO,RAW,,,,Ungraded; seller/API claim only; front/back unverified.,UNKNOWN,"[""identity_and_images_unverified""]",199.95,5.89,,,,,0,180,TRUE,,,,,,[],INSUFFICIENT,INSUFFICIENT,UNKNOWN,INSUFFICIENT,,,,,,,,,,,,,,,,,MANUAL REVIEW / UNPRICED,FALSE,FALSE,"[""exact_front_back_identity_not_verified"",""identical_completed_sales_not_persisted"",""delivered_acquisition_cost_incomplete"",""truely_collectables_owned_copy_exclusion_not_proven"",""true_first_bowman_chronology_not_verified""]","{""artifact_schema"":""TRUELY_COLLECTABLES_DEAL_HUNTER_ARTIFACT_V1"",""deployment"":{""commitSha"":null,""environment"":""production"",""region"":null},""discovery_family_ids"":[""baseball-prospect.josue-de-paula.true-first-bowman""],""gateway_endpoint"":""https://truelycollectables.com/api/tcos/deal-hunter-native-ebay?perQuery=20&scope=baseball_prospects"",""gateway_host"":""https://truelycollectables.com"",""gateway_scopes"":[""baseball_prospects""],""listing_item_id"":""257657759552"",""native_schema"":""TCOS_NATIVE_EBAY_FEED_V1"",""producer_commit_sha"":""07471ae49901220d13073aab604afbb0e223e855"",""producer_run_id"":""31970958336"",""source"":""truelycollectables.com/native-ebay"",""source_queries"":[""Josue De Paula 1st Bowman Chrome""],""token_mode"":""client_credentials""}"
cand-s14-ebay-6c03649519fee929065f,dh-20260731T184251Z-gha-recovery,14,2026-08-16T20:35:00.076Z,MLB PROSPECT/true_first_bowman,Leo De Vries,true_first_bowman_card,eBay,cardyard_618,,147478946432,https://www.ebay.com/itm/147478946432?_skw=Leo+De+Vries+1st+Bowman+Chrome&hash=item22566e2280%3Ag%3ALgMAAeSwC%7EZqXjpT,LIVE,Leo De Vries 2024 Bowman Chrome Refractor 1st Auto RC /499 PSA 8,"{""preliminary_scope_status"":""DISCOVERY_SCOPE_PASS"",""query_family_ids"":[""baseball-prospect.leo-de-vries.true-first-bowman""]}",{},,ebay|cardyard-618|147478946432,https://i.ebayimg.com/images/g/LgMAAeSwC~ZqXjpT/s-l225.jpg,,FALSE,FALSE,FALSE,FALSE,{},,,,CLAIMED_ONLY,NO,GRADED,PSA,8,,Graded; seller/API claim only; front/back unverified.,UNKNOWN,"[""identity_and_images_unverified""]",396.03,5.99,,,,,0,180,TRUE,,,,,,[],INSUFFICIENT,INSUFFICIENT,UNKNOWN,INSUFFICIENT,,,,,,,,,,,,,,,,,MANUAL REVIEW / UNPRICED,FALSE,FALSE,"[""exact_front_back_identity_not_verified"",""identical_completed_sales_not_persisted"",""delivered_acquisition_cost_incomplete"",""truely_collectables_owned_copy_exclusion_not_proven"",""true_first_bowman_chronology_not_verified""]","{""artifact_schema"":""TRUELY_COLLECTABLES_DEAL_HUNTER_ARTIFACT_V1"",""deployment"":{""commitSha"":null,""environment"":""production"",""region"":null},""discovery_family_ids"":[""baseball-prospect.leo-de-vries.true-first-bowman""],""gateway_endpoint"":""https://truelycollectables.com/api/tcos/deal-hunter-native-ebay?perQuery=20&scope=baseball_prospects"",""gateway_host"":""https://truelycollectables.com"",""gateway_scopes"":[""baseball_prospects""],""listing_item_id"":""147478946432"",""native_schema"":""TCOS_NATIVE_EBAY_FEED_V1"",""producer_commit_sha"":""07471ae49901220d13073aab604afbb0e223e855"",""producer_run_id"":""31970958336"",""source"":""truelycollectables.com/native-ebay"",""source_queries"":[""Leo De Vries 1st Bowman Chrome""],""token_mode"":""client_credentials""}"
cand-s14-ebay-276519fe0762b5a491d2,dh-20260731T184251Z-gha-recovery,14,2026-08-16T20:35:00.076Z,MLB PROSPECT/true_first_bowman,Franklin Arias,true_first_bowman_card,eBay,nanew-8749,,377388693265,https://www.ebay.com/itm/377388693265?_skw=Franklin+Arias+1st+Bowman+Chrome&hash=item57de1e7711%3Ag%3AphEAAeSwROhqbzw0,LIVE,2025 Bowman Chrome Prospects Franklin Arias 1st Bowman Mojo Refractor RC Red Sox,"{""preliminary_scope_status"":""DISCOVERY_SCOPE_PASS"",""query_family_ids"":[""baseball-prospect.franklin-arias.true-first-bowman""]}",{},,ebay|nanew-8749|377388693265,https://i.ebayimg.com/images/g/phEAAeSwROhqbzw0/s-l225.jpg,,FALSE,FALSE,FALSE,FALSE,{},,,,NO,NO,RAW,,,,Ungraded; seller/API claim only; front/back unverified.,UNKNOWN,"[""identity_and_images_unverified""]",10.79,0.99,,,,,0,180,TRUE,,,,,,[],INSUFFICIENT,INSUFFICIENT,UNKNOWN,INSUFFICIENT,,,,,,,,,,,,,,,,,MANUAL REVIEW / UNPRICED,FALSE,FALSE,"[""exact_front_back_identity_not_verified"",""identical_completed_sales_not_persisted"",""delivered_acquisition_cost_incomplete"",""truely_collectables_owned_copy_exclusion_not_proven"",""true_first_bowman_chronology_not_verified""]","{""artifact_schema"":""TRUELY_COLLECTABLES_DEAL_HUNTER_ARTIFACT_V1"",""deployment"":{""commitSha"":null,""environment"":""production"",""region"":null},""discovery_family_ids"":[""baseball-prospect.franklin-arias.true-first-bowman""],""gateway_endpoint"":""https://truelycollectables.com/api/tcos/deal-hunter-native-ebay?perQuery=20&scope=baseball_prospects"",""gateway_host"":""https://truelycollectables.com"",""gateway_scopes"":[""baseball_prospects""],""listing_item_id"":""377388693265"",""native_schema"":""TCOS_NATIVE_EBAY_FEED_V1"",""producer_commit_sha"":""07471ae49901220d13073aab604afbb0e223e855"",""producer_run_id"":""31970958336"",""source"":""truelycollectables.com/native-ebay"",""source_queries"":[""Franklin Arias 1st Bowman Chrome""],""token_mode"":""client_credentials""}"
cand-s14-ebay-6f02f9edb95ad81d07de,dh-20260731T184251Z-gha-recovery,14,2026-08-16T20:35:00.076Z,MLB PROSPECT/true_first_bowman,Leo De Vries,true_first_bowman_card,eBay,dankoz-16,,398229344143,https://www.ebay.com/itm/398229344143?_skw=Leo+De+Vries+1st+Bowman+Chrome&hash=item5cb8518f8f%3Ag%3ANYwAAeSwo9lqaq7t,LIVE,2025 Bowman Chrome Leo De Vries Purple Refractor /250 #BCP-59 San Diego Padres,"{""preliminary_scope_status"":""IMAGE_OR_IDENTITY_REVIEW_REQUIRED"",""query_family_ids"":[""baseball-prospect.leo-de-vries.true-first-bowman""]}",{},,ebay|dankoz-16|398229344143,https://i.ebayimg.com/images/g/NYwAAeSwo9lqaq7t/s-l225.jpg,,FALSE,FALSE,FALSE,FALSE,{},,,,NO,NO,RAW,,,,Ungraded; seller/API claim only; front/back unverified.,UNKNOWN,"[""identity_and_images_unverified""]",14.99,1.5,,,,,0,180,TRUE,,,,,,[],INSUFFICIENT,INSUFFICIENT,UNKNOWN,INSUFFICIENT,,,,,,,,,,,,,,,,,MANUAL REVIEW / UNPRICED,FALSE,FALSE,"[""exact_front_back_identity_not_verified"",""identical_completed_sales_not_persisted"",""delivered_acquisition_cost_incomplete"",""truely_collectables_owned_copy_exclusion_not_proven"",""true_first_bowman_chronology_not_verified"",""true_first_bowman_not_proven_from_title""]","{""artifact_schema"":""TRUELY_COLLECTABLES_DEAL_HUNTER_ARTIFACT_V1"",""deployment"":{""commitSha"":null,""environment"":""production"",""region"":null},""discovery_family_ids"":[""baseball-prospect.leo-de-vries.true-first-bowman""],""gateway_endpoint"":""https://truelycollectables.com/api/tcos/deal-hunter-native-ebay?perQuery=20&scope=baseball_prospects"",""gateway_host"":""https://truelycollectables.com"",""gateway_scopes"":[""baseball_prospects""],""listing_item_id"":""398229344143"",""native_schema"":""TCOS_NATIVE_EBAY_FEED_V1"",""producer_commit_sha"":""07471ae49901220d13073aab604afbb0e223e855"",""producer_run_id"":""31970958336"",""source"":""truelycollectables.com/native-ebay"",""source_queries"":[""Leo De Vries 1st Bowman Chrome""],""token_mode"":""client_credentials""}"
cand-s14-ebay-e920dd69907901b171cd,dh-20260731T184251Z-gha-recovery,14,2026-08-16T20:35:00.076Z,MLB PROSPECT/true_first_bowman,Josue De Paula,true_first_bowman_card,eBay,jthcollectibles,,147467278658,https://www.ebay.com/itm/147467278658?_skw=Josue+De+Paula+1st+Bowman+Chrome&hash=item2255bc1942%3Ag%3A5nsAAeSwZl5qaNmP&amdata=enc%3AAQALAAABAACCtXRWQnOEpyOqnQQ8KGaYqWPnGtv1zE9zx6w%2FEac7eXaqIfd4o3Hq8J%2BaIvzXwB5fKsanw8u17zRJRJrnayis0SB2J%2FPPc3mTI80UfxwQu4AkYdrQ%2BRJ%2FZt9VExe%2Bn0PBjUXCXNhqjpegnTAUddj5HFpW0i20WZLtrGndZO1fxyjkzxp1A2olBxhE3D6RTkUplk%2FpbRNQmn4wGRRAzWJt%2F32d4dib023GacK8ciK3M0ThE5q1R1KN9LPnfBCe%2FNInHb44wXnRbtTRYf67Pkd3hodYFC8kVKPOCt2Iffh6ct2qfuErvkQ6lwr%2BcIpCgYLWbKxeKrAZzCZ6aNGOX3Q%3D,LIVE,2026 Bowman - Chrome Prospects Josue De Paula #BCP-83 Orange Shimmer...,"{""preliminary_scope_status"":""IMAGE_OR_IDENTITY_REVIEW_REQUIRED"",""query_family_ids"":[""baseball-prospect.josue-de-paula.true-first-bowman""]}",{},,ebay|jthcollectibles|147467278658,https://i.ebayimg.com/images/g/5nsAAeSwZl5qaNmP/s-l225.jpg,,FALSE,FALSE,FALSE,FALSE,{},,,,NO,NO,RAW,,,,Ungraded; seller/API claim only; front/back unverified.,UNKNOWN,"[""identity_and_images_unverified""]",149.99,0,,,,,0,180,TRUE,,,,,,[],INSUFFICIENT,INSUFFICIENT,UNKNOWN,INSUFFICIENT,,,,,,,,,,,,,,,,,MANUAL REVIEW / UNPRICED,FALSE,FALSE,"[""exact_front_back_identity_not_verified"",""identical_completed_sales_not_persisted"",""delivered_acquisition_cost_incomplete"",""truely_collectables_owned_copy_exclusion_not_proven"",""true_first_bowman_chronology_not_verified"",""true_first_bowman_not_proven_from_title""]","{""artifact_schema"":""TRUELY_COLLECTABLES_DEAL_HUNTER_ARTIFACT_V1"",""deployment"":{""commitSha"":null,""environment"":""production"",""region"":null},""discovery_family_ids"":[""baseball-prospect.josue-de-paula.true-first-bowman""],""gateway_endpoint"":""https://truelycollectables.com/api/tcos/deal-hunter-native-ebay?perQuery=20&scope=baseball_prospects"",""gateway_host"":""https://truelycollectables.com"",""gateway_scopes"":[""baseball_prospects""],""listing_item_id"":""147467278658"",""native_schema"":""TCOS_NATIVE_EBAY_FEED_V1"",""producer_commit_sha"":""07471ae49901220d13073aab604afbb0e223e855"",""producer_run_id"":""31970958336"",""source"":""truelycollectables.com/native-ebay"",""source_queries"":[""Josue De Paula 1st Bowman Chrome""],""token_mode"":""client_credentials""}"
cand-s14-ebay-2b9bfc1c32e5bb431193,dh-20260731T184251Z-gha-recovery,14,2026-08-16T20:35:00.076Z,MLB PROSPECT/true_first_bowman,George Lombard Jr,true_first_bowman_card,eBay,pssports-1,,318644151802,https://www.ebay.com/itm/318644151802?_skw=George+Lombard+Jr+1st+Bowman+Chrome&hash=item4a30abe5fa%3Ag%3AP7MAAeSw-ABqc2ux&amdata=enc%3AAQALAAABAACCtXRWQnOEpyOqnQQ8KGYzBjbBXr0drBjc3HjvfHwacdc4yCs9UJfU8JZKED9IbHi%2BdA8RQLoI8BKvSDFcB%2B0uhCtI9R1DIZb2Ah2bFA62M%2FUtfZSei9geXpyyHDNEATxdn8IlRvFmM29EzsOyxCP6FA%2B%2BHKvq2GHZpmChJyNTZdkBIlQiiWMlt0SavRMkYAiD%2BfQyxLiQCiPd63GUaq5ldOP4J7LExZSbm6R2HIonybphwCcM0V4BwVoRBABNrYOVud2lM0ljZ6%2FSXuMdjo8y6vZB7fKfK5YZTp%2FzAuHSfFowQWEz3HrO6oTM9bsuSY4EeI%2BI%2B2MEBC2as6njIUE%3D,LIVE,2024 Bowman Chrome BCP-79 George Lombard Jr 1st Bowman Yankees GEM MINT PTA 10🔥,"{""preliminary_scope_status"":""DISCOVERY_SCOPE_PASS"",""query_family_ids"":[""baseball-prospect.george-lombard-jr.true-first-bowman""]}",{},,ebay|pssports-1|318644151802,https://i.ebayimg.com/images/g/P7MAAeSw-ABqc2ux/s-l225.jpg,,FALSE,FALSE,FALSE,FALSE,{},,,,NO,NO,GRADED,,,,Graded; seller/API claim only; front/back unverified.,UNKNOWN,"[""identity_and_images_unverified""]",49.99,6.79,,,,,0,180,TRUE,,,,,,[],INSUFFICIENT,INSUFFICIENT,UNKNOWN,INSUFFICIENT,,,,,,,,,,,,,,,,,MANUAL REVIEW / UNPRICED,FALSE,FALSE,"[""exact_front_back_identity_not_verified"",""identical_completed_sales_not_persisted"",""delivered_acquisition_cost_incomplete"",""truely_collectables_owned_copy_exclusion_not_proven"",""true_first_bowman_chronology_not_verified""]","{""artifact_schema"":""TRUELY_COLLECTABLES_DEAL_HUNTER_ARTIFACT_V1"",""deployment"":{""commitSha"":null,""environment"":""production"",""region"":null},""discovery_family_ids"":[""baseball-prospect.george-lombard-jr.true-first-bowman""],""gateway_endpoint"":""https://truelycollectables.com/api/tcos/deal-hunter-native-ebay?perQuery=20&scope=baseball_prospects"",""gateway_host"":""https://truelycollectables.com"",""gateway_scopes"":[""baseball_prospects""],""listing_item_id"":""318644151802"",""native_schema"":""TCOS_NATIVE_EBAY_FEED_V1"",""producer_commit_sha"":""07471ae49901220d13073aab604afbb0e223e855"",""producer_run_id"":""31970958336"",""source"":""truelycollectables.com/native-ebay"",""source_queries"":[""George Lombard Jr 1st Bowman Chrome""],""token_mode"":""client_credentials""}"
cand-s14-ebay-21c95508e012fe4c0934,dh-20260731T184251Z-gha-recovery,14,2026-08-16T20:35:00.076Z,MLB PROSPECT/true_first_bowman,Leo De Vries,true_first_bowman_card,eBay,the_cardboard_closet,,188702836905,https://www.ebay.com/itm/188702836905?_skw=Leo+De+Vries+1st+Bowman+Chrome&hash=item2bef90c8a9%3Ag%3ANNwAAeSw80RqINXw,LIVE,Leo De Vries 2024 Bowman Chrome Purple Shimmer /250 PSA 10 1st Bowman,"{""preliminary_scope_status"":""DISCOVERY_SCOPE_PASS"",""query_family_ids"":[""baseball-prospect.leo-de-vries.true-first-bowman""]}",{},,ebay|the-cardboard-closet|188702836905,https://i.ebayimg.com/images/g/NNwAAeSw80RqINXw/s-l225.jpg,,FALSE,FALSE,FALSE,FALSE,{},,,,NO,NO,GRADED,PSA,10,,Graded; seller/API claim only; front/back unverified.,UNKNOWN,"[""identity_and_images_unverified""]",240,6,,,,,0,180,TRUE,,,,,,[],INSUFFICIENT,INSUFFICIENT,UNKNOWN,INSUFFICIENT,,,,,,,,,,,,,,,,,MANUAL REVIEW / UNPRICED,FALSE,FALSE,"[""exact_front_back_identity_not_verified"",""identical_completed_sales_not_persisted"",""delivered_acquisition_cost_incomplete"",""truely_collectables_owned_copy_exclusion_not_proven"",""true_first_bowman_chronology_not_verified""]","{""artifact_schema"":""TRUELY_COLLECTABLES_DEAL_HUNTER_ARTIFACT_V1"",""deployment"":{""commitSha"":null,""environment"":""production"",""region"":null},""discovery_family_ids"":[""baseball-prospect.leo-de-vries.true-first-bowman""],""gateway_endpoint"":""https://truelycollectables.com/api/tcos/deal-hunter-native-ebay?perQuery=20&scope=baseball_prospects"",""gateway_host"":""https://truelycollectables.com"",""gateway_scopes"":[""baseball_prospects""],""listing_item_id"":""188702836905"",""native_schema"":""TCOS_NATIVE_EBAY_FEED_V1"",""producer_commit_sha"":""07471ae49901220d13073aab604afbb0e223e855"",""producer_run_id"":""31970958336"",""source"":""truelycollectables.com/native-ebay"",""source_queries"":[""Leo De Vries 1st Bowman Chrome""],""token_mode"":""client_credentials""}"
cand-s14-ebay-f7fbb5139c4507dcba4e,dh-20260731T184251Z-gha-recovery,14,2026-08-16T20:35:00.076Z,MLB PROSPECT/true_first_bowman,Jesus Made,true_first_bowman_card,eBay,cmsportscardz,,127986838236,https://www.ebay.com/itm/127986838236?_skw=Jesus+Made+1st+Bowman+Chrome&hash=item1dcc9c2adc%3Ag%3AERgAAeSwC%7EZqX3Lw,LIVE,JESUS MADE /250 2025 1st Bowman - Chrome Prospects BCP-50 Purple Raywave Brewers,"{""preliminary_scope_status"":""DISCOVERY_SCOPE_PASS"",""query_family_ids"":[""baseball-prospect.jesus-made.true-first-bowman""]}",{},,ebay|cmsportscardz|127986838236,https://i.ebayimg.com/images/g/ERgAAeSwC~ZqX3Lw/s-l225.jpg,,FALSE,FALSE,FALSE,FALSE,{},,,,NO,NO,RAW,,,,Ungraded; seller/API claim only; front/back unverified.,UNKNOWN,"[""identity_and_images_unverified""]",89.99,5.89,,,,,0,180,TRUE,,,,,,[],INSUFFICIENT,INSUFFICIENT,UNKNOWN,INSUFFICIENT,,,,,,,,,,,,,,,,,MANUAL REVIEW / UNPRICED,FALSE,FALSE,"[""exact_front_back_identity_not_verified"",""identical_completed_sales_not_persisted"",""delivered_acquisition_cost_incomplete"",""truely_collectables_owned_copy_exclusion_not_proven"",""true_first_bowman_chronology_not_verified""]","{""artifact_schema"":""TRUELY_COLLECTABLES_DEAL_HUNTER_ARTIFACT_V1"",""deployment"":{""commitSha"":null,""environment"":""production"",""region"":null},""discovery_family_ids"":[""baseball-prospect.jesus-made.true-first-bowman""],""gateway_endpoint"":""https://truelycollectables.com/api/tcos/deal-hunter-native-ebay?perQuery=20&scope=baseball_prospects"",""gateway_host"":""https://truelycollectables.com"",""gateway_scopes"":[""baseball_prospects""],""listing_item_id"":""127986838236"",""native_schema"":""TCOS_NATIVE_EBAY_FEED_V1"",""producer_commit_sha"":""07471ae49901220d13073aab604afbb0e223e855"",""producer_run_id"":""31970958336"",""source"":""truelycollectables.com/native-ebay"",""source_queries"":[""Jesus Made 1st Bowman Chrome""],""token_mode"":""client_credentials""}"
cand-s14-ebay-d6f1e05135c4d1991f59,dh-20260731T184251Z-gha-recovery,14,2026-08-16T20:35:00.076Z,MLB PROSPECT/true_first_bowman,Jesus Made,true_first_bowman_card,eBay,bubskiscards,,398186758092,https://www.ebay.com/itm/398186758092?_skw=Jesus+Made+1st+Bowman+Chrome&hash=item5cb5c7bfcc%3Ag%3AqUoAAeSwrptqWu4H&amdata=enc%3AAQALAAABAACCtXRWQnOEpyOqnQQ8KGZlV0FKKoPKMpPeWg0Lv8imHAZ6rNZQDhzMejZ4%2Ftxyd5vTkDWRxd%2BJ%2Bbg4dXWpCyPfZWIjdQcv3vwZ7Uj5YCxQ64MeFO7BrQIJXXVs3n%2F2Og%2Fle6%2BJLiIMV3E2z0N9qAqt4v%2B9SwGd0PuniImb2OzoPZBECWEJOZxz8Qd3%2B0xAhEAg8c%2BASlmyhIbbuKB0i4MST8uPDgw4m7ks1feRM7Iitf%2FZRtSBrWT2qEb4NonQqBvGQGUVWokH6lIMxAiJmptS2tuUMDN342ghCjZqzD4D89hPs6m0zVyJ2FQOYAXijLDo9Gd%2BdlZbKkXn7v%2B9gRE%3D,LIVE,2025 Bowman Chrome Jesus Made 1st Reptilian Refractor PSA 10 Brewers,"{""preliminary_scope_status"":""DISCOVERY_SCOPE_PASS"",""query_family_ids"":[""baseball-prospect.jesus-made.true-first-bowman""]}",{},,ebay|bubskiscards|398186758092,https://i.ebayimg.com/images/g/qUoAAeSwrptqWu4H/s-l225.jpg,,FALSE,FALSE,FALSE,FALSE,{},,,,NO,NO,GRADED,PSA,10,,Graded; seller/API claim only; front/back unverified.,UNKNOWN,"[""identity_and_images_unverified""]",224,,,,,,0,180,TRUE,,,,,,[],INSUFFICIENT,INSUFFICIENT,UNKNOWN,INSUFFICIENT,,,,,,,,,,,,,,,,,MANUAL REVIEW / UNPRICED,FALSE,FALSE,"[""exact_front_back_identity_not_verified"",""identical_completed_sales_not_persisted"",""delivered_acquisition_cost_incomplete"",""truely_collectables_owned_copy_exclusion_not_proven"",""true_first_bowman_chronology_not_verified""]","{""artifact_schema"":""TRUELY_COLLECTABLES_DEAL_HUNTER_ARTIFACT_V1"",""deployment"":{""commitSha"":null,""environment"":""production"",""region"":null},""discovery_family_ids"":[""baseball-prospect.jesus-made.true-first-bowman""],""gateway_endpoint"":""https://truelycollectables.com/api/tcos/deal-hunter-native-ebay?perQuery=20&scope=baseball_prospects"",""gateway_host"":""https://truelycollectables.com"",""gateway_scopes"":[""baseball_prospects""],""listing_item_id"":""398186758092"",""native_schema"":""TCOS_NATIVE_EBAY_FEED_V1"",""producer_commit_sha"":""07471ae49901220d13073aab604afbb0e223e855"",""producer_run_id"":""31970958336"",""source"":""truelycollectables.com/native-ebay"",""source_queries"":[""Jesus Made 1st Bowman Chrome""],""token_mode"":""client_credentials""}"
cand-s14-ebay-108db82851306c4b5c5d,dh-20260731T184251Z-gha-recovery,14,2026-08-16T20:35:00.076Z,MLB PROSPECT/true_first_bowman,Josue De Paula,true_first_bowman_card,eBay,landostradingcards,,178394827071,https://www.ebay.com/itm/178394827071?_skw=Josue+De+Paula+1st+Bowman+Chrome&hash=item298929093f%3Ag%3As1IAAeSwsHRqVZM7,LIVE,2023 Bowman Chrome Josue de Paula 1st Mojo Refractor #BCP-111,"{""preliminary_scope_status"":""DISCOVERY_SCOPE_PASS"",""query_family_ids"":[""baseball-prospect.josue-de-paula.true-first-bowman""]}",{},,ebay|landostradingcards|178394827071,https://i.ebayimg.com/images/g/s1IAAeSwsHRqVZM7/s-l225.jpg,,FALSE,FALSE,FALSE,FALSE,{},,,,NO,NO,RAW,,,,Ungraded; seller/API claim only; front/back unverified.,UNKNOWN,"[""identity_and_images_unverified""]",8.99,1.5,,,,,0,180,TRUE,,,,,,[],INSUFFICIENT,INSUFFICIENT,UNKNOWN,INSUFFICIENT,,,,,,,,,,,,,,,,,MANUAL REVIEW / UNPRICED,FALSE,FALSE,"[""exact_front_back_identity_not_verified"",""identical_completed_sales_not_persisted"",""delivered_acquisition_cost_incomplete"",""truely_collectables_owned_copy_exclusion_not_proven"",""true_first_bowman_chronology_not_verified""]","{""artifact_schema"":""TRUELY_COLLECTABLES_DEAL_HUNTER_ARTIFACT_V1"",""deployment"":{""commitSha"":null,""environment"":""production"",""region"":null},""discovery_family_ids"":[""baseball-prospect.josue-de-paula.true-first-bowman""],""gateway_endpoint"":""https://truelycollectables.com/api/tcos/deal-hunter-native-ebay?perQuery=20&scope=baseball_prospects"",""gateway_host"":""https://truelycollectables.com"",""gateway_scopes"":[""baseball_prospects""],""listing_item_id"":""178394827071"",""native_schema"":""TCOS_NATIVE_EBAY_FEED_V1"",""producer_commit_sha"":""07471ae49901220d13073aab604afbb0e223e855"",""producer_run_id"":""31970958336"",""source"":""truelycollectables.com/native-ebay"",""source_queries"":[""Josue De Paula 1st Bowman Chrome""],""token_mode"":""client_credentials""}"
cand-s14-ebay-0f25917e983c2c18ddad,dh-20260731T184251Z-gha-recovery,14,2026-08-16T20:35:00.076Z,MLB PROSPECT/true_first_bowman,Josue De Paula,true_first_bowman_card,eBay,jthcollectibles,,147427500722,https://www.ebay.com/itm/147427500722?_skw=Josue+De+Paula+1st+Bowman+Chrome&hash=item22535d22b2%3Ag%3ApuoAAeSwsHRqUAIm&amdata=enc%3AAQALAAABAACCtXRWQnOEpyOqnQQ8KGZv0DshAYsHrX3AaUh9pawZlye%2BgCNFdAGg8iqsix%2FbCQfrj%2B8T3olBAoPzNWnK02pGNYE36yJIfh2oDw3Xl56SOZhTSqDzg%2F7iuL0MIKv2MluMwWufeWIGQmNjc8hlnZe%2By1X746u9k44bW8lI%2Fx%2BbkuuIKWdENsit0kWpqxjlqLPgDpFCTIpZmNB5CAYJ2sx0Fy3lqCI1ez%2FAR6R1DzpmoYTqIaSgihdM4fDbueRUBfN1dD2k%2Bv5%2Brfg5buVfoU5yRXhcR4qgJE9M%2Bbg%2BhJFjUXskxk56xbDaw8I8PXBglMJq8coGd2M2Rh5wGqDgJYs%3D,LIVE,2026 Bowman Chrome Prospects #BCP-83 Josue De Paula Gold Shimmer 12/50 (RC),"{""preliminary_scope_status"":""IMAGE_OR_IDENTITY_REVIEW_REQUIRED"",""query_family_ids"":[""baseball-prospect.josue-de-paula.true-first-bowman""]}",{},,ebay|jthcollectibles|147427500722,https://i.ebayimg.com/images/g/puoAAeSwsHRqUAIm/s-l225.jpg,,FALSE,FALSE,FALSE,FALSE,{},,,,NO,NO,RAW,,,,Ungraded; seller/API claim only; front/back unverified.,UNKNOWN,"[""identity_and_images_unverified""]",119.99,0,,,,,0,180,TRUE,,,,,,[],INSUFFICIENT,INSUFFICIENT,UNKNOWN,INSUFFICIENT,,,,,,,,,,,,,,,,,MANUAL REVIEW / UNPRICED,FALSE,FALSE,"[""exact_front_back_identity_not_verified"",""identical_completed_sales_not_persisted"",""delivered_acquisition_cost_incomplete"",""truely_collectables_owned_copy_exclusion_not_proven"",""true_first_bowman_chronology_not_verified"",""true_first_bowman_not_proven_from_title""]","{""artifact_schema"":""TRUELY_COLLECTABLES_DEAL_HUNTER_ARTIFACT_V1"",""deployment"":{""commitSha"":null,""environment"":""production"",""region"":null},""discovery_family_ids"":[""baseball-prospect.josue-de-paula.true-first-bowman""],""gateway_endpoint"":""https://truelycollectables.com/api/tcos/deal-hunter-native-ebay?perQuery=20&scope=baseball_prospects"",""gateway_host"":""https://truelycollectables.com"",""gateway_scopes"":[""baseball_prospects""],""listing_item_id"":""147427500722"",""native_schema"":""TCOS_NATIVE_EBAY_FEED_V1"",""producer_commit_sha"":""07471ae49901220d13073aab604afbb0e223e855"",""producer_run_id"":""31970958336"",""source"":""truelycollectables.com/native-ebay"",""source_queries"":[""Josue De Paula 1st Bowman Chrome""],""token_mode"":""client_credentials""}"
cand-s14-ebay-587679ba6e9c488540c9,dh-20260731T184251Z-gha-recovery,14,2026-08-16T20:35:00.076Z,MLB PROSPECT/true_first_bowman,George Lombard Jr,true_first_bowman_card,eBay,pssports-1,,318515695706,https://www.ebay.com/itm/318515695706?_skw=George+Lombard+Jr+1st+Bowman+Chrome&hash=item4a2903d05a%3Ag%3AqlQAAeSwJ2dqfQb8,LIVE,2024 Bowman Chrome George Lombard Jr 1ST BOWMAN MOJO REFRACTOR GEM MINT PTA 10🔥,"{""preliminary_scope_status"":""DISCOVERY_SCOPE_PASS"",""query_family_ids"":[""baseball-prospect.george-lombard-jr.true-first-bowman""]}",{},,ebay|pssports-1|318515695706,https://i.ebayimg.com/images/g/qlQAAeSwJ2dqfQb8/s-l225.jpg,,FALSE,FALSE,FALSE,FALSE,{},,,,NO,NO,GRADED,,,,Graded; seller/API claim only; front/back unverified.,UNKNOWN,"[""identity_and_images_unverified""]",149.99,7.99,,,,,0,180,TRUE,,,,,,[],INSUFFICIENT,INSUFFICIENT,UNKNOWN,INSUFFICIENT,,,,,,,,,,,,,,,,,MANUAL REVIEW / UNPRICED,FALSE,FALSE,"[""exact_front_back_identity_not_verified"",""identical_completed_sales_not_persisted"",""delivered_acquisition_cost_incomplete"",""truely_collectables_owned_copy_exclusion_not_proven"",""true_first_bowman_chronology_not_verified""]","{""artifact_schema"":""TRUELY_COLLECTABLES_DEAL_HUNTER_ARTIFACT_V1"",""deployment"":{""commitSha"":null,""environment"":""production"",""region"":null},""discovery_family_ids"":[""baseball-prospect.george-lombard-jr.true-first-bowman""],""gateway_endpoint"":""https://truelycollectables.com/api/tcos/deal-hunter-native-ebay?perQuery=20&scope=baseball_prospects"",""gateway_host"":""https://truelycollectables.com"",""gateway_scopes"":[""baseball_prospects""],""listing_item_id"":""318515695706"",""native_schema"":""TCOS_NATIVE_EBAY_FEED_V1"",""producer_commit_sha"":""07471ae49901220d13073aab604afbb0e223e855"",""producer_run_id"":""31970958336"",""source"":""truelycollectables.com/native-ebay"",""source_queries"":[""George Lombard Jr 1st Bowman Chrome""],""token_mode"":""client_credentials""}"
cand-s14-ebay-ac99b14849ae3eb4f423,dh-20260731T184251Z-gha-recovery,14,2026-08-16T20:35:00.076Z,MLB PROSPECT/first_bowman_autograph_color_numbered,Leo De Vries,true_first_bowman_autograph_parallel,eBay,murcinary207,,178260668736,https://www.ebay.com/itm/178260668736?_skw=Leo+De+Vries+1st+Bowman+autograph+color+numbered&hash=item298129f140%3Ag%3AwlkAAeSwf55qQCXw,LIVE,2026 Leaf PRO SET Leo De Vries AUTO /20 REFRACTOR SSP Rookie Card No. 90A-LDV 📈,"{""preliminary_scope_status"":""IMAGE_OR_IDENTITY_REVIEW_REQUIRED"",""query_family_ids"":[""baseball-prospect.leo-de-vries.first-bowman-auto-color""]}",{},,ebay|murcinary207|178260668736,https://i.ebayimg.com/images/g/wlkAAeSwf55qQCXw/s-l225.jpg,,FALSE,FALSE,FALSE,FALSE,{},,,,CLAIMED_ONLY,NO,RAW,,,,Ungraded; seller/API claim only; front/back unverified.,UNKNOWN,"[""identity_and_images_unverified""]",39.95,0,,,,,0,180,TRUE,,,,,,[],INSUFFICIENT,INSUFFICIENT,UNKNOWN,INSUFFICIENT,,,,,,,,,,,,,,,,,MANUAL REVIEW / UNPRICED,FALSE,FALSE,"[""exact_front_back_identity_not_verified"",""identical_completed_sales_not_persisted"",""delivered_acquisition_cost_incomplete"",""truely_collectables_owned_copy_exclusion_not_proven"",""true_first_bowman_chronology_not_verified"",""true_first_bowman_not_proven_from_title""]","{""artifact_schema"":""TRUELY_COLLECTABLES_DEAL_HUNTER_ARTIFACT_V1"",""deployment"":{""commitSha"":null,""environment"":""production"",""region"":null},""discovery_family_ids"":[""baseball-prospect.leo-de-vries.first-bowman-auto-color""],""gateway_endpoint"":""https://truelycollectables.com/api/tcos/deal-hunter-native-ebay?perQuery=20&scope=baseball_prospects"",""gateway_host"":""https://truelycollectables.com"",""gateway_scopes"":[""baseball_prospects""],""listing_item_id"":""178260668736"",""native_schema"":""TCOS_NATIVE_EBAY_FEED_V1"",""producer_commit_sha"":""07471ae49901220d13073aab604afbb0e223e855"",""producer_run_id"":""31970958336"",""source"":""truelycollectables.com/native-ebay"",""source_queries"":[""Leo De Vries 1st Bowman autograph color numbered""],""token_mode"":""client_credentials""}"
cand-s14-ebay-50b45774bfa0d2faacd9,dh-20260731T184251Z-gha-recovery,14,2026-08-16T20:35:00.076Z,MLB PROSPECT/true_first_bowman,Leo De Vries,true_first_bowman_card,eBay,fourcorner*,,800232718248,https://www.ebay.com/itm/800232718248?_skw=Leo+De+Vries+1st+Bowman+Chrome&hash=itemba51963fa8%3Ag%3A174AAeSwdi1qOB7A&amdata=enc%3AAQALAAABAACCtXRWQnOEpyOqnQQ8KGZd9lnDhqWIXdxUN9Imx7geWVt5ewZq0cIMYLJ7HICYzg8IvwiTPbncCeZsnzGup9wUcNv1g88%2BzPU3ARwdZLsm3ltCdBBxYB7%2FBvGTuwecuOsQbf6DsyjcD2%2B1veUVmfso3iwReXmLO5d9uFsQM1QzJ9xM2YnM8Q0C8QzukbqaMekdkbHAwH2SMB7pmJHrIpKqv33xOtDZUv8TvgOWWhwThdFeeZEnBDnZWyck54Y6J3yRez%2BYx1TfhRHlymOuQlRaqsznSB1iEPpUkuYItgo40pFy0ZQvNp%2FIOVnT3I9otMfyYroZgOLPq45kkEJSd1k%3D,LIVE,2025 Bowman Chrome Prospect Auto Ref /499 #CPA-LD Leo De Vries PSA Dual Grade‼️,"{""preliminary_scope_status"":""IMAGE_OR_IDENTITY_REVIEW_REQUIRED"",""query_family_ids"":[""baseball-prospect.leo-de-vries.true-first-bowman""]}",{},,ebay|fourcorner|800232718248,https://i.ebayimg.com/images/g/174AAeSwdi1qOB7A/s-l225.jpg,,FALSE,FALSE,FALSE,FALSE,{},,,,CLAIMED_ONLY,NO,GRADED,,,,Graded; seller/API claim only; front/back unverified.,UNKNOWN,"[""identity_and_images_unverified""]",189,,,,,,0,180,TRUE,,,,,,[],INSUFFICIENT,INSUFFICIENT,UNKNOWN,INSUFFICIENT,,,,,,,,,,,,,,,,,MANUAL REVIEW / UNPRICED,FALSE,FALSE,"[""exact_front_back_identity_not_verified"",""identical_completed_sales_not_persisted"",""delivered_acquisition_cost_incomplete"",""truely_collectables_owned_copy_exclusion_not_proven"",""true_first_bowman_chronology_not_verified"",""true_first_bowman_not_proven_from_title""]","{""artifact_schema"":""TRUELY_COLLECTABLES_DEAL_HUNTER_ARTIFACT_V1"",""deployment"":{""commitSha"":null,""environment"":""production"",""region"":null},""discovery_family_ids"":[""baseball-prospect.leo-de-vries.true-first-bowman""],""gateway_endpoint"":""https://truelycollectables.com/api/tcos/deal-hunter-native-ebay?perQuery=20&scope=baseball_prospects"",""gateway_host"":""https://truelycollectables.com"",""gateway_scopes"":[""baseball_prospects""],""listing_item_id"":""800232718248"",""native_schema"":""TCOS_NATIVE_EBAY_FEED_V1"",""producer_commit_sha"":""07471ae49901220d13073aab604afbb0e223e855"",""producer_run_id"":""31970958336"",""source"":""truelycollectables.com/native-ebay"",""source_queries"":[""Leo De Vries 1st Bowman Chrome""],""token_mode"":""client_credentials""}"
cand-s14-ebay-b28623031539d772bc38,dh-20260731T184251Z-gha-recovery,14,2026-08-16T20:35:00.076Z,MLB PROSPECT/true_first_bowman,Jesus Made,true_first_bowman_card,eBay,amsterdamsportscards,,358707488017,https://www.ebay.com/itm/358707488017?_skw=Jesus+Made+1st+Bowman+Chrome&hash=item5384a1e511%3Ag%3ACkAAAeSwSX9qNg2y&amdata=enc%3AAQALAAABAACCtXRWQnOEpyOqnQQ8KGYnS2ka1YDlLxt3OuwJ8jkYeQK7smBbqcutw6c1%2BwszKPLJwCoCyul%2B%2BGo5WFw0sD%2B7B2H0VpVGj0I4qDgb5c82AfnonA0uE8QIeIV35D8j0Pv3Qa54RgwgNpHnXb4Z1M0OaUFnMVzWNVc0ui3JnBwPtw5nfxCWJL72evq%2BxKvgZNX2MagQQSKHMLoVDEeIiBcnPQgaImiu6YC09hE1yzZ7%2BmnBxVVfpq5BNggkA8r0UgMNp32oaC%2F5%2BePnlXcs5F9RkboJqLKqW7aW9Eg4qN2mdks7tWfPD%2BVlIA9d%2BJRwP4CQ%2FqvQIcSmETSqekDF%2FkI%3D,LIVE,JESUS MADE ROOKIE SILVER REFRACTOR 2026 Bowman Chrome Top 100 Insert - Brewers,"{""preliminary_scope_status"":""IMAGE_OR_IDENTITY_REVIEW_REQUIRED"",""query_family_ids"":[""baseball-prospect.jesus-made.true-first-bowman""]}",{},,ebay|amsterdamsportscards|358707488017,https://i.ebayimg.com/images/g/CkAAAeSwSX9qNg2y/s-l225.jpg,,FALSE,FALSE,FALSE,FALSE,{},,,,NO,NO,RAW,,,,Ungraded; seller/API claim only; front/back unverified.,UNKNOWN,"[""identity_and_images_unverified""]",31.99,5.99,,,,,0,180,TRUE,,,,,,[],INSUFFICIENT,INSUFFICIENT,UNKNOWN,INSUFFICIENT,,,,,,,,,,,,,,,,,MANUAL REVIEW / UNPRICED,FALSE,FALSE,"[""exact_front_back_identity_not_verified"",""identical_completed_sales_not_persisted"",""delivered_acquisition_cost_incomplete"",""truely_collectables_owned_copy_exclusion_not_proven"",""true_first_bowman_chronology_not_verified"",""true_first_bowman_not_proven_from_title""]","{""artifact_schema"":""TRUELY_COLLECTABLES_DEAL_HUNTER_ARTIFACT_V1"",""deployment"":{""commitSha"":null,""environment"":""production"",""region"":null},""discovery_family_ids"":[""baseball-prospect.jesus-made.true-first-bowman""],""gateway_endpoint"":""https://truelycollectables.com/api/tcos/deal-hunter-native-ebay?perQuery=20&scope=baseball_prospects"",""gateway_host"":""https://truelycollectables.com"",""gateway_scopes"":[""baseball_prospects""],""listing_item_id"":""358707488017"",""native_schema"":""TCOS_NATIVE_EBAY_FEED_V1"",""producer_commit_sha"":""07471ae49901220d13073aab604afbb0e223e855"",""producer_run_id"":""31970958336"",""source"":""truelycollectables.com/native-ebay"",""source_queries"":[""Jesus Made 1st Bowman Chrome""],""token_mode"":""client_credentials""}"
cand-s14-ebay-5a7f9e908d6a667f644d,dh-20260731T184251Z-gha-recovery,14,2026-08-16T20:35:00.076Z,MLB PROSPECT/true_first_bowman,Jesus Made,true_first_bowman_card,eBay,amsterdamsportscards,,358703679469,https://www.ebay.com/itm/358703679469?_skw=Jesus+Made+1st+Bowman+Chrome&hash=item538467c7ed%3Ag%3A8YwAAeSwpfdqNhU2&amdata=enc%3AAQALAAABAACCtXRWQnOEpyOqnQQ8KGbyveB%2BcEPJ6uBYegEV0C5vi9kqQCjy1%2FfjH4gkOG927UJYXPsSl0lLj8SRmuUXICII9FLO2ndIAegciYCQ2WfNYmZaLW%2FftDlV9YXFQxkExiW7abI%2FBMBDRzCw67yroJZkZwCaXrAQS8HblTAu6pXbcpFbKK9MO7cAkLcxKZTgI83vQI5nRuEggXPSTYSVgMayuDOJFFbhX27WGrmQ9jsCkeLWYCyytxs8g0XWTGqkDJXtQhlIBQ53%2BKwz31WzCz4JCbZlvIgrOlUESdhn2oXzsdzgbTKYztp23wUJNWOfNFUyYEZn79FofB6bpUMwE1E%3D,LIVE,JESUS MADE ROOKIE SILVER MOJO REFRACTOR 2026 Bowman Chrome Parallel Card,"{""preliminary_scope_status"":""IMAGE_OR_IDENTITY_REVIEW_REQUIRED"",""query_family_ids"":[""baseball-prospect.jesus-made.true-first-bowman""]}",{},,ebay|amsterdamsportscards|358703679469,https://i.ebayimg.com/images/g/8YwAAeSwpfdqNhU2/s-l225.jpg,,FALSE,FALSE,FALSE,FALSE,{},,,,NO,NO,RAW,,,,Ungraded; seller/API claim only; front/back unverified.,UNKNOWN,"[""identity_and_images_unverified""]",23.99,5.99,,,,,0,180,TRUE,,,,,,[],INSUFFICIENT,INSUFFICIENT,UNKNOWN,INSUFFICIENT,,,,,,,,,,,,,,,,,MANUAL REVIEW / UNPRICED,FALSE,FALSE,"[""exact_front_back_identity_not_verified"",""identical_completed_sales_not_persisted"",""delivered_acquisition_cost_incomplete"",""truely_collectables_owned_copy_exclusion_not_proven"",""true_first_bowman_chronology_not_verified"",""true_first_bowman_not_proven_from_title""]","{""artifact_schema"":""TRUELY_COLLECTABLES_DEAL_HUNTER_ARTIFACT_V1"",""deployment"":{""commitSha"":null,""environment"":""production"",""region"":null},""discovery_family_ids"":[""baseball-prospect.jesus-made.true-first-bowman""],""gateway_endpoint"":""https://truelycollectables.com/api/tcos/deal-hunter-native-ebay?perQuery=20&scope=baseball_prospects"",""gateway_host"":""https://truelycollectables.com"",""gateway_scopes"":[""baseball_prospects""],""listing_item_id"":""358703679469"",""native_schema"":""TCOS_NATIVE_EBAY_FEED_V1"",""producer_commit_sha"":""07471ae49901220d13073aab604afbb0e223e855"",""producer_run_id"":""31970958336"",""source"":""truelycollectables.com/native-ebay"",""source_queries"":[""Jesus Made 1st Bowman Chrome""],""token_mode"":""client_credentials""}"
cand-s14-ebay-79e0bb60f4060b8ac5af,dh-20260731T184251Z-gha-recovery,14,2026-08-16T20:35:00.076Z,MLB PROSPECT/true_first_bowman,Franklin Arias,true_first_bowman_card,eBay,cardcavecentral,,178227963992,https://www.ebay.com/itm/178227963992?_skw=Franklin+Arias+1st+Bowman+Chrome&hash=item297f36e858%3Ag%3AjloAAeSwQMRqMXlH,LIVE,2025 Bowman Chrome FRANKLIN ARIAS #BCP-67 1st Prospect Reptilian PSA 9 Red Sox,"{""preliminary_scope_status"":""DISCOVERY_SCOPE_PASS"",""query_family_ids"":[""baseball-prospect.franklin-arias.true-first-bowman""]}",{},,ebay|cardcavecentral|178227963992,https://i.ebayimg.com/images/g/jloAAeSwQMRqMXlH/s-l225.jpg,,FALSE,FALSE,FALSE,FALSE,{},,,,NO,NO,GRADED,PSA,9,,Graded; seller/API claim only; front/back unverified.,UNKNOWN,"[""identity_and_images_unverified""]",49.99,5.99,,,,,0,180,TRUE,,,,,,[],INSUFFICIENT,INSUFFICIENT,UNKNOWN,INSUFFICIENT,,,,,,,,,,,,,,,,,MANUAL REVIEW / UNPRICED,FALSE,FALSE,"[""exact_front_back_identity_not_verified"",""identical_completed_sales_not_persisted"",""delivered_acquisition_cost_incomplete"",""truely_collectables_owned_copy_exclusion_not_proven"",""true_first_bowman_chronology_not_verified""]","{""artifact_schema"":""TRUELY_COLLECTABLES_DEAL_HUNTER_ARTIFACT_V1"",""deployment"":{""commitSha"":null,""environment"":""production"",""region"":null},""discovery_family_ids"":[""baseball-prospect.franklin-arias.true-first-bowman""],""gateway_endpoint"":""https://truelycollectables.com/api/tcos/deal-hunter-native-ebay?perQuery=20&scope=baseball_prospects"",""gateway_host"":""https://truelycollectables.com"",""gateway_scopes"":[""baseball_prospects""],""listing_item_id"":""178227963992"",""native_schema"":""TCOS_NATIVE_EBAY_FEED_V1"",""producer_commit_sha"":""07471ae49901220d13073aab604afbb0e223e855"",""producer_run_id"":""31970958336"",""source"":""truelycollectables.com/native-ebay"",""source_queries"":[""Franklin Arias 1st Bowman Chrome""],""token_mode"":""client_credentials""}"
cand-s14-ebay-8d3c9100edb34282b054,dh-20260731T184251Z-gha-recovery,14,2026-08-16T20:35:00.076Z,MLB PROSPECT/true_first_bowman,Leo De Vries,true_first_bowman_card,eBay,she953566,,178227254443,https://www.ebay.com/itm/178227254443?_skw=Leo+De+Vries+1st+Bowman+Chrome&hash=item297f2c14ab%3Ag%3AgQgAAeSwuMZqOxUA,LIVE,2025 Bowman Chrome LEO DE VRIES Prospect Gold Shimmer /50- San Diego Padres,"{""preliminary_scope_status"":""IMAGE_OR_IDENTITY_REVIEW_REQUIRED"",""query_family_ids"":[""baseball-prospect.leo-de-vries.true-first-bowman""]}",{},,ebay|she953566|178227254443,https://i.ebayimg.com/images/g/gQgAAeSwuMZqOxUA/s-l225.jpg,,FALSE,FALSE,FALSE,FALSE,{},,,,NO,NO,GRADED,,,,Graded; seller/API claim only; front/back unverified.,UNKNOWN,"[""identity_and_images_unverified""]",295,,,,,,0,180,TRUE,,,,,,[],INSUFFICIENT,INSUFFICIENT,UNKNOWN,INSUFFICIENT,,,,,,,,,,,,,,,,,MANUAL REVIEW / UNPRICED,FALSE,FALSE,"[""exact_front_back_identity_not_verified"",""identical_completed_sales_not_persisted"",""delivered_acquisition_cost_incomplete"",""truely_collectables_owned_copy_exclusion_not_proven"",""true_first_bowman_chronology_not_verified"",""true_first_bowman_not_proven_from_title""]","{""artifact_schema"":""TRUELY_COLLECTABLES_DEAL_HUNTER_ARTIFACT_V1"",""deployment"":{""commitSha"":null,""environment"":""production"",""region"":null},""discovery_family_ids"":[""baseball-prospect.leo-de-vries.true-first-bowman""],""gateway_endpoint"":""https://truelycollectables.com/api/tcos/deal-hunter-native-ebay?perQuery=20&scope=baseball_prospects"",""gateway_host"":""https://truelycollectables.com"",""gateway_scopes"":[""baseball_prospects""],""listing_item_id"":""178227254443"",""native_schema"":""TCOS_NATIVE_EBAY_FEED_V1"",""producer_commit_sha"":""07471ae49901220d13073aab604afbb0e223e855"",""producer_run_id"":""31970958336"",""source"":""truelycollectables.com/native-ebay"",""source_queries"":[""Leo De Vries 1st Bowman Chrome""],""token_mode"":""client_credentials""}"
cand-s14-ebay-36d6ee226c8ce3358a69,dh-20260731T184251Z-gha-recovery,14,2026-08-16T20:35:00.076Z,MLB PROSPECT/true_first_bowman,Jesus Made,true_first_bowman_card,eBay,jthcollectibles,,147374045409,https://www.ebay.com/itm/147374045409?_skw=Jesus+Made+1st+Bowman+Chrome&hash=item22502d78e1%3Ag%3Acl0AAeSwGFlqME6K&amdata=enc%3AAQALAAABAACCtXRWQnOEpyOqnQQ8KGZhyVdXCkY2paxTyiIUR%2Fz1DQxJLLVoxihujk8TgXWSBB%2BZurq0WOA9E%2Fi4%2Fjxz50v1AxNs4VIsCAccgmUsXpo87MqGbT%2FQJZwCwBmJZ7KljBdtWVKVa%2BnHWu%2FA5YLeuS4zlPlifYuhc5vPs0%2FryjVKKaUJX7ICbFbHRXeDH%2FtiaTSLHuevuX63r9CVq%2B63meIDs%2BuB%2FO%2Fc8snXqhB0E8Hh2h1jesk7f00%2FbrbRSZjs5gn551l0mUwpoRlGK%2Bb5ynQX1PJyiLJ9X75S%2BD%2BLc0K9DODAvwiEUksG1bA60bBQ6qZJGM4ccWjIGqZOZirwKqE%3D,LIVE,2025 Bowman Sapphire Edition - Chrome Prospects Jesus Made #BCP-50 (RC),"{""preliminary_scope_status"":""IMAGE_OR_IDENTITY_REVIEW_REQUIRED"",""query_family_ids"":[""baseball-prospect.jesus-made.true-first-bowman""]}",{},,ebay|jthcollectibles|147374045409,https://i.ebayimg.com/images/g/cl0AAeSwGFlqME6K/s-l225.jpg,,FALSE,FALSE,FALSE,FALSE,{},,,,NO,NO,RAW,,,,Ungraded; seller/API claim only; front/back unverified.,UNKNOWN,"[""identity_and_images_unverified""]",139.99,0,,,,,0,180,TRUE,,,,,,[],INSUFFICIENT,INSUFFICIENT,UNKNOWN,INSUFFICIENT,,,,,,,,,,,,,,,,,MANUAL REVIEW / UNPRICED,FALSE,FALSE,"[""exact_front_back_identity_not_verified"",""identical_completed_sales_not_persisted"",""delivered_acquisition_cost_incomplete"",""truely_collectables_owned_copy_exclusion_not_proven"",""true_first_bowman_chronology_not_verified"",""true_first_bowman_not_proven_from_title""]","{""artifact_schema"":""TRUELY_COLLECTABLES_DEAL_HUNTER_ARTIFACT_V1"",""deployment"":{""commitSha"":null,""environment"":""production"",""region"":null},""discovery_family_ids"":[""baseball-prospect.jesus-made.true-first-bowman""],""gateway_endpoint"":""https://truelycollectables.com/api/tcos/deal-hunter-native-ebay?perQuery=20&scope=baseball_prospects"",""gateway_host"":""https://truelycollectables.com"",""gateway_scopes"":[""baseball_prospects""],""listing_item_id"":""147374045409"",""native_schema"":""TCOS_NATIVE_EBAY_FEED_V1"",""producer_commit_sha"":""07471ae49901220d13073aab604afbb0e223e855"",""producer_run_id"":""31970958336"",""source"":""truelycollectables.com/native-ebay"",""source_queries"":[""Jesus Made 1st Bowman Chrome""],""token_mode"":""client_credentials""}"
cand-s14-ebay-3f612207fd1eb72997c9,dh-20260731T184251Z-gha-recovery,14,2026-08-16T20:35:00.076Z,MLB PROSPECT/true_first_bowman,Franklin Arias,true_first_bowman_card,eBay,4bases,,800086885655,https://www.ebay.com/itm/800086885655?_skw=Franklin+Arias+1st+Bowman+Chrome&hash=itemba48e50517%3Ag%3A64cAAeSwKepqIQLG&amdata=enc%3AAQALAAABAACCtXRWQnOEpyOqnQQ8KGYL33j73iorSpoEqIcsLCMfoL2zvEJSyEUsmf6EsfXb4Y%2B1gv3Gw5zHH12IZDLErMu8WGuGgpJS5sEqw8Chxo1OLSIyafsGyQfWylzd1ZoNH49k2nsP4JniYIukB8vYSXL3c2k%2FAb%2Fcd%2F0VdpHFj1VX47S8ZaTOlQ0XZOTgeNW7aw%2Bs24EzX7YhddgiXhI2ze%2BqDAr5VJzY5j4Eh02FQzkUefkdx%2BdAp1b%2Fmt5vQQN1GrhTszqkmFtt%2F6fHbON6ZXuBPh6yhBX%2F3vPMIgdKggU0HS8KT%2FJx1Q8%2FUsDgC1KFqe%2BTQUZ5x09uPkbgwWGOsp8%3D,LIVE,2026 Bowman Chrome Franklin Arias Rookie Prospect Card #BCP-27 Gem Mint 10,"{""preliminary_scope_status"":""IMAGE_OR_IDENTITY_REVIEW_REQUIRED"",""query_family_ids"":[""baseball-prospect.franklin-arias.true-first-bowman""]}",{},,ebay|4bases|800086885655,https://i.ebayimg.com/images/g/64cAAeSwKepqIQLG/s-l225.jpg,,FALSE,FALSE,FALSE,FALSE,{},,,,NO,NO,GRADED,,,,Graded; seller/API claim only; front/back unverified.,UNKNOWN,"[""identity_and_images_unverified""]",22.49,,,,,,0,180,TRUE,,,,,,[],INSUFFICIENT,INSUFFICIENT,UNKNOWN,INSUFFICIENT,,,,,,,,,,,,,,,,,MANUAL REVIEW / UNPRICED,FALSE,FALSE,"[""exact_front_back_identity_not_verified"",""identical_completed_sales_not_persisted"",""delivered_acquisition_cost_incomplete"",""truely_collectables_owned_copy_exclusion_not_proven"",""true_first_bowman_chronology_not_verified"",""true_first_bowman_not_proven_from_title""]","{""artifact_schema"":""TRUELY_COLLECTABLES_DEAL_HUNTER_ARTIFACT_V1"",""deployment"":{""commitSha"":null,""environment"":""production"",""region"":null},""discovery_family_ids"":[""baseball-prospect.franklin-arias.true-first-bowman""],""gateway_endpoint"":""https://truelycollectables.com/api/tcos/deal-hunter-native-ebay?perQuery=20&scope=baseball_prospects"",""gateway_host"":""https://truelycollectables.com"",""gateway_scopes"":[""baseball_prospects""],""listing_item_id"":""800086885655"",""native_schema"":""TCOS_NATIVE_EBAY_FEED_V1"",""producer_commit_sha"":""07471ae49901220d13073aab604afbb0e223e855"",""producer_run_id"":""31970958336"",""source"":""truelycollectables.com/native-ebay"",""source_queries"":[""Franklin Arias 1st Bowman Chrome""],""token_mode"":""client_credentials""}"
cand-s14-ebay-c399d332b249be7d261f,dh-20260731T184251Z-gha-recovery,14,2026-08-16T20:35:00.076Z,MLB PROSPECT/first_bowman_autograph_color_numbered,Jesus Made,true_first_bowman_autograph_parallel,eBay,aemort-1211,,206281046272,https://www.ebay.com/itm/206281046272?_skw=Jesus+Made+1st+Bowman+autograph+color+numbered&hash=item30074ef900%3Ag%3A8BAAAeSwv5dqCg6l,LIVE,2025 Bowman’s Best JESUS MADE LUIS PENA Dual Auto Gold #d /50 Brewers PDA-MP,"{""preliminary_scope_status"":""IMAGE_OR_IDENTITY_REVIEW_REQUIRED"",""query_family_ids"":[""baseball-prospect.jesus-made.first-bowman-auto-color""]}",{},,ebay|aemort-1211|206281046272,https://i.ebayimg.com/images/g/8BAAAeSwv5dqCg6l/s-l225.jpg,,FALSE,FALSE,FALSE,FALSE,{},,,,CLAIMED_ONLY,NO,RAW,,,,Ungraded; seller/API claim only; front/back unverified.,UNKNOWN,"[""identity_and_images_unverified""]",499,,,,,,0,180,TRUE,,,,,,[],INSUFFICIENT,INSUFFICIENT,UNKNOWN,INSUFFICIENT,,,,,,,,,,,,,,,,,MANUAL REVIEW / UNPRICED,FALSE,FALSE,"[""exact_front_back_identity_not_verified"",""identical_completed_sales_not_persisted"",""delivered_acquisition_cost_incomplete"",""truely_collectables_owned_copy_exclusion_not_proven"",""true_first_bowman_chronology_not_verified"",""true_first_bowman_not_proven_from_title""]","{""artifact_schema"":""TRUELY_COLLECTABLES_DEAL_HUNTER_ARTIFACT_V1"",""deployment"":{""commitSha"":null,""environment"":""production"",""region"":null},""discovery_family_ids"":[""baseball-prospect.jesus-made.first-bowman-auto-color""],""gateway_endpoint"":""https://truelycollectables.com/api/tcos/deal-hunter-native-ebay?perQuery=20&scope=baseball_prospects"",""gateway_host"":""https://truelycollectables.com"",""gateway_scopes"":[""baseball_prospects""],""listing_item_id"":""206281046272"",""native_schema"":""TCOS_NATIVE_EBAY_FEED_V1"",""producer_commit_sha"":""07471ae49901220d13073aab604afbb0e223e855"",""producer_run_id"":""31970958336"",""source"":""truelycollectables.com/native-ebay"",""source_queries"":[""Jesus Made 1st Bowman autograph color numbered""],""token_mode"":""client_credentials""}"
cand-s14-ebay-efa4687993605a847256,dh-20260731T184251Z-gha-recovery,14,2026-08-16T20:35:00.076Z,MLB PROSPECT/true_first_bowman,George Lombard Jr,true_first_bowman_card,eBay,pssports-1,,318150665859,https://www.ebay.com/itm/318150665859?_skw=George+Lombard+Jr+1st+Bowman+Chrome&hash=item4a1341e683%3Ag%3AG4sAAeSwQOlp3rBz&amdata=enc%3AAQALAAABAACCtXRWQnOEpyOqnQQ8KGaP3a1Nvu9olbPeV2I4RvEzzVZLaGPYxYiEaWGGGK%2BN3IIjVWXOjxbHZIt5%2BghKsGsSs66DrlKxXfmmsJCt7MLIQkTGgmlmcdI8q%2FD%2FssVRwq%2FDcAG7wrvRqM9NGSlERzuFSdFju4VySPeuEwE3XU60RfjdZtaFjniTSADB7kACdrDyF90Ia6E5jpuv2RNsNqlxKZe5qcm3A9rdiTR08xtdZEGfaoaOj%2BKgk7d3dnjK7yIZx6mcm5j%2FLB%2Fx%2F9wOrK4Tgrxm0XIIItLjpq7EF2WqD0K%2FmMXOreFzvtvzp1CA6eiQKoQqY32f1qvnExBMRAs%3D,LIVE,2025 Bowman Chrome Draft George Lombard Jr. Prized Prospects~ GEM MINT PTA 10🔥,"{""preliminary_scope_status"":""IMAGE_OR_IDENTITY_REVIEW_REQUIRED"",""query_family_ids"":[""baseball-prospect.george-lombard-jr.true-first-bowman""]}",{},,ebay|pssports-1|318150665859,https://i.ebayimg.com/images/g/G4sAAeSwQOlp3rBz/s-l225.jpg,,FALSE,FALSE,FALSE,FALSE,{},,,,NO,NO,GRADED,,,,Graded; seller/API claim only; front/back unverified.,UNKNOWN,"[""identity_and_images_unverified""]",29.99,6.79,,,,,0,180,TRUE,,,,,,[],INSUFFICIENT,INSUFFICIENT,UNKNOWN,INSUFFICIENT,,,,,,,,,,,,,,,,,MANUAL REVIEW / UNPRICED,FALSE,FALSE,"[""exact_front_back_identity_not_verified"",""identical_completed_sales_not_persisted"",""delivered_acquisition_cost_incomplete"",""truely_collectables_owned_copy_exclusion_not_proven"",""true_first_bowman_chronology_not_verified"",""true_first_bowman_not_proven_from_title""]","{""artifact_schema"":""TRUELY_COLLECTABLES_DEAL_HUNTER_ARTIFACT_V1"",""deployment"":{""commitSha"":null,""environment"":""production"",""region"":null},""discovery_family_ids"":[""baseball-prospect.george-lombard-jr.true-first-bowman""],""gateway_endpoint"":""https://truelycollectables.com/api/tcos/deal-hunter-native-ebay?perQuery=20&scope=baseball_prospects"",""gateway_host"":""https://truelycollectables.com"",""gateway_scopes"":[""baseball_prospects""],""listing_item_id"":""318150665859"",""native_schema"":""TCOS_NATIVE_EBAY_FEED_V1"",""producer_commit_sha"":""07471ae49901220d13073aab604afbb0e223e855"",""producer_run_id"":""31970958336"",""source"":""truelycollectables.com/native-ebay"",""source_queries"":[""George Lombard Jr 1st Bowman Chrome""],""token_mode"":""client_credentials""}"
cand-s14-ebay-401868d0db8f755978df,dh-20260731T184251Z-gha-recovery,14,2026-08-16T20:35:00.076Z,MLB PROSPECT/true_first_bowman,Leo De Vries,true_first_bowman_card,eBay,lfg0525,,267623606532,https://www.ebay.com/itm/267623606532?_skw=Leo+De+Vries+1st+Bowman+Chrome&hash=item3e4f9c2904%3Ag%3AEqAAAeSwLTtpyV8b,LIVE,Leo De Vries 2024 Bowman Chrome Prospects 1st  #BCP179 PSA 10 GEM MT,"{""preliminary_scope_status"":""DISCOVERY_SCOPE_PASS"",""query_family_ids"":[""baseball-prospect.leo-de-vries.true-first-bowman""]}",{},,ebay|lfg0525|267623606532,https://i.ebayimg.com/images/g/EqAAAeSwLTtpyV8b/s-l225.jpg,,FALSE,FALSE,FALSE,FALSE,{},,,,NO,NO,GRADED,PSA,10,,Graded; seller/API claim only; front/back unverified.,UNKNOWN,"[""identity_and_images_unverified""]",149,0,,,,,0,180,TRUE,,,,,,[],INSUFFICIENT,INSUFFICIENT,UNKNOWN,INSUFFICIENT,,,,,,,,,,,,,,,,,MANUAL REVIEW / UNPRICED,FALSE,FALSE,"[""exact_front_back_identity_not_verified"",""identical_completed_sales_not_persisted"",""delivered_acquisition_cost_incomplete"",""truely_collectables_owned_copy_exclusion_not_proven"",""true_first_bowman_chronology_not_verified""]","{""artifact_schema"":""TRUELY_COLLECTABLES_DEAL_HUNTER_ARTIFACT_V1"",""deployment"":{""commitSha"":null,""environment"":""production"",""region"":null},""discovery_family_ids"":[""baseball-prospect.leo-de-vries.true-first-bowman""],""gateway_endpoint"":""https://truelycollectables.com/api/tcos/deal-hunter-native-ebay?perQuery=20&scope=baseball_prospects"",""gateway_host"":""https://truelycollectables.com"",""gateway_scopes"":[""baseball_prospects""],""listing_item_id"":""267623606532"",""native_schema"":""TCOS_NATIVE_EBAY_FEED_V1"",""producer_commit_sha"":""07471ae49901220d13073aab604afbb0e223e855"",""producer_run_id"":""31970958336"",""source"":""truelycollectables.com/native-ebay"",""source_queries"":[""Leo De Vries 1st Bowman Chrome""],""token_mode"":""client_credentials""}"
cand-s14-ebay-3a1d1e5a2d74397f39dc,dh-20260731T184251Z-gha-recovery,14,2026-08-16T20:35:00.076Z,MLB PROSPECT/first_bowman_autograph_color_numbered,Jesus Made,true_first_bowman_autograph_parallel,eBay,whatif4,,318021043361,https://www.ebay.com/itm/318021043361?_skw=Jesus+Made+1st+Bowman+autograph+color+numbered&hash=item4a0b8804a1%3Ag%3Aq2IAAeSwSEVpuf6U,LIVE,2025 Bowman’s Best JESUS MADE LUIS PENA Dual Auto Gold #d 07/50 Brewers PDA-MP,"{""preliminary_scope_status"":""IMAGE_OR_IDENTITY_REVIEW_REQUIRED"",""query_family_ids"":[""baseball-prospect.jesus-made.first-bowman-auto-color""]}",{},,ebay|whatif4|318021043361,https://i.ebayimg.com/images/g/q2IAAeSwSEVpuf6U/s-l225.jpg,,FALSE,FALSE,FALSE,FALSE,{},,,,CLAIMED_ONLY,NO,RAW,,,,Ungraded; seller/API claim only; front/back unverified.,UNKNOWN,"[""identity_and_images_unverified""]",499.95,,,,,,0,180,TRUE,,,,,,[],INSUFFICIENT,INSUFFICIENT,UNKNOWN,INSUFFICIENT,,,,,,,,,,,,,,,,,MANUAL REVIEW / UNPRICED,FALSE,FALSE,"[""exact_front_back_identity_not_verified"",""identical_completed_sales_not_persisted"",""delivered_acquisition_cost_incomplete"",""truely_collectables_owned_copy_exclusion_not_proven"",""true_first_bowman_chronology_not_verified"",""true_first_bowman_not_proven_from_title""]","{""artifact_schema"":""TRUELY_COLLECTABLES_DEAL_HUNTER_ARTIFACT_V1"",""deployment"":{""commitSha"":null,""environment"":""production"",""region"":null},""discovery_family_ids"":[""baseball-prospect.jesus-made.first-bowman-auto-color""],""gateway_endpoint"":""https://truelycollectables.com/api/tcos/deal-hunter-native-ebay?perQuery=20&scope=baseball_prospects"",""gateway_host"":""https://truelycollectables.com"",""gateway_scopes"":[""baseball_prospects""],""listing_item_id"":""318021043361"",""native_schema"":""TCOS_NATIVE_EBAY_FEED_V1"",""producer_commit_sha"":""07471ae49901220d13073aab604afbb0e223e855"",""producer_run_id"":""31970958336"",""source"":""truelycollectables.com/native-ebay"",""source_queries"":[""Jesus Made 1st Bowman autograph color numbered""],""token_mode"":""client_credentials""}"
cand-s14-ebay-50a9553ceba69ebb8069,dh-20260731T184251Z-gha-recovery,14,2026-08-16T20:35:00.076Z,MLB PROSPECT/true_first_bowman,George Lombard Jr,true_first_bowman_card,eBay,pssports-1,,318049436565,https://www.ebay.com/itm/318049436565?_skw=George+Lombard+Jr+1st+Bowman+Chrome&hash=item4a0d394395%3Ag%3AWwUAAeSwr6ppnjxp&amdata=enc%3AAQALAAABAACCtXRWQnOEpyOqnQQ8KGZkE%2BRSo7AomCetNOvLFOuspMPUGWoSgMElf3kiygHXOzIeJuRSk89Lq9ZIg1aJdP%2FXQO%2FdWGw9Kpnt3ZY6tp6Pf7gIKjY8siU%2BacAfSZMZCU35B97RJwtlKJ4RMjXdLDIyUwFZCLarcOvIeY2X4vFC9bS3f32kPyq%2BHC7tExFRA4DUHXBaKejqoqTORwCRpKqyQW7hbCkc2t5xQyKnkvNlqrAiE9oF0AtuA9lI%2B7qUKgN7PiizzrKI%2BNH8eeAW2Y2svTIQMxEiU%2BIK6AjLVEEJpIaR55tODwuMiMXefbIvvbz4CnhX7UvYR9drXM3iR9Q%3D,LIVE,2025 BOWMAN DRAFT CHROME George Lombard Jr. Yankees Graded GEM MINT PTA 10🔥,"{""preliminary_scope_status"":""IMAGE_OR_IDENTITY_REVIEW_REQUIRED"",""query_family_ids"":[""baseball-prospect.george-lombard-jr.true-first-bowman""]}",{},,ebay|pssports-1|318049436565,https://i.ebayimg.com/images/g/WwUAAeSwr6ppnjxp/s-l225.jpg,,FALSE,FALSE,FALSE,FALSE,{},,,,NO,NO,GRADED,,,,Graded; seller/API claim only; front/back unverified.,UNKNOWN,"[""identity_and_images_unverified""]",39.99,6.79,,,,,0,180,TRUE,,,,,,[],INSUFFICIENT,INSUFFICIENT,UNKNOWN,INSUFFICIENT,,,,,,,,,,,,,,,,,MANUAL REVIEW / UNPRICED,FALSE,FALSE,"[""exact_front_back_identity_not_verified"",""identical_completed_sales_not_persisted"",""delivered_acquisition_cost_incomplete"",""truely_collectables_owned_copy_exclusion_not_proven"",""true_first_bowman_chronology_not_verified"",""true_first_bowman_not_proven_from_title""]","{""artifact_schema"":""TRUELY_COLLECTABLES_DEAL_HUNTER_ARTIFACT_V1"",""deployment"":{""commitSha"":null,""environment"":""production"",""region"":null},""discovery_family_ids"":[""baseball-prospect.george-lombard-jr.true-first-bowman""],""gateway_endpoint"":""https://truelycollectables.com/api/tcos/deal-hunter-native-ebay?perQuery=20&scope=baseball_prospects"",""gateway_host"":""https://truelycollectables.com"",""gateway_scopes"":[""baseball_prospects""],""listing_item_id"":""318049436565"",""native_schema"":""TCOS_NATIVE_EBAY_FEED_V1"",""producer_commit_sha"":""07471ae49901220d13073aab604afbb0e223e855"",""producer_run_id"":""31970958336"",""source"":""truelycollectables.com/native-ebay"",""source_queries"":[""George Lombard Jr 1st Bowman Chrome""],""token_mode"":""client_credentials""}"
cand-s14-ebay-4563fe83ee4bdc0375ee,dh-20260731T184251Z-gha-recovery,14,2026-08-16T20:35:00.076Z,MLB PROSPECT/true_first_bowman,Franklin Arias,true_first_bowman_card,eBay,cyberkimmer,,277357529046,https://www.ebay.com/itm/277357529046?_skw=Franklin+Arias+1st+Bowman+Chrome&hash=item4093cc07d6%3Ag%3AyY4AAeSw7FlotaSS&amdata=enc%3AAQALAAABAACCtXRWQnOEpyOqnQQ8KGZMCfFEDMT%2FHZUrMldcMg4CAgAxJhKAZVWODV22gWA9lQ%2FNVexupNK%2FIkwO%2FmdWs7o8cViHuX%2Fs3EjR7c9i1AajU%2FXY%2FKPq%2BFZ6i3ngoA2PeZHDJ8aW3LKt7P6xlJ%2FyXRZtkImr%2FJHamzCyQ8VkDcnUTrIjwjvPUcOwzup45QP7kVDbBb%2Bu%2B19%2FtbC1FHA8tSLliNbedb1WMiKtOepF3VfEwsXeZdFZouRPthuVjp1FT7NNhuig23oFLHjZB8LBqUlM8xlzLBQxUtQlUCzfV19%2BBLSe8H6uDLv8CsIiT5U759VXla2cqMw4O%2FpzwM3K%2FLM%3D,LIVE,Franklin Arias Autographed 2025 Bowman Chrome 1st Prospect Mojo Refractor BCP67,"{""preliminary_scope_status"":""DISCOVERY_SCOPE_PASS"",""query_family_ids"":[""baseball-prospect.franklin-arias.true-first-bowman""]}",{},,ebay|cyberkimmer|277357529046,https://i.ebayimg.com/images/g/yY4AAeSw7FlotaSS/s-l225.jpg,,FALSE,FALSE,FALSE,FALSE,{},,,,NO,NO,UNKNOWN,,,,Unknown; seller/API claim only; front/back unverified.,UNKNOWN,"[""identity_and_images_unverified""]",69.99,,,,,,0,180,TRUE,,,,,,[],INSUFFICIENT,INSUFFICIENT,UNKNOWN,INSUFFICIENT,,,,,,,,,,,,,,,,,MANUAL REVIEW / UNPRICED,FALSE,FALSE,"[""exact_front_back_identity_not_verified"",""identical_completed_sales_not_persisted"",""delivered_acquisition_cost_incomplete"",""truely_collectables_owned_copy_exclusion_not_proven"",""true_first_bowman_chronology_not_verified""]","{""artifact_schema"":""TRUELY_COLLECTABLES_DEAL_HUNTER_ARTIFACT_V1"",""deployment"":{""commitSha"":null,""environment"":""production"",""region"":null},""discovery_family_ids"":[""baseball-prospect.franklin-arias.true-first-bowman""],""gateway_endpoint"":""https://truelycollectables.com/api/tcos/deal-hunter-native-ebay?perQuery=20&scope=baseball_prospects"",""gateway_host"":""https://truelycollectables.com"",""gateway_scopes"":[""baseball_prospects""],""listing_item_id"":""277357529046"",""native_schema"":""TCOS_NATIVE_EBAY_FEED_V1"",""producer_commit_sha"":""07471ae49901220d13073aab604afbb0e223e855"",""producer_run_id"":""31970958336"",""source"":""truelycollectables.com/native-ebay"",""source_queries"":[""Franklin Arias 1st Bowman Chrome""],""token_mode"":""client_credentials""}"
cand-s14-ebay-4171cac72d3bd4809474,dh-20260731T184251Z-gha-recovery,14,2026-08-16T20:35:00.076Z,MLB PROSPECT/true_first_bowman,Franklin Arias,true_first_bowman_card,eBay,cyberkimmer,,277357529047,https://www.ebay.com/itm/277357529047?_skw=Franklin+Arias+1st+Bowman+Chrome&hash=item4093cc07d7%3Ag%3A1I0AAeSwEkpotaVI&amdata=enc%3AAQALAAABAACCtXRWQnOEpyOqnQQ8KGbOYLYtJqF9UcsVPBjHP3ELflhbZw4uzyHdaA3IKX0sgwXVulb4hgHaz8sqH2xf9Z3NXLkDeMqe6HuMplj3grRc3OeokwPxPWXbJVcotQYH14Sms6xe0clsNrTsilEd9vab5AJUstZxFiv%2Boyo%2F8Sil4ghaQ54UUNg3%2B2E%2FeEnKHHJrl1TrPux1bB4IKvkzf97FM4OyZlNUjBscWbEnYSsFhlDjcoQVPvtKTiGEWreLy7NI4nn4ZspdvnaHo6en9ssNu3Jbsela%2BntY1oAHIqsBTi4Dj%2FKz3EFUCs%2BAAL0h8RSWDVZHfG%2Fag8b19ROwD6Y%3D,LIVE,Franklin Arias Autographed 2025 Bowman Chrome 1st Prospect Reptilian Refractor,"{""preliminary_scope_status"":""DISCOVERY_SCOPE_PASS"",""query_family_ids"":[""baseball-prospect.franklin-arias.true-first-bowman""]}",{},,ebay|cyberkimmer|277357529047,https://i.ebayimg.com/images/g/1I0AAeSwEkpotaVI/s-l225.jpg,,FALSE,FALSE,FALSE,FALSE,{},,,,NO,NO,UNKNOWN,,,,Unknown; seller/API claim only; front/back unverified.,UNKNOWN,"[""identity_and_images_unverified""]",69.99,,,,,,0,180,TRUE,,,,,,[],INSUFFICIENT,INSUFFICIENT,UNKNOWN,INSUFFICIENT,,,,,,,,,,,,,,,,,MANUAL REVIEW / UNPRICED,FALSE,FALSE,"[""exact_front_back_identity_not_verified"",""identical_completed_sales_not_persisted"",""delivered_acquisition_cost_incomplete"",""truely_collectables_owned_copy_exclusion_not_proven"",""true_first_bowman_chronology_not_verified""]","{""artifact_schema"":""TRUELY_COLLECTABLES_DEAL_HUNTER_ARTIFACT_V1"",""deployment"":{""commitSha"":null,""environment"":""production"",""region"":null},""discovery_family_ids"":[""baseball-prospect.franklin-arias.true-first-bowman""],""gateway_endpoint"":""https://truelycollectables.com/api/tcos/deal-hunter-native-ebay?perQuery=20&scope=baseball_prospects"",""gateway_host"":""https://truelycollectables.com"",""gateway_scopes"":[""baseball_prospects""],""listing_item_id"":""277357529047"",""native_schema"":""TCOS_NATIVE_EBAY_FEED_V1"",""producer_commit_sha"":""07471ae49901220d13073aab604afbb0e223e855"",""producer_run_id"":""31970958336"",""source"":""truelycollectables.com/native-ebay"",""source_queries"":[""Franklin Arias 1st Bowman Chrome""],""token_mode"":""client_credentials""}"
cand-s14-ebay-e67f2d4f627947b932e8,dh-20260731T184251Z-gha-recovery,14,2026-08-16T20:35:00.076Z,MLB PROSPECT/true_first_bowman,Franklin Arias,true_first_bowman_card,eBay,cyberkimmer,,286796239174,https://www.ebay.com/itm/286796239174?_skw=Franklin+Arias+1st+Bowman+Chrome&hash=item42c6635146%3Ag%3A5BUAAeSwTyVotaQU&amdata=enc%3AAQALAAABAACCtXRWQnOEpyOqnQQ8KGasATBNaqbZ3AD5JnuEWDE37uolFd08XgcFh%2FjNHx9SQKYJFlsVZayc4cMHKDLnQswlTDcBSadxkqAbQUPAlNTXCKlz6IiG7jcHs9l3a5zFRryGXFpLfYRS57q2UFLNlKGPSYBbSVMUG6idC5GGqKrVaZxR4GLz%2BSwK3C3AZCijSt1Zvxrpn8KWenxbzolMoYVfioaJ40hrxitu2lU1Xv08Aeu2CrPQCOKjrBiekPFjhfLnvaGOS9Rk0O3aT5D%2FIoFStoCFvVly4%2BUIpWl7T6XUyjfVCq93oJCNGDmP5Lr2U%2Ftp4auRNuM3x8WBrtKJakI%3D,LIVE,Franklin Arias Autographed 2025 Bowman Chrome 1st Prospect BCP67 Rookie Card RC,"{""preliminary_scope_status"":""DISCOVERY_SCOPE_PASS"",""query_family_ids"":[""baseball-prospect.franklin-arias.true-first-bowman""]}",{},,ebay|cyberkimmer|286796239174,https://i.ebayimg.com/images/g/5BUAAeSwTyVotaQU/s-l225.jpg,,FALSE,FALSE,FALSE,FALSE,{},,,,NO,NO,UNKNOWN,,,,Unknown; seller/API claim only; front/back unverified.,UNKNOWN,"[""identity_and_images_unverified""]",69.99,,,,,,0,180,TRUE,,,,,,[],INSUFFICIENT,INSUFFICIENT,UNKNOWN,INSUFFICIENT,,,,,,,,,,,,,,,,,MANUAL REVIEW / UNPRICED,FALSE,FALSE,"[""exact_front_back_identity_not_verified"",""identical_completed_sales_not_persisted"",""delivered_acquisition_cost_incomplete"",""truely_collectables_owned_copy_exclusion_not_proven"",""true_first_bowman_chronology_not_verified""]","{""artifact_schema"":""TRUELY_COLLECTABLES_DEAL_HUNTER_ARTIFACT_V1"",""deployment"":{""commitSha"":null,""environment"":""production"",""region"":null},""discovery_family_ids"":[""baseball-prospect.franklin-arias.true-first-bowman""],""gateway_endpoint"":""https://truelycollectables.com/api/tcos/deal-hunter-native-ebay?perQuery=20&scope=baseball_prospects"",""gateway_host"":""https://truelycollectables.com"",""gateway_scopes"":[""baseball_prospects""],""listing_item_id"":""286796239174"",""native_schema"":""TCOS_NATIVE_EBAY_FEED_V1"",""producer_commit_sha"":""07471ae49901220d13073aab604afbb0e223e855"",""producer_run_id"":""31970958336"",""source"":""truelycollectables.com/native-ebay"",""source_queries"":[""Franklin Arias 1st Bowman Chrome""],""token_mode"":""client_credentials""}"
cand-s14-ebay-f803f79854141ba91741,dh-20260731T184251Z-gha-recovery,14,2026-08-16T20:35:00.076Z,MLB PROSPECT/true_first_bowman,Jesus Made,true_first_bowman_card,eBay,kes935,,267384495795,https://www.ebay.com/itm/267384495795?_skw=Jesus+Made+1st+Bowman+Chrome&hash=item3e415b9eb3%3Ag%3AHtoAAeSwb0JoshTo&amdata=enc%3AAQALAAABAACCtXRWQnOEpyOqnQQ8KGYcjdkeHMvCP48o7Twai2ywIrbW610ELnU%2FPkPB4rg%2BqLhTyBrrjdD%2BDP5kwX%2FCoSKBo7HFAr%2BMPvljXrPhKxgriZ5tR9aRu57bo1452TApWC2ndLbzCXEqPhbmY55uqqEop6w9Vvt9n0n1VJ44iR3WJF0LRdFoc1NWrHvRI%2F%2Bpp6hFI99RsYYPGoTUut9%2FoQwfbji4wFceCDqVIes7XRdzu8%2FUQf%2Fv3z0ASeW%2BgcpynwMGNdVG%2FjIya%2B2MSWYY7sKNvAco2Es01o%2FgqpL46cr0BWx4GHV09oPVXFyKl7UZofeWEUcy2Nv%2Bf%2FYTQPXGnTg%3D,LIVE,PSA 10 JESUS MADE 1st 2025 Bowman Chrome Prospects BREWERS Rookie RC GEM MINT,"{""preliminary_scope_status"":""DISCOVERY_SCOPE_PASS"",""query_family_ids"":[""baseball-prospect.jesus-made.true-first-bowman""]}",{},,ebay|kes935|267384495795,https://i.ebayimg.com/images/g/HtoAAeSwb0JoshTo/s-l225.jpg,,FALSE,FALSE,FALSE,FALSE,{},,,,NO,NO,GRADED,PSA,10,,Graded; seller/API claim only; front/back unverified.,UNKNOWN,"[""identity_and_images_unverified""]",199.99,0,,,,,0,180,TRUE,,,,,,[],INSUFFICIENT,INSUFFICIENT,UNKNOWN,INSUFFICIENT,,,,,,,,,,,,,,,,,MANUAL REVIEW / UNPRICED,FALSE,FALSE,"[""exact_front_back_identity_not_verified"",""identical_completed_sales_not_persisted"",""delivered_acquisition_cost_incomplete"",""truely_collectables_owned_copy_exclusion_not_proven"",""true_first_bowman_chronology_not_verified""]","{""artifact_schema"":""TRUELY_COLLECTABLES_DEAL_HUNTER_ARTIFACT_V1"",""deployment"":{""commitSha"":null,""environment"":""production"",""region"":null},""discovery_family_ids"":[""baseball-prospect.jesus-made.true-first-bowman""],""gateway_endpoint"":""https://truelycollectables.com/api/tcos/deal-hunter-native-ebay?perQuery=20&scope=baseball_prospects"",""gateway_host"":""https://truelycollectables.com"",""gateway_scopes"":[""baseball_prospects""],""listing_item_id"":""267384495795"",""native_schema"":""TCOS_NATIVE_EBAY_FEED_V1"",""producer_commit_sha"":""07471ae49901220d13073aab604afbb0e223e855"",""producer_run_id"":""31970958336"",""source"":""truelycollectables.com/native-ebay"",""source_queries"":[""Jesus Made 1st Bowman Chrome""],""token_mode"":""client_credentials""}"
cand-s14-ebay-c9afe020179ab15be291,dh-20260731T184251Z-gha-recovery,14,2026-08-16T20:35:00.076Z,MLB PROSPECT/true_first_bowman,Jesus Made,true_first_bowman_card,eBay,babybulin4,,226763301150,https://www.ebay.com/itm/226763301150?_skw=Jesus+Made+1st+Bowman+Chrome&hash=item34cc25611e%3Ag%3AmzkAAOSw3StoK4as,LIVE,2025 TOPPS Bowman 1st Chrome Prospects - JESUS MADE (Topps MLB Bunt DigitallCard,"{""preliminary_scope_status"":""DISCOVERY_SCOPE_PASS"",""query_family_ids"":[""baseball-prospect.jesus-made.true-first-bowman""]}",{},,ebay|babybulin4|226763301150,https://i.ebayimg.com/images/g/mzkAAOSw3StoK4as/s-l225.jpg,,FALSE,FALSE,FALSE,FALSE,{},,,,NO,NO,RAW,,,,Ungraded; seller/API claim only; front/back unverified.,UNKNOWN,"[""identity_and_images_unverified""]",2.59,0,,,,,0,180,TRUE,,,,,,[],INSUFFICIENT,INSUFFICIENT,UNKNOWN,INSUFFICIENT,,,,,,,,,,,,,,,,,MANUAL REVIEW / UNPRICED,FALSE,FALSE,"[""exact_front_back_identity_not_verified"",""identical_completed_sales_not_persisted"",""delivered_acquisition_cost_incomplete"",""truely_collectables_owned_copy_exclusion_not_proven"",""true_first_bowman_chronology_not_verified""]","{""artifact_schema"":""TRUELY_COLLECTABLES_DEAL_HUNTER_ARTIFACT_V1"",""deployment"":{""commitSha"":null,""environment"":""production"",""region"":null},""discovery_family_ids"":[""baseball-prospect.jesus-made.true-first-bowman""],""gateway_endpoint"":""https://truelycollectables.com/api/tcos/deal-hunter-native-ebay?perQuery=20&scope=baseball_prospects"",""gateway_host"":""https://truelycollectables.com"",""gateway_scopes"":[""baseball_prospects""],""listing_item_id"":""226763301150"",""native_schema"":""TCOS_NATIVE_EBAY_FEED_V1"",""producer_commit_sha"":""07471ae49901220d13073aab604afbb0e223e855"",""producer_run_id"":""31970958336"",""source"":""truelycollectables.com/native-ebay"",""source_queries"":[""Jesus Made 1st Bowman Chrome""],""token_mode"":""client_credentials""}"
cand-s14-ebay-99caf1a8e8216af3e3b6,dh-20260731T184251Z-gha-recovery,14,2026-08-16T20:35:00.076Z,MLB PROSPECT/first_bowman_autograph_color_numbered,Josue De Paula,true_first_bowman_autograph_parallel,eBay,olbaldie,,116047417563,https://www.ebay.com/itm/116047417563?_skw=Josue+De+Paula+1st+Bowman+autograph+color+numbered&var=416211551106&hash=item1b04f710db%3Ag%3AbIYAAOSwV0VlrxyR,LIVE,"2023 Bowman's Best ~ PICK YOUR CARD ~ Auto, Refractor, Wave, Color, Inserts, RC","{""preliminary_scope_status"":""IMAGE_OR_IDENTITY_REVIEW_REQUIRED"",""query_family_ids"":[""baseball-prospect.josue-de-paula.first-bowman-auto-color""]}",{},,ebay|olbaldie|116047417563,https://i.ebayimg.com/images/g/bIYAAOSwV0VlrxyR/s-l225.jpg,,FALSE,FALSE,FALSE,FALSE,{},,,,CLAIMED_ONLY,NO,RAW,,,,Ungraded; seller/API claim only; front/back unverified.,UNKNOWN,"[""identity_and_images_unverified""]",4.95,0,,,,,0,180,TRUE,,,,,,[],INSUFFICIENT,INSUFFICIENT,UNKNOWN,INSUFFICIENT,,,,,,,,,,,,,,,,,MANUAL REVIEW / UNPRICED,FALSE,FALSE,"[""exact_front_back_identity_not_verified"",""identical_completed_sales_not_persisted"",""delivered_acquisition_cost_incomplete"",""truely_collectables_owned_copy_exclusion_not_proven"",""true_first_bowman_chronology_not_verified"",""true_first_bowman_not_proven_from_title""]","{""artifact_schema"":""TRUELY_COLLECTABLES_DEAL_HUNTER_ARTIFACT_V1"",""deployment"":{""commitSha"":null,""environment"":""production"",""region"":null},""discovery_family_ids"":[""baseball-prospect.josue-de-paula.first-bowman-auto-color""],""gateway_endpoint"":""https://truelycollectables.com/api/tcos/deal-hunter-native-ebay?perQuery=20&scope=baseball_prospects"",""gateway_host"":""https://truelycollectables.com"",""gateway_scopes"":[""baseball_prospects""],""listing_item_id"":""116047417563"",""native_schema"":""TCOS_NATIVE_EBAY_FEED_V1"",""producer_commit_sha"":""07471ae49901220d13073aab604afbb0e223e855"",""producer_run_id"":""31970958336"",""source"":""truelycollectables.com/native-ebay"",""source_queries"":[""Josue De Paula 1st Bowman autograph color numbered""],""token_mode"":""client_credentials""}"
cand-s14-ebay-9039751a1ce2ab29e2a7,dh-20260731T184251Z-gha-recovery,14,2026-08-16T20:35:00.076Z,MLB PROSPECT/first_bowman_autograph_color_numbered,Jesus Made,true_first_bowman_autograph_parallel,eBay,jrod123whos,,266224925293,https://www.ebay.com/itm/266224925293?_skw=Jesus+Made+1st+Bowman+autograph+color+numbered&var=566836078182&hash=item3dfc3dfa6d%3Ag%3AoKQAAOSwF59nSLDq,LIVE,"MILWAUKEE BREWERS TOP PROSPECTS Jesus Made, Cooper Pratt, Misiorowski, Bitonti","{""preliminary_scope_status"":""IMAGE_OR_IDENTITY_REVIEW_REQUIRED"",""query_family_ids"":[""baseball-prospect.jesus-made.first-bowman-auto-color""]}",{},,ebay|jrod123whos|266224925293,https://i.ebayimg.com/images/g/oKQAAOSwF59nSLDq/s-l225.jpg,,FALSE,FALSE,FALSE,FALSE,{},,,,NO,NO,RAW,,,,Ungraded; seller/API claim only; front/back unverified.,UNKNOWN,"[""identity_and_images_unverified""]",1500,0,,,,,0,180,TRUE,,,,,,[],INSUFFICIENT,INSUFFICIENT,UNKNOWN,INSUFFICIENT,,,,,,,,,,,,,,,,,MANUAL REVIEW / UNPRICED,FALSE,FALSE,"[""exact_front_back_identity_not_verified"",""identical_completed_sales_not_persisted"",""delivered_acquisition_cost_incomplete"",""truely_collectables_owned_copy_exclusion_not_proven"",""true_first_bowman_chronology_not_verified"",""true_first_bowman_not_proven_from_title""]","{""artifact_schema"":""TRUELY_COLLECTABLES_DEAL_HUNTER_ARTIFACT_V1"",""deployment"":{""commitSha"":null,""environment"":""production"",""region"":null},""discovery_family_ids"":[""baseball-prospect.jesus-made.first-bowman-auto-color""],""gateway_endpoint"":""https://truelycollectables.com/api/tcos/deal-hunter-native-ebay?perQuery=20&scope=baseball_prospects"",""gateway_host"":""https://truelycollectables.com"",""gateway_scopes"":[""baseball_prospects""],""listing_item_id"":""266224925293"",""native_schema"":""TCOS_NATIVE_EBAY_FEED_V1"",""producer_commit_sha"":""07471ae49901220d13073aab604afbb0e223e855"",""producer_run_id"":""31970958336"",""source"":""truelycollectables.com/native-ebay"",""source_queries"":[""Jesus Made 1st Bowman autograph color numbered""],""token_mode"":""client_credentials""}"
cand-s14-ebay-3ded5659804c46b80ead,dh-20260731T184251Z-gha-recovery,14,2026-08-16T20:35:00.076Z,SIGNED BALL/signed_prospect_baseball,George Lombard Jr,signed_prospect_baseball,eBay,povertyrips,,800519647322,https://www.ebay.com/itm/800519647322?_skw=George+Lombard+Jr+signed+baseball+autograph&hash=itemba62b0705a%3Ag%3Aa34AAeSwUulqghpS,LIVE,2024 Bowman Chrome Auto George Lombard Jr CPA-GLO Green Lava Refractor /99 Psa 9,"{""preliminary_scope_status"":""DISCOVERY_SCOPE_PASS"",""query_family_ids"":[""signed-baseball.george-lombard-jr""]}",{},,ebay|povertyrips|800519647322,https://i.ebayimg.com/images/g/a34AAeSwUulqghpS/s-l225.jpg,,FALSE,FALSE,FALSE,,{},,,,CLAIMED_ONLY,NO,GRADED,PSA,9,,Graded; seller/API claim only; front/back unverified.,UNKNOWN,"[""identity_and_images_unverified"",""authentication_certification_not_verified"",""raw_signature_must_not_be_called_authentic""]",1600,15,,,,,0,180,TRUE,,,,,,[],INSUFFICIENT,INSUFFICIENT,UNKNOWN,INSUFFICIENT,,,,,,,,,,,,,,,,,MANUAL REVIEW / UNPRICED,FALSE,FALSE,"[""exact_front_back_identity_not_verified"",""identical_completed_sales_not_persisted"",""delivered_acquisition_cost_incomplete"",""truely_collectables_owned_copy_exclusion_not_proven"",""signature_authentication_not_verified"",""provenance_not_verified""]","{""artifact_schema"":""TRUELY_COLLECTABLES_DEAL_HUNTER_ARTIFACT_V1"",""deployment"":{""commitSha"":null,""environment"":""production"",""region"":null},""discovery_family_ids"":[""signed-baseball.george-lombard-jr""],""gateway_endpoint"":""https://truelycollectables.com/api/tcos/deal-hunter-native-ebay?perQuery=20&scope=signed_baseballs"",""gateway_host"":""https://truelycollectables.com"",""gateway_scopes"":[""signed_baseballs""],""listing_item_id"":""800519647322"",""native_schema"":""TCOS_NATIVE_EBAY_FEED_V1"",""producer_commit_sha"":""07471ae49901220d13073aab604afbb0e223e855"",""producer_run_id"":""31970958336"",""source"":""truelycollectables.com/native-ebay"",""source_queries"":[""George Lombard Jr signed baseball autograph""],""token_mode"":""client_credentials""}"
cand-s14-ebay-068ceda7fd9caa113d2e,dh-20260731T184251Z-gha-recovery,14,2026-08-16T20:35:00.076Z,SIGNED BALL/signed_prospect_baseball,George Lombard Jr,signed_prospect_baseball,eBay,mikelc28,,336745845769,https://www.ebay.com/itm/336745845769?_skw=George+Lombard+Jr+signed+baseball+autograph&hash=item4e679dd409%3Ag%3AEBEAAeSw4qpqghDC,LIVE,2024 Bowman Chrome George Lombard Jr Auto /299 Speckle 1st NYY Topps sealed,"{""preliminary_scope_status"":""DISCOVERY_SCOPE_PASS"",""query_family_ids"":[""signed-baseball.george-lombard-jr""]}",{},,ebay|mikelc28|336745845769,https://i.ebayimg.com/images/g/EBEAAeSw4qpqghDC/s-l225.jpg,,FALSE,FALSE,FALSE,,{},,,,CLAIMED_ONLY,NO,RAW,,,,Ungraded; seller/API claim only; front/back unverified.,UNKNOWN,"[""identity_and_images_unverified"",""authentication_certification_not_verified"",""raw_signature_must_not_be_called_authentic""]",849.99,,,,,,0,180,TRUE,,,,,,[],INSUFFICIENT,INSUFFICIENT,UNKNOWN,INSUFFICIENT,,,,,,,,,,,,,,,,,MANUAL REVIEW / UNPRICED,FALSE,FALSE,"[""exact_front_back_identity_not_verified"",""identical_completed_sales_not_persisted"",""delivered_acquisition_cost_incomplete"",""truely_collectables_owned_copy_exclusion_not_proven"",""signature_authentication_not_verified"",""provenance_not_verified""]","{""artifact_schema"":""TRUELY_COLLECTABLES_DEAL_HUNTER_ARTIFACT_V1"",""deployment"":{""commitSha"":null,""environment"":""production"",""region"":null},""discovery_family_ids"":[""signed-baseball.george-lombard-jr""],""gateway_endpoint"":""https://truelycollectables.com/api/tcos/deal-hunter-native-ebay?perQuery=20&scope=signed_baseballs"",""gateway_host"":""https://truelycollectables.com"",""gateway_scopes"":[""signed_baseballs""],""listing_item_id"":""336745845769"",""native_schema"":""TCOS_NATIVE_EBAY_FEED_V1"",""producer_commit_sha"":""07471ae49901220d13073aab604afbb0e223e855"",""producer_run_id"":""31970958336"",""source"":""truelycollectables.com/native-ebay"",""source_queries"":[""George Lombard Jr signed baseball autograph""],""token_mode"":""client_credentials""}"
cand-s14-ebay-0a79dfbbfcbb84b04110,dh-20260731T184251Z-gha-recovery,14,2026-08-16T20:35:00.076Z,SIGNED BALL/signed_prospect_baseball,George Lombard Jr,signed_prospect_baseball,eBay,pkrems64,,158195297194,https://www.ebay.com/itm/158195297194?_skw=George+Lombard+Jr+signed+baseball+autograph&hash=item24d52cabaa%3Ag%3A3uEAAeSwRQxqgfkI,LIVE,George Lombard Jr Signed 2024 1st Bowman Chrome BCP-79 PSA/DNA New York Yankees,"{""preliminary_scope_status"":""DISCOVERY_SCOPE_PASS"",""query_family_ids"":[""signed-baseball.george-lombard-jr""]}",{},,ebay|pkrems64|158195297194,https://i.ebayimg.com/images/g/3uEAAeSwRQxqgfkI/s-l225.jpg,,FALSE,FALSE,FALSE,,{},,,,CLAIMED_ONLY,NO,GRADED,,,,Graded; seller/API claim only; front/back unverified.,UNKNOWN,"[""identity_and_images_unverified"",""authentication_certification_not_verified"",""raw_signature_must_not_be_called_authentic""]",214.99,,,,,,0,180,TRUE,,,,,,[],INSUFFICIENT,INSUFFICIENT,UNKNOWN,INSUFFICIENT,,,,,,,,,,,,,,,,,MANUAL REVIEW / UNPRICED,FALSE,FALSE,"[""exact_front_back_identity_not_verified"",""identical_completed_sales_not_persisted"",""delivered_acquisition_cost_incomplete"",""truely_collectables_owned_copy_exclusion_not_proven"",""signature_authentication_not_verified"",""provenance_not_verified""]","{""artifact_schema"":""TRUELY_COLLECTABLES_DEAL_HUNTER_ARTIFACT_V1"",""deployment"":{""commitSha"":null,""environment"":""production"",""region"":null},""discovery_family_ids"":[""signed-baseball.george-lombard-jr""],""gateway_endpoint"":""https://truelycollectables.com/api/tcos/deal-hunter-native-ebay?perQuery=20&scope=signed_baseballs"",""gateway_host"":""https://truelycollectables.com"",""gateway_scopes"":[""signed_baseballs""],""listing_item_id"":""158195297194"",""native_schema"":""TCOS_NATIVE_EBAY_FEED_V1"",""producer_commit_sha"":""07471ae49901220d13073aab604afbb0e223e855"",""producer_run_id"":""31970958336"",""source"":""truelycollectables.com/native-ebay"",""source_queries"":[""George Lombard Jr signed baseball autograph""],""token_mode"":""client_credentials""}"
cand-s14-ebay-a6848d50ca8c2b82e78d,dh-20260731T184251Z-gha-recovery,14,2026-08-16T20:35:00.076Z,SIGNED BALL/signed_prospect_baseball,Josue De Paula,signed_prospect_baseball,eBay,knoppscards-collectibles,,227478352805,https://www.ebay.com/itm/227478352805?_skw=Josue+De+Paula+signed+baseball+autograph&hash=item34f6c433a5%3Ag%3Aq7kAAeSw1yVqgctV,LIVE,2023 Bowman Chrome - Josue De Paula 1st - AUTO BGS 9.5 Dodgers Prospect #CPAJDE,"{""preliminary_scope_status"":""DISCOVERY_SCOPE_PASS"",""query_family_ids"":[""signed-baseball.josue-de-paula""]}",{},,ebay|knoppscards-collectibles|227478352805,https://i.ebayimg.com/images/g/q7kAAeSw1yVqgctV/s-l225.jpg,,FALSE,FALSE,FALSE,,{},,,,CLAIMED_ONLY,NO,GRADED,BGS,9.5,,Graded; seller/API claim only; front/back unverified.,UNKNOWN,"[""identity_and_images_unverified"",""authentication_certification_not_verified"",""raw_signature_must_not_be_called_authentic""]",500,,,,,,0,180,TRUE,,,,,,[],INSUFFICIENT,INSUFFICIENT,UNKNOWN,INSUFFICIENT,,,,,,,,,,,,,,,,,MANUAL REVIEW / UNPRICED,FALSE,FALSE,"[""exact_front_back_identity_not_verified"",""identical_completed_sales_not_persisted"",""delivered_acquisition_cost_incomplete"",""truely_collectables_owned_copy_exclusion_not_proven"",""signature_authentication_not_verified"",""provenance_not_verified""]","{""artifact_schema"":""TRUELY_COLLECTABLES_DEAL_HUNTER_ARTIFACT_V1"",""deployment"":{""commitSha"":null,""environment"":""production"",""region"":null},""discovery_family_ids"":[""signed-baseball.josue-de-paula""],""gateway_endpoint"":""https://truelycollectables.com/api/tcos/deal-hunter-native-ebay?perQuery=20&scope=signed_baseballs"",""gateway_host"":""https://truelycollectables.com"",""gateway_scopes"":[""signed_baseballs""],""listing_item_id"":""227478352805"",""native_schema"":""TCOS_NATIVE_EBAY_FEED_V1"",""producer_commit_sha"":""07471ae49901220d13073aab604afbb0e223e855"",""producer_run_id"":""31970958336"",""source"":""truelycollectables.com/native-ebay"",""source_queries"":[""Josue De Paula signed baseball autograph""],""token_mode"":""client_credentials""}"
cand-s14-ebay-34d024c77cc71432ed84,dh-20260731T184251Z-gha-recovery,14,2026-08-16T20:35:00.076Z,SIGNED BALL/signed_prospect_baseball,George Lombard Jr,signed_prospect_baseball,eBay,martinisportscards,,168617161040,https://www.ebay.com/itm/168617161040?_skw=George+Lombard+Jr+signed+baseball+autograph&hash=item27425db150%3Ag%3AuQ0AAeSwaJdqgUC%7E&amdata=enc%3AAQALAAABEACCtXRWQnOEpyOqnQQ8KGbmfJdf0SZpXVM1n2HexyGWA9JI10%2FQiDzxVgrDDX4MvIK44bU8vgImSsaEAdNEbKuC7FN3cmOP%2BT0KmKr1cVz%2B8hzI6ugQa%2ByCZuKVFvoSPkjr36tJJwo8latuAyRL4xoNBCPq%2FBm64K11iJjenIVnU112mTBCCGsaAhB4onW1jD0K5YLbBb0REFHd4lQERyybPVXSgZk0tY2H2%2FiSev1JiQkJOB88aQkEbwwjmswPD459vXYpqfS6HKsKceY91AXW%2B84d5RKNHCpqHUDkL%2F22PmiNBX%2FP8NfN7FU%2FCOJ6L8PyCOUPjTbs%2BP6meduHVrqTAYpFdIkbWSShlkrsx6os,LIVE,2025 Bowman Draft George Lombard Jr. Chrome Achromatic Auto Refractor #/250 NYY,"{""preliminary_scope_status"":""DISCOVERY_SCOPE_PASS"",""query_family_ids"":[""signed-baseball.george-lombard-jr""]}",{},,ebay|martinisportscards|168617161040,https://i.ebayimg.com/images/g/uQ0AAeSwaJdqgUC~/s-l225.jpg,,FALSE,FALSE,FALSE,,{},,,,CLAIMED_ONLY,NO,RAW,,,,Ungraded; seller/API claim only; front/back unverified.,UNKNOWN,"[""identity_and_images_unverified"",""authentication_certification_not_verified"",""raw_signature_must_not_be_called_authentic""]",215,7.99,,,,,0,180,TRUE,,,,,,[],INSUFFICIENT,INSUFFICIENT,UNKNOWN,INSUFFICIENT,,,,,,,,,,,,,,,,,MANUAL REVIEW / UNPRICED,FALSE,FALSE,"[""exact_front_back_identity_not_verified"",""identical_completed_sales_not_persisted"",""delivered_acquisition_cost_incomplete"",""truely_collectables_owned_copy_exclusion_not_proven"",""signature_authentication_not_verified"",""provenance_not_verified""]","{""artifact_schema"":""TRUELY_COLLECTABLES_DEAL_HUNTER_ARTIFACT_V1"",""deployment"":{""commitSha"":null,""environment"":""production"",""region"":null},""discovery_family_ids"":[""signed-baseball.george-lombard-jr""],""gateway_endpoint"":""https://truelycollectables.com/api/tcos/deal-hunter-native-ebay?perQuery=20&scope=signed_baseballs"",""gateway_host"":""https://truelycollectables.com"",""gateway_scopes"":[""signed_baseballs""],""listing_item_id"":""168617161040"",""native_schema"":""TCOS_NATIVE_EBAY_FEED_V1"",""producer_commit_sha"":""07471ae49901220d13073aab604afbb0e223e855"",""producer_run_id"":""31970958336"",""source"":""truelycollectables.com/native-ebay"",""source_queries"":[""George Lombard Jr signed baseball autograph""],""token_mode"":""client_credentials""}"
cand-s14-ebay-ff580c272812dc385a40,dh-20260731T184251Z-gha-recovery,14,2026-08-16T20:35:00.076Z,SIGNED BALL/signed_prospect_baseball,George Lombard Jr,signed_prospect_baseball,eBay,williebscards,,298591762265,https://www.ebay.com/itm/298591762265?_skw=George+Lombard+Jr+signed+baseball+autograph&hash=item458574b759%3Ag%3A-DAAAeSw3T9qgSRH,LIVE,George Lombard Jr. 2025 Bowman Chrome Mega Box Mojo Autograph Auto Yankees,"{""preliminary_scope_status"":""DISCOVERY_SCOPE_PASS"",""query_family_ids"":[""signed-baseball.george-lombard-jr""]}",{},,ebay|williebscards|298591762265,https://i.ebayimg.com/images/g/-DAAAeSw3T9qgSRH/s-l225.jpg,,FALSE,FALSE,FALSE,,{},,,,CLAIMED_ONLY,NO,RAW,,,,Ungraded; seller/API claim only; front/back unverified.,UNKNOWN,"[""identity_and_images_unverified"",""authentication_certification_not_verified"",""raw_signature_must_not_be_called_authentic""]",185,,,,,,0,180,TRUE,,,,,,[],INSUFFICIENT,INSUFFICIENT,UNKNOWN,INSUFFICIENT,,,,,,,,,,,,,,,,,MANUAL REVIEW / UNPRICED,FALSE,FALSE,"[""exact_front_back_identity_not_verified"",""identical_completed_sales_not_persisted"",""delivered_acquisition_cost_incomplete"",""truely_collectables_owned_copy_exclusion_not_proven"",""signature_authentication_not_verified"",""provenance_not_verified""]","{""artifact_schema"":""TRUELY_COLLECTABLES_DEAL_HUNTER_ARTIFACT_V1"",""deployment"":{""commitSha"":null,""environment"":""production"",""region"":null},""discovery_family_ids"":[""signed-baseball.george-lombard-jr""],""gateway_endpoint"":""https://truelycollectables.com/api/tcos/deal-hunter-native-ebay?perQuery=20&scope=signed_baseballs"",""gateway_host"":""https://truelycollectables.com"",""gateway_scopes"":[""signed_baseballs""],""listing_item_id"":""298591762265"",""native_schema"":""TCOS_NATIVE_EBAY_FEED_V1"",""producer_commit_sha"":""07471ae49901220d13073aab604afbb0e223e855"",""producer_run_id"":""31970958336"",""source"":""truelycollectables.com/native-ebay"",""source_queries"":[""George Lombard Jr signed baseball autograph""],""token_mode"":""client_credentials""}"
cand-s14-ebay-3d7d172f019dce7420d0,dh-20260731T184251Z-gha-recovery,14,2026-08-16T20:35:00.076Z,SIGNED BALL/signed_prospect_baseball,George Lombard Jr,signed_prospect_baseball,eBay,schr-be,,257683086181,https://www.ebay.com/itm/257683086181?_skw=George+Lombard+Jr+signed+baseball+autograph&hash=item3bff1bdb65%3Ag%3AD5YAAeSwXRhqgSMr,LIVE,2025 Prizm Baseball George Lombard Jr RC Pulsar Auto /199 #PS-GL Yankees,"{""preliminary_scope_status"":""DISCOVERY_SCOPE_PASS"",""query_family_ids"":[""signed-baseball.george-lombard-jr""]}",{},,ebay|schr-be|257683086181,https://i.ebayimg.com/images/g/D5YAAeSwXRhqgSMr/s-l225.jpg,,FALSE,FALSE,FALSE,,{},,,,CLAIMED_ONLY,NO,RAW,,,,Ungraded; seller/API claim only; front/back unverified.,UNKNOWN,"[""identity_and_images_unverified"",""authentication_certification_not_verified"",""raw_signature_must_not_be_called_authentic""]",99.99,,,,,,0,180,TRUE,,,,,,[],INSUFFICIENT,INSUFFICIENT,UNKNOWN,INSUFFICIENT,,,,,,,,,,,,,,,,,MANUAL REVIEW / UNPRICED,FALSE,FALSE,"[""exact_front_back_identity_not_verified"",""identical_completed_sales_not_persisted"",""delivered_acquisition_cost_incomplete"",""truely_collectables_owned_copy_exclusion_not_proven"",""signature_authentication_not_verified"",""provenance_not_verified""]","{""artifact_schema"":""TRUELY_COLLECTABLES_DEAL_HUNTER_ARTIFACT_V1"",""deployment"":{""commitSha"":null,""environment"":""production"",""region"":null},""discovery_family_ids"":[""signed-baseball.george-lombard-jr""],""gateway_endpoint"":""https://truelycollectables.com/api/tcos/deal-hunter-native-ebay?perQuery=20&scope=signed_baseballs"",""gateway_host"":""https://truelycollectables.com"",""gateway_scopes"":[""signed_baseballs""],""listing_item_id"":""257683086181"",""native_schema"":""TCOS_NATIVE_EBAY_FEED_V1"",""producer_commit_sha"":""07471ae49901220d13073aab604afbb0e223e855"",""producer_run_id"":""31970958336"",""source"":""truelycollectables.com/native-ebay"",""source_queries"":[""George Lombard Jr signed baseball autograph""],""token_mode"":""client_credentials""}"
cand-s14-ebay-99bbd379f621425618c5,dh-20260731T184251Z-gha-recovery,14,2026-08-16T20:35:00.076Z,SIGNED BALL/signed_prospect_baseball,George Lombard Jr,signed_prospect_baseball,eBay,tullfunatik,,188799367990,https://www.ebay.com/itm/188799367990?_skw=George+Lombard+Jr+signed+baseball+autograph&hash=item2bf551bb36%3Ag%3AYb4AAeSw-MdqgRp7,LIVE,2025 Bowman's Best George Lombard Jr. On Card Refractor Autograph,"{""preliminary_scope_status"":""DISCOVERY_SCOPE_PASS"",""query_family_ids"":[""signed-baseball.george-lombard-jr""]}",{},,ebay|tullfunatik|188799367990,https://i.ebayimg.com/images/g/Yb4AAeSw-MdqgRp7/s-l225.jpg,,FALSE,FALSE,FALSE,,{},,,,CLAIMED_ONLY,NO,RAW,,,,Ungraded; seller/API claim only; front/back unverified.,UNKNOWN,"[""identity_and_images_unverified"",""authentication_certification_not_verified"",""raw_signature_must_not_be_called_authentic""]",150,,,,,,0,180,TRUE,,,,,,[],INSUFFICIENT,INSUFFICIENT,UNKNOWN,INSUFFICIENT,,,,,,,,,,,,,,,,,MANUAL REVIEW / UNPRICED,FALSE,FALSE,"[""exact_front_back_identity_not_verified"",""identical_completed_sales_not_persisted"",""delivered_acquisition_cost_incomplete"",""truely_collectables_owned_copy_exclusion_not_proven"",""signature_authentication_not_verified"",""provenance_not_verified""]","{""artifact_schema"":""TRUELY_COLLECTABLES_DEAL_HUNTER_ARTIFACT_V1"",""deployment"":{""commitSha"":null,""environment"":""production"",""region"":null},""discovery_family_ids"":[""signed-baseball.george-lombard-jr""],""gateway_endpoint"":""https://truelycollectables.com/api/tcos/deal-hunter-native-ebay?perQuery=20&scope=signed_baseballs"",""gateway_host"":""https://truelycollectables.com"",""gateway_scopes"":[""signed_baseballs""],""listing_item_id"":""188799367990"",""native_schema"":""TCOS_NATIVE_EBAY_FEED_V1"",""producer_commit_sha"":""07471ae49901220d13073aab604afbb0e223e855"",""producer_run_id"":""31970958336"",""source"":""truelycollectables.com/native-ebay"",""source_queries"":[""George Lombard Jr signed baseball autograph""],""token_mode"":""client_credentials""}"
cand-s14-ebay-77f6f31f9f8db5ff1954,dh-20260731T184251Z-gha-recovery,14,2026-08-16T20:35:00.076Z,SIGNED BALL/signed_prospect_baseball,George Lombard Jr,signed_prospect_baseball,eBay,atlautographsandcollectibles,,407147534660,https://www.ebay.com/itm/407147534660?_skw=George+Lombard+Jr+signed+baseball+autograph&hash=item5ecbe25944%3Ag%3AEigAAeSwvmNqgOOR,LIVE,George Lombard Jr. Signed Home Plate New York Yankees Baseball Autograph AAC COA,"{""preliminary_scope_status"":""DISCOVERY_SCOPE_PASS"",""query_family_ids"":[""signed-baseball.george-lombard-jr""]}",{},,ebay|atlautographsandcollectibles|407147534660,https://i.ebayimg.com/images/g/EigAAeSwvmNqgOOR/s-l225.jpg,,FALSE,FALSE,FALSE,,{},,,,CLAIMED_ONLY,NO,UNKNOWN,,,,Unknown; seller/API claim only; front/back unverified.,UNKNOWN,"[""identity_and_images_unverified"",""authentication_certification_not_verified"",""raw_signature_must_not_be_called_authentic""]",269.99,,,,,,0,180,TRUE,,,,,,[],INSUFFICIENT,INSUFFICIENT,UNKNOWN,INSUFFICIENT,,,,,,,,,,,,,,,,,MANUAL REVIEW / UNPRICED,FALSE,FALSE,"[""exact_front_back_identity_not_verified"",""identical_completed_sales_not_persisted"",""delivered_acquisition_cost_incomplete"",""truely_collectables_owned_copy_exclusion_not_proven"",""signature_authentication_not_verified"",""provenance_not_verified""]","{""artifact_schema"":""TRUELY_COLLECTABLES_DEAL_HUNTER_ARTIFACT_V1"",""deployment"":{""commitSha"":null,""environment"":""production"",""region"":null},""discovery_family_ids"":[""signed-baseball.george-lombard-jr""],""gateway_endpoint"":""https://truelycollectables.com/api/tcos/deal-hunter-native-ebay?perQuery=20&scope=signed_baseballs"",""gateway_host"":""https://truelycollectables.com"",""gateway_scopes"":[""signed_baseballs""],""listing_item_id"":""407147534660"",""native_schema"":""TCOS_NATIVE_EBAY_FEED_V1"",""producer_commit_sha"":""07471ae49901220d13073aab604afbb0e223e855"",""producer_run_id"":""31970958336"",""source"":""truelycollectables.com/native-ebay"",""source_queries"":[""George Lombard Jr signed baseball autograph""],""token_mode"":""client_credentials""}"
cand-s14-ebay-a83bef881a2697d4e25c,dh-20260731T184251Z-gha-recovery,14,2026-08-16T20:35:00.076Z,SIGNED BALL/signed_prospect_baseball,Josue De Paula,signed_prospect_baseball,eBay,bertalert25,,377421416527,https://www.ebay.com/itm/377421416527?_skw=Josue+De+Paula+signed+baseball+autograph&hash=item57e011c84f%3Ag%3A8McAAeSwR01qgONZ,LIVE,2025 Topps pro Debut Josue De Paula Jumbo Auto Relic /400 Dodgers,"{""preliminary_scope_status"":""DISCOVERY_SCOPE_PASS"",""query_family_ids"":[""signed-baseball.josue-de-paula""]}",{},,ebay|bertalert25|377421416527,https://i.ebayimg.com/images/g/8McAAeSwR01qgONZ/s-l225.jpg,,FALSE,FALSE,FALSE,,{},,,,CLAIMED_ONLY,CLAIMED_ONLY,RAW,,,,Ungraded; seller/API claim only; front/back unverified.,UNKNOWN,"[""identity_and_images_unverified"",""authentication_certification_not_verified"",""raw_signature_must_not_be_called_authentic""]",45,,,,,,0,180,TRUE,,,,,,[],INSUFFICIENT,INSUFFICIENT,UNKNOWN,INSUFFICIENT,,,,,,,,,,,,,,,,,MANUAL REVIEW / UNPRICED,FALSE,FALSE,"[""exact_front_back_identity_not_verified"",""identical_completed_sales_not_persisted"",""delivered_acquisition_cost_incomplete"",""truely_collectables_owned_copy_exclusion_not_proven"",""signature_authentication_not_verified"",""provenance_not_verified""]","{""artifact_schema"":""TRUELY_COLLECTABLES_DEAL_HUNTER_ARTIFACT_V1"",""deployment"":{""commitSha"":null,""environment"":""production"",""region"":null},""discovery_family_ids"":[""signed-baseball.josue-de-paula""],""gateway_endpoint"":""https://truelycollectables.com/api/tcos/deal-hunter-native-ebay?perQuery=20&scope=signed_baseballs"",""gateway_host"":""https://truelycollectables.com"",""gateway_scopes"":[""signed_baseballs""],""listing_item_id"":""377421416527"",""native_schema"":""TCOS_NATIVE_EBAY_FEED_V1"",""producer_commit_sha"":""07471ae49901220d13073aab604afbb0e223e855"",""producer_run_id"":""31970958336"",""source"":""truelycollectables.com/native-ebay"",""source_queries"":[""Josue De Paula signed baseball autograph""],""token_mode"":""client_credentials""}"
cand-s14-ebay-2fcf43fc43949e7e2bee,dh-20260731T184251Z-gha-recovery,14,2026-08-16T20:35:00.076Z,SIGNED BALL/signed_prospect_baseball,George Lombard Jr,signed_prospect_baseball,eBay,dangyall,,336744148564,https://www.ebay.com/itm/336744148564?_skw=George+Lombard+Jr+signed+baseball+autograph&hash=item4e6783ee54%3Ag%3ALDoAAeSwyudqgKY1&amdata=enc%3AAQALAAABEACCtXRWQnOEpyOqnQQ8KGZDdZK0znDyaV0U4gThW4bXl7nKVxOTuqN35qGjpUqAzLsnOnxustw%2BFM%2BHcNuFvwC3OVYJoyT9v6GX33hRRuISxcOpxpta20WdOFkbwTswBRyateTDCUzHtRcThd516yzko35iDtvj9LtKu7NabVDNxkGfhziJwfL5nzz5gWwS6y%2Bwhxc%2FZtkbQDx3zdkwlSv0eCYu%2BVf9kmy6Z4TYQAxcd3UIjk2ZU4M61dquyUIrpLntSOSEd9gA6TmIcDis2gWUNAldleDPFpAqYyIQS4oDu%2FXgBOPYcmwEPOm847rZGI9PxjwlLUigTQqKOT1B1NiZQsXXdAeGGmNhR3Xx7l4p,LIVE,2024 Bowman Chrome Mega Box George Lombard Jr. Purple Mojo Auto 061/199 GEM THIS,"{""preliminary_scope_status"":""DISCOVERY_SCOPE_PASS"",""query_family_ids"":[""signed-baseball.george-lombard-jr""]}",{},,ebay|dangyall|336744148564,https://i.ebayimg.com/images/g/LDoAAeSwyudqgKY1/s-l225.jpg,,FALSE,FALSE,FALSE,,{},,,,CLAIMED_ONLY,NO,RAW,,,,Ungraded; seller/API claim only; front/back unverified.,UNKNOWN,"[""identity_and_images_unverified"",""authentication_certification_not_verified"",""raw_signature_must_not_be_called_authentic""]",600,12,,,,,0,180,TRUE,,,,,,[],INSUFFICIENT,INSUFFICIENT,UNKNOWN,INSUFFICIENT,,,,,,,,,,,,,,,,,MANUAL REVIEW / UNPRICED,FALSE,FALSE,"[""exact_front_back_identity_not_verified"",""identical_completed_sales_not_persisted"",""delivered_acquisition_cost_incomplete"",""truely_collectables_owned_copy_exclusion_not_proven"",""signature_authentication_not_verified"",""provenance_not_verified""]","{""artifact_schema"":""TRUELY_COLLECTABLES_DEAL_HUNTER_ARTIFACT_V1"",""deployment"":{""commitSha"":null,""environment"":""production"",""region"":null},""discovery_family_ids"":[""signed-baseball.george-lombard-jr""],""gateway_endpoint"":""https://truelycollectables.com/api/tcos/deal-hunter-native-ebay?perQuery=20&scope=signed_baseballs"",""gateway_host"":""https://truelycollectables.com"",""gateway_scopes"":[""signed_baseballs""],""listing_item_id"":""336744148564"",""native_schema"":""TCOS_NATIVE_EBAY_FEED_V1"",""producer_commit_sha"":""07471ae49901220d13073aab604afbb0e223e855"",""producer_run_id"":""31970958336"",""source"":""truelycollectables.com/native-ebay"",""source_queries"":[""George Lombard Jr signed baseball autograph""],""token_mode"":""client_credentials""}"
cand-s14-ebay-4b1945a9d1002f743682,dh-20260731T184251Z-gha-recovery,14,2026-08-16T20:35:00.076Z,SIGNED BALL/signed_prospect_baseball,Leo De Vries,signed_prospect_baseball,eBay,baltimoregraphs,,117359760870,https://www.ebay.com/itm/117359760870?_skw=Leo+De+Vries+signed+baseball+autograph&hash=item1b532fd5e6%3Ag%3ADscAAeSwJoxqf4hg&amdata=enc%3AAQALAAABAACCtXRWQnOEpyOqnQQ8KGYXleKgnPSUuroko5knj7sNrY9DoV7a0EfSWjqmZCLDNXeqoxuZQnwSU%2Fjq6Ddm3ZUWVqtGphHXh5MIwQEoUczphnwdMhSl2wXwKlb%2BdAnEyFtN1tlOOOfE%2FBZ%2B%2Fm72I%2B0DCvbdR4TWjdaZpXKANWk4V10HXF0vH%2BqtGZ8aUw6Jeo2o6LBGqI3I%2BdtBKD26VI3K%2F8SafcAox1jEiQkevouFfzbSKpFomOmmnSmZ8Xkzq1d2knjp9DMzmXokKjCFcRAShHvbqdUCLJ%2Bv3eg89zHgQp0yXKVdwYZOalPuPqTMeo%2F8xQyaG91Mp1gb2snpksc%3D,LIVE,Leo De Vries Signed Baseball Oakland Athletics Autographed Auto Futures Game JSA,"{""preliminary_scope_status"":""DISCOVERY_SCOPE_PASS"",""query_family_ids"":[""signed-baseball.leo-de-vries""]}",{},,ebay|baltimoregraphs|117359760870,https://i.ebayimg.com/images/g/DscAAeSwJoxqf4hg/s-l225.jpg,,FALSE,FALSE,FALSE,,{},,,,CLAIMED_ONLY,NO,UNKNOWN,,,,Unknown; seller/API claim only; front/back unverified.,UNKNOWN,"[""identity_and_images_unverified"",""authentication_certification_not_verified"",""raw_signature_must_not_be_called_authentic""]",149.99,0,,,,,0,180,TRUE,,,,,,[],INSUFFICIENT,INSUFFICIENT,UNKNOWN,INSUFFICIENT,,,,,,,,,,,,,,,,,MANUAL REVIEW / UNPRICED,FALSE,FALSE,"[""exact_front_back_identity_not_verified"",""identical_completed_sales_not_persisted"",""delivered_acquisition_cost_incomplete"",""truely_collectables_owned_copy_exclusion_not_proven"",""signature_authentication_not_verified"",""provenance_not_verified""]","{""artifact_schema"":""TRUELY_COLLECTABLES_DEAL_HUNTER_ARTIFACT_V1"",""deployment"":{""commitSha"":null,""environment"":""production"",""region"":null},""discovery_family_ids"":[""signed-baseball.leo-de-vries""],""gateway_endpoint"":""https://truelycollectables.com/api/tcos/deal-hunter-native-ebay?perQuery=20&scope=signed_baseballs"",""gateway_host"":""https://truelycollectables.com"",""gateway_scopes"":[""signed_baseballs""],""listing_item_id"":""117359760870"",""native_schema"":""TCOS_NATIVE_EBAY_FEED_V1"",""producer_commit_sha"":""07471ae49901220d13073aab604afbb0e223e855"",""producer_run_id"":""31970958336"",""source"":""truelycollectables.com/native-ebay"",""source_queries"":[""Leo De Vries signed baseball autograph""],""token_mode"":""client_credentials""}"
cand-s14-ebay-7d1263a9d01f5db2584b,dh-20260731T184251Z-gha-recovery,14,2026-08-16T20:35:00.076Z,SIGNED BALL/signed_prospect_baseball,Leo De Vries,signed_prospect_baseball,eBay,baltimoregraphs,,117359760093,https://www.ebay.com/itm/117359760093?_skw=Leo+De+Vries+signed+baseball+autograph&hash=item1b532fd2dd%3Ag%3AbQ4AAeSw5glqf4gq,LIVE,Leo De Vries Signed Baseball Oakland Athletics Autographed Auto Futures Game JSA,"{""preliminary_scope_status"":""DISCOVERY_SCOPE_PASS"",""query_family_ids"":[""signed-baseball.leo-de-vries""]}",{},,ebay|baltimoregraphs|117359760093,https://i.ebayimg.com/images/g/bQ4AAeSw5glqf4gq/s-l225.jpg,,FALSE,FALSE,FALSE,,{},,,,CLAIMED_ONLY,NO,UNKNOWN,,,,Unknown; seller/API claim only; front/back unverified.,UNKNOWN,"[""identity_and_images_unverified"",""authentication_certification_not_verified"",""raw_signature_must_not_be_called_authentic""]",149.99,0,,,,,0,180,TRUE,,,,,,[],INSUFFICIENT,INSUFFICIENT,UNKNOWN,INSUFFICIENT,,,,,,,,,,,,,,,,,MANUAL REVIEW / UNPRICED,FALSE,FALSE,"[""exact_front_back_identity_not_verified"",""identical_completed_sales_not_persisted"",""delivered_acquisition_cost_incomplete"",""truely_collectables_owned_copy_exclusion_not_proven"",""signature_authentication_not_verified"",""provenance_not_verified""]","{""artifact_schema"":""TRUELY_COLLECTABLES_DEAL_HUNTER_ARTIFACT_V1"",""deployment"":{""commitSha"":null,""environment"":""production"",""region"":null},""discovery_family_ids"":[""signed-baseball.leo-de-vries""],""gateway_endpoint"":""https://truelycollectables.com/api/tcos/deal-hunter-native-ebay?perQuery=20&scope=signed_baseballs"",""gateway_host"":""https://truelycollectables.com"",""gateway_scopes"":[""signed_baseballs""],""listing_item_id"":""117359760093"",""native_schema"":""TCOS_NATIVE_EBAY_FEED_V1"",""producer_commit_sha"":""07471ae49901220d13073aab604afbb0e223e855"",""producer_run_id"":""31970958336"",""source"":""truelycollectables.com/native-ebay"",""source_queries"":[""Leo De Vries signed baseball autograph""],""token_mode"":""client_credentials""}"
cand-s14-ebay-0ed351c11e931ac3c51d,dh-20260731T184251Z-gha-recovery,14,2026-08-16T20:35:00.076Z,SIGNED BALL/signed_prospect_baseball,George Lombard Jr,signed_prospect_baseball,eBay,kkeyyankees,,257680538977,https://www.ebay.com/itm/257680538977?_skw=George+Lombard+Jr+signed+baseball+autograph&hash=item3bfef4fd61%3Ag%3Azt4AAeSwbiNqf2jL,LIVE,George Lombard Jr. Signed Framed 8x10 Photo New York Yankees Baseball Autograph,"{""preliminary_scope_status"":""DISCOVERY_SCOPE_PASS"",""query_family_ids"":[""signed-baseball.george-lombard-jr""]}",{},,ebay|kkeyyankees|257680538977,https://i.ebayimg.com/images/g/zt4AAeSwbiNqf2jL/s-l225.jpg,,FALSE,FALSE,FALSE,,{},,,,CLAIMED_ONLY,NO,UNKNOWN,,,,Unknown; seller/API claim only; front/back unverified.,UNKNOWN,"[""identity_and_images_unverified"",""authentication_certification_not_verified"",""raw_signature_must_not_be_called_authentic""]",250,,,,,,0,180,TRUE,,,,,,[],INSUFFICIENT,INSUFFICIENT,UNKNOWN,INSUFFICIENT,,,,,,,,,,,,,,,,,MANUAL REVIEW / UNPRICED,FALSE,FALSE,"[""exact_front_back_identity_not_verified"",""identical_completed_sales_not_persisted"",""delivered_acquisition_cost_incomplete"",""truely_collectables_owned_copy_exclusion_not_proven"",""signature_authentication_not_verified"",""provenance_not_verified""]","{""artifact_schema"":""TRUELY_COLLECTABLES_DEAL_HUNTER_ARTIFACT_V1"",""deployment"":{""commitSha"":null,""environment"":""production"",""region"":null},""discovery_family_ids"":[""signed-baseball.george-lombard-jr""],""gateway_endpoint"":""https://truelycollectables.com/api/tcos/deal-hunter-native-ebay?perQuery=20&scope=signed_baseballs"",""gateway_host"":""https://truelycollectables.com"",""gateway_scopes"":[""signed_baseballs""],""listing_item_id"":""257680538977"",""native_schema"":""TCOS_NATIVE_EBAY_FEED_V1"",""producer_commit_sha"":""07471ae49901220d13073aab604afbb0e223e855"",""producer_run_id"":""31970958336"",""source"":""truelycollectables.com/native-ebay"",""source_queries"":[""George Lombard Jr signed baseball autograph""],""token_mode"":""client_credentials""}"
cand-s14-ebay-f6d353fd75d33b397b88,dh-20260731T184251Z-gha-recovery,14,2026-08-16T20:35:00.076Z,SIGNED BALL/signed_prospect_baseball,George Lombard Jr,signed_prospect_baseball,eBay,mattnova08,,327310023204,https://www.ebay.com/itm/327310023204?_skw=George+Lombard+Jr+signed+baseball+autograph&hash=item4c35329a24%3Ag%3A3CsAAeSw-zVqfxuA,LIVE,George Lombard Jr. AUTO 2024 Bowman Chrome Mega Box #BCP79 GMA 10 NY,"{""preliminary_scope_status"":""DISCOVERY_SCOPE_PASS"",""query_family_ids"":[""signed-baseball.george-lombard-jr""]}",{},,ebay|mattnova08|327310023204,https://i.ebayimg.com/images/g/3CsAAeSw-zVqfxuA/s-l225.jpg,,FALSE,FALSE,FALSE,,{},,,,CLAIMED_ONLY,NO,GRADED,,,,Graded; seller/API claim only; front/back unverified.,UNKNOWN,"[""identity_and_images_unverified"",""authentication_certification_not_verified"",""raw_signature_must_not_be_called_authentic""]",349.99,,,,,,0,180,TRUE,,,,,,[],INSUFFICIENT,INSUFFICIENT,UNKNOWN,INSUFFICIENT,,,,,,,,,,,,,,,,,MANUAL REVIEW / UNPRICED,FALSE,FALSE,"[""exact_front_back_identity_not_verified"",""identical_completed_sales_not_persisted"",""delivered_acquisition_cost_incomplete"",""truely_collectables_owned_copy_exclusion_not_proven"",""signature_authentication_not_verified"",""provenance_not_verified""]","{""artifact_schema"":""TRUELY_COLLECTABLES_DEAL_HUNTER_ARTIFACT_V1"",""deployment"":{""commitSha"":null,""environment"":""production"",""region"":null},""discovery_family_ids"":[""signed-baseball.george-lombard-jr""],""gateway_endpoint"":""https://truelycollectables.com/api/tcos/deal-hunter-native-ebay?perQuery=20&scope=signed_baseballs"",""gateway_host"":""https://truelycollectables.com"",""gateway_scopes"":[""signed_baseballs""],""listing_item_id"":""327310023204"",""native_schema"":""TCOS_NATIVE_EBAY_FEED_V1"",""producer_commit_sha"":""07471ae49901220d13073aab604afbb0e223e855"",""producer_run_id"":""31970958336"",""source"":""truelycollectables.com/native-ebay"",""source_queries"":[""George Lombard Jr signed baseball autograph""],""token_mode"":""client_credentials""}"
cand-s14-ebay-2e1efe3f37808ee4807d,dh-20260731T184251Z-gha-recovery,14,2026-08-16T20:35:00.076Z,SIGNED BALL/signed_prospect_baseball,George Lombard Jr,signed_prospect_baseball,eBay,tonys_treasures619,,158185807146,https://www.ebay.com/itm/158185807146?_skw=George+Lombard+Jr+signed+baseball+autograph&hash=item24d49bdd2a%3Ag%3A-2AAAeSwtBlqfl0q&amdata=enc%3AAQALAAABEACCtXRWQnOEpyOqnQQ8KGZMCV%2FFXDKMY2oDUKvn4YEfVftiWNABLAQkeJzbU7vt4Q%2FddFYlY6lHQgwtSO5nQ7LR5tS2RTLFDIi3tvI6E4Ff4WwKTxvimNsH1KrTVf5RyEd%2FKySk0z2Hq%2Bezbkiq8C%2B3i2KKG6GwK0xRxkQHZ8R%2Fv7uVCXnKRSkqxcnV40D5AuWSJ1UkvzAAR7M6iUymLui25Xbp2CQ%2FEXQoU%2Fl7MpwMZOketPdAFZjb7j9CyJuCDntUpwOhVP1GmL8d%2FSXhFzOuvKM8lSq6bFr7SoqPzCMP%2BD7RhnJSmWT1Ryv%2BRMga58ZnbgKbkDFdtxakVFkQmPkqdkDB39ZqPDD3fIqX83Ij,LIVE,2024 Topps Bowman Sterling George Lombard Jr Autograph New York Yankees,"{""preliminary_scope_status"":""DISCOVERY_SCOPE_PASS"",""query_family_ids"":[""signed-baseball.george-lombard-jr""]}",{},,ebay|tonys-treasures619|158185807146,https://i.ebayimg.com/images/g/-2AAAeSwtBlqfl0q/s-l225.jpg,,FALSE,FALSE,FALSE,,{},,,,CLAIMED_ONLY,NO,RAW,,,,Ungraded; seller/API claim only; front/back unverified.,UNKNOWN,"[""identity_and_images_unverified"",""authentication_certification_not_verified"",""raw_signature_must_not_be_called_authentic""]",200,,,,,,0,180,TRUE,,,,,,[],INSUFFICIENT,INSUFFICIENT,UNKNOWN,INSUFFICIENT,,,,,,,,,,,,,,,,,MANUAL REVIEW / UNPRICED,FALSE,FALSE,"[""exact_front_back_identity_not_verified"",""identical_completed_sales_not_persisted"",""delivered_acquisition_cost_incomplete"",""truely_collectables_owned_copy_exclusion_not_proven"",""signature_authentication_not_verified"",""provenance_not_verified""]","{""artifact_schema"":""TRUELY_COLLECTABLES_DEAL_HUNTER_ARTIFACT_V1"",""deployment"":{""commitSha"":null,""environment"":""production"",""region"":null},""discovery_family_ids"":[""signed-baseball.george-lombard-jr""],""gateway_endpoint"":""https://truelycollectables.com/api/tcos/deal-hunter-native-ebay?perQuery=20&scope=signed_baseballs"",""gateway_host"":""https://truelycollectables.com"",""gateway_scopes"":[""signed_baseballs""],""listing_item_id"":""158185807146"",""native_schema"":""TCOS_NATIVE_EBAY_FEED_V1"",""producer_commit_sha"":""07471ae49901220d13073aab604afbb0e223e855"",""producer_run_id"":""31970958336"",""source"":""truelycollectables.com/native-ebay"",""source_queries"":[""George Lombard Jr signed baseball autograph""],""token_mode"":""client_credentials""}"
cand-s14-ebay-28f79fcff4af5c2129cc,dh-20260731T184251Z-gha-recovery,14,2026-08-16T20:35:00.076Z,SIGNED BALL/signed_prospect_baseball,George Lombard Jr,signed_prospect_baseball,eBay,harri-libi,,137618439601,https://www.ebay.com/itm/137618439601?_skw=George+Lombard+Jr+signed+baseball+autograph&hash=item200ab2bdb1%3Ag%3A-hwAAeSwXbVpPs4X&amdata=enc%3AAQALAAABEACCtXRWQnOEpyOqnQQ8KGYAmQwSXf6v5EvUdez8sRRykbxR9ebLBRV5NJSdAV3rT%2F%2BUe7REAXnza5slyVb9PYNJp9CTXpExTg5KL5fzApsHwEYv67W0XDSQ6tMr5DnsUNm7bEtfvV4KH46l7C%2FhXC%2FMgNXOkMk7PFWIVi2qKpsLI%2FFsJXiJoJolto8D4avdrcaiChyQKTHGWTAoMKvB8TmRH1lp07iEmwnFiDzVVzDWKtKgQQGwmFrph5iteyA7thyapzlwFATFPiJHGTesIFEhYka%2BWPKi5uzpNtnggbjuHTwHsisGkfl1izBZRKCe2%2FnXv1YWEJ5t6hkvTEFCOFvSIbgmzwUu5pnSRTO%2BG0hB,LIVE,2024 1st Bowman Chrome Sapphire Signed George Lombard Jr Auto RC Card PSA COA,"{""preliminary_scope_status"":""DISCOVERY_SCOPE_PASS"",""query_family_ids"":[""signed-baseball.george-lombard-jr""]}",{},,ebay|harri-libi|137618439601,https://i.ebayimg.com/images/g/-hwAAeSwXbVpPs4X/s-l225.jpg,,FALSE,FALSE,FALSE,,{},,,,CLAIMED_ONLY,NO,GRADED,,,,Graded; seller/API claim only; front/back unverified.,UNKNOWN,"[""identity_and_images_unverified"",""authentication_certification_not_verified"",""raw_signature_must_not_be_called_authentic""]",849.99,,,,,,0,180,TRUE,,,,,,[],INSUFFICIENT,INSUFFICIENT,UNKNOWN,INSUFFICIENT,,,,,,,,,,,,,,,,,MANUAL REVIEW / UNPRICED,FALSE,FALSE,"[""exact_front_back_identity_not_verified"",""identical_completed_sales_not_persisted"",""delivered_acquisition_cost_incomplete"",""truely_collectables_owned_copy_exclusion_not_proven"",""signature_authentication_not_verified"",""provenance_not_verified""]","{""artifact_schema"":""TRUELY_COLLECTABLES_DEAL_HUNTER_ARTIFACT_V1"",""deployment"":{""commitSha"":null,""environment"":""production"",""region"":null},""discovery_family_ids"":[""signed-baseball.george-lombard-jr""],""gateway_endpoint"":""https://truelycollectables.com/api/tcos/deal-hunter-native-ebay?perQuery=20&scope=signed_baseballs"",""gateway_host"":""https://truelycollectables.com"",""gateway_scopes"":[""signed_baseballs""],""listing_item_id"":""137618439601"",""native_schema"":""TCOS_NATIVE_EBAY_FEED_V1"",""producer_commit_sha"":""07471ae49901220d13073aab604afbb0e223e855"",""producer_run_id"":""31970958336"",""source"":""truelycollectables.com/native-ebay"",""source_queries"":[""George Lombard Jr signed baseball autograph""],""token_mode"":""client_credentials""}"
cand-s14-ebay-a659225e8ea508faeacd,dh-20260731T184251Z-gha-recovery,14,2026-08-16T20:35:00.076Z,SIGNED BALL/signed_prospect_baseball,George Lombard Jr,signed_prospect_baseball,eBay,hydrangeaprize,,198561844211,https://www.ebay.com/itm/198561844211?_skw=George+Lombard+Jr+signed+baseball+autograph&hash=item2e3b354bf3%3Ag%3AimQAAeSwUp5qejV%7E,LIVE,George Lombard Jr Yankees Baseball Signed Autographed 2024 Bowman Card,"{""preliminary_scope_status"":""DISCOVERY_SCOPE_PASS"",""query_family_ids"":[""signed-baseball.george-lombard-jr""]}",{},,ebay|hydrangeaprize|198561844211,https://i.ebayimg.com/images/g/imQAAeSwUp5qejV~/s-l225.jpg,,FALSE,FALSE,FALSE,,{},,,,CLAIMED_ONLY,NO,RAW,,,,Ungraded; seller/API claim only; front/back unverified.,UNKNOWN,"[""identity_and_images_unverified"",""authentication_certification_not_verified"",""raw_signature_must_not_be_called_authentic""]",79.99,5,,,,,0,180,TRUE,,,,,,[],INSUFFICIENT,INSUFFICIENT,UNKNOWN,INSUFFICIENT,,,,,,,,,,,,,,,,,MANUAL REVIEW / UNPRICED,FALSE,FALSE,"[""exact_front_back_identity_not_verified"",""identical_completed_sales_not_persisted"",""delivered_acquisition_cost_incomplete"",""truely_collectables_owned_copy_exclusion_not_proven"",""signature_authentication_not_verified"",""provenance_not_verified""]","{""artifact_schema"":""TRUELY_COLLECTABLES_DEAL_HUNTER_ARTIFACT_V1"",""deployment"":{""commitSha"":null,""environment"":""production"",""region"":null},""discovery_family_ids"":[""signed-baseball.george-lombard-jr""],""gateway_endpoint"":""https://truelycollectables.com/api/tcos/deal-hunter-native-ebay?perQuery=20&scope=signed_baseballs"",""gateway_host"":""https://truelycollectables.com"",""gateway_scopes"":[""signed_baseballs""],""listing_item_id"":""198561844211"",""native_schema"":""TCOS_NATIVE_EBAY_FEED_V1"",""producer_commit_sha"":""07471ae49901220d13073aab604afbb0e223e855"",""producer_run_id"":""31970958336"",""source"":""truelycollectables.com/native-ebay"",""source_queries"":[""George Lombard Jr signed baseball autograph""],""token_mode"":""client_credentials""}"
cand-s14-ebay-b18d1e7aa4980322b180,dh-20260731T184251Z-gha-recovery,14,2026-08-16T20:35:00.076Z,SIGNED BALL/signed_prospect_baseball,Jesus Made,signed_prospect_baseball,eBay,pro-signings,,188768611153,https://www.ebay.com/itm/188768611153?_skw=Jesus+Made+signed+baseball+autograph&hash=item2bf37c6b51%3Ag%3A93MAAeSwB7tqeQ6L,LIVE,Jesus Made Signed Autographed Brewers Team Stitch Logo Baseball w/ JSA COA,"{""preliminary_scope_status"":""DISCOVERY_SCOPE_PASS"",""query_family_ids"":[""signed-baseball.jesus-made""]}",{},,ebay|pro-signings|188768611153,https://i.ebayimg.com/images/g/93MAAeSwB7tqeQ6L/s-l225.jpg,,FALSE,FALSE,FALSE,,{},,,,CLAIMED_ONLY,NO,UNKNOWN,,,,Unknown; seller/API claim only; front/back unverified.,UNKNOWN,"[""identity_and_images_unverified"",""authentication_certification_not_verified"",""raw_signature_must_not_be_called_authentic""]",150,6,,,,,0,180,TRUE,,,,,,[],INSUFFICIENT,INSUFFICIENT,UNKNOWN,INSUFFICIENT,,,,,,,,,,,,,,,,,MANUAL REVIEW / UNPRICED,FALSE,FALSE,"[""exact_front_back_identity_not_verified"",""identical_completed_sales_not_persisted"",""delivered_acquisition_cost_incomplete"",""truely_collectables_owned_copy_exclusion_not_proven"",""signature_authentication_not_verified"",""provenance_not_verified""]","{""artifact_schema"":""TRUELY_COLLECTABLES_DEAL_HUNTER_ARTIFACT_V1"",""deployment"":{""commitSha"":null,""environment"":""production"",""region"":null},""discovery_family_ids"":[""signed-baseball.jesus-made""],""gateway_endpoint"":""https://truelycollectables.com/api/tcos/deal-hunter-native-ebay?perQuery=20&scope=signed_baseballs"",""gateway_host"":""https://truelycollectables.com"",""gateway_scopes"":[""signed_baseballs""],""listing_item_id"":""188768611153"",""native_schema"":""TCOS_NATIVE_EBAY_FEED_V1"",""producer_commit_sha"":""07471ae49901220d13073aab604afbb0e223e855"",""producer_run_id"":""31970958336"",""source"":""truelycollectables.com/native-ebay"",""source_queries"":[""Jesus Made signed baseball autograph""],""token_mode"":""client_credentials""}"
cand-s14-ebay-0e7611bfffe63d497414,dh-20260731T184251Z-gha-recovery,14,2026-08-16T20:35:00.076Z,SIGNED BALL/signed_prospect_baseball,George Lombard Jr,signed_prospect_baseball,eBay,colecciomania,,366591287203,https://www.ebay.com/itm/366591287203?_skw=George+Lombard+Jr+signed+baseball+autograph&hash=item555a8b1fa3%3Ag%3AfMkAAeSwFz1qdTGs&amdata=enc%3AAQALAAABEACCtXRWQnOEpyOqnQQ8KGbauoOaju6yG%2FiUwxXUpCHANvk0h2ngUXVKLgixgQSOWwLAqWsCRJnv1CeWJpQcG5JMjzIiA8sc0EDwEI9Kg2so4au2YlYa1QOuJnOA74ly12cGrMH9BmoY%2BffGlYEm3SINzu9lN08kCaij05F4tzeqF5Llk98adgjJ%2BB2kVqXZ62U2I8mqF8DlHgnOar9wan5gWmeb%2F0Zzc2Yfk6SUwmyTkIlZxGiv2FgVDWNuNJWB7R24WeZpZr7sDNj9A4MX%2Bxzwjumc0JgTOjz%2FhrXIDHWYpioouLKE51H68Yf6w7voq6Ec9Uh6uG6IjuYNnSsjsby0chh0XTwATg3EyH64SvpL,LIVE,2023 Onyx Vintage Extended  George Lombard Jr Auto Inscription /12 Yankees RC,"{""preliminary_scope_status"":""DISCOVERY_SCOPE_PASS"",""query_family_ids"":[""signed-baseball.george-lombard-jr""]}",{},,ebay|colecciomania|366591287203,https://i.ebayimg.com/images/g/fMkAAeSwFz1qdTGs/s-l225.jpg,,FALSE,FALSE,FALSE,,{},,,,CLAIMED_ONLY,NO,RAW,,,,Ungraded; seller/API claim only; front/back unverified.,UNKNOWN,"[""identity_and_images_unverified"",""authentication_certification_not_verified"",""raw_signature_must_not_be_called_authentic""]",449,4.99,,,,,0,180,TRUE,,,,,,[],INSUFFICIENT,INSUFFICIENT,UNKNOWN,INSUFFICIENT,,,,,,,,,,,,,,,,,MANUAL REVIEW / UNPRICED,FALSE,FALSE,"[""exact_front_back_identity_not_verified"",""identical_completed_sales_not_persisted"",""delivered_acquisition_cost_incomplete"",""truely_collectables_owned_copy_exclusion_not_proven"",""signature_authentication_not_verified"",""provenance_not_verified""]","{""artifact_schema"":""TRUELY_COLLECTABLES_DEAL_HUNTER_ARTIFACT_V1"",""deployment"":{""commitSha"":null,""environment"":""production"",""region"":null},""discovery_family_ids"":[""signed-baseball.george-lombard-jr""],""gateway_endpoint"":""https://truelycollectables.com/api/tcos/deal-hunter-native-ebay?perQuery=20&scope=signed_baseballs"",""gateway_host"":""https://truelycollectables.com"",""gateway_scopes"":[""signed_baseballs""],""listing_item_id"":""366591287203"",""native_schema"":""TCOS_NATIVE_EBAY_FEED_V1"",""producer_commit_sha"":""07471ae49901220d13073aab604afbb0e223e855"",""producer_run_id"":""31970958336"",""source"":""truelycollectables.com/native-ebay"",""source_queries"":[""George Lombard Jr signed baseball autograph""],""token_mode"":""client_credentials""}"
cand-s14-ebay-e23b36f2531b6d7eb2d6,dh-20260731T184251Z-gha-recovery,14,2026-08-16T20:35:00.076Z,SIGNED BALL/signed_prospect_baseball,Franklin Arias,signed_prospect_baseball,eBay,baltimoregraphs,,117344209387,https://www.ebay.com/itm/117344209387?_skw=Franklin+Arias+signed+baseball+autograph&hash=item1b524289eb%3Ag%3A9B4AAeSwg6BqEyi6,LIVE,Franklin Arias Signed Baseball Boston Red Sox Autographed Auto Prova,"{""preliminary_scope_status"":""DISCOVERY_SCOPE_PASS"",""query_family_ids"":[""signed-baseball.franklin-arias""]}",{},,ebay|baltimoregraphs|117344209387,https://i.ebayimg.com/images/g/9B4AAeSwg6BqEyi6/s-l225.jpg,,FALSE,FALSE,FALSE,,{},,,,CLAIMED_ONLY,NO,UNKNOWN,,,,Unknown; seller/API claim only; front/back unverified.,UNKNOWN,"[""identity_and_images_unverified"",""authentication_certification_not_verified"",""raw_signature_must_not_be_called_authentic""]",99.99,0,,,,,0,180,TRUE,,,,,,[],INSUFFICIENT,INSUFFICIENT,UNKNOWN,INSUFFICIENT,,,,,,,,,,,,,,,,,MANUAL REVIEW / UNPRICED,FALSE,FALSE,"[""exact_front_back_identity_not_verified"",""identical_completed_sales_not_persisted"",""delivered_acquisition_cost_incomplete"",""truely_collectables_owned_copy_exclusion_not_proven"",""signature_authentication_not_verified"",""provenance_not_verified""]","{""artifact_schema"":""TRUELY_COLLECTABLES_DEAL_HUNTER_ARTIFACT_V1"",""deployment"":{""commitSha"":null,""environment"":""production"",""region"":null},""discovery_family_ids"":[""signed-baseball.franklin-arias""],""gateway_endpoint"":""https://truelycollectables.com/api/tcos/deal-hunter-native-ebay?perQuery=20&scope=signed_baseballs"",""gateway_host"":""https://truelycollectables.com"",""gateway_scopes"":[""signed_baseballs""],""listing_item_id"":""117344209387"",""native_schema"":""TCOS_NATIVE_EBAY_FEED_V1"",""producer_commit_sha"":""07471ae49901220d13073aab604afbb0e223e855"",""producer_run_id"":""31970958336"",""source"":""truelycollectables.com/native-ebay"",""source_queries"":[""Franklin Arias signed baseball autograph""],""token_mode"":""client_credentials""}"
cand-s14-ebay-f8de8796cf92a014f27b,dh-20260731T184251Z-gha-recovery,14,2026-08-16T20:35:00.076Z,SIGNED BALL/signed_prospect_baseball,Leo De Vries,signed_prospect_baseball,eBay,cdsports32,,147485801004,https://www.ebay.com/itm/147485801004?_skw=Leo+De+Vries+signed+baseball+autograph&hash=item2256d6ba2c%3Ag%3AZ4sAAeSwzOhqc8%7E5,LIVE,LEO DE VRIES SIGNED AUTOGRAPHED OML BASEBALL JSA COA ATHLETICS TOP PROSPECT,"{""preliminary_scope_status"":""DISCOVERY_SCOPE_PASS"",""query_family_ids"":[""signed-baseball.leo-de-vries""]}",{},,ebay|cdsports32|147485801004,https://i.ebayimg.com/images/g/Z4sAAeSwzOhqc8~5/s-l225.jpg,,FALSE,FALSE,FALSE,,{},,,,CLAIMED_ONLY,NO,UNKNOWN,,,,Unknown; seller/API claim only; front/back unverified.,UNKNOWN,"[""identity_and_images_unverified"",""authentication_certification_not_verified"",""raw_signature_must_not_be_called_authentic""]",89.99,6.99,,,,,0,180,TRUE,,,,,,[],INSUFFICIENT,INSUFFICIENT,UNKNOWN,INSUFFICIENT,,,,,,,,,,,,,,,,,MANUAL REVIEW / UNPRICED,FALSE,FALSE,"[""exact_front_back_identity_not_verified"",""identical_completed_sales_not_persisted"",""delivered_acquisition_cost_incomplete"",""truely_collectables_owned_copy_exclusion_not_proven"",""signature_authentication_not_verified"",""provenance_not_verified""]","{""artifact_schema"":""TRUELY_COLLECTABLES_DEAL_HUNTER_ARTIFACT_V1"",""deployment"":{""commitSha"":null,""environment"":""production"",""region"":null},""discovery_family_ids"":[""signed-baseball.leo-de-vries""],""gateway_endpoint"":""https://truelycollectables.com/api/tcos/deal-hunter-native-ebay?perQuery=20&scope=signed_baseballs"",""gateway_host"":""https://truelycollectables.com"",""gateway_scopes"":[""signed_baseballs""],""listing_item_id"":""147485801004"",""native_schema"":""TCOS_NATIVE_EBAY_FEED_V1"",""producer_commit_sha"":""07471ae49901220d13073aab604afbb0e223e855"",""producer_run_id"":""31970958336"",""source"":""truelycollectables.com/native-ebay"",""source_queries"":[""Leo De Vries signed baseball autograph""],""token_mode"":""client_credentials""}"
cand-s14-ebay-cb6eb034498f1c4eb897,dh-20260731T184251Z-gha-recovery,14,2026-08-16T20:35:00.076Z,SIGNED BALL/signed_prospect_baseball,George Lombard Jr,signed_prospect_baseball,eBay,mjusju-zunh26,,377397645159,https://www.ebay.com/itm/377397645159?_skw=George+Lombard+Jr+signed+baseball+autograph&hash=item57dea70f67%3Ag%3AWkoAAeSwJM5qc6uP,LIVE,George Lombard JR Signed 1 St Bowman Chrome Mojo New York Yankees,"{""preliminary_scope_status"":""DISCOVERY_SCOPE_PASS"",""query_family_ids"":[""signed-baseball.george-lombard-jr""]}",{},,ebay|mjusju-zunh26|377397645159,https://i.ebayimg.com/images/g/WkoAAeSwJM5qc6uP/s-l225.jpg,,FALSE,FALSE,FALSE,,{},,,,CLAIMED_ONLY,NO,RAW,,,,Ungraded; seller/API claim only; front/back unverified.,UNKNOWN,"[""identity_and_images_unverified"",""authentication_certification_not_verified"",""raw_signature_must_not_be_called_authentic""]",140,,,,,,0,180,TRUE,,,,,,[],INSUFFICIENT,INSUFFICIENT,UNKNOWN,INSUFFICIENT,,,,,,,,,,,,,,,,,MANUAL REVIEW / UNPRICED,FALSE,FALSE,"[""exact_front_back_identity_not_verified"",""identical_completed_sales_not_persisted"",""delivered_acquisition_cost_incomplete"",""truely_collectables_owned_copy_exclusion_not_proven"",""signature_authentication_not_verified"",""provenance_not_verified""]","{""artifact_schema"":""TRUELY_COLLECTABLES_DEAL_HUNTER_ARTIFACT_V1"",""deployment"":{""commitSha"":null,""environment"":""production"",""region"":null},""discovery_family_ids"":[""signed-baseball.george-lombard-jr""],""gateway_endpoint"":""https://truelycollectables.com/api/tcos/deal-hunter-native-ebay?perQuery=20&scope=signed_baseballs"",""gateway_host"":""https://truelycollectables.com"",""gateway_scopes"":[""signed_baseballs""],""listing_item_id"":""377397645159"",""native_schema"":""TCOS_NATIVE_EBAY_FEED_V1"",""producer_commit_sha"":""07471ae49901220d13073aab604afbb0e223e855"",""producer_run_id"":""31970958336"",""source"":""truelycollectables.com/native-ebay"",""source_queries"":[""George Lombard Jr signed baseball autograph""],""token_mode"":""client_credentials""}"
cand-s14-ebay-6384b659777b8396c43c,dh-20260731T184251Z-gha-recovery,14,2026-08-16T20:35:00.076Z,SIGNED BALL/signed_prospect_baseball,George Lombard Jr,signed_prospect_baseball,eBay,smileysports,,178391143931,https://www.ebay.com/itm/178391143931?_skw=George+Lombard+Jr+signed+baseball+autograph&hash=item2988f0d5fb%3Ag%3AzNQAAeSwdJpqcxuW,LIVE,George Lombard Jr Signed Chrome 1st Bowman Yankees MLB Baseball,"{""preliminary_scope_status"":""DISCOVERY_SCOPE_PASS"",""query_family_ids"":[""signed-baseball.george-lombard-jr""]}",{},,ebay|smileysports|178391143931,https://i.ebayimg.com/images/g/zNQAAeSwdJpqcxuW/s-l225.jpg,,FALSE,FALSE,FALSE,,{},,,,CLAIMED_ONLY,NO,RAW,,,,Ungraded; seller/API claim only; front/back unverified.,UNKNOWN,"[""identity_and_images_unverified"",""authentication_certification_not_verified"",""raw_signature_must_not_be_called_authentic""]",99.99,,,,,,0,180,TRUE,,,,,,[],INSUFFICIENT,INSUFFICIENT,UNKNOWN,INSUFFICIENT,,,,,,,,,,,,,,,,,MANUAL REVIEW / UNPRICED,FALSE,FALSE,"[""exact_front_back_identity_not_verified"",""identical_completed_sales_not_persisted"",""delivered_acquisition_cost_incomplete"",""truely_collectables_owned_copy_exclusion_not_proven"",""signature_authentication_not_verified"",""provenance_not_verified""]","{""artifact_schema"":""TRUELY_COLLECTABLES_DEAL_HUNTER_ARTIFACT_V1"",""deployment"":{""commitSha"":null,""environment"":""production"",""region"":null},""discovery_family_ids"":[""signed-baseball.george-lombard-jr""],""gateway_endpoint"":""https://truelycollectables.com/api/tcos/deal-hunter-native-ebay?perQuery=20&scope=signed_baseballs"",""gateway_host"":""https://truelycollectables.com"",""gateway_scopes"":[""signed_baseballs""],""listing_item_id"":""178391143931"",""native_schema"":""TCOS_NATIVE_EBAY_FEED_V1"",""producer_commit_sha"":""07471ae49901220d13073aab604afbb0e223e855"",""producer_run_id"":""31970958336"",""source"":""truelycollectables.com/native-ebay"",""source_queries"":[""George Lombard Jr signed baseball autograph""],""token_mode"":""client_credentials""}"
cand-s14-ebay-e809a9002fa020e8fbe4,dh-20260731T184251Z-gha-recovery,14,2026-08-16T20:35:00.076Z,SIGNED BALL/signed_prospect_baseball,Josue De Paula,signed_prospect_baseball,eBay,sportsmemorabiliajunkie,,800462442549,https://www.ebay.com/itm/800462442549?_skw=Josue+De+Paula+signed+baseball+autograph&hash=itemba5f479035%3Ag%3APiYAAeSw46tqcnMn,LIVE,Josue De Paula Signed 2025 MLB Future's Game 16x20 Photo (Beckett Witness COA),"{""preliminary_scope_status"":""DISCOVERY_SCOPE_PASS"",""query_family_ids"":[""signed-baseball.josue-de-paula""]}",{},,ebay|sportsmemorabiliajunkie|800462442549,https://i.ebayimg.com/images/g/PiYAAeSw46tqcnMn/s-l225.jpg,,FALSE,FALSE,FALSE,,{},,,,CLAIMED_ONLY,NO,UNKNOWN,,,,Unknown; seller/API claim only; front/back unverified.,UNKNOWN,"[""identity_and_images_unverified"",""authentication_certification_not_verified"",""raw_signature_must_not_be_called_authentic""]",39.99,13.99,,,,,0,180,TRUE,,,,,,[],INSUFFICIENT,INSUFFICIENT,UNKNOWN,INSUFFICIENT,,,,,,,,,,,,,,,,,MANUAL REVIEW / UNPRICED,FALSE,FALSE,"[""exact_front_back_identity_not_verified"",""identical_completed_sales_not_persisted"",""delivered_acquisition_cost_incomplete"",""truely_collectables_owned_copy_exclusion_not_proven"",""signature_authentication_not_verified"",""provenance_not_verified""]","{""artifact_schema"":""TRUELY_COLLECTABLES_DEAL_HUNTER_ARTIFACT_V1"",""deployment"":{""commitSha"":null,""environment"":""production"",""region"":null},""discovery_family_ids"":[""signed-baseball.josue-de-paula""],""gateway_endpoint"":""https://truelycollectables.com/api/tcos/deal-hunter-native-ebay?perQuery=20&scope=signed_baseballs"",""gateway_host"":""https://truelycollectables.com"",""gateway_scopes"":[""signed_baseballs""],""listing_item_id"":""800462442549"",""native_schema"":""TCOS_NATIVE_EBAY_FEED_V1"",""producer_commit_sha"":""07471ae49901220d13073aab604afbb0e223e855"",""producer_run_id"":""31970958336"",""source"":""truelycollectables.com/native-ebay"",""source_queries"":[""Josue De Paula signed baseball autograph""],""token_mode"":""client_credentials""}"
cand-s14-ebay-da278607e7131552fbef,dh-20260731T184251Z-gha-recovery,14,2026-08-16T20:35:00.076Z,SIGNED BALL/signed_prospect_baseball,George Lombard Jr,signed_prospect_baseball,eBay,njsautographs,,366584742613,https://www.ebay.com/itm/366584742613?_skw=George+Lombard+Jr+signed+baseball+autograph&hash=item555a2742d5%3Ag%3ARvoAAeSw0VtqcWBW,LIVE,Yankees George Lombard Jr Signed Autographed Futures Game Ball MLB,"{""preliminary_scope_status"":""DISCOVERY_SCOPE_PASS"",""query_family_ids"":[""signed-baseball.george-lombard-jr""]}",{},,ebay|njsautographs|366584742613,https://i.ebayimg.com/images/g/RvoAAeSw0VtqcWBW/s-l225.jpg,,FALSE,FALSE,FALSE,,{},,,,CLAIMED_ONLY,NO,UNKNOWN,,,,Unknown; seller/API claim only; front/back unverified.,UNKNOWN,"[""identity_and_images_unverified"",""authentication_certification_not_verified"",""raw_signature_must_not_be_called_authentic""]",210,,,,,,0,180,TRUE,,,,,,[],INSUFFICIENT,INSUFFICIENT,UNKNOWN,INSUFFICIENT,,,,,,,,,,,,,,,,,MANUAL REVIEW / UNPRICED,FALSE,FALSE,"[""exact_front_back_identity_not_verified"",""identical_completed_sales_not_persisted"",""delivered_acquisition_cost_incomplete"",""truely_collectables_owned_copy_exclusion_not_proven"",""signature_authentication_not_verified"",""provenance_not_verified""]","{""artifact_schema"":""TRUELY_COLLECTABLES_DEAL_HUNTER_ARTIFACT_V1"",""deployment"":{""commitSha"":null,""environment"":""production"",""region"":null},""discovery_family_ids"":[""signed-baseball.george-lombard-jr""],""gateway_endpoint"":""https://truelycollectables.com/api/tcos/deal-hunter-native-ebay?perQuery=20&scope=signed_baseballs"",""gateway_host"":""https://truelycollectables.com"",""gateway_scopes"":[""signed_baseballs""],""listing_item_id"":""366584742613"",""native_schema"":""TCOS_NATIVE_EBAY_FEED_V1"",""producer_commit_sha"":""07471ae49901220d13073aab604afbb0e223e855"",""producer_run_id"":""31970958336"",""source"":""truelycollectables.com/native-ebay"",""source_queries"":[""George Lombard Jr signed baseball autograph""],""token_mode"":""client_credentials""}"
cand-s14-ebay-47a83294313411728136,dh-20260731T184251Z-gha-recovery,14,2026-08-16T20:35:00.076Z,SIGNED BALL/signed_prospect_baseball,George Lombard Jr,signed_prospect_baseball,eBay,njsautographs,,366584741476,https://www.ebay.com/itm/366584741476?_skw=George+Lombard+Jr+signed+baseball+autograph&hash=item555a273e64%3Ag%3AqX8AAeSwQ7dqcWAY,LIVE,Yankees George Lombard Jr Signed Baseball Autographed Full Name RARE,"{""preliminary_scope_status"":""DISCOVERY_SCOPE_PASS"",""query_family_ids"":[""signed-baseball.george-lombard-jr""]}",{},,ebay|njsautographs|366584741476,https://i.ebayimg.com/images/g/qX8AAeSwQ7dqcWAY/s-l225.jpg,,FALSE,FALSE,FALSE,,{},,,,CLAIMED_ONLY,NO,UNKNOWN,,,,Unknown; seller/API claim only; front/back unverified.,UNKNOWN,"[""identity_and_images_unverified"",""authentication_certification_not_verified"",""raw_signature_must_not_be_called_authentic""]",299.99,,,,,,0,180,TRUE,,,,,,[],INSUFFICIENT,INSUFFICIENT,UNKNOWN,INSUFFICIENT,,,,,,,,,,,,,,,,,MANUAL REVIEW / UNPRICED,FALSE,FALSE,"[""exact_front_back_identity_not_verified"",""identical_completed_sales_not_persisted"",""delivered_acquisition_cost_incomplete"",""truely_collectables_owned_copy_exclusion_not_proven"",""signature_authentication_not_verified"",""provenance_not_verified""]","{""artifact_schema"":""TRUELY_COLLECTABLES_DEAL_HUNTER_ARTIFACT_V1"",""deployment"":{""commitSha"":null,""environment"":""production"",""region"":null},""discovery_family_ids"":[""signed-baseball.george-lombard-jr""],""gateway_endpoint"":""https://truelycollectables.com/api/tcos/deal-hunter-native-ebay?perQuery=20&scope=signed_baseballs"",""gateway_host"":""https://truelycollectables.com"",""gateway_scopes"":[""signed_baseballs""],""listing_item_id"":""366584741476"",""native_schema"":""TCOS_NATIVE_EBAY_FEED_V1"",""producer_commit_sha"":""07471ae49901220d13073aab604afbb0e223e855"",""producer_run_id"":""31970958336"",""source"":""truelycollectables.com/native-ebay"",""source_queries"":[""George Lombard Jr signed baseball autograph""],""token_mode"":""client_credentials""}"
cand-s14-ebay-9ce94c1f0e9f7d9bf68c,dh-20260731T184251Z-gha-recovery,14,2026-08-16T20:35:00.076Z,SIGNED BALL/signed_prospect_baseball,Franklin Arias,signed_prospect_baseball,eBay,fitgcollectibles,,318669283057,https://www.ebay.com/itm/318669283057?_skw=Franklin+Arias+signed+baseball+autograph&hash=item4a322b5ef1%3Ag%3ACHcAAeSw9ZVqb8xO,LIVE,Franklin Arias Signed Baseball Boston Red Sox Autographed Auto Prova,"{""preliminary_scope_status"":""DISCOVERY_SCOPE_PASS"",""query_family_ids"":[""signed-baseball.franklin-arias""]}",{},,ebay|fitgcollectibles|318669283057,https://i.ebayimg.com/images/g/CHcAAeSw9ZVqb8xO/s-l225.jpg,,FALSE,FALSE,FALSE,,{},,,,CLAIMED_ONLY,NO,UNKNOWN,,,,Unknown; seller/API claim only; front/back unverified.,UNKNOWN,"[""identity_and_images_unverified"",""authentication_certification_not_verified"",""raw_signature_must_not_be_called_authentic""]",79,9,,,,,0,180,TRUE,,,,,,[],INSUFFICIENT,INSUFFICIENT,UNKNOWN,INSUFFICIENT,,,,,,,,,,,,,,,,,MANUAL REVIEW / UNPRICED,FALSE,FALSE,"[""exact_front_back_identity_not_verified"",""identical_completed_sales_not_persisted"",""delivered_acquisition_cost_incomplete"",""truely_collectables_owned_copy_exclusion_not_proven"",""signature_authentication_not_verified"",""provenance_not_verified""]","{""artifact_schema"":""TRUELY_COLLECTABLES_DEAL_HUNTER_ARTIFACT_V1"",""deployment"":{""commitSha"":null,""environment"":""production"",""region"":null},""discovery_family_ids"":[""signed-baseball.franklin-arias""],""gateway_endpoint"":""https://truelycollectables.com/api/tcos/deal-hunter-native-ebay?perQuery=20&scope=signed_baseballs"",""gateway_host"":""https://truelycollectables.com"",""gateway_scopes"":[""signed_baseballs""],""listing_item_id"":""318669283057"",""native_schema"":""TCOS_NATIVE_EBAY_FEED_V1"",""producer_commit_sha"":""07471ae49901220d13073aab604afbb0e223e855"",""producer_run_id"":""31970958336"",""source"":""truelycollectables.com/native-ebay"",""source_queries"":[""Franklin Arias signed baseball autograph""],""token_mode"":""client_credentials""}"
cand-s14-ebay-27e5b5c568d404433b7d,dh-20260731T184251Z-gha-recovery,14,2026-08-16T20:35:00.076Z,SIGNED BALL/signed_prospect_baseball,Leo De Vries,signed_prospect_baseball,eBay,cardtrader_91,,377384252397,https://www.ebay.com/itm/377384252397?_skw=Leo+De+Vries+signed+baseball+autograph&hash=item57dddab3ed%3Ag%3AlPIAAeSwAxtp949b,LIVE,LEO DE VRIES Auto Autographed Signed Major League Baseball OMLB  BECKETT CERT,"{""preliminary_scope_status"":""DISCOVERY_SCOPE_PASS"",""query_family_ids"":[""signed-baseball.leo-de-vries""]}",{},,ebay|cardtrader-91|377384252397,https://i.ebayimg.com/images/g/lPIAAeSwAxtp949b/s-l225.jpg,,FALSE,FALSE,FALSE,,{},,,,CLAIMED_ONLY,NO,UNKNOWN,,,,Unknown; seller/API claim only; front/back unverified.,UNKNOWN,"[""identity_and_images_unverified"",""authentication_certification_not_verified"",""raw_signature_must_not_be_called_authentic""]",64.99,0,,,,,0,180,TRUE,,,,,,[],INSUFFICIENT,INSUFFICIENT,UNKNOWN,INSUFFICIENT,,,,,,,,,,,,,,,,,MANUAL REVIEW / UNPRICED,FALSE,FALSE,"[""exact_front_back_identity_not_verified"",""identical_completed_sales_not_persisted"",""delivered_acquisition_cost_incomplete"",""truely_collectables_owned_copy_exclusion_not_proven"",""signature_authentication_not_verified"",""provenance_not_verified""]","{""artifact_schema"":""TRUELY_COLLECTABLES_DEAL_HUNTER_ARTIFACT_V1"",""deployment"":{""commitSha"":null,""environment"":""production"",""region"":null},""discovery_family_ids"":[""signed-baseball.leo-de-vries""],""gateway_endpoint"":""https://truelycollectables.com/api/tcos/deal-hunter-native-ebay?perQuery=20&scope=signed_baseballs"",""gateway_host"":""https://truelycollectables.com"",""gateway_scopes"":[""signed_baseballs""],""listing_item_id"":""377384252397"",""native_schema"":""TCOS_NATIVE_EBAY_FEED_V1"",""producer_commit_sha"":""07471ae49901220d13073aab604afbb0e223e855"",""producer_run_id"":""31970958336"",""source"":""truelycollectables.com/native-ebay"",""source_queries"":[""Leo De Vries signed baseball autograph""],""token_mode"":""client_credentials""}"
cand-s14-ebay-140dd37a68d075b5ae80,dh-20260731T184251Z-gha-recovery,14,2026-08-16T20:35:00.076Z,SIGNED BALL/signed_prospect_baseball,Leo De Vries,signed_prospect_baseball,eBay,fitgcollectibles,,318639980452,https://www.ebay.com/itm/318639980452?_skw=Leo+De+Vries+signed+baseball+autograph&hash=item4a306c3fa4%3Ag%3AwZEAAeSwan9qZtvV,LIVE,Leo De Vries Signed Official Rawlings MLB Baseball Auto MLB Authentic Athletics,"{""preliminary_scope_status"":""DISCOVERY_SCOPE_PASS"",""query_family_ids"":[""signed-baseball.leo-de-vries""]}",{},,ebay|fitgcollectibles|318639980452,https://i.ebayimg.com/images/g/wZEAAeSwan9qZtvV/s-l225.jpg,,FALSE,FALSE,FALSE,,{},,,,CLAIMED_ONLY,NO,UNKNOWN,,,,Unknown; seller/API claim only; front/back unverified.,UNKNOWN,"[""identity_and_images_unverified"",""authentication_certification_not_verified"",""raw_signature_must_not_be_called_authentic""]",125,10,,,,,0,180,TRUE,,,,,,[],INSUFFICIENT,INSUFFICIENT,UNKNOWN,INSUFFICIENT,,,,,,,,,,,,,,,,,MANUAL REVIEW / UNPRICED,FALSE,FALSE,"[""exact_front_back_identity_not_verified"",""identical_completed_sales_not_persisted"",""delivered_acquisition_cost_incomplete"",""truely_collectables_owned_copy_exclusion_not_proven"",""signature_authentication_not_verified"",""provenance_not_verified""]","{""artifact_schema"":""TRUELY_COLLECTABLES_DEAL_HUNTER_ARTIFACT_V1"",""deployment"":{""commitSha"":null,""environment"":""production"",""region"":null},""discovery_family_ids"":[""signed-baseball.leo-de-vries""],""gateway_endpoint"":""https://truelycollectables.com/api/tcos/deal-hunter-native-ebay?perQuery=20&scope=signed_baseballs"",""gateway_host"":""https://truelycollectables.com"",""gateway_scopes"":[""signed_baseballs""],""listing_item_id"":""318639980452"",""native_schema"":""TCOS_NATIVE_EBAY_FEED_V1"",""producer_commit_sha"":""07471ae49901220d13073aab604afbb0e223e855"",""producer_run_id"":""31970958336"",""source"":""truelycollectables.com/native-ebay"",""source_queries"":[""Leo De Vries signed baseball autograph""],""token_mode"":""client_credentials""}"
cand-s14-ebay-408444530f4d400b1d2f,dh-20260731T184251Z-gha-recovery,14,2026-08-16T20:35:00.076Z,SIGNED BALL/signed_prospect_baseball,Josue De Paula,signed_prospect_baseball,eBay,harri-libi,,137534905645,https://www.ebay.com/itm/137534905645?_skw=Josue+De+Paula+signed+baseball+autograph&hash=item2005b81d2d%3Ag%3AWpcAAeSwRTtqXt1g,LIVE,Josue De Paula Signed 2026 Futures Game Baseball Autograph Auto Dodgers PSA COA,"{""preliminary_scope_status"":""DISCOVERY_SCOPE_PASS"",""query_family_ids"":[""signed-baseball.josue-de-paula""]}",{},,ebay|harri-libi|137534905645,https://i.ebayimg.com/images/g/WpcAAeSwRTtqXt1g/s-l225.jpg,,FALSE,FALSE,FALSE,,{},,,,CLAIMED_ONLY,NO,UNKNOWN,,,,Unknown; seller/API claim only; front/back unverified.,UNKNOWN,"[""identity_and_images_unverified"",""authentication_certification_not_verified"",""raw_signature_must_not_be_called_authentic""]",224.99,,,,,,0,180,TRUE,,,,,,[],INSUFFICIENT,INSUFFICIENT,UNKNOWN,INSUFFICIENT,,,,,,,,,,,,,,,,,MANUAL REVIEW / UNPRICED,FALSE,FALSE,"[""exact_front_back_identity_not_verified"",""identical_completed_sales_not_persisted"",""delivered_acquisition_cost_incomplete"",""truely_collectables_owned_copy_exclusion_not_proven"",""signature_authentication_not_verified"",""provenance_not_verified""]","{""artifact_schema"":""TRUELY_COLLECTABLES_DEAL_HUNTER_ARTIFACT_V1"",""deployment"":{""commitSha"":null,""environment"":""production"",""region"":null},""discovery_family_ids"":[""signed-baseball.josue-de-paula""],""gateway_endpoint"":""https://truelycollectables.com/api/tcos/deal-hunter-native-ebay?perQuery=20&scope=signed_baseballs"",""gateway_host"":""https://truelycollectables.com"",""gateway_scopes"":[""signed_baseballs""],""listing_item_id"":""137534905645"",""native_schema"":""TCOS_NATIVE_EBAY_FEED_V1"",""producer_commit_sha"":""07471ae49901220d13073aab604afbb0e223e855"",""producer_run_id"":""31970958336"",""source"":""truelycollectables.com/native-ebay"",""source_queries"":[""Josue De Paula signed baseball autograph""],""token_mode"":""client_credentials""}"
cand-s14-ebay-5284ec987e721ca82fb9,dh-20260731T184251Z-gha-recovery,14,2026-08-16T20:35:00.076Z,SIGNED BALL/signed_prospect_baseball,Franklin Arias,signed_prospect_baseball,eBay,baltimoregraphs,,117313236908,https://www.ebay.com/itm/117313236908?_skw=Franklin+Arias+signed+baseball+autograph&hash=item1b5069efac%3Ag%3A1LkAAeSw%7E4xqLCmM,LIVE,Franklin Arias Signed Baseball Boston Red Sox Autographed Auto Prova,"{""preliminary_scope_status"":""DISCOVERY_SCOPE_PASS"",""query_family_ids"":[""signed-baseball.franklin-arias""]}",{},,ebay|baltimoregraphs|117313236908,https://i.ebayimg.com/images/g/1LkAAeSw~4xqLCmM/s-l225.jpg,,FALSE,FALSE,FALSE,,{},,,,CLAIMED_ONLY,NO,UNKNOWN,,,,Unknown; seller/API claim only; front/back unverified.,UNKNOWN,"[""identity_and_images_unverified"",""authentication_certification_not_verified"",""raw_signature_must_not_be_called_authentic""]",119.99,0,,,,,0,180,TRUE,,,,,,[],INSUFFICIENT,INSUFFICIENT,UNKNOWN,INSUFFICIENT,,,,,,,,,,,,,,,,,MANUAL REVIEW / UNPRICED,FALSE,FALSE,"[""exact_front_back_identity_not_verified"",""identical_completed_sales_not_persisted"",""delivered_acquisition_cost_incomplete"",""truely_collectables_owned_copy_exclusion_not_proven"",""signature_authentication_not_verified"",""provenance_not_verified""]","{""artifact_schema"":""TRUELY_COLLECTABLES_DEAL_HUNTER_ARTIFACT_V1"",""deployment"":{""commitSha"":null,""environment"":""production"",""region"":null},""discovery_family_ids"":[""signed-baseball.franklin-arias""],""gateway_endpoint"":""https://truelycollectables.com/api/tcos/deal-hunter-native-ebay?perQuery=20&scope=signed_baseballs"",""gateway_host"":""https://truelycollectables.com"",""gateway_scopes"":[""signed_baseballs""],""listing_item_id"":""117313236908"",""native_schema"":""TCOS_NATIVE_EBAY_FEED_V1"",""producer_commit_sha"":""07471ae49901220d13073aab604afbb0e223e855"",""producer_run_id"":""31970958336"",""source"":""truelycollectables.com/native-ebay"",""source_queries"":[""Franklin Arias signed baseball autograph""],""token_mode"":""client_credentials""}"
cand-s14-ebay-5fc78e4d82cbde967637,dh-20260731T184251Z-gha-recovery,14,2026-08-16T20:35:00.076Z,SIGNED BALL/signed_prospect_baseball,Leo De Vries,signed_prospect_baseball,eBay,baltimoregraphs,,117307974368,https://www.ebay.com/itm/117307974368?_skw=Leo+De+Vries+signed+baseball+autograph&hash=item1b5019a2e0%3Ag%3AK50AAeSw-zVqfju9,LIVE,Leo De Vries Signed Baseball Oakland Athletics Autographed Auto Futures Game JSA,"{""preliminary_scope_status"":""DISCOVERY_SCOPE_PASS"",""query_family_ids"":[""signed-baseball.leo-de-vries""]}",{},,ebay|baltimoregraphs|117307974368,https://i.ebayimg.com/images/g/K50AAeSw-zVqfju9/s-l225.jpg,,FALSE,FALSE,FALSE,,{},,,,CLAIMED_ONLY,NO,UNKNOWN,,,,Unknown; seller/API claim only; front/back unverified.,UNKNOWN,"[""identity_and_images_unverified"",""authentication_certification_not_verified"",""raw_signature_must_not_be_called_authentic""]",149.99,0,,,,,0,180,TRUE,,,,,,[],INSUFFICIENT,INSUFFICIENT,UNKNOWN,INSUFFICIENT,,,,,,,,,,,,,,,,,MANUAL REVIEW / UNPRICED,FALSE,FALSE,"[""exact_front_back_identity_not_verified"",""identical_completed_sales_not_persisted"",""delivered_acquisition_cost_incomplete"",""truely_collectables_owned_copy_exclusion_not_proven"",""signature_authentication_not_verified"",""provenance_not_verified""]","{""artifact_schema"":""TRUELY_COLLECTABLES_DEAL_HUNTER_ARTIFACT_V1"",""deployment"":{""commitSha"":null,""environment"":""production"",""region"":null},""discovery_family_ids"":[""signed-baseball.leo-de-vries""],""gateway_endpoint"":""https://truelycollectables.com/api/tcos/deal-hunter-native-ebay?perQuery=20&scope=signed_baseballs"",""gateway_host"":""https://truelycollectables.com"",""gateway_scopes"":[""signed_baseballs""],""listing_item_id"":""117307974368"",""native_schema"":""TCOS_NATIVE_EBAY_FEED_V1"",""producer_commit_sha"":""07471ae49901220d13073aab604afbb0e223e855"",""producer_run_id"":""31970958336"",""source"":""truelycollectables.com/native-ebay"",""source_queries"":[""Leo De Vries signed baseball autograph""],""token_mode"":""client_credentials""}"
cand-s14-ebay-c63b63717b9085b66206,dh-20260731T184251Z-gha-recovery,14,2026-08-16T20:35:00.076Z,SIGNED BALL/signed_prospect_baseball,Leo De Vries,signed_prospect_baseball,eBay,jkpecollectibles,,178317200133,https://www.ebay.com/itm/178317200133?_skw=Leo+De+Vries+signed+baseball+autograph&hash=item2984888b05%3Ag%3AdNoAAeSwxhdqWWOs,LIVE,LEO DE VRIES SIGNED BASEBALL ATHLETICS 2025 MLB FUTURES GAME AUTOGRAPH AUTO A'S,"{""preliminary_scope_status"":""DISCOVERY_SCOPE_PASS"",""query_family_ids"":[""signed-baseball.leo-de-vries""]}",{},,ebay|jkpecollectibles|178317200133,https://i.ebayimg.com/images/g/dNoAAeSwxhdqWWOs/s-l225.jpg,,FALSE,FALSE,FALSE,,{},,,,CLAIMED_ONLY,NO,UNKNOWN,,,,Unknown; seller/API claim only; front/back unverified.,UNKNOWN,"[""identity_and_images_unverified"",""authentication_certification_not_verified"",""raw_signature_must_not_be_called_authentic""]",139.99,0,,,,,0,180,TRUE,,,,,,[],INSUFFICIENT,INSUFFICIENT,UNKNOWN,INSUFFICIENT,,,,,,,,,,,,,,,,,MANUAL REVIEW / UNPRICED,FALSE,FALSE,"[""exact_front_back_identity_not_verified"",""identical_completed_sales_not_persisted"",""delivered_acquisition_cost_incomplete"",""truely_collectables_owned_copy_exclusion_not_proven"",""signature_authentication_not_verified"",""provenance_not_verified""]","{""artifact_schema"":""TRUELY_COLLECTABLES_DEAL_HUNTER_ARTIFACT_V1"",""deployment"":{""commitSha"":null,""environment"":""production"",""region"":null},""discovery_family_ids"":[""signed-baseball.leo-de-vries""],""gateway_endpoint"":""https://truelycollectables.com/api/tcos/deal-hunter-native-ebay?perQuery=20&scope=signed_baseballs"",""gateway_host"":""https://truelycollectables.com"",""gateway_scopes"":[""signed_baseballs""],""listing_item_id"":""178317200133"",""native_schema"":""TCOS_NATIVE_EBAY_FEED_V1"",""producer_commit_sha"":""07471ae49901220d13073aab604afbb0e223e855"",""producer_run_id"":""31970958336"",""source"":""truelycollectables.com/native-ebay"",""source_queries"":[""Leo De Vries signed baseball autograph""],""token_mode"":""client_credentials""}"
cand-s14-ebay-966469f73a196bbc02de,dh-20260731T184251Z-gha-recovery,14,2026-08-16T20:35:00.076Z,SIGNED BALL/signed_prospect_baseball,Franklin Arias,signed_prospect_baseball,eBay,jkpecollectibles,,178316993272,https://www.ebay.com/itm/178316993272?_skw=Franklin+Arias+signed+baseball+autograph&hash=item29848562f8%3Ag%3A73sAAeSwMndqWUh%7E,LIVE,FRANKLIN ARIAS SIGNED 2026 MLB FUTURES GAME ALL STAR BASEBALL RED SOX AUTOGRAPH,"{""preliminary_scope_status"":""DISCOVERY_SCOPE_PASS"",""query_family_ids"":[""signed-baseball.franklin-arias""]}",{},,ebay|jkpecollectibles|178316993272,https://i.ebayimg.com/images/g/73sAAeSwMndqWUh~/s-l225.jpg,,FALSE,FALSE,FALSE,,{},,,,CLAIMED_ONLY,NO,UNKNOWN,,,,Unknown; seller/API claim only; front/back unverified.,UNKNOWN,"[""identity_and_images_unverified"",""authentication_certification_not_verified"",""raw_signature_must_not_be_called_authentic""]",99.99,0,,,,,0,180,TRUE,,,,,,[],INSUFFICIENT,INSUFFICIENT,UNKNOWN,INSUFFICIENT,,,,,,,,,,,,,,,,,MANUAL REVIEW / UNPRICED,FALSE,FALSE,"[""exact_front_back_identity_not_verified"",""identical_completed_sales_not_persisted"",""delivered_acquisition_cost_incomplete"",""truely_collectables_owned_copy_exclusion_not_proven"",""signature_authentication_not_verified"",""provenance_not_verified""]","{""artifact_schema"":""TRUELY_COLLECTABLES_DEAL_HUNTER_ARTIFACT_V1"",""deployment"":{""commitSha"":null,""environment"":""production"",""region"":null},""discovery_family_ids"":[""signed-baseball.franklin-arias""],""gateway_endpoint"":""https://truelycollectables.com/api/tcos/deal-hunter-native-ebay?perQuery=20&scope=signed_baseballs"",""gateway_host"":""https://truelycollectables.com"",""gateway_scopes"":[""signed_baseballs""],""listing_item_id"":""178316993272"",""native_schema"":""TCOS_NATIVE_EBAY_FEED_V1"",""producer_commit_sha"":""07471ae49901220d13073aab604afbb0e223e855"",""producer_run_id"":""31970958336"",""source"":""truelycollectables.com/native-ebay"",""source_queries"":[""Franklin Arias signed baseball autograph""],""token_mode"":""client_credentials""}"
cand-s14-ebay-4659d4287c9c56fe36a3,dh-20260731T184251Z-gha-recovery,14,2026-08-16T20:35:00.076Z,SIGNED BALL/signed_prospect_baseball,Josue De Paula,signed_prospect_baseball,eBay,jkpecollectibles,,178316722926,https://www.ebay.com/itm/178316722926?_skw=Josue+De+Paula+signed+baseball+autograph&hash=item29848142ee%3Ag%3A8BgAAeSwIoZqWSp8&amdata=enc%3AAQALAAABAACCtXRWQnOEpyOqnQQ8KGbqG9NnarLukA1F3B%2BlqfTQtUT7iyzMnfGVjltqko0bS%2B9QacawbdEJ32hxaRY4FSli%2Brk4XT7szb8pGKvPBYkmGEIGY3HkOhbxCJthqDF4XOBQONthigQdq08mODxwlRYeuQeLzcYSP9UVuGUXb8el86mJEZGnyxTmty5%2F0rvXRIwq9uDCkPji07293KqsxWMUcNGdzBPg4jON9vSdkSfxgDKGBVN9PYZJCtWVpdXF1y9EnCLxKmttYrxrfKtfUNPOfsPK1HuTi5LTzRqiFekT%2FRtDTDLGhx8oKeaa3Lc0ZieYudUulipyilJLkLChKfo%3D,LIVE,JOSUE DE PAULA SIGNED 2026 MLB FUTURES BASEBALL LOS ANGELES DODGERS AUTOGRAPH LA,"{""preliminary_scope_status"":""DISCOVERY_SCOPE_PASS"",""query_family_ids"":[""signed-baseball.josue-de-paula""]}",{},,ebay|jkpecollectibles|178316722926,https://i.ebayimg.com/images/g/8BgAAeSwIoZqWSp8/s-l225.jpg,,FALSE,FALSE,FALSE,,{},,,,CLAIMED_ONLY,NO,UNKNOWN,,,,Unknown; seller/API claim only; front/back unverified.,UNKNOWN,"[""identity_and_images_unverified"",""authentication_certification_not_verified"",""raw_signature_must_not_be_called_authentic""]",149.99,0,,,,,0,180,TRUE,,,,,,[],INSUFFICIENT,INSUFFICIENT,UNKNOWN,INSUFFICIENT,,,,,,,,,,,,,,,,,MANUAL REVIEW / UNPRICED,FALSE,FALSE,"[""exact_front_back_identity_not_verified"",""identical_completed_sales_not_persisted"",""delivered_acquisition_cost_incomplete"",""truely_collectables_owned_copy_exclusion_not_proven"",""signature_authentication_not_verified"",""provenance_not_verified""]","{""artifact_schema"":""TRUELY_COLLECTABLES_DEAL_HUNTER_ARTIFACT_V1"",""deployment"":{""commitSha"":null,""environment"":""production"",""region"":null},""discovery_family_ids"":[""signed-baseball.josue-de-paula""],""gateway_endpoint"":""https://truelycollectables.com/api/tcos/deal-hunter-native-ebay?perQuery=20&scope=signed_baseballs"",""gateway_host"":""https://truelycollectables.com"",""gateway_scopes"":[""signed_baseballs""],""listing_item_id"":""178316722926"",""native_schema"":""TCOS_NATIVE_EBAY_FEED_V1"",""producer_commit_sha"":""07471ae49901220d13073aab604afbb0e223e855"",""producer_run_id"":""31970958336"",""source"":""truelycollectables.com/native-ebay"",""source_queries"":[""Josue De Paula signed baseball autograph""],""token_mode"":""client_credentials""}"
cand-s14-ebay-1c8b39cedb87ed21e9c6,dh-20260731T184251Z-gha-recovery,14,2026-08-16T20:35:00.076Z,SIGNED BALL/signed_prospect_baseball,Josue De Paula,signed_prospect_baseball,eBay,baltimoregraphs,,117302551163,https://www.ebay.com/itm/117302551163?_skw=Josue+De+Paula+signed+baseball+autograph&hash=item1b4fc6e27b%3Ag%3AdZcAAeSwFU5qf4d6,LIVE,Josue De Paula Signed Baseball Los Angeles Dodgers Autograph Auto Futures JSA,"{""preliminary_scope_status"":""DISCOVERY_SCOPE_PASS"",""query_family_ids"":[""signed-baseball.josue-de-paula""]}",{},,ebay|baltimoregraphs|117302551163,https://i.ebayimg.com/images/g/dZcAAeSwFU5qf4d6/s-l225.jpg,,FALSE,FALSE,FALSE,,{},,,,CLAIMED_ONLY,NO,UNKNOWN,,,,Unknown; seller/API claim only; front/back unverified.,UNKNOWN,"[""identity_and_images_unverified"",""authentication_certification_not_verified"",""raw_signature_must_not_be_called_authentic""]",149.99,0,,,,,0,180,TRUE,,,,,,[],INSUFFICIENT,INSUFFICIENT,UNKNOWN,INSUFFICIENT,,,,,,,,,,,,,,,,,MANUAL REVIEW / UNPRICED,FALSE,FALSE,"[""exact_front_back_identity_not_verified"",""identical_completed_sales_not_persisted"",""delivered_acquisition_cost_incomplete"",""truely_collectables_owned_copy_exclusion_not_proven"",""signature_authentication_not_verified"",""provenance_not_verified""]","{""artifact_schema"":""TRUELY_COLLECTABLES_DEAL_HUNTER_ARTIFACT_V1"",""deployment"":{""commitSha"":null,""environment"":""production"",""region"":null},""discovery_family_ids"":[""signed-baseball.josue-de-paula""],""gateway_endpoint"":""https://truelycollectables.com/api/tcos/deal-hunter-native-ebay?perQuery=20&scope=signed_baseballs"",""gateway_host"":""https://truelycollectables.com"",""gateway_scopes"":[""signed_baseballs""],""listing_item_id"":""117302551163"",""native_schema"":""TCOS_NATIVE_EBAY_FEED_V1"",""producer_commit_sha"":""07471ae49901220d13073aab604afbb0e223e855"",""producer_run_id"":""31970958336"",""source"":""truelycollectables.com/native-ebay"",""source_queries"":[""Josue De Paula signed baseball autograph""],""token_mode"":""client_credentials""}"
cand-s14-ebay-242e61668a0859930c3d,dh-20260731T184251Z-gha-recovery,14,2026-08-16T20:35:00.076Z,SIGNED BALL/signed_prospect_baseball,Leo De Vries,signed_prospect_baseball,eBay,baltimoregraphs,,117302549193,https://www.ebay.com/itm/117302549193?_skw=Leo+De+Vries+signed+baseball+autograph&hash=item1b4fc6dac9%3Ag%3AYVoAAeSwPpdqVs1Q&amdata=enc%3AAQALAAABAACCtXRWQnOEpyOqnQQ8KGa%2FJMfdKLiaTQ0rk%2B9OWnDJOQ%2BGNJgOdUdS4PvCWM%2FTssbgkFkuBRz6lGsTfeaCORwuxrkI7em%2BTrGHG%2F9Enlx%2BHQMtt6FI5mUV3LVMp4LU%2Fs1buiZncIBxrmSZJ3vFBEkXrvsIzCUQHwQtwl0soSiQRCwUsNBIigx98VM9xeVPtZqqQrh0Q7Pg%2BmwXoYPWT143vASfHS5NMt66Ji7jA5I6MF1ORaBtEuGnr24TKt4j5LyExmqOfe%2BvyHHIEn4LpMpAbIsVSj8wimWFAcOCWIVK02BTPKvcoq7abS%2BsAb1LEM%2BcP3Hek1tIiPJE6dlvdUA%3D,LIVE,Leo De Vries Signed Baseball Oakland Athletics Autographed Auto Futures Game ,"{""preliminary_scope_status"":""DISCOVERY_SCOPE_PASS"",""query_family_ids"":[""signed-baseball.leo-de-vries""]}",{},,ebay|baltimoregraphs|117302549193,https://i.ebayimg.com/images/g/YVoAAeSwPpdqVs1Q/s-l225.jpg,,FALSE,FALSE,FALSE,,{},,,,CLAIMED_ONLY,NO,UNKNOWN,,,,Unknown; seller/API claim only; front/back unverified.,UNKNOWN,"[""identity_and_images_unverified"",""authentication_certification_not_verified"",""raw_signature_must_not_be_called_authentic""]",149.99,0,,,,,0,180,TRUE,,,,,,[],INSUFFICIENT,INSUFFICIENT,UNKNOWN,INSUFFICIENT,,,,,,,,,,,,,,,,,MANUAL REVIEW / UNPRICED,FALSE,FALSE,"[""exact_front_back_identity_not_verified"",""identical_completed_sales_not_persisted"",""delivered_acquisition_cost_incomplete"",""truely_collectables_owned_copy_exclusion_not_proven"",""signature_authentication_not_verified"",""provenance_not_verified""]","{""artifact_schema"":""TRUELY_COLLECTABLES_DEAL_HUNTER_ARTIFACT_V1"",""deployment"":{""commitSha"":null,""environment"":""production"",""region"":null},""discovery_family_ids"":[""signed-baseball.leo-de-vries""],""gateway_endpoint"":""https://truelycollectables.com/api/tcos/deal-hunter-native-ebay?perQuery=20&scope=signed_baseballs"",""gateway_host"":""https://truelycollectables.com"",""gateway_scopes"":[""signed_baseballs""],""listing_item_id"":""117302549193"",""native_schema"":""TCOS_NATIVE_EBAY_FEED_V1"",""producer_commit_sha"":""07471ae49901220d13073aab604afbb0e223e855"",""producer_run_id"":""31970958336"",""source"":""truelycollectables.com/native-ebay"",""source_queries"":[""Leo De Vries signed baseball autograph""],""token_mode"":""client_credentials""}"
cand-s14-ebay-58e98642b1c37e811bb3,dh-20260731T184251Z-gha-recovery,14,2026-08-16T20:35:00.076Z,SIGNED BALL/signed_prospect_baseball,Jesus Made,signed_prospect_baseball,eBay,dmv.graphs,,327258830276,https://www.ebay.com/itm/327258830276?_skw=Jesus+Made+signed+baseball+autograph&hash=item4c322575c4%3Ag%3A9CgAAeSw3mlqVHC2,LIVE,Jesus Made Signed Autographed Black Rawlings Baseball Brewers Top Prospect,"{""preliminary_scope_status"":""DISCOVERY_SCOPE_PASS"",""query_family_ids"":[""signed-baseball.jesus-made""]}",{},,ebay|dmv-graphs|327258830276,https://i.ebayimg.com/images/g/9CgAAeSw3mlqVHC2/s-l225.jpg,,FALSE,FALSE,FALSE,,{},,,,CLAIMED_ONLY,NO,UNKNOWN,,,,Unknown; seller/API claim only; front/back unverified.,UNKNOWN,"[""identity_and_images_unverified"",""authentication_certification_not_verified"",""raw_signature_must_not_be_called_authentic""]",119.99,,,,,,0,180,TRUE,,,,,,[],INSUFFICIENT,INSUFFICIENT,UNKNOWN,INSUFFICIENT,,,,,,,,,,,,,,,,,MANUAL REVIEW / UNPRICED,FALSE,FALSE,"[""exact_front_back_identity_not_verified"",""identical_completed_sales_not_persisted"",""delivered_acquisition_cost_incomplete"",""truely_collectables_owned_copy_exclusion_not_proven"",""signature_authentication_not_verified"",""provenance_not_verified""]","{""artifact_schema"":""TRUELY_COLLECTABLES_DEAL_HUNTER_ARTIFACT_V1"",""deployment"":{""commitSha"":null,""environment"":""production"",""region"":null},""discovery_family_ids"":[""signed-baseball.jesus-made""],""gateway_endpoint"":""https://truelycollectables.com/api/tcos/deal-hunter-native-ebay?perQuery=20&scope=signed_baseballs"",""gateway_host"":""https://truelycollectables.com"",""gateway_scopes"":[""signed_baseballs""],""listing_item_id"":""327258830276"",""native_schema"":""TCOS_NATIVE_EBAY_FEED_V1"",""producer_commit_sha"":""07471ae49901220d13073aab604afbb0e223e855"",""producer_run_id"":""31970958336"",""source"":""truelycollectables.com/native-ebay"",""source_queries"":[""Jesus Made signed baseball autograph""],""token_mode"":""client_credentials""}"
cand-s14-ebay-37e3759759595581cfed,dh-20260731T184251Z-gha-recovery,14,2026-08-16T20:35:00.076Z,SIGNED BALL/signed_prospect_baseball,Jesus Made,signed_prospect_baseball,eBay,mpoday,,267721628335,https://www.ebay.com/itm/267721628335?_skw=Jesus+Made+signed+baseball+autograph&hash=item3e5573daaf%3Ag%3ApVQAAeSwts9qTr%7EE,LIVE,JESUS MADE Brewers Full Name Signed Baseball Ball ROMLB Autographed Auto *JSA*,"{""preliminary_scope_status"":""DISCOVERY_SCOPE_PASS"",""query_family_ids"":[""signed-baseball.jesus-made""]}",{},,ebay|mpoday|267721628335,https://i.ebayimg.com/images/g/pVQAAeSwts9qTr~E/s-l225.jpg,,FALSE,FALSE,FALSE,,{},,,,CLAIMED_ONLY,NO,UNKNOWN,,,,Unknown; seller/API claim only; front/back unverified.,UNKNOWN,"[""identity_and_images_unverified"",""authentication_certification_not_verified"",""raw_signature_must_not_be_called_authentic""]",185,12.75,,,,,0,180,TRUE,,,,,,[],INSUFFICIENT,INSUFFICIENT,UNKNOWN,INSUFFICIENT,,,,,,,,,,,,,,,,,MANUAL REVIEW / UNPRICED,FALSE,FALSE,"[""exact_front_back_identity_not_verified"",""identical_completed_sales_not_persisted"",""delivered_acquisition_cost_incomplete"",""truely_collectables_owned_copy_exclusion_not_proven"",""signature_authentication_not_verified"",""provenance_not_verified""]","{""artifact_schema"":""TRUELY_COLLECTABLES_DEAL_HUNTER_ARTIFACT_V1"",""deployment"":{""commitSha"":null,""environment"":""production"",""region"":null},""discovery_family_ids"":[""signed-baseball.jesus-made""],""gateway_endpoint"":""https://truelycollectables.com/api/tcos/deal-hunter-native-ebay?perQuery=20&scope=signed_baseballs"",""gateway_host"":""https://truelycollectables.com"",""gateway_scopes"":[""signed_baseballs""],""listing_item_id"":""267721628335"",""native_schema"":""TCOS_NATIVE_EBAY_FEED_V1"",""producer_commit_sha"":""07471ae49901220d13073aab604afbb0e223e855"",""producer_run_id"":""31970958336"",""source"":""truelycollectables.com/native-ebay"",""source_queries"":[""Jesus Made signed baseball autograph""],""token_mode"":""client_credentials""}"
cand-s14-ebay-fecc6e0b1541bb1b2bc2,dh-20260731T184251Z-gha-recovery,14,2026-08-16T20:35:00.076Z,SIGNED BALL/signed_prospect_baseball,Jesus Made,signed_prospect_baseball,eBay,thesigsite,,137465791843,https://www.ebay.com/itm/137465791843?_skw=Jesus+Made+signed+baseball+autograph&hash=item2001998563%3Ag%3AiQUAAeSw%7EUhqQwSy,LIVE,Jesus Made Signed Milwaukee Brewers 11x14 Photo Autograph JSA,"{""preliminary_scope_status"":""DISCOVERY_SCOPE_PASS"",""query_family_ids"":[""signed-baseball.jesus-made""]}",{},,ebay|thesigsite|137465791843,https://i.ebayimg.com/images/g/iQUAAeSw~UhqQwSy/s-l225.jpg,,FALSE,FALSE,FALSE,,{},,,,CLAIMED_ONLY,NO,UNKNOWN,,,,Unknown; seller/API claim only; front/back unverified.,UNKNOWN,"[""identity_and_images_unverified"",""authentication_certification_not_verified"",""raw_signature_must_not_be_called_authentic""]",179,,,,,,0,180,TRUE,,,,,,[],INSUFFICIENT,INSUFFICIENT,UNKNOWN,INSUFFICIENT,,,,,,,,,,,,,,,,,MANUAL REVIEW / UNPRICED,FALSE,FALSE,"[""exact_front_back_identity_not_verified"",""identical_completed_sales_not_persisted"",""delivered_acquisition_cost_incomplete"",""truely_collectables_owned_copy_exclusion_not_proven"",""signature_authentication_not_verified"",""provenance_not_verified""]","{""artifact_schema"":""TRUELY_COLLECTABLES_DEAL_HUNTER_ARTIFACT_V1"",""deployment"":{""commitSha"":null,""environment"":""production"",""region"":null},""discovery_family_ids"":[""signed-baseball.jesus-made""],""gateway_endpoint"":""https://truelycollectables.com/api/tcos/deal-hunter-native-ebay?perQuery=20&scope=signed_baseballs"",""gateway_host"":""https://truelycollectables.com"",""gateway_scopes"":[""signed_baseballs""],""listing_item_id"":""137465791843"",""native_schema"":""TCOS_NATIVE_EBAY_FEED_V1"",""producer_commit_sha"":""07471ae49901220d13073aab604afbb0e223e855"",""producer_run_id"":""31970958336"",""source"":""truelycollectables.com/native-ebay"",""source_queries"":[""Jesus Made signed baseball autograph""],""token_mode"":""client_credentials""}"
cand-s14-ebay-cc11cba988f199960686,dh-20260731T184251Z-gha-recovery,14,2026-08-16T20:35:00.076Z,SIGNED BALL/signed_prospect_baseball,Franklin Arias,signed_prospect_baseball,eBay,baltimoregraphs,,117245414152,https://www.ebay.com/itm/117245414152?_skw=Franklin+Arias+signed+baseball+autograph&hash=item1b4c5f0b08%3Ag%3A-a8AAeSwbyJqLCm7,LIVE,Franklin Arias Signed Baseball Boston Red Sox Autographed Auto Prova,"{""preliminary_scope_status"":""DISCOVERY_SCOPE_PASS"",""query_family_ids"":[""signed-baseball.franklin-arias""]}",{},,ebay|baltimoregraphs|117245414152,https://i.ebayimg.com/images/g/-a8AAeSwbyJqLCm7/s-l225.jpg,,FALSE,FALSE,FALSE,,{},,,,CLAIMED_ONLY,NO,UNKNOWN,,,,Unknown; seller/API claim only; front/back unverified.,UNKNOWN,"[""identity_and_images_unverified"",""authentication_certification_not_verified"",""raw_signature_must_not_be_called_authentic""]",119.99,0,,,,,0,180,TRUE,,,,,,[],INSUFFICIENT,INSUFFICIENT,UNKNOWN,INSUFFICIENT,,,,,,,,,,,,,,,,,MANUAL REVIEW / UNPRICED,FALSE,FALSE,"[""exact_front_back_identity_not_verified"",""identical_completed_sales_not_persisted"",""delivered_acquisition_cost_incomplete"",""truely_collectables_owned_copy_exclusion_not_proven"",""signature_authentication_not_verified"",""provenance_not_verified""]","{""artifact_schema"":""TRUELY_COLLECTABLES_DEAL_HUNTER_ARTIFACT_V1"",""deployment"":{""commitSha"":null,""environment"":""production"",""region"":null},""discovery_family_ids"":[""signed-baseball.franklin-arias""],""gateway_endpoint"":""https://truelycollectables.com/api/tcos/deal-hunter-native-ebay?perQuery=20&scope=signed_baseballs"",""gateway_host"":""https://truelycollectables.com"",""gateway_scopes"":[""signed_baseballs""],""listing_item_id"":""117245414152"",""native_schema"":""TCOS_NATIVE_EBAY_FEED_V1"",""producer_commit_sha"":""07471ae49901220d13073aab604afbb0e223e855"",""producer_run_id"":""31970958336"",""source"":""truelycollectables.com/native-ebay"",""source_queries"":[""Franklin Arias signed baseball autograph""],""token_mode"":""client_credentials""}"
cand-s14-ebay-873bbf2104801a0f16b4,dh-20260731T184251Z-gha-recovery,14,2026-08-16T20:35:00.076Z,SIGNED BALL/signed_prospect_baseball,Franklin Arias,signed_prospect_baseball,eBay,baltimoregraphs,,117245412080,https://www.ebay.com/itm/117245412080?_skw=Franklin+Arias+signed+baseball+autograph&hash=item1b4c5f02f0%3Ag%3Aog8AAeSwWS1qLCln,LIVE,Franklin Arias Signed Baseball Boston Red Sox Autographed Auto Prova,"{""preliminary_scope_status"":""DISCOVERY_SCOPE_PASS"",""query_family_ids"":[""signed-baseball.franklin-arias""]}",{},,ebay|baltimoregraphs|117245412080,https://i.ebayimg.com/images/g/og8AAeSwWS1qLCln/s-l225.jpg,,FALSE,FALSE,FALSE,,{},,,,CLAIMED_ONLY,NO,UNKNOWN,,,,Unknown; seller/API claim only; front/back unverified.,UNKNOWN,"[""identity_and_images_unverified"",""authentication_certification_not_verified"",""raw_signature_must_not_be_called_authentic""]",119.99,0,,,,,0,180,TRUE,,,,,,[],INSUFFICIENT,INSUFFICIENT,UNKNOWN,INSUFFICIENT,,,,,,,,,,,,,,,,,MANUAL REVIEW / UNPRICED,FALSE,FALSE,"[""exact_front_back_identity_not_verified"",""identical_completed_sales_not_persisted"",""delivered_acquisition_cost_incomplete"",""truely_collectables_owned_copy_exclusion_not_proven"",""signature_authentication_not_verified"",""provenance_not_verified""]","{""artifact_schema"":""TRUELY_COLLECTABLES_DEAL_HUNTER_ARTIFACT_V1"",""deployment"":{""commitSha"":null,""environment"":""production"",""region"":null},""discovery_family_ids"":[""signed-baseball.franklin-arias""],""gateway_endpoint"":""https://truelycollectables.com/api/tcos/deal-hunter-native-ebay?perQuery=20&scope=signed_baseballs"",""gateway_host"":""https://truelycollectables.com"",""gateway_scopes"":[""signed_baseballs""],""listing_item_id"":""117245412080"",""native_schema"":""TCOS_NATIVE_EBAY_FEED_V1"",""producer_commit_sha"":""07471ae49901220d13073aab604afbb0e223e855"",""producer_run_id"":""31970958336"",""source"":""truelycollectables.com/native-ebay"",""source_queries"":[""Franklin Arias signed baseball autograph""],""token_mode"":""client_credentials""}"
cand-s14-ebay-bc5c3b9a8360ece65184,dh-20260731T184251Z-gha-recovery,14,2026-08-16T20:35:00.076Z,SIGNED BALL/signed_prospect_baseball,Jesus Made,signed_prospect_baseball,eBay,steinersports,,117240055013,https://www.ebay.com/itm/117240055013?_skw=Jesus+Made+signed+baseball+autograph&hash=item1b4c0d44e5%3Ai%3A117240055013&amdata=enc%3AAQALAAABAACCtXRWQnOEpyOqnQQ8KGaWtvFtrWtgz%2FBo3ZE%2FRccffFQrNl93P4jgBJbQjqOZ7LmAEaXz9n%2F%2BmrvKj%2BpU%2FwaKyHokilDu9PottFC0MZ5ASQwh3bbE7AmlLuvjXmjacqO%2FS0LWeyuO9alIGCCGg7kqEVCWpoLXDDqvAfmfH%2FOhyvQKRpeQ6WiXO%2BoXmXVJXj01G6N5ZGZ8zit3hZn3hd4tGa3P1MgvN%2FAfag9eHwAGNAN%2BQ3CR2YrJHNSXdoze%2FDrWovCv%2FvY6smZXZqHPUAjYuj%2FqrIrjqc93ULO7lqRAUAtBCiDiTbJUqPhgQK6uts%2B1dLnRyoZl76N2TRJiMLA%3D,LIVE,"Jesus Made Milwaukee Brewers Signed Baseball with ""This Is My Crew"" Inscription","{""preliminary_scope_status"":""DISCOVERY_SCOPE_PASS"",""query_family_ids"":[""signed-baseball.jesus-made""]}",{},,ebay|steinersports|117240055013,,,FALSE,FALSE,FALSE,,{},,,,CLAIMED_ONLY,NO,UNKNOWN,,,,Unknown; seller/API claim only; front/back unverified.,UNKNOWN,"[""identity_and_images_unverified"",""authentication_certification_not_verified"",""raw_signature_must_not_be_called_authentic""]",249.99,0,,,,,0,180,TRUE,,,,,,[],INSUFFICIENT,INSUFFICIENT,UNKNOWN,INSUFFICIENT,,,,,,,,,,,,,,,,,MANUAL REVIEW / UNPRICED,FALSE,FALSE,"[""exact_front_back_identity_not_verified"",""identical_completed_sales_not_persisted"",""delivered_acquisition_cost_incomplete"",""truely_collectables_owned_copy_exclusion_not_proven"",""signature_authentication_not_verified"",""provenance_not_verified""]","{""artifact_schema"":""TRUELY_COLLECTABLES_DEAL_HUNTER_ARTIFACT_V1"",""deployment"":{""commitSha"":null,""environment"":""production"",""region"":null},""discovery_family_ids"":[""signed-baseball.jesus-made""],""gateway_endpoint"":""https://truelycollectables.com/api/tcos/deal-hunter-native-ebay?perQuery=20&scope=signed_baseballs"",""gateway_host"":""https://truelycollectables.com"",""gateway_scopes"":[""signed_baseballs""],""listing_item_id"":""117240055013"",""native_schema"":""TCOS_NATIVE_EBAY_FEED_V1"",""producer_commit_sha"":""07471ae49901220d13073aab604afbb0e223e855"",""producer_run_id"":""31970958336"",""source"":""truelycollectables.com/native-ebay"",""source_queries"":[""Jesus Made signed baseball autograph""],""token_mode"":""client_credentials""}"
cand-s14-ebay-d057ec58b906c2f04ab6,dh-20260731T184251Z-gha-recovery,14,2026-08-16T20:35:00.076Z,SIGNED BALL/signed_prospect_baseball,Leo De Vries,signed_prospect_baseball,eBay,steinersports,,117234580684,https://www.ebay.com/itm/117234580684?_skw=Leo+De+Vries+signed+baseball+autograph&hash=item1b4bb9bccc%3Ag%3AINQAAeSw%7E8Jqfdoj&amdata=enc%3AAQALAAABAACCtXRWQnOEpyOqnQQ8KGYlJVacmkMGEEI4OETxgsVUfofzbHHh16eOoDtThxrr9ZimU04G%2BMsvYFQt0c54YNH2QRw9sCFsdUnY%2FHB6XM5UyDumNZGm1ezckdXh9KmVrDif00fR4MG3U%2BKFiBTC7d1ar9xQZK7yLHSXmY%2FFZI8qJQUf%2FTS2U%2F4zjfUai2Y2tKwRjHX%2Besy5tSikMHbkLGMYmSpzspLjG3Rc3nMLkU%2FYCt4vYZVvzHpjeyqo6oh9HqJhB%2FUf527k8mTWScX2uHnFDGso%2BKybCpMJhjuTVmDBPtOFjRF4O%2Facx9bbTSHwFFV69hteZamXoVDs7%2FPP6cY%3D,LIVE,"Leo De Vries Athletics Signed Baseball with ""Green Collar Baseball"" Inscription","{""preliminary_scope_status"":""DISCOVERY_SCOPE_PASS"",""query_family_ids"":[""signed-baseball.leo-de-vries""]}",{},,ebay|steinersports|117234580684,https://i.ebayimg.com/images/g/INQAAeSw~8Jqfdoj/s-l225.jpg,,FALSE,FALSE,FALSE,,{},,,,CLAIMED_ONLY,NO,UNKNOWN,,,,Unknown; seller/API claim only; front/back unverified.,UNKNOWN,"[""identity_and_images_unverified"",""authentication_certification_not_verified"",""raw_signature_must_not_be_called_authentic""]",299.99,0,,,,,0,180,TRUE,,,,,,[],INSUFFICIENT,INSUFFICIENT,UNKNOWN,INSUFFICIENT,,,,,,,,,,,,,,,,,MANUAL REVIEW / UNPRICED,FALSE,FALSE,"[""exact_front_back_identity_not_verified"",""identical_completed_sales_not_persisted"",""delivered_acquisition_cost_incomplete"",""truely_collectables_owned_copy_exclusion_not_proven"",""signature_authentication_not_verified"",""provenance_not_verified""]","{""artifact_schema"":""TRUELY_COLLECTABLES_DEAL_HUNTER_ARTIFACT_V1"",""deployment"":{""commitSha"":null,""environment"":""production"",""region"":null},""discovery_family_ids"":[""signed-baseball.leo-de-vries""],""gateway_endpoint"":""https://truelycollectables.com/api/tcos/deal-hunter-native-ebay?perQuery=20&scope=signed_baseballs"",""gateway_host"":""https://truelycollectables.com"",""gateway_scopes"":[""signed_baseballs""],""listing_item_id"":""117234580684"",""native_schema"":""TCOS_NATIVE_EBAY_FEED_V1"",""producer_commit_sha"":""07471ae49901220d13073aab604afbb0e223e855"",""producer_run_id"":""31970958336"",""source"":""truelycollectables.com/native-ebay"",""source_queries"":[""Leo De Vries signed baseball autograph""],""token_mode"":""client_credentials""}"
cand-s14-ebay-4b82aa370dbf0a739daa,dh-20260731T184251Z-gha-recovery,14,2026-08-16T20:35:00.076Z,SIGNED BALL/signed_prospect_baseball,Josue De Paula,signed_prospect_baseball,eBay,coast-to-coast-sports,,236855205382,https://www.ebay.com/itm/236855205382?_skw=Josue+De+Paula+signed+baseball+autograph&hash=item3725ab9e06%3Ag%3Akt0AAeSw%7E7JqIG60,LIVE,Josue De Paula Signed Baseball – LA Dodgers Prospect – Autographed Rawlings,"{""preliminary_scope_status"":""DISCOVERY_SCOPE_PASS"",""query_family_ids"":[""signed-baseball.josue-de-paula""]}",{},,ebay|coast-to-coast-sports|236855205382,https://i.ebayimg.com/images/g/kt0AAeSw~7JqIG60/s-l225.jpg,,FALSE,FALSE,FALSE,,{},,,,CLAIMED_ONLY,NO,UNKNOWN,,,,Unknown; seller/API claim only; front/back unverified.,UNKNOWN,"[""identity_and_images_unverified"",""authentication_certification_not_verified"",""raw_signature_must_not_be_called_authentic""]",79.99,7.99,,,,,0,180,TRUE,,,,,,[],INSUFFICIENT,INSUFFICIENT,UNKNOWN,INSUFFICIENT,,,,,,,,,,,,,,,,,MANUAL REVIEW / UNPRICED,FALSE,FALSE,"[""exact_front_back_identity_not_verified"",""identical_completed_sales_not_persisted"",""delivered_acquisition_cost_incomplete"",""truely_collectables_owned_copy_exclusion_not_proven"",""signature_authentication_not_verified"",""provenance_not_verified""]","{""artifact_schema"":""TRUELY_COLLECTABLES_DEAL_HUNTER_ARTIFACT_V1"",""deployment"":{""commitSha"":null,""environment"":""production"",""region"":null},""discovery_family_ids"":[""signed-baseball.josue-de-paula""],""gateway_endpoint"":""https://truelycollectables.com/api/tcos/deal-hunter-native-ebay?perQuery=20&scope=signed_baseballs"",""gateway_host"":""https://truelycollectables.com"",""gateway_scopes"":[""signed_baseballs""],""listing_item_id"":""236855205382"",""native_schema"":""TCOS_NATIVE_EBAY_FEED_V1"",""producer_commit_sha"":""07471ae49901220d13073aab604afbb0e223e855"",""producer_run_id"":""31970958336"",""source"":""truelycollectables.com/native-ebay"",""source_queries"":[""Josue De Paula signed baseball autograph""],""token_mode"":""client_credentials""}"
cand-s14-ebay-3595eed528822ade0ca9,dh-20260731T184251Z-gha-recovery,14,2026-08-16T20:35:00.076Z,SIGNED BALL/signed_prospect_baseball,Franklin Arias,signed_prospect_baseball,eBay,flowercityautographs,,168427811959,https://www.ebay.com/itm/168427811959?_skw=Franklin+Arias+signed+baseball+autograph&hash=item2737147477%3Ag%3A0FAAAeSwCpVqIGaA,LIVE,Franklin Arias Boston Red Sox signed autographed omlb Baseball #1 Prospect,"{""preliminary_scope_status"":""DISCOVERY_SCOPE_PASS"",""query_family_ids"":[""signed-baseball.franklin-arias""]}",{},,ebay|flowercityautographs|168427811959,https://i.ebayimg.com/images/g/0FAAAeSwCpVqIGaA/s-l225.jpg,,FALSE,FALSE,FALSE,,{},,,,CLAIMED_ONLY,NO,UNKNOWN,,,,Unknown; seller/API claim only; front/back unverified.,UNKNOWN,"[""identity_and_images_unverified"",""authentication_certification_not_verified"",""raw_signature_must_not_be_called_authentic""]",69.99,0,,,,,0,180,TRUE,,,,,,[],INSUFFICIENT,INSUFFICIENT,UNKNOWN,INSUFFICIENT,,,,,,,,,,,,,,,,,MANUAL REVIEW / UNPRICED,FALSE,FALSE,"[""exact_front_back_identity_not_verified"",""identical_completed_sales_not_persisted"",""delivered_acquisition_cost_incomplete"",""truely_collectables_owned_copy_exclusion_not_proven"",""signature_authentication_not_verified"",""provenance_not_verified""]","{""artifact_schema"":""TRUELY_COLLECTABLES_DEAL_HUNTER_ARTIFACT_V1"",""deployment"":{""commitSha"":null,""environment"":""production"",""region"":null},""discovery_family_ids"":[""signed-baseball.franklin-arias""],""gateway_endpoint"":""https://truelycollectables.com/api/tcos/deal-hunter-native-ebay?perQuery=20&scope=signed_baseballs"",""gateway_host"":""https://truelycollectables.com"",""gateway_scopes"":[""signed_baseballs""],""listing_item_id"":""168427811959"",""native_schema"":""TCOS_NATIVE_EBAY_FEED_V1"",""producer_commit_sha"":""07471ae49901220d13073aab604afbb0e223e855"",""producer_run_id"":""31970958336"",""source"":""truelycollectables.com/native-ebay"",""source_queries"":[""Franklin Arias signed baseball autograph""],""token_mode"":""client_credentials""}"
cand-s14-ebay-8c56007752ca393b2bdc,dh-20260731T184251Z-gha-recovery,14,2026-08-16T20:35:00.076Z,SIGNED BALL/signed_prospect_baseball,Franklin Arias,signed_prospect_baseball,eBay,best2everdoit,,287368582091,https://www.ebay.com/itm/287368582091?_skw=Franklin+Arias+signed+baseball+autograph&hash=item42e88093cb%3Ag%3Aa4AAAeSwlGBqHjBQ,LIVE,Franklin Arias Signed Baseball Boston Red Sox Autographed Auto #,"{""preliminary_scope_status"":""DISCOVERY_SCOPE_PASS"",""query_family_ids"":[""signed-baseball.franklin-arias""]}",{},,ebay|best2everdoit|287368582091,https://i.ebayimg.com/images/g/a4AAAeSwlGBqHjBQ/s-l225.jpg,,FALSE,FALSE,FALSE,,{},,,,CLAIMED_ONLY,NO,UNKNOWN,,,,Unknown; seller/API claim only; front/back unverified.,UNKNOWN,"[""identity_and_images_unverified"",""authentication_certification_not_verified"",""raw_signature_must_not_be_called_authentic""]",88.88,0,,,,,0,180,TRUE,,,,,,[],INSUFFICIENT,INSUFFICIENT,UNKNOWN,INSUFFICIENT,,,,,,,,,,,,,,,,,MANUAL REVIEW / UNPRICED,FALSE,FALSE,"[""exact_front_back_identity_not_verified"",""identical_completed_sales_not_persisted"",""delivered_acquisition_cost_incomplete"",""truely_collectables_owned_copy_exclusion_not_proven"",""signature_authentication_not_verified"",""provenance_not_verified""]","{""artifact_schema"":""TRUELY_COLLECTABLES_DEAL_HUNTER_ARTIFACT_V1"",""deployment"":{""commitSha"":null,""environment"":""production"",""region"":null},""discovery_family_ids"":[""signed-baseball.franklin-arias""],""gateway_endpoint"":""https://truelycollectables.com/api/tcos/deal-hunter-native-ebay?perQuery=20&scope=signed_baseballs"",""gateway_host"":""https://truelycollectables.com"",""gateway_scopes"":[""signed_baseballs""],""listing_item_id"":""287368582091"",""native_schema"":""TCOS_NATIVE_EBAY_FEED_V1"",""producer_commit_sha"":""07471ae49901220d13073aab604afbb0e223e855"",""producer_run_id"":""31970958336"",""source"":""truelycollectables.com/native-ebay"",""source_queries"":[""Franklin Arias signed baseball autograph""],""token_mode"":""client_credentials""}"
cand-s14-ebay-ee9b6f6a9269a0899b3c,dh-20260731T184251Z-gha-recovery,14,2026-08-16T20:35:00.076Z,SIGNED BALL/signed_prospect_baseball,Franklin Arias,signed_prospect_baseball,eBay,best2everdoit,,287368580741,https://www.ebay.com/itm/287368580741?_skw=Franklin+Arias+signed+baseball+autograph&hash=item42e8808e85%3Ag%3ARVsAAeSwiFZqHi%7EY,LIVE,Franklin Arias Signed Baseball Boston Red Sox Autographed Auto @,"{""preliminary_scope_status"":""DISCOVERY_SCOPE_PASS"",""query_family_ids"":[""signed-baseball.franklin-arias""]}",{},,ebay|best2everdoit|287368580741,https://i.ebayimg.com/images/g/RVsAAeSwiFZqHi~Y/s-l225.jpg,,FALSE,FALSE,FALSE,,{},,,,CLAIMED_ONLY,NO,UNKNOWN,,,,Unknown; seller/API claim only; front/back unverified.,UNKNOWN,"[""identity_and_images_unverified"",""authentication_certification_not_verified"",""raw_signature_must_not_be_called_authentic""]",88.88,0,,,,,0,180,TRUE,,,,,,[],INSUFFICIENT,INSUFFICIENT,UNKNOWN,INSUFFICIENT,,,,,,,,,,,,,,,,,MANUAL REVIEW / UNPRICED,FALSE,FALSE,"[""exact_front_back_identity_not_verified"",""identical_completed_sales_not_persisted"",""delivered_acquisition_cost_incomplete"",""truely_collectables_owned_copy_exclusion_not_proven"",""signature_authentication_not_verified"",""provenance_not_verified""]","{""artifact_schema"":""TRUELY_COLLECTABLES_DEAL_HUNTER_ARTIFACT_V1"",""deployment"":{""commitSha"":null,""environment"":""production"",""region"":null},""discovery_family_ids"":[""signed-baseball.franklin-arias""],""gateway_endpoint"":""https://truelycollectables.com/api/tcos/deal-hunter-native-ebay?perQuery=20&scope=signed_baseballs"",""gateway_host"":""https://truelycollectables.com"",""gateway_scopes"":[""signed_baseballs""],""listing_item_id"":""287368580741"",""native_schema"":""TCOS_NATIVE_EBAY_FEED_V1"",""producer_commit_sha"":""07471ae49901220d13073aab604afbb0e223e855"",""producer_run_id"":""31970958336"",""source"":""truelycollectables.com/native-ebay"",""source_queries"":[""Franklin Arias signed baseball autograph""],""token_mode"":""client_credentials""}"
cand-s14-ebay-e884b395b2c9f6ab5efa,dh-20260731T184251Z-gha-recovery,14,2026-08-16T20:35:00.076Z,SIGNED BALL/signed_prospect_baseball,Franklin Arias,signed_prospect_baseball,eBay,best2everdoit,,287368576689,https://www.ebay.com/itm/287368576689?_skw=Franklin+Arias+signed+baseball+autograph&hash=item42e8807eb1%3Ag%3AW58AAeSw60JqHi4x,LIVE,Franklin Arias Signed Baseball Boston Red Sox Autographed Auto ,"{""preliminary_scope_status"":""DISCOVERY_SCOPE_PASS"",""query_family_ids"":[""signed-baseball.franklin-arias""]}",{},,ebay|best2everdoit|287368576689,https://i.ebayimg.com/images/g/W58AAeSw60JqHi4x/s-l225.jpg,,FALSE,FALSE,FALSE,,{},,,,CLAIMED_ONLY,NO,UNKNOWN,,,,Unknown; seller/API claim only; front/back unverified.,UNKNOWN,"[""identity_and_images_unverified"",""authentication_certification_not_verified"",""raw_signature_must_not_be_called_authentic""]",88.88,0,,,,,0,180,TRUE,,,,,,[],INSUFFICIENT,INSUFFICIENT,UNKNOWN,INSUFFICIENT,,,,,,,,,,,,,,,,,MANUAL REVIEW / UNPRICED,FALSE,FALSE,"[""exact_front_back_identity_not_verified"",""identical_completed_sales_not_persisted"",""delivered_acquisition_cost_incomplete"",""truely_collectables_owned_copy_exclusion_not_proven"",""signature_authentication_not_verified"",""provenance_not_verified""]","{""artifact_schema"":""TRUELY_COLLECTABLES_DEAL_HUNTER_ARTIFACT_V1"",""deployment"":{""commitSha"":null,""environment"":""production"",""region"":null},""discovery_family_ids"":[""signed-baseball.franklin-arias""],""gateway_endpoint"":""https://truelycollectables.com/api/tcos/deal-hunter-native-ebay?perQuery=20&scope=signed_baseballs"",""gateway_host"":""https://truelycollectables.com"",""gateway_scopes"":[""signed_baseballs""],""listing_item_id"":""287368576689"",""native_schema"":""TCOS_NATIVE_EBAY_FEED_V1"",""producer_commit_sha"":""07471ae49901220d13073aab604afbb0e223e855"",""producer_run_id"":""31970958336"",""source"":""truelycollectables.com/native-ebay"",""source_queries"":[""Franklin Arias signed baseball autograph""],""token_mode"":""client_credentials""}"
cand-s14-ebay-c1522fd1cc8c3d585734,dh-20260731T184251Z-gha-recovery,14,2026-08-16T20:35:00.076Z,SIGNED BALL/signed_prospect_baseball,Jesus Made,signed_prospect_baseball,eBay,grafhoundinc.78,,236843649817,https://www.ebay.com/itm/236843649817?_skw=Jesus+Made+signed+baseball+autograph&hash=item3724fb4b19%3Ag%3ABIIAAeSwCr9qGLs%7E,LIVE,🔥🔥Jesus Made Signed 8x10 Milwaukee Brewers Top Prospect   Autograph JSA 🔥🔥,"{""preliminary_scope_status"":""DISCOVERY_SCOPE_PASS"",""query_family_ids"":[""signed-baseball.jesus-made""]}",{},,ebay|grafhoundinc-78|236843649817,https://i.ebayimg.com/images/g/BIIAAeSwCr9qGLs~/s-l225.jpg,,FALSE,FALSE,FALSE,,{},,,,CLAIMED_ONLY,NO,UNKNOWN,,,,Unknown; seller/API claim only; front/back unverified.,UNKNOWN,"[""identity_and_images_unverified"",""authentication_certification_not_verified"",""raw_signature_must_not_be_called_authentic""]",99.99,6.5,,,,,0,180,TRUE,,,,,,[],INSUFFICIENT,INSUFFICIENT,UNKNOWN,INSUFFICIENT,,,,,,,,,,,,,,,,,MANUAL REVIEW / UNPRICED,FALSE,FALSE,"[""exact_front_back_identity_not_verified"",""identical_completed_sales_not_persisted"",""delivered_acquisition_cost_incomplete"",""truely_collectables_owned_copy_exclusion_not_proven"",""signature_authentication_not_verified"",""provenance_not_verified""]","{""artifact_schema"":""TRUELY_COLLECTABLES_DEAL_HUNTER_ARTIFACT_V1"",""deployment"":{""commitSha"":null,""environment"":""production"",""region"":null},""discovery_family_ids"":[""signed-baseball.jesus-made""],""gateway_endpoint"":""https://truelycollectables.com/api/tcos/deal-hunter-native-ebay?perQuery=20&scope=signed_baseballs"",""gateway_host"":""https://truelycollectables.com"",""gateway_scopes"":[""signed_baseballs""],""listing_item_id"":""236843649817"",""native_schema"":""TCOS_NATIVE_EBAY_FEED_V1"",""producer_commit_sha"":""07471ae49901220d13073aab604afbb0e223e855"",""producer_run_id"":""31970958336"",""source"":""truelycollectables.com/native-ebay"",""source_queries"":[""Jesus Made signed baseball autograph""],""token_mode"":""client_credentials""}"
cand-s14-ebay-c9eab7d759692858ab32,dh-20260731T184251Z-gha-recovery,14,2026-08-16T20:35:00.076Z,SIGNED BALL/signed_prospect_baseball,Josue De Paula,signed_prospect_baseball,eBay,740sports,,198377856482,https://www.ebay.com/itm/198377856482?_skw=Josue+De+Paula+signed+baseball+autograph&hash=item2e303ddde2%3Ag%3A55QAAeSwCmBqE0pX,LIVE,JOSUE DE PAULA Signed Auto Autographed Autograph 2025 Futures Game Jersey JSA,"{""preliminary_scope_status"":""DISCOVERY_SCOPE_PASS"",""query_family_ids"":[""signed-baseball.josue-de-paula""]}",{},,ebay|740sports|198377856482,https://i.ebayimg.com/images/g/55QAAeSwCmBqE0pX/s-l225.jpg,,FALSE,FALSE,FALSE,,{},,,,CLAIMED_ONLY,NO,UNKNOWN,,,,Unknown; seller/API claim only; front/back unverified.,UNKNOWN,"[""identity_and_images_unverified"",""authentication_certification_not_verified"",""raw_signature_must_not_be_called_authentic""]",175,,,,,,0,180,TRUE,,,,,,[],INSUFFICIENT,INSUFFICIENT,UNKNOWN,INSUFFICIENT,,,,,,,,,,,,,,,,,MANUAL REVIEW / UNPRICED,FALSE,FALSE,"[""exact_front_back_identity_not_verified"",""identical_completed_sales_not_persisted"",""delivered_acquisition_cost_incomplete"",""truely_collectables_owned_copy_exclusion_not_proven"",""signature_authentication_not_verified"",""provenance_not_verified""]","{""artifact_schema"":""TRUELY_COLLECTABLES_DEAL_HUNTER_ARTIFACT_V1"",""deployment"":{""commitSha"":null,""environment"":""production"",""region"":null},""discovery_family_ids"":[""signed-baseball.josue-de-paula""],""gateway_endpoint"":""https://truelycollectables.com/api/tcos/deal-hunter-native-ebay?perQuery=20&scope=signed_baseballs"",""gateway_host"":""https://truelycollectables.com"",""gateway_scopes"":[""signed_baseballs""],""listing_item_id"":""198377856482"",""native_schema"":""TCOS_NATIVE_EBAY_FEED_V1"",""producer_commit_sha"":""07471ae49901220d13073aab604afbb0e223e855"",""producer_run_id"":""31970958336"",""source"":""truelycollectables.com/native-ebay"",""source_queries"":[""Josue De Paula signed baseball autograph""],""token_mode"":""client_credentials""}"
cand-s14-ebay-291ca319752c7c74a9f7,dh-20260731T184251Z-gha-recovery,14,2026-08-16T20:35:00.076Z,SIGNED BALL/signed_prospect_baseball,Franklin Arias,signed_prospect_baseball,eBay,baltimoregraphs,,117212976609,https://www.ebay.com/itm/117212976609?_skw=Franklin+Arias+signed+baseball+autograph&hash=item1b4a7015e1%3Ag%3AacgAAeSwi69qEyhz,LIVE,Franklin Arias Signed Baseball Boston Red Sox Autographed Auto Prova,"{""preliminary_scope_status"":""DISCOVERY_SCOPE_PASS"",""query_family_ids"":[""signed-baseball.franklin-arias""]}",{},,ebay|baltimoregraphs|117212976609,https://i.ebayimg.com/images/g/acgAAeSwi69qEyhz/s-l225.jpg,,FALSE,FALSE,FALSE,,{},,,,CLAIMED_ONLY,NO,UNKNOWN,,,,Unknown; seller/API claim only; front/back unverified.,UNKNOWN,"[""identity_and_images_unverified"",""authentication_certification_not_verified"",""raw_signature_must_not_be_called_authentic""]",99.99,0,,,,,0,180,TRUE,,,,,,[],INSUFFICIENT,INSUFFICIENT,UNKNOWN,INSUFFICIENT,,,,,,,,,,,,,,,,,MANUAL REVIEW / UNPRICED,FALSE,FALSE,"[""exact_front_back_identity_not_verified"",""identical_completed_sales_not_persisted"",""delivered_acquisition_cost_incomplete"",""truely_collectables_owned_copy_exclusion_not_proven"",""signature_authentication_not_verified"",""provenance_not_verified""]","{""artifact_schema"":""TRUELY_COLLECTABLES_DEAL_HUNTER_ARTIFACT_V1"",""deployment"":{""commitSha"":null,""environment"":""production"",""region"":null},""discovery_family_ids"":[""signed-baseball.franklin-arias""],""gateway_endpoint"":""https://truelycollectables.com/api/tcos/deal-hunter-native-ebay?perQuery=20&scope=signed_baseballs"",""gateway_host"":""https://truelycollectables.com"",""gateway_scopes"":[""signed_baseballs""],""listing_item_id"":""117212976609"",""native_schema"":""TCOS_NATIVE_EBAY_FEED_V1"",""producer_commit_sha"":""07471ae49901220d13073aab604afbb0e223e855"",""producer_run_id"":""31970958336"",""source"":""truelycollectables.com/native-ebay"",""source_queries"":[""Franklin Arias signed baseball autograph""],""token_mode"":""client_credentials""}"
cand-s14-ebay-5a5eb45ad24087a27118,dh-20260731T184251Z-gha-recovery,14,2026-08-16T20:35:00.076Z,SIGNED BALL/signed_prospect_baseball,Franklin Arias,signed_prospect_baseball,eBay,baltimoregraphs,,117212970653,https://www.ebay.com/itm/117212970653?_skw=Franklin+Arias+signed+baseball+autograph&hash=item1b4a6ffe9d%3Ag%3ApdIAAeSwr9dqEydI,LIVE,Franklin Arias Signed Baseball Boston Red Sox Autographed Auto Prova,"{""preliminary_scope_status"":""DISCOVERY_SCOPE_PASS"",""query_family_ids"":[""signed-baseball.franklin-arias""]}",{},,ebay|baltimoregraphs|117212970653,https://i.ebayimg.com/images/g/pdIAAeSwr9dqEydI/s-l225.jpg,,FALSE,FALSE,FALSE,,{},,,,CLAIMED_ONLY,NO,UNKNOWN,,,,Unknown; seller/API claim only; front/back unverified.,UNKNOWN,"[""identity_and_images_unverified"",""authentication_certification_not_verified"",""raw_signature_must_not_be_called_authentic""]",99.99,0,,,,,0,180,TRUE,,,,,,[],INSUFFICIENT,INSUFFICIENT,UNKNOWN,INSUFFICIENT,,,,,,,,,,,,,,,,,MANUAL REVIEW / UNPRICED,FALSE,FALSE,"[""exact_front_back_identity_not_verified"",""identical_completed_sales_not_persisted"",""delivered_acquisition_cost_incomplete"",""truely_collectables_owned_copy_exclusion_not_proven"",""signature_authentication_not_verified"",""provenance_not_verified""]","{""artifact_schema"":""TRUELY_COLLECTABLES_DEAL_HUNTER_ARTIFACT_V1"",""deployment"":{""commitSha"":null,""environment"":""production"",""region"":null},""discovery_family_ids"":[""signed-baseball.franklin-arias""],""gateway_endpoint"":""https://truelycollectables.com/api/tcos/deal-hunter-native-ebay?perQuery=20&scope=signed_baseballs"",""gateway_host"":""https://truelycollectables.com"",""gateway_scopes"":[""signed_baseballs""],""listing_item_id"":""117212970653"",""native_schema"":""TCOS_NATIVE_EBAY_FEED_V1"",""producer_commit_sha"":""07471ae49901220d13073aab604afbb0e223e855"",""producer_run_id"":""31970958336"",""source"":""truelycollectables.com/native-ebay"",""source_queries"":[""Franklin Arias signed baseball autograph""],""token_mode"":""client_credentials""}"
cand-s14-ebay-3c3122b0ca1242fa93a5,dh-20260731T184251Z-gha-recovery,14,2026-08-16T20:35:00.076Z,SIGNED BALL/signed_prospect_baseball,Jesus Made,signed_prospect_baseball,eBay,jerseystore2000,,336591438209,https://www.ebay.com/itm/336591438209?_skw=Jesus+Made+signed+baseball+autograph&hash=item4e5e69c181%3Ag%3AKN4AAeSwZnJqDKgA,LIVE,Brewers JESUS MADE Signed MLB Baseball Auto Autograph FANATICS Coa,"{""preliminary_scope_status"":""DISCOVERY_SCOPE_PASS"",""query_family_ids"":[""signed-baseball.jesus-made""]}",{},,ebay|jerseystore2000|336591438209,https://i.ebayimg.com/images/g/KN4AAeSwZnJqDKgA/s-l225.jpg,,FALSE,FALSE,FALSE,,{},,,,CLAIMED_ONLY,NO,UNKNOWN,,,,Unknown; seller/API claim only; front/back unverified.,UNKNOWN,"[""identity_and_images_unverified"",""authentication_certification_not_verified"",""raw_signature_must_not_be_called_authentic""]",179.99,4.99,,,,,0,180,TRUE,,,,,,[],INSUFFICIENT,INSUFFICIENT,UNKNOWN,INSUFFICIENT,,,,,,,,,,,,,,,,,MANUAL REVIEW / UNPRICED,FALSE,FALSE,"[""exact_front_back_identity_not_verified"",""identical_completed_sales_not_persisted"",""delivered_acquisition_cost_incomplete"",""truely_collectables_owned_copy_exclusion_not_proven"",""signature_authentication_not_verified"",""provenance_not_verified""]","{""artifact_schema"":""TRUELY_COLLECTABLES_DEAL_HUNTER_ARTIFACT_V1"",""deployment"":{""commitSha"":null,""environment"":""production"",""region"":null},""discovery_family_ids"":[""signed-baseball.jesus-made""],""gateway_endpoint"":""https://truelycollectables.com/api/tcos/deal-hunter-native-ebay?perQuery=20&scope=signed_baseballs"",""gateway_host"":""https://truelycollectables.com"",""gateway_scopes"":[""signed_baseballs""],""listing_item_id"":""336591438209"",""native_schema"":""TCOS_NATIVE_EBAY_FEED_V1"",""producer_commit_sha"":""07471ae49901220d13073aab604afbb0e223e855"",""producer_run_id"":""31970958336"",""source"":""truelycollectables.com/native-ebay"",""source_queries"":[""Jesus Made signed baseball autograph""],""token_mode"":""client_credentials""}"
cand-s14-ebay-87df5e63f885d05a4695,dh-20260731T184251Z-gha-recovery,14,2026-08-16T20:35:00.076Z,SIGNED BALL/signed_prospect_baseball,Leo De Vries,signed_prospect_baseball,eBay,jerseystore2000,,406937390239,https://www.ebay.com/itm/406937390239?_skw=Leo+De+Vries+signed+baseball+autograph&hash=item5ebf5bcc9f%3Ag%3A-osAAeSwIDhqDKdy,LIVE,Athletics LEO DE VRIES Signed MLB Baseball Auto Autograph FANATICS Coa,"{""preliminary_scope_status"":""DISCOVERY_SCOPE_PASS"",""query_family_ids"":[""signed-baseball.leo-de-vries""]}",{},,ebay|jerseystore2000|406937390239,https://i.ebayimg.com/images/g/-osAAeSwIDhqDKdy/s-l225.jpg,,FALSE,FALSE,FALSE,,{},,,,CLAIMED_ONLY,NO,UNKNOWN,,,,Unknown; seller/API claim only; front/back unverified.,UNKNOWN,"[""identity_and_images_unverified"",""authentication_certification_not_verified"",""raw_signature_must_not_be_called_authentic""]",179.99,4.99,,,,,0,180,TRUE,,,,,,[],INSUFFICIENT,INSUFFICIENT,UNKNOWN,INSUFFICIENT,,,,,,,,,,,,,,,,,MANUAL REVIEW / UNPRICED,FALSE,FALSE,"[""exact_front_back_identity_not_verified"",""identical_completed_sales_not_persisted"",""delivered_acquisition_cost_incomplete"",""truely_collectables_owned_copy_exclusion_not_proven"",""signature_authentication_not_verified"",""provenance_not_verified""]","{""artifact_schema"":""TRUELY_COLLECTABLES_DEAL_HUNTER_ARTIFACT_V1"",""deployment"":{""commitSha"":null,""environment"":""production"",""region"":null},""discovery_family_ids"":[""signed-baseball.leo-de-vries""],""gateway_endpoint"":""https://truelycollectables.com/api/tcos/deal-hunter-native-ebay?perQuery=20&scope=signed_baseballs"",""gateway_host"":""https://truelycollectables.com"",""gateway_scopes"":[""signed_baseballs""],""listing_item_id"":""406937390239"",""native_schema"":""TCOS_NATIVE_EBAY_FEED_V1"",""producer_commit_sha"":""07471ae49901220d13073aab604afbb0e223e855"",""producer_run_id"":""31970958336"",""source"":""truelycollectables.com/native-ebay"",""source_queries"":[""Leo De Vries signed baseball autograph""],""token_mode"":""client_credentials""}"
cand-s14-ebay-36a6287f14800b407632,dh-20260731T184251Z-gha-recovery,14,2026-08-16T20:35:00.076Z,SIGNED BALL/signed_prospect_baseball,Jesus Made,signed_prospect_baseball,eBay,classicautographsandmatting,,336585933751,https://www.ebay.com/itm/336585933751?_skw=Jesus+Made+signed+baseball+autograph&hash=item4e5e15c3b7%3Ag%3AH1kAAeSwZoxqB-xZ,LIVE,JESUS MADE #1 PROSPECT SIGNED AUTO AUTOGRAPH OML-MANFRED BASEBALL BALL  PSA/DNA,"{""preliminary_scope_status"":""DISCOVERY_SCOPE_PASS"",""query_family_ids"":[""signed-baseball.jesus-made""]}",{},,ebay|classicautographsandmatting|336585933751,https://i.ebayimg.com/images/g/H1kAAeSwZoxqB-xZ/s-l225.jpg,,FALSE,FALSE,FALSE,,{},,,,CLAIMED_ONLY,NO,UNKNOWN,,,,Unknown; seller/API claim only; front/back unverified.,UNKNOWN,"[""identity_and_images_unverified"",""authentication_certification_not_verified"",""raw_signature_must_not_be_called_authentic""]",297,10.95,,,,,0,180,TRUE,,,,,,[],INSUFFICIENT,INSUFFICIENT,UNKNOWN,INSUFFICIENT,,,,,,,,,,,,,,,,,MANUAL REVIEW / UNPRICED,FALSE,FALSE,"[""exact_front_back_identity_not_verified"",""identical_completed_sales_not_persisted"",""delivered_acquisition_cost_incomplete"",""truely_collectables_owned_copy_exclusion_not_proven"",""signature_authentication_not_verified"",""provenance_not_verified""]","{""artifact_schema"":""TRUELY_COLLECTABLES_DEAL_HUNTER_ARTIFACT_V1"",""deployment"":{""commitSha"":null,""environment"":""production"",""region"":null},""discovery_family_ids"":[""signed-baseball.jesus-made""],""gateway_endpoint"":""https://truelycollectables.com/api/tcos/deal-hunter-native-ebay?perQuery=20&scope=signed_baseballs"",""gateway_host"":""https://truelycollectables.com"",""gateway_scopes"":[""signed_baseballs""],""listing_item_id"":""336585933751"",""native_schema"":""TCOS_NATIVE_EBAY_FEED_V1"",""producer_commit_sha"":""07471ae49901220d13073aab604afbb0e223e855"",""producer_run_id"":""31970958336"",""source"":""truelycollectables.com/native-ebay"",""source_queries"":[""Jesus Made signed baseball autograph""],""token_mode"":""client_credentials""}"
cand-s14-ebay-5f9d7eb181580f58b849,dh-20260731T184251Z-gha-recovery,14,2026-08-16T20:35:00.076Z,SIGNED BALL/signed_prospect_baseball,Leo De Vries,signed_prospect_baseball,eBay,freakyflips34,,397885849861,https://www.ebay.com/itm/397885849861?_skw=Leo+De+Vries+signed+baseball+autograph&hash=item5ca3d84105%3Ag%3AcoMAAeSwph5p78As&amdata=enc%3AAQALAAABAACCtXRWQnOEpyOqnQQ8KGZMAgtSkwIQAOFKYPtJvMrTwCJygda%2BrX%2BbqhWYAEVe3HXj0TPCkWbT%2BRMmqtFYjBLL7aI4enJ7CsoxtPt8sMGKRTmPAfPeushz%2FKBuObiEc7F7C956%2BBR24cNhD4K%2Bk3Cvu3s%2FVfRkJgkSowSe904NcKq8d1j6EdyRxEEakvUIkvycDsu42fOI2b6J4%2BTOvqUnOUd1kxCIl%2FsXsV4y%2FrzBSiiVbJk7ktoU26yxvlm%2BKgkeUXfiL04lHtNRyWePtnxioWIXyQgBFOsQhZAQW%2B%2FaGvXrmo1hD4PZo7uTs6019omtcdR9lwDYKowQVsnHI28%3D,LIVE,Leo de Vries Signed GAME USED Bat Atheltics Prospect Autograph PSA COA,"{""preliminary_scope_status"":""DISCOVERY_SCOPE_PASS"",""query_family_ids"":[""signed-baseball.leo-de-vries""]}",{},,ebay|freakyflips34|397885849861,https://i.ebayimg.com/images/g/coMAAeSwph5p78As/s-l225.jpg,,FALSE,FALSE,FALSE,,{},,,,CLAIMED_ONLY,NO,UNKNOWN,,,,Unknown; seller/API claim only; front/back unverified.,UNKNOWN,"[""identity_and_images_unverified"",""authentication_certification_not_verified"",""raw_signature_must_not_be_called_authentic""]",499.99,,,,,,0,180,TRUE,,,,,,[],INSUFFICIENT,INSUFFICIENT,UNKNOWN,INSUFFICIENT,,,,,,,,,,,,,,,,,MANUAL REVIEW / UNPRICED,FALSE,FALSE,"[""exact_front_back_identity_not_verified"",""identical_completed_sales_not_persisted"",""delivered_acquisition_cost_incomplete"",""truely_collectables_owned_copy_exclusion_not_proven"",""signature_authentication_not_verified"",""provenance_not_verified""]","{""artifact_schema"":""TRUELY_COLLECTABLES_DEAL_HUNTER_ARTIFACT_V1"",""deployment"":{""commitSha"":null,""environment"":""production"",""region"":null},""discovery_family_ids"":[""signed-baseball.leo-de-vries""],""gateway_endpoint"":""https://truelycollectables.com/api/tcos/deal-hunter-native-ebay?perQuery=20&scope=signed_baseballs"",""gateway_host"":""https://truelycollectables.com"",""gateway_scopes"":[""signed_baseballs""],""listing_item_id"":""397885849861"",""native_schema"":""TCOS_NATIVE_EBAY_FEED_V1"",""producer_commit_sha"":""07471ae49901220d13073aab604afbb0e223e855"",""producer_run_id"":""31970958336"",""source"":""truelycollectables.com/native-ebay"",""source_queries"":[""Leo De Vries signed baseball autograph""],""token_mode"":""client_credentials""}"
cand-s14-ebay-af8f3de9e8cc3eaac4c3,dh-20260731T184251Z-gha-recovery,14,2026-08-16T20:35:00.076Z,SIGNED BALL/signed_prospect_baseball,Leo De Vries,signed_prospect_baseball,eBay,fscworldwide1,,137254890977,https://www.ebay.com/itm/137254890977?_skw=Leo+De+Vries+signed+baseball+autograph&hash=item1ff5076de1%3Ag%3AS4EAAeSwPZBp7AwH&amdata=enc%3AAQALAAABAACCtXRWQnOEpyOqnQQ8KGYM%2FtANxEDpiDMM65vfMNYvhYFgFpSPd%2Bkjkh2mrZamrJU7RhftOd5Yl7cFFa0YTbIhTom2g5R%2BbHyEM0Kq2GBQ9j%2F7sgZIE%2F8UYgAidLtXVCDtl7xhbE4uDwMMjkriSAiCTUjKMPAm%2Ba1XRozejMwr6JBIk0c8Yp7Y5RYKlTcfn--6Uduj4uGGFNnc4siF3TNMZiWuUgZ7lMezGCyu%2BNtVNRBtWmoXrlvIyei%2F9YjQ9IruyByUsJbf9ZwScmAnQT0RAACBIoPy5FbPZFrcJAf9zts7Xp2QscE5Zl%2BKAOI6lNbTctZt8JDTe2fO%2F42Rb0I%3D,LIVE,Leo De Vries Oakland Athletics Signed Baseball Rawlings OMLB Fanatics COA,"{""preliminary_scope_status"":""DISCOVERY_SCOPE_PASS"",""query_family_ids"":[""signed-baseball.leo-de-vries""]}",{},,ebay|fscworldwide1|137254890977,https://i.ebayimg.com/images/g/S4EAAeSwPZBp7AwH/s-l225.jpg,,FALSE,FALSE,FALSE,,{},,,,CLAIMED_ONLY,NO,UNKNOWN,,,,Unknown; seller/API claim only; front/back unverified.,UNKNOWN,"[""identity_and_images_unverified"",""authentication_certification_not_verified"",""raw_signature_must_not_be_called_authentic""]",149.99,9.99,,,,,0,180,TRUE,,,,,,[],INSUFFICIENT,INSUFFICIENT,UNKNOWN,INSUFFICIENT,,,,,,,,,,,,,,,,,MANUAL REVIEW / UNPRICED,FALSE,FALSE,"[""exact_front_back_identity_not_verified"",""identical_completed_sales_not_persisted"",""delivered_acquisition_cost_incomplete"",""truely_collectables_owned_copy_exclusion_not_proven"",""signature_authentication_not_verified"",""provenance_not_verified""]","{""artifact_schema"":""TRUELY_COLLECTABLES_DEAL_HUNTER_ARTIFACT_V1"",""deployment"":{""commitSha"":null,""environment"":""production"",""region"":null},""discovery_family_ids"":[""signed-baseball.leo-de-vries""],""gateway_endpoint"":""https://truelycollectables.com/api/tcos/deal-hunter-native-ebay?perQuery=20&scope=signed_baseballs"",""gateway_host"":""https://truelycollectables.com"",""gateway_scopes"":[""signed_baseballs""],""listing_item_id"":""137254890977"",""native_schema"":""TCOS_NATIVE_EBAY_FEED_V1"",""producer_commit_sha"":""07471ae49901220d13073aab604afbb0e223e855"",""producer_run_id"":""31970958336"",""source"":""truelycollectables.com/native-ebay"",""source_queries"":[""Leo De Vries signed baseball autograph""],""token_mode"":""client_credentials""}"
cand-s14-ebay-89da7a46da9c0b197f76,dh-20260731T184251Z-gha-recovery,14,2026-08-16T20:35:00.076Z,SIGNED BALL/signed_prospect_baseball,Josue De Paula,signed_prospect_baseball,eBay,mdeshet,,389893600791,https://www.ebay.com/itm/389893600791?_skw=Josue+De+Paula+signed+baseball+autograph&hash=item5ac7783617%3Ag%3AOMAAAeSwS1dp35YY,LIVE,Josue De Paula autograph signed 2023 Bowman Chrome baseball card PSA Dodgers!,"{""preliminary_scope_status"":""DISCOVERY_SCOPE_PASS"",""query_family_ids"":[""signed-baseball.josue-de-paula""]}",{},,ebay|mdeshet|389893600791,https://i.ebayimg.com/images/g/OMAAAeSwS1dp35YY/s-l225.jpg,,FALSE,FALSE,FALSE,,{},,,,CLAIMED_ONLY,NO,RAW,,,,Ungraded; seller/API claim only; front/back unverified.,UNKNOWN,"[""identity_and_images_unverified"",""authentication_certification_not_verified"",""raw_signature_must_not_be_called_authentic""]",74.99,3,,,,,0,180,TRUE,,,,,,[],INSUFFICIENT,INSUFFICIENT,UNKNOWN,INSUFFICIENT,,,,,,,,,,,,,,,,,MANUAL REVIEW / UNPRICED,FALSE,FALSE,"[""exact_front_back_identity_not_verified"",""identical_completed_sales_not_persisted"",""delivered_acquisition_cost_incomplete"",""truely_collectables_owned_copy_exclusion_not_proven"",""signature_authentication_not_verified"",""provenance_not_verified""]","{""artifact_schema"":""TRUELY_COLLECTABLES_DEAL_HUNTER_ARTIFACT_V1"",""deployment"":{""commitSha"":null,""environment"":""production"",""region"":null},""discovery_family_ids"":[""signed-baseball.josue-de-paula""],""gateway_endpoint"":""https://truelycollectables.com/api/tcos/deal-hunter-native-ebay?perQuery=20&scope=signed_baseballs"",""gateway_host"":""https://truelycollectables.com"",""gateway_scopes"":[""signed_baseballs""],""listing_item_id"":""389893600791"",""native_schema"":""TCOS_NATIVE_EBAY_FEED_V1"",""producer_commit_sha"":""07471ae49901220d13073aab604afbb0e223e855"",""producer_run_id"":""31970958336"",""source"":""truelycollectables.com/native-ebay"",""source_queries"":[""Josue De Paula signed baseball autograph""],""token_mode"":""client_credentials""}"
cand-s14-ebay-d70b7b0bb768c81b5c26,dh-20260731T184251Z-gha-recovery,14,2026-08-16T20:35:00.076Z,SIGNED BALL/signed_prospect_baseball,Leo De Vries,signed_prospect_baseball,eBay,freakyflips34,,397821940922,https://www.ebay.com/itm/397821940922?_skw=Leo+De+Vries+signed+baseball+autograph&hash=item5ca00914ba%3Ag%3AQdAAAeSwnxZp2BkN&amdata=enc%3AAQALAAABAACCtXRWQnOEpyOqnQQ8KGYNQNr6Eyzx3UC0mtlqBEctVe8CChmsGB7%2BYsq%2BmnndPBvMVd2P%2Fm7O0Y%2F6UFZiG8qePls5GQzdiNtW0A4gvXPZpACViOgqByrWDGC7i6dgQJn9lWcCrk9uSujosobP4DBOJsTq%2FwiGQ3cblcGlmfwhIAE0gY%2FhTWnYIbIoFm10X%2FJHpJPapKZ65ofOmxH7eVXI%2BrVmCQkjvqKJ62W9N%2FPAspZHjgO%2B7mpjEBXXQVE52%2BL49aZnyGGa4gRuyJUvCMHGC4tCf9YLLyqBrgETP64iWy7KSo0FnK%2BE9Fmu7ebzxG0lmiB%2FZJnNeRF3zLNqIhM%3D,LIVE,Leo de Vries Signed Athletics Full Size Yellow Helmet Top Prospect Autograph JSA,"{""preliminary_scope_status"":""DISCOVERY_SCOPE_PASS"",""query_family_ids"":[""signed-baseball.leo-de-vries""]}",{},,ebay|freakyflips34|397821940922,https://i.ebayimg.com/images/g/QdAAAeSwnxZp2BkN/s-l225.jpg,,FALSE,FALSE,FALSE,,{},,,,CLAIMED_ONLY,NO,UNKNOWN,,,,Unknown; seller/API claim only; front/back unverified.,UNKNOWN,"[""identity_and_images_unverified"",""authentication_certification_not_verified"",""raw_signature_must_not_be_called_authentic""]",299.99,,,,,,0,180,TRUE,,,,,,[],INSUFFICIENT,INSUFFICIENT,UNKNOWN,INSUFFICIENT,,,,,,,,,,,,,,,,,MANUAL REVIEW / UNPRICED,FALSE,FALSE,"[""exact_front_back_identity_not_verified"",""identical_completed_sales_not_persisted"",""delivered_acquisition_cost_incomplete"",""truely_collectables_owned_copy_exclusion_not_proven"",""signature_authentication_not_verified"",""provenance_not_verified""]","{""artifact_schema"":""TRUELY_COLLECTABLES_DEAL_HUNTER_ARTIFACT_V1"",""deployment"":{""commitSha"":null,""environment"":""production"",""region"":null},""discovery_family_ids"":[""signed-baseball.leo-de-vries""],""gateway_endpoint"":""https://truelycollectables.com/api/tcos/deal-hunter-native-ebay?perQuery=20&scope=signed_baseballs"",""gateway_host"":""https://truelycollectables.com"",""gateway_scopes"":[""signed_baseballs""],""listing_item_id"":""397821940922"",""native_schema"":""TCOS_NATIVE_EBAY_FEED_V1"",""producer_commit_sha"":""07471ae49901220d13073aab604afbb0e223e855"",""producer_run_id"":""31970958336"",""source"":""truelycollectables.com/native-ebay"",""source_queries"":[""Leo De Vries signed baseball autograph""],""token_mode"":""client_credentials""}"
cand-s14-ebay-7dc550d49af9b92f73e4,dh-20260731T184251Z-gha-recovery,14,2026-08-16T20:35:00.076Z,SIGNED BALL/signed_prospect_baseball,Josue De Paula,signed_prospect_baseball,eBay,ktindy,,188257441921,https://www.ebay.com/itm/188257441921?_skw=Josue+De+Paula+signed+baseball+autograph&hash=item2bd5049881%3Ag%3ABJIAAeSwmlFp1pwA&amdata=enc%3AAQALAAABEACCtXRWQnOEpyOqnQQ8KGYr3etSOO%2FYy9ngioP2fU0trXJKfW4WSYZgEOcn%2FEgskDszuvWyggxiC0m%2F6usBI4GHj1IeyVttGw%2FnQHdWK5edyKCETM%2BXsjGVwvmUCwTb62w6O2CkzdmRPuelZCu%2FotCo4NJigc2Ld7o9AmqoC4z5PUfptmW50OBc6C1LkQLa5TkD1fIpTZ1l%2FcTTbAWROrfaDwGm%2Bv0BcH9fH29DwvOUE0qra%2Fqrs9CGelM3893GxxEoUVHfB%2BcrBX31mCoPsJUvepStUlB9851381%2BHflnPg0LqQcOiYlcLauWHp%2FXy6ZzLKN9opZtRQNeq7dsS2KPU7WRrnkbMWds8yShR1TM3,LIVE,Josue de Paula Autograph Signed MLB Ball Baseball Auto JSA Certified Dodgers,"{""preliminary_scope_status"":""DISCOVERY_SCOPE_PASS"",""query_family_ids"":[""signed-baseball.josue-de-paula""]}",{},,ebay|ktindy|188257441921,https://i.ebayimg.com/images/g/BJIAAeSwmlFp1pwA/s-l225.jpg,,FALSE,FALSE,FALSE,,{},,,,CLAIMED_ONLY,NO,UNKNOWN,,,,Unknown; seller/API claim only; front/back unverified.,UNKNOWN,"[""identity_and_images_unverified"",""authentication_certification_not_verified"",""raw_signature_must_not_be_called_authentic""]",119.99,,,,,,0,180,TRUE,,,,,,[],INSUFFICIENT,INSUFFICIENT,UNKNOWN,INSUFFICIENT,,,,,,,,,,,,,,,,,MANUAL REVIEW / UNPRICED,FALSE,FALSE,"[""exact_front_back_identity_not_verified"",""identical_completed_sales_not_persisted"",""delivered_acquisition_cost_incomplete"",""truely_collectables_owned_copy_exclusion_not_proven"",""signature_authentication_not_verified"",""provenance_not_verified""]","{""artifact_schema"":""TRUELY_COLLECTABLES_DEAL_HUNTER_ARTIFACT_V1"",""deployment"":{""commitSha"":null,""environment"":""production"",""region"":null},""discovery_family_ids"":[""signed-baseball.josue-de-paula""],""gateway_endpoint"":""https://truelycollectables.com/api/tcos/deal-hunter-native-ebay?perQuery=20&scope=signed_baseballs"",""gateway_host"":""https://truelycollectables.com"",""gateway_scopes"":[""signed_baseballs""],""listing_item_id"":""188257441921"",""native_schema"":""TCOS_NATIVE_EBAY_FEED_V1"",""producer_commit_sha"":""07471ae49901220d13073aab604afbb0e223e855"",""producer_run_id"":""31970958336"",""source"":""truelycollectables.com/native-ebay"",""source_queries"":[""Josue De Paula signed baseball autograph""],""token_mode"":""client_credentials""}"
cand-s14-ebay-2d072b6b81586275bed2,dh-20260731T184251Z-gha-recovery,14,2026-08-16T20:35:00.076Z,SIGNED BALL/signed_prospect_baseball,Jesus Made,signed_prospect_baseball,eBay,pro-signings,,188223610264,https://www.ebay.com/itm/188223610264?_skw=Jesus+Made+signed+baseball+autograph&hash=item2bd3005d98%3Ag%3AeTYAAeSwcN1pya6k,LIVE,Jesus Made Autographed Signed 2025 Futures Game MLB Baseball w/ JSA COA,"{""preliminary_scope_status"":""DISCOVERY_SCOPE_PASS"",""query_family_ids"":[""signed-baseball.jesus-made""]}",{},,ebay|pro-signings|188223610264,https://i.ebayimg.com/images/g/eTYAAeSwcN1pya6k/s-l225.jpg,,FALSE,FALSE,FALSE,,{},,,,CLAIMED_ONLY,NO,UNKNOWN,,,,Unknown; seller/API claim only; front/back unverified.,UNKNOWN,"[""identity_and_images_unverified"",""authentication_certification_not_verified"",""raw_signature_must_not_be_called_authentic""]",150,6,,,,,0,180,TRUE,,,,,,[],INSUFFICIENT,INSUFFICIENT,UNKNOWN,INSUFFICIENT,,,,,,,,,,,,,,,,,MANUAL REVIEW / UNPRICED,FALSE,FALSE,"[""exact_front_back_identity_not_verified"",""identical_completed_sales_not_persisted"",""delivered_acquisition_cost_incomplete"",""truely_collectables_owned_copy_exclusion_not_proven"",""signature_authentication_not_verified"",""provenance_not_verified""]","{""artifact_schema"":""TRUELY_COLLECTABLES_DEAL_HUNTER_ARTIFACT_V1"",""deployment"":{""commitSha"":null,""environment"":""production"",""region"":null},""discovery_family_ids"":[""signed-baseball.jesus-made""],""gateway_endpoint"":""https://truelycollectables.com/api/tcos/deal-hunter-native-ebay?perQuery=20&scope=signed_baseballs"",""gateway_host"":""https://truelycollectables.com"",""gateway_scopes"":[""signed_baseballs""],""listing_item_id"":""188223610264"",""native_schema"":""TCOS_NATIVE_EBAY_FEED_V1"",""producer_commit_sha"":""07471ae49901220d13073aab604afbb0e223e855"",""producer_run_id"":""31970958336"",""source"":""truelycollectables.com/native-ebay"",""source_queries"":[""Jesus Made signed baseball autograph""],""token_mode"":""client_credentials""}"
cand-s14-ebay-c4c970800d4eb342b74b,dh-20260731T184251Z-gha-recovery,14,2026-08-16T20:35:00.076Z,SIGNED BALL/signed_prospect_baseball,Josue De Paula,signed_prospect_baseball,eBay,autograph-fanatic,,188204446645,https://www.ebay.com/itm/188204446645?_skw=Josue+De+Paula+signed+baseball+autograph&hash=item2bd1dbf3b5%3Ag%3ACGIAAeSwaMJpwucE,LIVE,Josue De Paula Autograph Black Baseball *Beckett COA* SIGNED LA Dodgers,"{""preliminary_scope_status"":""DISCOVERY_SCOPE_PASS"",""query_family_ids"":[""signed-baseball.josue-de-paula""]}",{},,ebay|autograph-fanatic|188204446645,https://i.ebayimg.com/images/g/CGIAAeSwaMJpwucE/s-l225.jpg,,FALSE,FALSE,FALSE,,{},,,,CLAIMED_ONLY,NO,UNKNOWN,,,,Unknown; seller/API claim only; front/back unverified.,UNKNOWN,"[""identity_and_images_unverified"",""authentication_certification_not_verified"",""raw_signature_must_not_be_called_authentic""]",149.88,,,,,,0,180,TRUE,,,,,,[],INSUFFICIENT,INSUFFICIENT,UNKNOWN,INSUFFICIENT,,,,,,,,,,,,,,,,,MANUAL REVIEW / UNPRICED,FALSE,FALSE,"[""exact_front_back_identity_not_verified"",""identical_completed_sales_not_persisted"",""delivered_acquisition_cost_incomplete"",""truely_collectables_owned_copy_exclusion_not_proven"",""signature_authentication_not_verified"",""provenance_not_verified""]","{""artifact_schema"":""TRUELY_COLLECTABLES_DEAL_HUNTER_ARTIFACT_V1"",""deployment"":{""commitSha"":null,""environment"":""production"",""region"":null},""discovery_family_ids"":[""signed-baseball.josue-de-paula""],""gateway_endpoint"":""https://truelycollectables.com/api/tcos/deal-hunter-native-ebay?perQuery=20&scope=signed_baseballs"",""gateway_host"":""https://truelycollectables.com"",""gateway_scopes"":[""signed_baseballs""],""listing_item_id"":""188204446645"",""native_schema"":""TCOS_NATIVE_EBAY_FEED_V1"",""producer_commit_sha"":""07471ae49901220d13073aab604afbb0e223e855"",""producer_run_id"":""31970958336"",""source"":""truelycollectables.com/native-ebay"",""source_queries"":[""Josue De Paula signed baseball autograph""],""token_mode"":""client_credentials""}"
cand-s14-ebay-677e7689449586051bb3,dh-20260731T184251Z-gha-recovery,14,2026-08-16T20:35:00.076Z,SIGNED BALL/signed_prospect_baseball,Jesus Made,signed_prospect_baseball,eBay,bergeedwar,,188161765943,https://www.ebay.com/itm/188161765943?_skw=Jesus+Made+signed+baseball+autograph&hash=item2bcf50b237%3Ag%3AAd4AAeSwGmhptc2L&amdata=enc%3AAQALAAABAACCtXRWQnOEpyOqnQQ8KGZ6xlmZlXwXqdklfv6Vi--FeCzrnm9cUpagTaOB8fAGsPNzwWG4g55qUPz619w6QST7ac6H1srlmYd5I66fBoHrrLP6xPk%2Bhp4d%2BRYofSw4EvAs%2FSqdQ%2By6Ysx3yB7txjJBYe7T3FOH8ahZtqmaqa99oZrUiHSVmmvfb%2B5ev69TPvn7Q%2BcT1ZmSx8AXwPDusOQ5WO34ym%2FsZfvz0gbUHd%2BhQKsYpQyL3JZgIu4bKfaiFCCJKUGs%2BoM8oZ5W53YL7TavJISxdFwYXuT%2B96ZIsGAPDDyNZixqC0jGHEs5uBNX%2Fdbu7uJzml2DD2nC70O96ck%3D,LIVE,Jesus Made Signed Autographed hall of fame Baseball Brewers Beckett COA ,"{""preliminary_scope_status"":""DISCOVERY_SCOPE_PASS"",""query_family_ids"":[""signed-baseball.jesus-made""]}",{},,ebay|bergeedwar|188161765943,https://i.ebayimg.com/images/g/Ad4AAeSwGmhptc2L/s-l225.jpg,,FALSE,FALSE,FALSE,,{},,,,CLAIMED_ONLY,NO,UNKNOWN,,,,Unknown; seller/API claim only; front/back unverified.,UNKNOWN,"[""identity_and_images_unverified"",""authentication_certification_not_verified"",""raw_signature_must_not_be_called_authentic""]",99.99,,,,,,0,180,TRUE,,,,,,[],INSUFFICIENT,INSUFFICIENT,UNKNOWN,INSUFFICIENT,,,,,,,,,,,,,,,,,MANUAL REVIEW / UNPRICED,FALSE,FALSE,"[""exact_front_back_identity_not_verified"",""identical_completed_sales_not_persisted"",""delivered_acquisition_cost_incomplete"",""truely_collectables_owned_copy_exclusion_not_proven"",""signature_authentication_not_verified"",""provenance_not_verified""]","{""artifact_schema"":""TRUELY_COLLECTABLES_DEAL_HUNTER_ARTIFACT_V1"",""deployment"":{""commitSha"":null,""environment"":""production"",""region"":null},""discovery_family_ids"":[""signed-baseball.jesus-made""],""gateway_endpoint"":""https://truelycollectables.com/api/tcos/deal-hunter-native-ebay?perQuery=20&scope=signed_baseballs"",""gateway_host"":""https://truelycollectables.com"",""gateway_scopes"":[""signed_baseballs""],""listing_item_id"":""188161765943"",""native_schema"":""TCOS_NATIVE_EBAY_FEED_V1"",""producer_commit_sha"":""07471ae49901220d13073aab604afbb0e223e855"",""producer_run_id"":""31970958336"",""source"":""truelycollectables.com/native-ebay"",""source_queries"":[""Jesus Made signed baseball autograph""],""token_mode"":""client_credentials""}"
cand-s14-ebay-453050ddbc6d70832695,dh-20260731T184251Z-gha-recovery,14,2026-08-16T20:35:00.076Z,SIGNED BALL/signed_prospect_baseball,Franklin Arias,signed_prospect_baseball,eBay,topsportvalues,,188046493268,https://www.ebay.com/itm/188046493268?_skw=Franklin+Arias+signed+baseball+autograph&hash=item2bc871c654%3Ag%3AdjAAAeSwsAFpi6gV,LIVE,FRANKLIN ARIAS SIGNED OFFICIAL MLB BASEBALL #1 PROSPECT RED SOX AUTOGRAPH,"{""preliminary_scope_status"":""DISCOVERY_SCOPE_PASS"",""query_family_ids"":[""signed-baseball.franklin-arias""]}",{},,ebay|topsportvalues|188046493268,https://i.ebayimg.com/images/g/djAAAeSwsAFpi6gV/s-l225.jpg,,FALSE,FALSE,FALSE,,{},,,,CLAIMED_ONLY,NO,UNKNOWN,,,,Unknown; seller/API claim only; front/back unverified.,UNKNOWN,"[""identity_and_images_unverified"",""authentication_certification_not_verified"",""raw_signature_must_not_be_called_authentic""]",74.99,12,,,,,0,180,TRUE,,,,,,[],INSUFFICIENT,INSUFFICIENT,UNKNOWN,INSUFFICIENT,,,,,,,,,,,,,,,,,MANUAL REVIEW / UNPRICED,FALSE,FALSE,"[""exact_front_back_identity_not_verified"",""identical_completed_sales_not_persisted"",""delivered_acquisition_cost_incomplete"",""truely_collectables_owned_copy_exclusion_not_proven"",""signature_authentication_not_verified"",""provenance_not_verified""]","{""artifact_schema"":""TRUELY_COLLECTABLES_DEAL_HUNTER_ARTIFACT_V1"",""deployment"":{""commitSha"":null,""environment"":""production"",""region"":null},""discovery_family_ids"":[""signed-baseball.franklin-arias""],""gateway_endpoint"":""https://truelycollectables.com/api/tcos/deal-hunter-native-ebay?perQuery=20&scope=signed_baseballs"",""gateway_host"":""https://truelycollectables.com"",""gateway_scopes"":[""signed_baseballs""],""listing_item_id"":""188046493268"",""native_schema"":""TCOS_NATIVE_EBAY_FEED_V1"",""producer_commit_sha"":""07471ae49901220d13073aab604afbb0e223e855"",""producer_run_id"":""31970958336"",""source"":""truelycollectables.com/native-ebay"",""source_queries"":[""Franklin Arias signed baseball autograph""],""token_mode"":""client_credentials""}"
cand-s14-ebay-4b560e7757d232f8ff97,dh-20260731T184251Z-gha-recovery,14,2026-08-16T20:35:00.076Z,SIGNED BALL/signed_prospect_baseball,Jesus Made,signed_prospect_baseball,eBay,bighamcollectibles,,168103840668,https://www.ebay.com/itm/168103840668?_skw=Jesus+Made+signed+baseball+autograph&hash=item2723c50b9c%3Ag%3Azp4AAeSwjdlpcuHt,LIVE,Jesus Made Signed Autograph Official Major League Baseball OMLB El Niño JSA COA!,"{""preliminary_scope_status"":""DISCOVERY_SCOPE_PASS"",""query_family_ids"":[""signed-baseball.jesus-made""]}",{},,ebay|bighamcollectibles|168103840668,https://i.ebayimg.com/images/g/zp4AAeSwjdlpcuHt/s-l225.jpg,,FALSE,FALSE,FALSE,,{},,,,CLAIMED_ONLY,NO,UNKNOWN,,,,Unknown; seller/API claim only; front/back unverified.,UNKNOWN,"[""identity_and_images_unverified"",""authentication_certification_not_verified"",""raw_signature_must_not_be_called_authentic""]",149.99,7,,,,,0,180,TRUE,,,,,,[],INSUFFICIENT,INSUFFICIENT,UNKNOWN,INSUFFICIENT,,,,,,,,,,,,,,,,,MANUAL REVIEW / UNPRICED,FALSE,FALSE,"[""exact_front_back_identity_not_verified"",""identical_completed_sales_not_persisted"",""delivered_acquisition_cost_incomplete"",""truely_collectables_owned_copy_exclusion_not_proven"",""signature_authentication_not_verified"",""provenance_not_verified""]","{""artifact_schema"":""TRUELY_COLLECTABLES_DEAL_HUNTER_ARTIFACT_V1"",""deployment"":{""commitSha"":null,""environment"":""production"",""region"":null},""discovery_family_ids"":[""signed-baseball.jesus-made""],""gateway_endpoint"":""https://truelycollectables.com/api/tcos/deal-hunter-native-ebay?perQuery=20&scope=signed_baseballs"",""gateway_host"":""https://truelycollectables.com"",""gateway_scopes"":[""signed_baseballs""],""listing_item_id"":""168103840668"",""native_schema"":""TCOS_NATIVE_EBAY_FEED_V1"",""producer_commit_sha"":""07471ae49901220d13073aab604afbb0e223e855"",""producer_run_id"":""31970958336"",""source"":""truelycollectables.com/native-ebay"",""source_queries"":[""Jesus Made signed baseball autograph""],""token_mode"":""client_credentials""}"
cand-s14-ebay-bf90fb51a39b554315dc,dh-20260731T184251Z-gha-recovery,14,2026-08-16T20:35:00.076Z,SIGNED BALL/signed_prospect_baseball,Josue De Paula,signed_prospect_baseball,eBay,blamejameis,,157508006206,https://www.ebay.com/itm/157508006206?_skw=Josue+De+Paula+signed+baseball+autograph&hash=item24ac35713e%3Ag%3AW%7E4AAeSwlaJpLE41&amdata=enc%3AAQALAAABAACCtXRWQnOEpyOqnQQ8KGZHTjkUtSqjsYDLKe%2B7%2FCE9LtwKnUmaJNdHYpHfz4XAn%2FRjuzKmlyrXWiWv5dJNI5%2FLIeggCNexmvUd%2B4QkvYeGpeynaeuj11SCo4zvNm1Z%2B6JR2S4uLb9bVKWtOsqr7gQA9xA17nOe%2FsnquXG0arOtXegZ%2B9PGHs0LMs8ywhLDAeQxVVUP6EKQ72vkZZg6X02Ht%2FYRphCW6aN%2BtiMamCsvXrjB17w9drHJVvIObQVdS2v8bnNLrsFqEwp%2FL08o%2BNwAsW3isPPBHGEDDyVrCVtcHP1DZ6elSRcK4NN88Y%2B81yvTJFx01q0wtP3Y5%2BJri90%3D,LIVE,LOS ANGELES DODGERS JOSUE DE PAULA signed OFFICIAL MAJOR LEAGUE BASEBALL BECKETT,"{""preliminary_scope_status"":""DISCOVERY_SCOPE_PASS"",""query_family_ids"":[""signed-baseball.josue-de-paula""]}",{},,ebay|blamejameis|157508006206,https://i.ebayimg.com/images/g/W~4AAeSwlaJpLE41/s-l225.jpg,,FALSE,FALSE,FALSE,,{},,,,CLAIMED_ONLY,NO,UNKNOWN,,,,Unknown; seller/API claim only; front/back unverified.,UNKNOWN,"[""identity_and_images_unverified"",""authentication_certification_not_verified"",""raw_signature_must_not_be_called_authentic""]",119.99,,,,,,0,180,TRUE,,,,,,[],INSUFFICIENT,INSUFFICIENT,UNKNOWN,INSUFFICIENT,,,,,,,,,,,,,,,,,MANUAL REVIEW / UNPRICED,FALSE,FALSE,"[""exact_front_back_identity_not_verified"",""identical_completed_sales_not_persisted"",""delivered_acquisition_cost_incomplete"",""truely_collectables_owned_copy_exclusion_not_proven"",""signature_authentication_not_verified"",""provenance_not_verified""]","{""artifact_schema"":""TRUELY_COLLECTABLES_DEAL_HUNTER_ARTIFACT_V1"",""deployment"":{""commitSha"":null,""environment"":""production"",""region"":null},""discovery_family_ids"":[""signed-baseball.josue-de-paula""],""gateway_endpoint"":""https://truelycollectables.com/api/tcos/deal-hunter-native-ebay?perQuery=20&scope=signed_baseballs"",""gateway_host"":""https://truelycollectables.com"",""gateway_scopes"":[""signed_baseballs""],""listing_item_id"":""157508006206"",""native_schema"":""TCOS_NATIVE_EBAY_FEED_V1"",""producer_commit_sha"":""07471ae49901220d13073aab604afbb0e223e855"",""producer_run_id"":""31970958336"",""source"":""truelycollectables.com/native-ebay"",""source_queries"":[""Josue De Paula signed baseball autograph""],""token_mode"":""client_credentials""}"
cand-s14-ebay-80c07b63ce8de6a08851,dh-20260731T184251Z-gha-recovery,14,2026-08-16T20:35:00.076Z,SIGNED BALL/signed_prospect_baseball,Leo De Vries,signed_prospect_baseball,eBay,mdeshet,,389242308109,https://www.ebay.com/itm/389242308109?_skw=Leo+De+Vries+signed+baseball+autograph&hash=item5aa0a6460d%3Ag%3AilQAAeSwKStpGkeJ,LIVE,Leo De Vries autograph signed 2024 1ST Bowman Chrome baseball card PSA b A's!,"{""preliminary_scope_status"":""DISCOVERY_SCOPE_PASS"",""query_family_ids"":[""signed-baseball.leo-de-vries""]}",{},,ebay|mdeshet|389242308109,https://i.ebayimg.com/images/g/ilQAAeSwKStpGkeJ/s-l225.jpg,,FALSE,FALSE,FALSE,,{},,,,CLAIMED_ONLY,NO,RAW,,,,Ungraded; seller/API claim only; front/back unverified.,UNKNOWN,"[""identity_and_images_unverified"",""authentication_certification_not_verified"",""raw_signature_must_not_be_called_authentic""]",184.99,3,,,,,0,180,TRUE,,,,,,[],INSUFFICIENT,INSUFFICIENT,UNKNOWN,INSUFFICIENT,,,,,,,,,,,,,,,,,MANUAL REVIEW / UNPRICED,FALSE,FALSE,"[""exact_front_back_identity_not_verified"",""identical_completed_sales_not_persisted"",""delivered_acquisition_cost_incomplete"",""truely_collectables_owned_copy_exclusion_not_proven"",""signature_authentication_not_verified"",""provenance_not_verified""]","{""artifact_schema"":""TRUELY_COLLECTABLES_DEAL_HUNTER_ARTIFACT_V1"",""deployment"":{""commitSha"":null,""environment"":""production"",""region"":null},""discovery_family_ids"":[""signed-baseball.leo-de-vries""],""gateway_endpoint"":""https://truelycollectables.com/api/tcos/deal-hunter-native-ebay?perQuery=20&scope=signed_baseballs"",""gateway_host"":""https://truelycollectables.com"",""gateway_scopes"":[""signed_baseballs""],""listing_item_id"":""389242308109"",""native_schema"":""TCOS_NATIVE_EBAY_FEED_V1"",""producer_commit_sha"":""07471ae49901220d13073aab604afbb0e223e855"",""producer_run_id"":""31970958336"",""source"":""truelycollectables.com/native-ebay"",""source_queries"":[""Leo De Vries signed baseball autograph""],""token_mode"":""client_credentials""}"
cand-s14-ebay-32b1b93a4a9aaebf2e8c,dh-20260731T184251Z-gha-recovery,14,2026-08-16T20:35:00.076Z,SIGNED BALL/signed_prospect_baseball,Jesus Made,signed_prospect_baseball,eBay,andrewlillard19*,,277438590024,https://www.ebay.com/itm/277438590024?_skw=Jesus+Made+signed+baseball+autograph&hash=item4098a0ec48%3Ag%3ARsEAAeSwzydo61yF,LIVE,Jesus Made Signed Baseball Jsa COA Rawlings Ball Brewers ROMLB Autographed ,"{""preliminary_scope_status"":""DISCOVERY_SCOPE_PASS"",""query_family_ids"":[""signed-baseball.jesus-made""]}",{},,ebay|andrewlillard19|277438590024,https://i.ebayimg.com/images/g/RsEAAeSwzydo61yF/s-l225.jpg,,FALSE,FALSE,FALSE,,{},,,,CLAIMED_ONLY,NO,UNKNOWN,,,,Unknown; seller/API claim only; front/back unverified.,UNKNOWN,"[""identity_and_images_unverified"",""authentication_certification_not_verified"",""raw_signature_must_not_be_called_authentic""]",114.99,,,,,,0,180,TRUE,,,,,,[],INSUFFICIENT,INSUFFICIENT,UNKNOWN,INSUFFICIENT,,,,,,,,,,,,,,,,,MANUAL REVIEW / UNPRICED,FALSE,FALSE,"[""exact_front_back_identity_not_verified"",""identical_completed_sales_not_persisted"",""delivered_acquisition_cost_incomplete"",""truely_collectables_owned_copy_exclusion_not_proven"",""signature_authentication_not_verified"",""provenance_not_verified""]","{""artifact_schema"":""TRUELY_COLLECTABLES_DEAL_HUNTER_ARTIFACT_V1"",""deployment"":{""commitSha"":null,""environment"":""production"",""region"":null},""discovery_family_ids"":[""signed-baseball.jesus-made""],""gateway_endpoint"":""https://truelycollectables.com/api/tcos/deal-hunter-native-ebay?perQuery=20&scope=signed_baseballs"",""gateway_host"":""https://truelycollectables.com"",""gateway_scopes"":[""signed_baseballs""],""listing_item_id"":""277438590024"",""native_schema"":""TCOS_NATIVE_EBAY_FEED_V1"",""producer_commit_sha"":""07471ae49901220d13073aab604afbb0e223e855"",""producer_run_id"":""31970958336"",""source"":""truelycollectables.com/native-ebay"",""source_queries"":[""Jesus Made signed baseball autograph""],""token_mode"":""client_credentials""}"
cand-s14-ebay-21d9f57f520bd6f99b92,dh-20260731T184251Z-gha-recovery,14,2026-08-16T20:35:00.076Z,SIGNED BALL/signed_prospect_baseball,Leo De Vries,signed_prospect_baseball,eBay,sdvintagesportscards,,397147218202,https://www.ebay.com/itm/397147218202?_skw=Leo+De+Vries+signed+baseball+autograph&hash=item5c77d1a11a%3Ag%3AEywAAeSwlnto6ryC,LIVE,Leo de Vries autographed baseball - Official Signed MLB Ball,"{""preliminary_scope_status"":""DISCOVERY_SCOPE_PASS"",""query_family_ids"":[""signed-baseball.leo-de-vries""]}",{},,ebay|sdvintagesportscards|397147218202,https://i.ebayimg.com/images/g/EywAAeSwlnto6ryC/s-l225.jpg,,FALSE,FALSE,FALSE,,{},,,,CLAIMED_ONLY,NO,UNKNOWN,,,,Unknown; seller/API claim only; front/back unverified.,UNKNOWN,"[""identity_and_images_unverified"",""authentication_certification_not_verified"",""raw_signature_must_not_be_called_authentic""]",80,8,,,,,0,180,TRUE,,,,,,[],INSUFFICIENT,INSUFFICIENT,UNKNOWN,INSUFFICIENT,,,,,,,,,,,,,,,,,MANUAL REVIEW / UNPRICED,FALSE,FALSE,"[""exact_front_back_identity_not_verified"",""identical_completed_sales_not_persisted"",""delivered_acquisition_cost_incomplete"",""truely_collectables_owned_copy_exclusion_not_proven"",""signature_authentication_not_verified"",""provenance_not_verified""]","{""artifact_schema"":""TRUELY_COLLECTABLES_DEAL_HUNTER_ARTIFACT_V1"",""deployment"":{""commitSha"":null,""environment"":""production"",""region"":null},""discovery_family_ids"":[""signed-baseball.leo-de-vries""],""gateway_endpoint"":""https://truelycollectables.com/api/tcos/deal-hunter-native-ebay?perQuery=20&scope=signed_baseballs"",""gateway_host"":""https://truelycollectables.com"",""gateway_scopes"":[""signed_baseballs""],""listing_item_id"":""397147218202"",""native_schema"":""TCOS_NATIVE_EBAY_FEED_V1"",""producer_commit_sha"":""07471ae49901220d13073aab604afbb0e223e855"",""producer_run_id"":""31970958336"",""source"":""truelycollectables.com/native-ebay"",""source_queries"":[""Leo De Vries signed baseball autograph""],""token_mode"":""client_credentials""}"
cand-s14-ebay-351575949f92b1dee7bd,dh-20260731T184251Z-gha-recovery,14,2026-08-16T20:35:00.076Z,SIGNED BALL/signed_prospect_baseball,Josue De Paula,signed_prospect_baseball,eBay,lasports1,,326811755210,https://www.ebay.com/itm/326811755210?_skw=Josue+De+Paula+signed+baseball+autograph&hash=item4c177fa2ca%3Ag%3A1UcAAeSw5QFo6T5l,LIVE,2025 LEAF BASEBALL NATION JOSUE DE PAULA RC HITTER GREEN AUTO SIGNED 2/5 DODGERS,"{""preliminary_scope_status"":""DISCOVERY_SCOPE_PASS"",""query_family_ids"":[""signed-baseball.josue-de-paula""]}",{},,ebay|lasports1|326811755210,https://i.ebayimg.com/images/g/1UcAAeSw5QFo6T5l/s-l225.jpg,,FALSE,FALSE,FALSE,,{},,,,CLAIMED_ONLY,NO,RAW,,,,Ungraded; seller/API claim only; front/back unverified.,UNKNOWN,"[""identity_and_images_unverified"",""authentication_certification_not_verified"",""raw_signature_must_not_be_called_authentic""]",19.99,1.35,,,,,0,180,TRUE,,,,,,[],INSUFFICIENT,INSUFFICIENT,UNKNOWN,INSUFFICIENT,,,,,,,,,,,,,,,,,MANUAL REVIEW / UNPRICED,FALSE,FALSE,"[""exact_front_back_identity_not_verified"",""identical_completed_sales_not_persisted"",""delivered_acquisition_cost_incomplete"",""truely_collectables_owned_copy_exclusion_not_proven"",""signature_authentication_not_verified"",""provenance_not_verified""]","{""artifact_schema"":""TRUELY_COLLECTABLES_DEAL_HUNTER_ARTIFACT_V1"",""deployment"":{""commitSha"":null,""environment"":""production"",""region"":null},""discovery_family_ids"":[""signed-baseball.josue-de-paula""],""gateway_endpoint"":""https://truelycollectables.com/api/tcos/deal-hunter-native-ebay?perQuery=20&scope=signed_baseballs"",""gateway_host"":""https://truelycollectables.com"",""gateway_scopes"":[""signed_baseballs""],""listing_item_id"":""326811755210"",""native_schema"":""TCOS_NATIVE_EBAY_FEED_V1"",""producer_commit_sha"":""07471ae49901220d13073aab604afbb0e223e855"",""producer_run_id"":""31970958336"",""source"":""truelycollectables.com/native-ebay"",""source_queries"":[""Josue De Paula signed baseball autograph""],""token_mode"":""client_credentials""}"
cand-s14-ebay-a2672647390b309fa1cb,dh-20260731T184251Z-gha-recovery,14,2026-08-16T20:35:00.076Z,SIGNED BALL/signed_prospect_baseball,Jesus Made,signed_prospect_baseball,eBay,cardbeast_40,,306432174356,https://www.ebay.com/itm/306432174356?_skw=Jesus+Made+signed+baseball+autograph&hash=item4758c7e914%3Ag%3AX94AAeSwTG9n16KM&amdata=enc%3AAQALAAABAACCtXRWQnOEpyOqnQQ8KGbI0IbYAkPwy%2FZRDtfCRSKN%2BuWaZMNrrodcIAV01Yh%2BZw1%2FXn6uEfLdPnwwF8hQDhmpJXqAcdmmQb1npRhZPf0LjJ3bz5WaJu63fYsm0osyoJF0ZXS5zrycdTf42Btps8dVUUNcdBs%2BA3m8ikf1uNB7cNT3rUzIPgVaT66DWjbLYczkC5cq4PQ2R3r5fFjuhjpWHWkcAOhdNtOKfu30tyYzRd6x03crksRhIA8Kdjc6syJbWBCcAZVlcMieyNGZe%2FHspVbWJixUMQyLwYfcT%2BuM6fiIUhpMRBh5bSss4NnQFQHXuyF7G4uqmdb8LYNC4BM%3D,LIVE,JESUS MADE Brewers Signed Rawlings Baseball Ball ROMLB Autographed Auto ,"{""preliminary_scope_status"":""DISCOVERY_SCOPE_PASS"",""query_family_ids"":[""signed-baseball.jesus-made""]}",{},,ebay|cardbeast-40|306432174356,https://i.ebayimg.com/images/g/X94AAeSwTG9n16KM/s-l225.jpg,,FALSE,FALSE,FALSE,,{},,,,CLAIMED_ONLY,NO,UNKNOWN,,,,Unknown; seller/API claim only; front/back unverified.,UNKNOWN,"[""identity_and_images_unverified"",""authentication_certification_not_verified"",""raw_signature_must_not_be_called_authentic""]",100,,,,,,0,180,TRUE,,,,,,[],INSUFFICIENT,INSUFFICIENT,UNKNOWN,INSUFFICIENT,,,,,,,,,,,,,,,,,MANUAL REVIEW / UNPRICED,FALSE,FALSE,"[""exact_front_back_identity_not_verified"",""identical_completed_sales_not_persisted"",""delivered_acquisition_cost_incomplete"",""truely_collectables_owned_copy_exclusion_not_proven"",""signature_authentication_not_verified"",""provenance_not_verified""]","{""artifact_schema"":""TRUELY_COLLECTABLES_DEAL_HUNTER_ARTIFACT_V1"",""deployment"":{""commitSha"":null,""environment"":""production"",""region"":null},""discovery_family_ids"":[""signed-baseball.jesus-made""],""gateway_endpoint"":""https://truelycollectables.com/api/tcos/deal-hunter-native-ebay?perQuery=20&scope=signed_baseballs"",""gateway_host"":""https://truelycollectables.com"",""gateway_scopes"":[""signed_baseballs""],""listing_item_id"":""306432174356"",""native_schema"":""TCOS_NATIVE_EBAY_FEED_V1"",""producer_commit_sha"":""07471ae49901220d13073aab604afbb0e223e855"",""producer_run_id"":""31970958336"",""source"":""truelycollectables.com/native-ebay"",""source_queries"":[""Jesus Made signed baseball autograph""],""token_mode"":""client_credentials""}"
cand-s14-ebay-35cbf8442b004b5df9ad,dh-20260731T184251Z-gha-recovery,14,2026-08-16T20:35:00.076Z,SIGNED BALL/signed_prospect_baseball,Josue De Paula,signed_prospect_baseball,eBay,harri-libi,,136236305973,https://www.ebay.com/itm/136236305973?_skw=Josue+De+Paula+signed+baseball+autograph&hash=item1fb8510e35%3Ag%3AZMoAAeSwdwZoiD5R&amdata=enc%3AAQALAAABAACCtXRWQnOEpyOqnQQ8KGYx55xSVTe6kXjqPth2Nvi9uO2TSRX1Vf6XTG4PGWHbyGA5cuYccuJM38MPXPPw9ZUdjB7q9r%2BWjqkWGT9SPJmQqDA6s%2Bxnnqdup9Yo%2F8u82KD1Io2G1qum3hBltw5yB1QNCTL3uvRdCCwak%2Bcf4sd1wGRG7qG9DHhQ4DJBoI9%2B5Jafk5gbX8K1eyUNUPzXD3M3ZSc3XjEONEKhUhrKvi%2F24UKd0TvCk9uWKkQYn7y3%2FI6xiviWlP5R9mIoTZ6ReJCU%2B6wN7OcpwaYzAQ2fX4Cu8HCWCzwqoohAmO8XfNaqEfOraYykHxBI99hO4HFgAdQ%3D,LIVE,Josue De Paula Signed 2025 Futures Game MVP Autographed Baseball Dodgers JSA COA,"{""preliminary_scope_status"":""DISCOVERY_SCOPE_PASS"",""query_family_ids"":[""signed-baseball.josue-de-paula""]}",{},,ebay|harri-libi|136236305973,https://i.ebayimg.com/images/g/ZMoAAeSwdwZoiD5R/s-l225.jpg,,FALSE,FALSE,FALSE,,{},,,,CLAIMED_ONLY,NO,UNKNOWN,,,,Unknown; seller/API claim only; front/back unverified.,UNKNOWN,"[""identity_and_images_unverified"",""authentication_certification_not_verified"",""raw_signature_must_not_be_called_authentic""]",299.99,,,,,,0,180,TRUE,,,,,,[],INSUFFICIENT,INSUFFICIENT,UNKNOWN,INSUFFICIENT,,,,,,,,,,,,,,,,,MANUAL REVIEW / UNPRICED,FALSE,FALSE,"[""exact_front_back_identity_not_verified"",""identical_completed_sales_not_persisted"",""delivered_acquisition_cost_incomplete"",""truely_collectables_owned_copy_exclusion_not_proven"",""signature_authentication_not_verified"",""provenance_not_verified""]","{""artifact_schema"":""TRUELY_COLLECTABLES_DEAL_HUNTER_ARTIFACT_V1"",""deployment"":{""commitSha"":null,""environment"":""production"",""region"":null},""discovery_family_ids"":[""signed-baseball.josue-de-paula""],""gateway_endpoint"":""https://truelycollectables.com/api/tcos/deal-hunter-native-ebay?perQuery=20&scope=signed_baseballs"",""gateway_host"":""https://truelycollectables.com"",""gateway_scopes"":[""signed_baseballs""],""listing_item_id"":""136236305973"",""native_schema"":""TCOS_NATIVE_EBAY_FEED_V1"",""producer_commit_sha"":""07471ae49901220d13073aab604afbb0e223e855"",""producer_run_id"":""31970958336"",""source"":""truelycollectables.com/native-ebay"",""source_queries"":[""Josue De Paula signed baseball autograph""],""token_mode"":""client_credentials""}"
cand-s14-ebay-bb130dda36010d24a759,dh-20260731T184251Z-gha-recovery,14,2026-08-16T20:35:00.076Z,SIGNED BALL/signed_prospect_baseball,Josue De Paula,signed_prospect_baseball,eBay,mdeshet,,116674871755,https://www.ebay.com/itm/116674871755?_skw=Josue+De+Paula+signed+baseball+autograph&hash=item1b2a5d41cb%3Ag%3Ai6MAAeSwmGNoY%7Ew1,LIVE,Josue De Paula autograph signed 2023 Rancho Cucamonga baseball card PSA SLAB $,"{""preliminary_scope_status"":""DISCOVERY_SCOPE_PASS"",""query_family_ids"":[""signed-baseball.josue-de-paula""]}",{},,ebay|mdeshet|116674871755,https://i.ebayimg.com/images/g/i6MAAeSwmGNoY~w1/s-l225.jpg,,FALSE,FALSE,FALSE,,{},,,,CLAIMED_ONLY,NO,RAW,,,,Ungraded; seller/API claim only; front/back unverified.,UNKNOWN,"[""identity_and_images_unverified"",""authentication_certification_not_verified"",""raw_signature_must_not_be_called_authentic""]",79.99,8,,,,,0,180,TRUE,,,,,,[],INSUFFICIENT,INSUFFICIENT,UNKNOWN,INSUFFICIENT,,,,,,,,,,,,,,,,,MANUAL REVIEW / UNPRICED,FALSE,FALSE,"[""exact_front_back_identity_not_verified"",""identical_completed_sales_not_persisted"",""delivered_acquisition_cost_incomplete"",""truely_collectables_owned_copy_exclusion_not_proven"",""signature_authentication_not_verified"",""provenance_not_verified""]","{""artifact_schema"":""TRUELY_COLLECTABLES_DEAL_HUNTER_ARTIFACT_V1"",""deployment"":{""commitSha"":null,""environment"":""production"",""region"":null},""discovery_family_ids"":[""signed-baseball.josue-de-paula""],""gateway_endpoint"":""https://truelycollectables.com/api/tcos/deal-hunter-native-ebay?perQuery=20&scope=signed_baseballs"",""gateway_host"":""https://truelycollectables.com"",""gateway_scopes"":[""signed_baseballs""],""listing_item_id"":""116674871755"",""native_schema"":""TCOS_NATIVE_EBAY_FEED_V1"",""producer_commit_sha"":""07471ae49901220d13073aab604afbb0e223e855"",""producer_run_id"":""31970958336"",""source"":""truelycollectables.com/native-ebay"",""source_queries"":[""Josue De Paula signed baseball autograph""],""token_mode"":""client_credentials""}"
cand-s14-ebay-99da5201965d9a6496c1,dh-20260731T184251Z-gha-recovery,14,2026-08-16T20:35:00.076Z,SIGNED BALL/signed_prospect_baseball,Josue De Paula,signed_prospect_baseball,eBay,quickrip26,,388896995546,https://www.ebay.com/itm/388896995546?_skw=Josue+De+Paula+signed+baseball+autograph&hash=item5a8c1138da%3Ag%3Ad%7E0AAeSwcLdoGGBq,LIVE,Josue De Paula 2023 Bowman Platinum Auto signed autograph baseball card Dodgers ,"{""preliminary_scope_status"":""DISCOVERY_SCOPE_PASS"",""query_family_ids"":[""signed-baseball.josue-de-paula""]}",{},,ebay|quickrip26|388896995546,https://i.ebayimg.com/images/g/d~0AAeSwcLdoGGBq/s-l225.jpg,,FALSE,FALSE,FALSE,,{},,,,CLAIMED_ONLY,NO,RAW,,,,Ungraded; seller/API claim only; front/back unverified.,UNKNOWN,"[""identity_and_images_unverified"",""authentication_certification_not_verified"",""raw_signature_must_not_be_called_authentic""]",19.99,4.99,,,,,0,180,TRUE,,,,,,[],INSUFFICIENT,INSUFFICIENT,UNKNOWN,INSUFFICIENT,,,,,,,,,,,,,,,,,MANUAL REVIEW / UNPRICED,FALSE,FALSE,"[""exact_front_back_identity_not_verified"",""identical_completed_sales_not_persisted"",""delivered_acquisition_cost_incomplete"",""truely_collectables_owned_copy_exclusion_not_proven"",""signature_authentication_not_verified"",""provenance_not_verified""]","{""artifact_schema"":""TRUELY_COLLECTABLES_DEAL_HUNTER_ARTIFACT_V1"",""deployment"":{""commitSha"":null,""environment"":""production"",""region"":null},""discovery_family_ids"":[""signed-baseball.josue-de-paula""],""gateway_endpoint"":""https://truelycollectables.com/api/tcos/deal-hunter-native-ebay?perQuery=20&scope=signed_baseballs"",""gateway_host"":""https://truelycollectables.com"",""gateway_scopes"":[""signed_baseballs""],""listing_item_id"":""388896995546"",""native_schema"":""TCOS_NATIVE_EBAY_FEED_V1"",""producer_commit_sha"":""07471ae49901220d13073aab604afbb0e223e855"",""producer_run_id"":""31970958336"",""source"":""truelycollectables.com/native-ebay"",""source_queries"":[""Josue De Paula signed baseball autograph""],""token_mode"":""client_credentials""}"
cand-s14-ebay-bbc373a347b77dd0a451,dh-20260731T184251Z-gha-recovery,14,2026-08-16T20:35:00.076Z,SIGNED BALL/signed_prospect_baseball,Jesus Made,signed_prospect_baseball,eBay,futurestars,,286474980805,https://www.ebay.com/itm/286474980805?_skw=Jesus+Made+signed+baseball+autograph&hash=item42b33d4dc5%3Ag%3AQn4AAOSwnDxn9zxC,LIVE,JESUS MADE Brewers Signed Auto Autographed Full Name Baseball JSA RARE ROMLB,"{""preliminary_scope_status"":""DISCOVERY_SCOPE_PASS"",""query_family_ids"":[""signed-baseball.jesus-made""]}",{},,ebay|futurestars|286474980805,https://i.ebayimg.com/images/g/Qn4AAOSwnDxn9zxC/s-l225.jpg,,FALSE,FALSE,FALSE,,{},,,,CLAIMED_ONLY,NO,UNKNOWN,,,,Unknown; seller/API claim only; front/back unverified.,UNKNOWN,"[""identity_and_images_unverified"",""authentication_certification_not_verified"",""raw_signature_must_not_be_called_authentic""]",180,9,,,,,0,180,TRUE,,,,,,[],INSUFFICIENT,INSUFFICIENT,UNKNOWN,INSUFFICIENT,,,,,,,,,,,,,,,,,MANUAL REVIEW / UNPRICED,FALSE,FALSE,"[""exact_front_back_identity_not_verified"",""identical_completed_sales_not_persisted"",""delivered_acquisition_cost_incomplete"",""truely_collectables_owned_copy_exclusion_not_proven"",""signature_authentication_not_verified"",""provenance_not_verified""]","{""artifact_schema"":""TRUELY_COLLECTABLES_DEAL_HUNTER_ARTIFACT_V1"",""deployment"":{""commitSha"":null,""environment"":""production"",""region"":null},""discovery_family_ids"":[""signed-baseball.jesus-made""],""gateway_endpoint"":""https://truelycollectables.com/api/tcos/deal-hunter-native-ebay?perQuery=20&scope=signed_baseballs"",""gateway_host"":""https://truelycollectables.com"",""gateway_scopes"":[""signed_baseballs""],""listing_item_id"":""286474980805"",""native_schema"":""TCOS_NATIVE_EBAY_FEED_V1"",""producer_commit_sha"":""07471ae49901220d13073aab604afbb0e223e855"",""producer_run_id"":""31970958336"",""source"":""truelycollectables.com/native-ebay"",""source_queries"":[""Jesus Made signed baseball autograph""],""token_mode"":""client_credentials""}"
cand-s14-ebay-d31de2b65bd953565517,dh-20260731T184251Z-gha-recovery,14,2026-08-16T20:35:00.076Z,SIGNED BALL/signed_prospect_baseball,Jesus Made,signed_prospect_baseball,eBay,hngraphs,,226688221402,https://www.ebay.com/itm/226688221402?_skw=Jesus+Made+signed+baseball+autograph&hash=item34c7abc0da%3Ag%3A3XsAAeSwi0Rn9AH8,LIVE,MILWAUKEE BREWERS- JESUS MADE AUTOGRAPH OFFICIAL MLB BASEBALL JSA CD81461,"{""preliminary_scope_status"":""DISCOVERY_SCOPE_PASS"",""query_family_ids"":[""signed-baseball.jesus-made""]}",{},,ebay|hngraphs|226688221402,https://i.ebayimg.com/images/g/3XsAAeSwi0Rn9AH8/s-l225.jpg,,FALSE,FALSE,FALSE,,{},,,,CLAIMED_ONLY,NO,UNKNOWN,,,,Unknown; seller/API claim only; front/back unverified.,UNKNOWN,"[""identity_and_images_unverified"",""authentication_certification_not_verified"",""raw_signature_must_not_be_called_authentic""]",125,6,,,,,0,180,TRUE,,,,,,[],INSUFFICIENT,INSUFFICIENT,UNKNOWN,INSUFFICIENT,,,,,,,,,,,,,,,,,MANUAL REVIEW / UNPRICED,FALSE,FALSE,"[""exact_front_back_identity_not_verified"",""identical_completed_sales_not_persisted"",""delivered_acquisition_cost_incomplete"",""truely_collectables_owned_copy_exclusion_not_proven"",""signature_authentication_not_verified"",""provenance_not_verified""]","{""artifact_schema"":""TRUELY_COLLECTABLES_DEAL_HUNTER_ARTIFACT_V1"",""deployment"":{""commitSha"":null,""environment"":""production"",""region"":null},""discovery_family_ids"":[""signed-baseball.jesus-made""],""gateway_endpoint"":""https://truelycollectables.com/api/tcos/deal-hunter-native-ebay?perQuery=20&scope=signed_baseballs"",""gateway_host"":""https://truelycollectables.com"",""gateway_scopes"":[""signed_baseballs""],""listing_item_id"":""226688221402"",""native_schema"":""TCOS_NATIVE_EBAY_FEED_V1"",""producer_commit_sha"":""07471ae49901220d13073aab604afbb0e223e855"",""producer_run_id"":""31970958336"",""source"":""truelycollectables.com/native-ebay"",""source_queries"":[""Jesus Made signed baseball autograph""],""token_mode"":""client_credentials""}"
cand-s14-ebay-c40d706038fc3b723b38,dh-20260731T184251Z-gha-recovery,14,2026-08-16T20:35:00.076Z,SIGNED BALL/signed_prospect_baseball,Jesus Made,signed_prospect_baseball,eBay,hngraphs,,326519158210,https://www.ebay.com/itm/326519158210?_skw=Jesus+Made+signed+baseball+autograph&hash=item4c060ef5c2%3Ag%3Ah2oAAeSwW4hn8WxO,LIVE,MILWAUKEE BREWERS- JESUS MADE AUTOGRAPH OFFICIAL MLB BASEBALL JSA CD81084,"{""preliminary_scope_status"":""DISCOVERY_SCOPE_PASS"",""query_family_ids"":[""signed-baseball.jesus-made""]}",{},,ebay|hngraphs|326519158210,https://i.ebayimg.com/images/g/h2oAAeSwW4hn8WxO/s-l225.jpg,,FALSE,FALSE,FALSE,,{},,,,CLAIMED_ONLY,NO,UNKNOWN,,,,Unknown; seller/API claim only; front/back unverified.,UNKNOWN,"[""identity_and_images_unverified"",""authentication_certification_not_verified"",""raw_signature_must_not_be_called_authentic""]",125,6,,,,,0,180,TRUE,,,,,,[],INSUFFICIENT,INSUFFICIENT,UNKNOWN,INSUFFICIENT,,,,,,,,,,,,,,,,,MANUAL REVIEW / UNPRICED,FALSE,FALSE,"[""exact_front_back_identity_not_verified"",""identical_completed_sales_not_persisted"",""delivered_acquisition_cost_incomplete"",""truely_collectables_owned_copy_exclusion_not_proven"",""signature_authentication_not_verified"",""provenance_not_verified""]","{""artifact_schema"":""TRUELY_COLLECTABLES_DEAL_HUNTER_ARTIFACT_V1"",""deployment"":{""commitSha"":null,""environment"":""production"",""region"":null},""discovery_family_ids"":[""signed-baseball.jesus-made""],""gateway_endpoint"":""https://truelycollectables.com/api/tcos/deal-hunter-native-ebay?perQuery=20&scope=signed_baseballs"",""gateway_host"":""https://truelycollectables.com"",""gateway_scopes"":[""signed_baseballs""],""listing_item_id"":""326519158210"",""native_schema"":""TCOS_NATIVE_EBAY_FEED_V1"",""producer_commit_sha"":""07471ae49901220d13073aab604afbb0e223e855"",""producer_run_id"":""31970958336"",""source"":""truelycollectables.com/native-ebay"",""source_queries"":[""Jesus Made signed baseball autograph""],""token_mode"":""client_credentials""}"
cand-s14-ebay-46bf4f322b03bcaa3cdf,dh-20260731T184251Z-gha-recovery,14,2026-08-16T20:35:00.076Z,SIGNED BALL/signed_prospect_baseball,Jesus Made,signed_prospect_baseball,eBay,mpoday,,297164066676,https://www.ebay.com/itm/297164066676?_skw=Jesus+Made+signed+baseball+autograph&hash=item45305bcf74%3Ag%3ABFMAAOSwCm1n6UW0,LIVE,JESUS MADE Brewers Full Name Signed Baseball Ball ROMLB Autographed Auto *JSA*,"{""preliminary_scope_status"":""DISCOVERY_SCOPE_PASS"",""query_family_ids"":[""signed-baseball.jesus-made""]}",{},,ebay|mpoday|297164066676,https://i.ebayimg.com/images/g/BFMAAOSwCm1n6UW0/s-l225.jpg,,FALSE,FALSE,FALSE,,{},,,,CLAIMED_ONLY,NO,UNKNOWN,,,,Unknown; seller/API claim only; front/back unverified.,UNKNOWN,"[""identity_and_images_unverified"",""authentication_certification_not_verified"",""raw_signature_must_not_be_called_authentic""]",175,11.75,,,,,0,180,TRUE,,,,,,[],INSUFFICIENT,INSUFFICIENT,UNKNOWN,INSUFFICIENT,,,,,,,,,,,,,,,,,MANUAL REVIEW / UNPRICED,FALSE,FALSE,"[""exact_front_back_identity_not_verified"",""identical_completed_sales_not_persisted"",""delivered_acquisition_cost_incomplete"",""truely_collectables_owned_copy_exclusion_not_proven"",""signature_authentication_not_verified"",""provenance_not_verified""]","{""artifact_schema"":""TRUELY_COLLECTABLES_DEAL_HUNTER_ARTIFACT_V1"",""deployment"":{""commitSha"":null,""environment"":""production"",""region"":null},""discovery_family_ids"":[""signed-baseball.jesus-made""],""gateway_endpoint"":""https://truelycollectables.com/api/tcos/deal-hunter-native-ebay?perQuery=20&scope=signed_baseballs"",""gateway_host"":""https://truelycollectables.com"",""gateway_scopes"":[""signed_baseballs""],""listing_item_id"":""297164066676"",""native_schema"":""TCOS_NATIVE_EBAY_FEED_V1"",""producer_commit_sha"":""07471ae49901220d13073aab604afbb0e223e855"",""producer_run_id"":""31970958336"",""source"":""truelycollectables.com/native-ebay"",""source_queries"":[""Jesus Made signed baseball autograph""],""token_mode"":""client_credentials""}"
cand-s14-ebay-c704d2c70cf38aa5baa0,dh-20260731T184251Z-gha-recovery,14,2026-08-16T20:35:00.076Z,SIGNED BALL/signed_prospect_baseball,Josue De Paula,signed_prospect_baseball,eBay,mdeshet,,116371845364,https://www.ebay.com/itm/116371845364?_skw=Josue+De+Paula+signed+baseball+autograph&hash=item1b184d70f4%3Ag%3AHCYAAOSwuktnHUti,LIVE,Josue De Paula autograph signed 2023 Rancho Cucamonga baseball card PSA SLAB,"{""preliminary_scope_status"":""DISCOVERY_SCOPE_PASS"",""query_family_ids"":[""signed-baseball.josue-de-paula""]}",{},,ebay|mdeshet|116371845364,https://i.ebayimg.com/images/g/HCYAAOSwuktnHUti/s-l225.jpg,,FALSE,FALSE,FALSE,,{},,,,CLAIMED_ONLY,NO,RAW,,,,Ungraded; seller/API claim only; front/back unverified.,UNKNOWN,"[""identity_and_images_unverified"",""authentication_certification_not_verified"",""raw_signature_must_not_be_called_authentic""]",79.99,8,,,,,0,180,TRUE,,,,,,[],INSUFFICIENT,INSUFFICIENT,UNKNOWN,INSUFFICIENT,,,,,,,,,,,,,,,,,MANUAL REVIEW / UNPRICED,FALSE,FALSE,"[""exact_front_back_identity_not_verified"",""identical_completed_sales_not_persisted"",""delivered_acquisition_cost_incomplete"",""truely_collectables_owned_copy_exclusion_not_proven"",""signature_authentication_not_verified"",""provenance_not_verified""]","{""artifact_schema"":""TRUELY_COLLECTABLES_DEAL_HUNTER_ARTIFACT_V1"",""deployment"":{""commitSha"":null,""environment"":""production"",""region"":null},""discovery_family_ids"":[""signed-baseball.josue-de-paula""],""gateway_endpoint"":""https://truelycollectables.com/api/tcos/deal-hunter-native-ebay?perQuery=20&scope=signed_baseballs"",""gateway_host"":""https://truelycollectables.com"",""gateway_scopes"":[""signed_baseballs""],""listing_item_id"":""116371845364"",""native_schema"":""TCOS_NATIVE_EBAY_FEED_V1"",""producer_commit_sha"":""07471ae49901220d13073aab604afbb0e223e855"",""producer_run_id"":""31970958336"",""source"":""truelycollectables.com/native-ebay"",""source_queries"":[""Josue De Paula signed baseball autograph""],""token_mode"":""client_credentials""}"
cand-s14-ebay-45d77e1eb85e9e5e4600,dh-20260731T184251Z-gha-recovery,14,2026-08-16T20:35:00.076Z,SIGNED BALL/signed_prospect_baseball,Josue De Paula,signed_prospect_baseball,eBay,biggsports,,395602491028,https://www.ebay.com/itm/395602491028?_skw=Josue+De+Paula+signed+baseball+autograph&hash=item5c1bbef694%3Ag%3ALgUAAOSwou1mwU%7E9&amdata=enc%3AAQALAAABAACCtXRWQnOEpyOqnQQ8KGYqJYPid6EvWiL1%2BKMTR2%2Bboo4%2FQ%2BSl40bTv5OFiumiePOb88QgnGlIPlpOCJiANKrxxPkzKSub2PhhVuB%2FdM3fPq5skeai%2Bf0P%2B12fLHDd5JP3tG0S%2FXHLXPgsGdcj1%2BUvEav%2B1afr43d%2FMWg9a58rKYScTZShjtRBIrdV1%2B0RSxcS94cFXTjLJwMKZOu0Gkgrh84jtjJRQldHftTuU3fBrmvwg%2BiHTdjNxrnD0zIpOPbYMJLdhb8XIVDGSarGWvfB1yQ569%2FjTqlizSNavxmRCBnCoeVTqcbxYQF88to81OWegqagZADOetDCSwmJkz0%3D,LIVE,Josue De Paula Dodgers 2023 Bowman Autographed Signed Rookie Card Beckett,"{""preliminary_scope_status"":""DISCOVERY_SCOPE_PASS"",""query_family_ids"":[""signed-baseball.josue-de-paula""]}",{},,ebay|biggsports|395602491028,https://i.ebayimg.com/images/g/LgUAAOSwou1mwU~9/s-l225.jpg,,FALSE,FALSE,FALSE,,{},,,,CLAIMED_ONLY,NO,UNKNOWN,,,,Unknown; seller/API claim only; front/back unverified.,UNKNOWN,"[""identity_and_images_unverified"",""authentication_certification_not_verified"",""raw_signature_must_not_be_called_authentic""]",79.99,0,,,,,0,180,TRUE,,,,,,[],INSUFFICIENT,INSUFFICIENT,UNKNOWN,INSUFFICIENT,,,,,,,,,,,,,,,,,MANUAL REVIEW / UNPRICED,FALSE,FALSE,"[""exact_front_back_identity_not_verified"",""identical_completed_sales_not_persisted"",""delivered_acquisition_cost_incomplete"",""truely_collectables_owned_copy_exclusion_not_proven"",""signature_authentication_not_verified"",""provenance_not_verified""]","{""artifact_schema"":""TRUELY_COLLECTABLES_DEAL_HUNTER_ARTIFACT_V1"",""deployment"":{""commitSha"":null,""environment"":""production"",""region"":null},""discovery_family_ids"":[""signed-baseball.josue-de-paula""],""gateway_endpoint"":""https://truelycollectables.com/api/tcos/deal-hunter-native-ebay?perQuery=20&scope=signed_baseballs"",""gateway_host"":""https://truelycollectables.com"",""gateway_scopes"":[""signed_baseballs""],""listing_item_id"":""395602491028"",""native_schema"":""TCOS_NATIVE_EBAY_FEED_V1"",""producer_commit_sha"":""07471ae49901220d13073aab604afbb0e223e855"",""producer_run_id"":""31970958336"",""source"":""truelycollectables.com/native-ebay"",""source_queries"":[""Josue De Paula signed baseball autograph""],""token_mode"":""client_credentials""}"
cand-s14-ebay-1fc04f9ad366dc844ebc,dh-20260731T184251Z-gha-recovery,14,2026-08-16T20:35:00.076Z,SIGNED BALL/signed_prospect_baseball,Josue De Paula,signed_prospect_baseball,eBay,biggsports,,286015959751,https://www.ebay.com/itm/286015959751?_skw=Josue+De+Paula+signed+baseball+autograph&hash=item4297e132c7%3Ag%3A08kAAOSwP-1mwK1s&amdata=enc%3AAQALAAABAACCtXRWQnOEpyOqnQQ8KGYc6wWfWIKS7TR0hSEFHuGnJ19NYY%2FMrmo1jVUga8v7T61w3qZak2QW9o9ImoKXDrgxy%2FYVa6qWBgHCljEra9Y7AxLU6rbaytBdjQogj3gln9id5ZQS8N3T9iPxqo9znHaJY0gmD4cm4tqdiftgtEETMUuqzT%2B7E2TvfhOyW0MwXIdN%2FsJQhw7eIHZcuqRVXO5ehhbdY9N3wVKe31dBKheMOLCcePhGiOaET4w59vHe1ssU49e59hzR0UxAWgNEGwAuIHAsn8hYrcn6DoGwdXE8ghF7%2FndRSQ5INYaFvW%2FqIwsHqUecj6LnofZFP%2BvYBFc%3D,LIVE,Josue De Paula Dodgers 2023 Bowman Chrome Autographed Signed Rookie Card Beckett,"{""preliminary_scope_status"":""DISCOVERY_SCOPE_PASS"",""query_family_ids"":[""signed-baseball.josue-de-paula""]}",{},,ebay|biggsports|286015959751,https://i.ebayimg.com/images/g/08kAAOSwP-1mwK1s/s-l225.jpg,,FALSE,FALSE,FALSE,,{},,,,CLAIMED_ONLY,NO,UNKNOWN,,,,Unknown; seller/API claim only; front/back unverified.,UNKNOWN,"[""identity_and_images_unverified"",""authentication_certification_not_verified"",""raw_signature_must_not_be_called_authentic""]",99.99,0,,,,,0,180,TRUE,,,,,,[],INSUFFICIENT,INSUFFICIENT,UNKNOWN,INSUFFICIENT,,,,,,,,,,,,,,,,,MANUAL REVIEW / UNPRICED,FALSE,FALSE,"[""exact_front_back_identity_not_verified"",""identical_completed_sales_not_persisted"",""delivered_acquisition_cost_incomplete"",""truely_collectables_owned_copy_exclusion_not_proven"",""signature_authentication_not_verified"",""provenance_not_verified""]","{""artifact_schema"":""TRUELY_COLLECTABLES_DEAL_HUNTER_ARTIFACT_V1"",""deployment"":{""commitSha"":null,""environment"":""production"",""region"":null},""discovery_family_ids"":[""signed-baseball.josue-de-paula""],""gateway_endpoint"":""https://truelycollectables.com/api/tcos/deal-hunter-native-ebay?perQuery=20&scope=signed_baseballs"",""gateway_host"":""https://truelycollectables.com"",""gateway_scopes"":[""signed_baseballs""],""listing_item_id"":""286015959751"",""native_schema"":""TCOS_NATIVE_EBAY_FEED_V1"",""producer_commit_sha"":""07471ae49901220d13073aab604afbb0e223e855"",""producer_run_id"":""31970958336"",""source"":""truelycollectables.com/native-ebay"",""source_queries"":[""Josue De Paula signed baseball autograph""],""token_mode"":""client_credentials""}"
cand-s14-ebay-1ef0505bb1fdd046627b,dh-20260731T184251Z-gha-recovery,14,2026-08-16T20:35:00.076Z,SIGNED BALL/signed_prospect_baseball,Josue De Paula,signed_prospect_baseball,eBay,biggsports,,286015959049,https://www.ebay.com/itm/286015959049?_skw=Josue+De+Paula+signed+baseball+autograph&hash=item4297e13009%3Ag%3A0FUAAOSwQ1FmwKzA&amdata=enc%3AAQALAAABAACCtXRWQnOEpyOqnQQ8KGY6rUhcKIxrQ2Uh5320nFY17gpgrY6D0HVTLSMET99JttCUuDW3iKTpZIsEx9avz0QTwfcbOgcX3u0s5L9Atuc4KtDzldbIqb83CTIeGykYubH2mk3ax9uwhyQyuKMO5PG0utiHAQgMilpH%2BT56zwsSOFfQhvNYkqwGfZxSVFf4yjdwEmO5dW6AMKpICGTh9fFLoj1perXyGXHh9C0Ld4a1LinDb1kU3XJHqBogfMWpUdn3CqLWPD2M0Wu2R9oswE13RxksvhzP8eexKvM2fsMHJNMUTNGyLgejKjszAq8XuUeqVAYAIecc8fUVcQAaN1g%3D,LIVE,Josue De Paula 2023 Bowman Chrome Sapphire Autograph Signed Rookie Card Beckett,"{""preliminary_scope_status"":""DISCOVERY_SCOPE_PASS"",""query_family_ids"":[""signed-baseball.josue-de-paula""]}",{},,ebay|biggsports|286015959049,https://i.ebayimg.com/images/g/0FUAAOSwQ1FmwKzA/s-l225.jpg,,FALSE,FALSE,FALSE,,{},,,,CLAIMED_ONLY,NO,UNKNOWN,,,,Unknown; seller/API claim only; front/back unverified.,UNKNOWN,"[""identity_and_images_unverified"",""authentication_certification_not_verified"",""raw_signature_must_not_be_called_authentic""]",149.99,0,,,,,0,180,TRUE,,,,,,[],INSUFFICIENT,INSUFFICIENT,UNKNOWN,INSUFFICIENT,,,,,,,,,,,,,,,,,MANUAL REVIEW / UNPRICED,FALSE,FALSE,"[""exact_front_back_identity_not_verified"",""identical_completed_sales_not_persisted"",""delivered_acquisition_cost_incomplete"",""truely_collectables_owned_copy_exclusion_not_proven"",""signature_authentication_not_verified"",""provenance_not_verified""]","{""artifact_schema"":""TRUELY_COLLECTABLES_DEAL_HUNTER_ARTIFACT_V1"",""deployment"":{""commitSha"":null,""environment"":""production"",""region"":null},""discovery_family_ids"":[""signed-baseball.josue-de-paula""],""gateway_endpoint"":""https://truelycollectables.com/api/tcos/deal-hunter-native-ebay?perQuery=20&scope=signed_baseballs"",""gateway_host"":""https://truelycollectables.com"",""gateway_scopes"":[""signed_baseballs""],""listing_item_id"":""286015959049"",""native_schema"":""TCOS_NATIVE_EBAY_FEED_V1"",""producer_commit_sha"":""07471ae49901220d13073aab604afbb0e223e855"",""producer_run_id"":""31970958336"",""source"":""truelycollectables.com/native-ebay"",""source_queries"":[""Josue De Paula signed baseball autograph""],""token_mode"":""client_credentials""}"
cand-s14-ebay-6df90800040a44f6889a,dh-20260731T184251Z-gha-recovery,14,2026-08-16T20:35:00.076Z,SIGNED BALL/signed_prospect_baseball,Leo De Vries,signed_prospect_baseball,eBay,futurestars,,285772858852,https://www.ebay.com/itm/285772858852?_skw=Leo+De+Vries+signed+baseball+autograph&hash=item428963c5e4%3Ag%3AXNEAAOSwl11l-Ph%7E,LIVE,LEO DE VRIES Auto Autographed Signed Major League Baseball OMLB  JSA,"{""preliminary_scope_status"":""DISCOVERY_SCOPE_PASS"",""query_family_ids"":[""signed-baseball.leo-de-vries""]}",{},,ebay|futurestars|285772858852,https://i.ebayimg.com/images/g/XNEAAOSwl11l-Ph~/s-l225.jpg,,FALSE,FALSE,FALSE,,{},,,,CLAIMED_ONLY,NO,UNKNOWN,,,,Unknown; seller/API claim only; front/back unverified.,UNKNOWN,"[""identity_and_images_unverified"",""authentication_certification_not_verified"",""raw_signature_must_not_be_called_authentic""]",124.99,9,,,,,0,180,TRUE,,,,,,[],INSUFFICIENT,INSUFFICIENT,UNKNOWN,INSUFFICIENT,,,,,,,,,,,,,,,,,MANUAL REVIEW / UNPRICED,FALSE,FALSE,"[""exact_front_back_identity_not_verified"",""identical_completed_sales_not_persisted"",""delivered_acquisition_cost_incomplete"",""truely_collectables_owned_copy_exclusion_not_proven"",""signature_authentication_not_verified"",""provenance_not_verified""]","{""artifact_schema"":""TRUELY_COLLECTABLES_DEAL_HUNTER_ARTIFACT_V1"",""deployment"":{""commitSha"":null,""environment"":""production"",""region"":null},""discovery_family_ids"":[""signed-baseball.leo-de-vries""],""gateway_endpoint"":""https://truelycollectables.com/api/tcos/deal-hunter-native-ebay?perQuery=20&scope=signed_baseballs"",""gateway_host"":""https://truelycollectables.com"",""gateway_scopes"":[""signed_baseballs""],""listing_item_id"":""285772858852"",""native_schema"":""TCOS_NATIVE_EBAY_FEED_V1"",""producer_commit_sha"":""07471ae49901220d13073aab604afbb0e223e855"",""producer_run_id"":""31970958336"",""source"":""truelycollectables.com/native-ebay"",""source_queries"":[""Leo De Vries signed baseball autograph""],""token_mode"":""client_credentials""}"
